date,open,high,low,close,volume
2003-11-10T00:00:00Z,95.45289611816406,99.99827575683594,86.36214447021484,88.63483428955078,5658651738
2003-11-11T00:00:00Z,88.63483428955078,90.90751647949219,86.36214447021484,90.90751647949219,3232466332
2003-11-12T00:00:00Z,88.63483428955078,95.45289611816406,88.63483428955078,95.45289611816406,2203244555
2003-11-13T00:00:00Z,95.45289611816406,95.45289611816406,93.18020629882812,95.45289611816406,1309077610
2003-11-14T00:00:00Z,95.45289611816406,95.45289611816406,90.90751647949219,95.45289611816406,1897824280
2003-11-17T00:00:00Z,93.18020629882812,93.18020629882812,90.90751647949219,90.90751647949219,465863546
2003-11-18T00:00:00Z,90.90751647949219,90.90751647949219,88.63483428955078,88.63483428955078,437868063
2003-11-19T00:00:00Z,88.63483428955078,90.90751647949219,88.63483428955078,90.90751647949219,305194771
2003-11-20T00:00:00Z,90.90751647949219,93.18020629882812,90.90751647949219,93.18020629882812,930962579
2003-11-21T00:00:00Z,93.18020629882812,95.45289611816406,93.18020629882812,95.45289611816406,678662222
2003-12-01T00:00:00Z,95.45289611816406,97.7255859375,95.45289611816406,97.7255859375,829645329
2003-12-02T00:00:00Z,97.7255859375,97.7255859375,93.18020629882812,95.45289611816406,523889548
2003-12-03T00:00:00Z,95.45289611816406,95.45289611816406,93.18020629882812,93.18020629882812,507625767
2003-12-04T00:00:00Z,93.18020629882812,95.45289611816406,93.18020629882812,95.45289611816406,787635604
2003-12-05T00:00:00Z,95.45289611816406,95.45289611816406,93.18020629882812,93.18020629882812,490173966
2003-12-08T00:00:00Z,93.18020629882812,93.18020629882812,90.90751647949219,93.18020629882812,460165448
2003-12-09T00:00:00Z,93.18020629882812,93.18020629882812,90.90751647949219,93.18020629882812,207386582
2003-12-10T00:00:00Z,90.90751647949219,95.45289611816406,88.63483428955078,95.45289611816406,1136534130
2003-12-11T00:00:00Z,93.18020629882812,95.45289611816406,93.18020629882812,95.45289611816406,244149217
2003-12-12T00:00:00Z,95.45289611816406,97.7255859375,95.45289611816406,97.7255859375,960036082
2003-12-15T00:00:00Z,95.45289611816406,99.99827575683594,95.45289611816406,99.99827575683594,1286092713
2003-12-16T00:00:00Z,99.99827575683594,102.27095794677734,97.7255859375,99.99827575683594,370381897
2003-12-17T00:00:00Z,99.99827575683594,104.54364776611328,97.7255859375,104.54364776611328,508857789
2003-12-18T00:00:00Z,104.54364776611328,115.90708923339844,104.54364776611328,115.90708923339844,1664229745
2003-12-19T00:00:00Z,115.90708923339844,120.45246124267578,109.08902740478516,113.6343994140625,624898793
2003-12-22T00:00:00Z,111.36170959472656,113.6343994140625,106.81633758544922,113.6343994140625,158859243
2003-12-23T00:00:00Z,113.6343994140625,115.90708923339844,111.36170959472656,113.6343994140625,306338791
2003-12-29T00:00:00Z,113.6343994140625,113.6343994140625,109.08902740478516,113.6343994140625,294783091
2003-12-30T00:00:00Z,113.6343994140625,113.6343994140625,111.36170959472656,113.6343994140625,338090839
2004-01-02T00:00:00Z,113.6343994140625,115.90708923339844,111.36170959472656,115.90708923339844,250930834
2004-01-05T00:00:00Z,113.6343994140625,115.90708923339844,111.36170959472656,115.90708923339844,377675023
2004-01-06T00:00:00Z,115.90708923339844,118.17977905273438,113.6343994140625,115.90708923339844,511695838
2004-01-07T00:00:00Z,113.6343994140625,118.17977905273438,113.6343994140625,118.17977905273438,335791799
2004-01-08T00:00:00Z,118.17977905273438,127.2705307006836,118.17977905273438,127.2705307006836,773489360
2004-01-09T00:00:00Z,127.2705307006836,140.9066619873047,127.2705307006836,138.63397216796875,987877563
2004-01-12T00:00:00Z,136.3612823486328,136.3612823486328,131.81590270996094,136.3612823486328,187608240
2004-01-13T00:00:00Z,136.3612823486328,136.3612823486328,131.81590270996094,134.08859252929688,213552188
2004-01-14T00:00:00Z,131.81590270996094,140.9066619873047,129.543212890625,140.9066619873047,691306940
2004-01-15T00:00:00Z,140.9066619873047,145.4520263671875,140.9066619873047,145.4520263671875,503214691
2004-01-16T00:00:00Z,145.4520263671875,152.2700958251953,145.4520263671875,149.99740600585938,798905299
2004-01-19T00:00:00Z,147.72471618652344,149.99740600585938,140.9066619873047,143.17935180664062,310991871
2004-01-20T00:00:00Z,143.17935180664062,145.4520263671875,140.9066619873047,143.17935180664062,330737212
2004-01-21T00:00:00Z,143.17935180664062,143.17935180664062,138.63397216796875,140.9066619873047,191777312
2004-01-23T00:00:00Z,140.9066619873047,143.17935180664062,140.9066619873047,143.17935180664062,27703978
2004-01-26T00:00:00Z,140.9066619873047,143.17935180664062,140.9066619873047,140.9066619873047,49385353
2004-01-27T00:00:00Z,143.17935180664062,143.17935180664062,136.3612823486328,138.63397216796875,375876492
2004-01-28T00:00:00Z,138.63397216796875,143.17935180664062,136.3612823486328,136.3612823486328,493941531
2004-01-29T00:00:00Z,136.3612823486328,136.3612823486328,127.2705307006836,127.2705307006836,294321083
2004-01-30T00:00:00Z,129.543212890625,136.3612823486328,127.2705307006836,129.543212890625,504848219
2004-02-03T00:00:00Z,127.2705307006836,127.2705307006836,122.72515106201172,124.99784088134766,646800171
2004-02-04T00:00:00Z,124.99784088134766,134.08859252929688,124.99784088134766,131.81590270996094,510964325
2004-02-05T00:00:00Z,129.543212890625,134.08859252929688,129.543212890625,134.08859252929688,341363396
2004-02-06T00:00:00Z,134.08859252929688,143.17935180664062,134.08859252929688,143.17935180664062,430778440
2004-02-09T00:00:00Z,143.17935180664062,149.99740600585938,143.17935180664062,149.99740600585938,380117065
2004-02-10T00:00:00Z,147.72471618652344,149.99740600585938,145.4520263671875,145.4520263671875,161053781
2004-02-11T00:00:00Z,145.4520263671875,145.4520263671875,143.17935180664062,145.4520263671875,22352386
2004-02-12T00:00:00Z,145.4520263671875,145.4520263671875,138.63397216796875,138.63397216796875,126529685
2004-02-13T00:00:00Z,140.9066619873047,147.72471618652344,140.9066619873047,147.72471618652344,350526554
2004-02-16T00:00:00Z,145.4520263671875,145.4520263671875,143.17935180664062,143.17935180664062,26081450
2004-02-17T00:00:00Z,145.4520263671875,145.4520263671875,143.17935180664062,143.17935180664062,90922070
2004-02-18T00:00:00Z,145.4520263671875,145.4520263671875,143.17935180664062,145.4520263671875,115523995
2004-02-19T00:00:00Z,145.4520263671875,147.72471618652344,145.4520263671875,145.4520263671875,339894870
2004-02-20T00:00:00Z,147.72471618652344,149.99740600585938,145.4520263671875,149.99740600585938,393685799
2004-02-24T00:00:00Z,147.72471618652344,147.72471618652344,143.17935180664062,145.4520263671875,208844107
2004-02-25T00:00:00Z,143.17935180664062,143.17935180664062,140.9066619873047,143.17935180664062,314258928
2004-02-26T00:00:00Z,140.9066619873047,140.9066619873047,136.3612823486328,138.63397216796875,335560795
2004-02-27T00:00:00Z,138.63397216796875,140.9066619873047,136.3612823486328,140.9066619873047,146082523
2004-03-01T00:00:00Z,140.9066619873047,145.4520263671875,138.63397216796875,145.4520263671875,232225011
2004-03-02T00:00:00Z,145.4520263671875,147.72471618652344,143.17935180664062,145.4520263671875,218997282
2004-03-03T00:00:00Z,145.4520263671875,149.99740600585938,145.4520263671875,149.99740600585938,404586988
2004-03-04T00:00:00Z,147.72471618652344,149.99740600585938,145.4520263671875,149.99740600585938,186299217
2004-03-05T00:00:00Z,147.72471618652344,147.72471618652344,143.17935180664062,143.17935180664062,153139145
2004-03-08T00:00:00Z,143.17935180664062,143.17935180664062,140.9066619873047,143.17935180664062,107312353
2004-03-09T00:00:00Z,143.17935180664062,147.72471618652344,143.17935180664062,147.72471618652344,121777603
2004-03-10T00:00:00Z,145.4520263671875,145.4520263671875,140.9066619873047,143.17935180664062,197706414
2004-03-11T00:00:00Z,143.17935180664062,143.17935180664062,138.63397216796875,140.9066619873047,199086938
2004-03-12T00:00:00Z,136.3612823486328,138.63397216796875,134.08859252929688,136.3612823486328,275659261
2004-03-15T00:00:00Z,138.63397216796875,138.63397216796875,131.81590270996094,134.08859252929688,235998076
2004-03-16T00:00:00Z,131.81590270996094,131.81590270996094,124.99784088134766,129.543212890625,975458348
2004-03-17T00:00:00Z,129.543212890625,134.08859252929688,127.2705307006836,134.08859252929688,329224686
2004-03-18T00:00:00Z,134.08859252929688,136.3612823486328,134.08859252929688,136.3612823486328,268811643
2004-03-19T00:00:00Z,136.3612823486328,138.63397216796875,136.3612823486328,138.63397216796875,38665667
2004-03-23T00:00:00Z,136.3612823486328,138.63397216796875,134.08859252929688,138.63397216796875,517355435
2004-03-24T00:00:00Z,136.3612823486328,138.63397216796875,136.3612823486328,138.63397216796875,127074194
2004-03-25T00:00:00Z,138.63397216796875,138.63397216796875,134.08859252929688,134.08859252929688,149454081
2004-03-26T00:00:00Z,136.3612823486328,136.3612823486328,129.543212890625,129.543212890625,155663688
2004-03-29T00:00:00Z,131.81590270996094,131.81590270996094,127.2705307006836,131.81590270996094,276489775
2004-03-30T00:00:00Z,134.08859252929688,138.63397216796875,131.81590270996094,138.63397216796875,104287301
2004-03-31T00:00:00Z,138.63397216796875,140.9066619873047,136.3612823486328,138.63397216796875,158820743
2004-04-01T00:00:00Z,136.3612823486328,140.9066619873047,136.3612823486328,140.9066619873047,57800498
2004-04-02T00:00:00Z,140.9066619873047,149.99740600585938,140.9066619873047,147.72471618652344,438550074
2004-04-06T00:00:00Z,149.99740600585938,159.08816528320312,149.99740600585938,159.08816528320312,795352237
2004-04-07T00:00:00Z,156.8154754638672,161.36085510253906,154.54278564453125,156.8154754638672,277556794
2004-04-08T00:00:00Z,156.8154754638672,156.8154754638672,154.54278564453125,154.54278564453125,45403284
2004-04-12T00:00:00Z,152.2700958251953,152.2700958251953,149.99740600585938,152.2700958251953,44066761
2004-04-13T00:00:00Z,152.2700958251953,154.54278564453125,149.99740600585938,152.2700958251953,61023554
2004-04-14T00:00:00Z,152.2700958251953,152.2700958251953,152.2700958251953,152.2700958251953,51376387
2004-04-15T00:00:00Z,152.2700958251953,156.8154754638672,152.2700958251953,156.8154754638672,67882172
2004-04-16T00:00:00Z,156.8154754638672,168.1789093017578,156.8154754638672,165.90621948242188,221109319
2004-04-19T00:00:00Z,165.90621948242188,177.26966857910156,165.90621948242188,174.99697875976562,240343151
2004-04-20T00:00:00Z,174.99697875976562,184.0877227783203,172.7242889404297,177.26966857910156,131479770
2004-04-21T00:00:00Z,177.26966857910156,179.5423583984375,168.1789093017578,172.7242889404297,460599955
2004-04-22T00:00:00Z,172.7242889404297,172.7242889404297,168.1789093017578,168.1789093017578,199312442
2004-04-23T00:00:00Z,172.7242889404297,172.7242889404297,163.63352966308594,168.1789093017578,175502531
2004-04-26T00:00:00Z,165.90621948242188,168.1789093017578,161.36085510253906,161.36085510253906,275059750
2004-04-27T00:00:00Z,161.36085510253906,168.1789093017578,161.36085510253906,168.1789093017578,176250544
2004-04-28T00:00:00Z,165.90621948242188,168.1789093017578,165.90621948242188,168.1789093017578,305431275
2004-04-29T00:00:00Z,165.90621948242188,165.90621948242188,165.90621948242188,165.90621948242188,214536705
2004-04-30T00:00:00Z,163.63352966308594,163.63352966308594,154.54278564453125,156.8154754638672,448351244
2004-05-04T00:00:00Z,156.8154754638672,156.8154754638672,147.72471618652344,147.72471618652344,549459490
2004-05-05T00:00:00Z,149.99740600585938,149.99740600585938,138.63397216796875,143.17935180664062,1005246863
2004-05-06T00:00:00Z,140.9066619873047,147.72471618652344,140.9066619873047,145.4520263671875,719995436
2004-05-07T00:00:00Z,140.9066619873047,152.2700958251953,140.9066619873047,152.2700958251953,490729476
2004-05-10T00:00:00Z,145.4520263671875,145.4520263671875,140.9066619873047,143.17935180664062,368885871
2004-05-11T00:00:00Z,143.17935180664062,149.99740600585938,143.17935180664062,149.99740600585938,636586495
2004-05-12T00:00:00Z,152.2700958251953,159.08816528320312,152.2700958251953,159.08816528320312,582443560
2004-05-13T00:00:00Z,159.08816528320312,159.08816528320312,152.2700958251953,154.54278564453125,233677036
2004-05-14T00:00:00Z,152.2700958251953,152.2700958251953,145.4520263671875,147.72471618652344,127618704
2004-05-17T00:00:00Z,138.63397216796875,143.17935180664062,134.08859252929688,136.3612823486328,140582428
2004-05-18T00:00:00Z,138.63397216796875,140.9066619873047,134.08859252929688,136.3612823486328,395858337
2004-05-19T00:00:00Z,140.9066619873047,143.17935180664062,138.63397216796875,143.17935180664062,288919990
2004-05-21T00:00:00Z,143.17935180664062,149.99740600585938,143.17935180664062,149.99740600585938,133718309
2004-05-24T00:00:00Z,149.99740600585938,152.2700958251953,147.72471618652344,152.2700958251953,101823258
2004-05-25T00:00:00Z,149.99740600585938,149.99740600585938,147.72471618652344,147.72471618652344,131914278
2004-05-26T00:00:00Z,149.99740600585938,149.99740600585938,147.72471618652344,147.72471618652344,249280805
2004-05-27T00:00:00Z,149.99740600585938,152.2700958251953,147.72471618652344,152.2700958251953,52454406
2004-05-28T00:00:00Z,154.54278564453125,156.8154754638672,152.2700958251953,154.54278564453125,142127954
2004-05-31T00:00:00Z,152.2700958251953,156.8154754638672,149.99740600585938,156.8154754638672,58317507
2004-06-01T00:00:00Z,154.54278564453125,154.54278564453125,152.2700958251953,154.54278564453125,68415681
2004-06-02T00:00:00Z,152.2700958251953,152.2700958251953,145.4520263671875,145.4520263671875,182515152
2004-06-04T00:00:00Z,140.9066619873047,140.9066619873047,134.08859252929688,136.3612823486328,761741157
2004-06-07T00:00:00Z,140.9066619873047,140.9066619873047,136.3612823486328,138.63397216796875,226372910
2004-06-08T00:00:00Z,140.9066619873047,140.9066619873047,136.3612823486328,138.63397216796875,321695056
2004-06-09T00:00:00Z,138.63397216796875,145.4520263671875,138.63397216796875,145.4520263671875,364782800
2004-06-10T00:00:00Z,143.17935180664062,145.4520263671875,143.17935180664062,145.4520263671875,178505583
2004-06-11T00:00:00Z,145.4520263671875,147.72471618652344,143.17935180664062,147.72471618652344,53862430
2004-06-14T00:00:00Z,145.4520263671875,147.72471618652344,143.17935180664062,147.72471618652344,95608151
2004-06-15T00:00:00Z,145.4520263671875,152.2700958251953,145.4520263671875,152.2700958251953,244055715
2004-06-16T00:00:00Z,152.2700958251953,152.2700958251953,147.72471618652344,149.99740600585938,117845035
2004-06-17T00:00:00Z,149.99740600585938,149.99740600585938,143.17935180664062,143.17935180664062,39012173
2004-06-18T00:00:00Z,143.17935180664062,147.72471618652344,140.9066619873047,145.4520263671875,178516583
2004-06-21T00:00:00Z,145.4520263671875,145.4520263671875,138.63397216796875,138.63397216796875,94002123
2004-06-22T00:00:00Z,138.63397216796875,143.17935180664062,138.63397216796875,140.9066619873047,93534615
2004-06-23T00:00:00Z,140.9066619873047,143.17935180664062,140.9066619873047,143.17935180664062,70225212
2004-06-24T00:00:00Z,143.17935180664062,143.17935180664062,140.9066619873047,140.9066619873047,45958793
2004-06-25T00:00:00Z,143.17935180664062,147.72471618652344,143.17935180664062,145.4520263671875,119572065
2004-06-28T00:00:00Z,147.72471618652344,149.99740600585938,145.4520263671875,147.72471618652344,159843760
2004-06-29T00:00:00Z,147.72471618652344,149.99740600585938,147.72471618652344,149.99740600585938,85427475
2004-06-30T00:00:00Z,149.99740600585938,152.2700958251953,149.99740600585938,152.2700958251953,252976869
2004-07-01T00:00:00Z,149.99740600585938,152.2700958251953,147.72471618652344,152.2700958251953,239160630
2004-07-02T00:00:00Z,152.2700958251953,156.8154754638672,149.99740600585938,156.8154754638672,154244664
2004-07-06T00:00:00Z,159.08816528320312,165.90621948242188,156.8154754638672,163.63352966308594,533360712
2004-07-07T00:00:00Z,156.8154754638672,163.63352966308594,156.8154754638672,163.63352966308594,349608038
2004-07-08T00:00:00Z,161.36085510253906,161.36085510253906,159.08816528320312,161.36085510253906,137870881
2004-07-09T00:00:00Z,159.08816528320312,159.08816528320312,156.8154754638672,159.08816528320312,121728102
2004-07-12T00:00:00Z,159.08816528320312,161.36085510253906,156.8154754638672,161.36085510253906,158325734
2004-07-13T00:00:00Z,159.08816528320312,161.36085510253906,159.08816528320312,161.36085510253906,90702066
2004-07-14T00:00:00Z,159.08816528320312,159.08816528320312,156.8154754638672,159.08816528320312,78205850
2004-07-15T00:00:00Z,156.8154754638672,156.8154754638672,149.99740600585938,156.8154754638672,142039953
2004-07-16T00:00:00Z,156.8154754638672,156.8154754638672,152.2700958251953,156.8154754638672,202579499
2004-07-19T00:00:00Z,156.8154754638672,156.8154754638672,152.2700958251953,152.2700958251953,50688875
2004-07-20T00:00:00Z,152.2700958251953,154.54278564453125,152.2700958251953,154.54278564453125,60468044
2004-07-21T00:00:00Z,154.54278564453125,156.8154754638672,154.54278564453125,156.8154754638672,115232490
2004-07-22T00:00:00Z,154.54278564453125,156.8154754638672,154.54278564453125,156.8154754638672,64939621
2004-07-23T00:00:00Z,156.8154754638672,161.36085510253906,156.8154754638672,161.36085510253906,103434786
2004-07-26T00:00:00Z,159.08816528320312,159.08816528320312,154.54278564453125,159.08816528320312,218557275
2004-07-27T00:00:00Z,159.08816528320312,159.08816528320312,156.8154754638672,156.8154754638672,64439113
2004-07-28T00:00:00Z,156.8154754638672,159.08816528320312,156.8154754638672,159.08816528320312,32703564
2004-07-29T00:00:00Z,156.8154754638672,159.08816528320312,154.54278564453125,156.8154754638672,86362491
2004-07-30T00:00:00Z,156.8154754638672,159.08816528320312,156.8154754638672,156.8154754638672,98237196
2004-08-02T00:00:00Z,156.8154754638672,156.8154754638672,154.54278564453125,154.54278564453125,145065005
2004-08-03T00:00:00Z,156.8154754638672,159.08816528320312,154.54278564453125,159.08816528320312,58658513
2004-08-04T00:00:00Z,156.8154754638672,159.08816528320312,156.8154754638672,156.8154754638672,71556235
2004-08-05T00:00:00Z,156.8154754638672,159.08816528320312,156.8154754638672,159.08816528320312,45089778
2004-08-06T00:00:00Z,156.8154754638672,159.08816528320312,154.54278564453125,154.54278564453125,83909449
2004-08-09T00:00:00Z,154.54278564453125,154.54278564453125,152.2700958251953,152.2700958251953,84041451
2004-08-10T00:00:00Z,152.2700958251953,152.2700958251953,152.2700958251953,152.2700958251953,106872345
2004-08-11T00:00:00Z,152.2700958251953,156.8154754638672,152.2700958251953,156.8154754638672,120727085
2004-08-12T00:00:00Z,154.54278564453125,154.54278564453125,152.2700958251953,152.2700958251953,73239265
2004-08-13T00:00:00Z,154.54278564453125,154.54278564453125,152.2700958251953,152.2700958251953,225085887
2004-08-16T00:00:00Z,152.2700958251953,152.2700958251953,149.99740600585938,152.2700958251953,113153454
2004-08-18T00:00:00Z,152.2700958251953,152.2700958251953,149.99740600585938,152.2700958251953,75675807
2004-08-19T00:00:00Z,152.2700958251953,152.2700958251953,149.99740600585938,152.2700958251953,132557789
2004-08-20T00:00:00Z,149.99740600585938,152.2700958251953,149.99740600585938,152.2700958251953,2029535
2004-08-23T00:00:00Z,152.2700958251953,152.2700958251953,149.99740600585938,149.99740600585938,28165986
2004-08-24T00:00:00Z,149.99740600585938,149.99740600585938,147.72471618652344,149.99740600585938,51502889
2004-08-25T00:00:00Z,149.99740600585938,149.99740600585938,143.17935180664062,145.4520263671875,250446825
2004-08-26T00:00:00Z,147.72471618652344,149.99740600585938,145.4520263671875,147.72471618652344,136006349
2004-08-27T00:00:00Z,147.72471618652344,152.2700958251953,147.72471618652344,152.2700958251953,73090762
2004-08-30T00:00:00Z,152.2700958251953,159.08816528320312,152.2700958251953,156.8154754638672,456051377
2004-08-31T00:00:00Z,156.8154754638672,156.8154754638672,152.2700958251953,156.8154754638672,168632912
2004-09-01T00:00:00Z,156.8154754638672,159.08816528320312,154.54278564453125,159.08816528320312,226284908
2004-09-02T00:00:00Z,159.08816528320312,163.63352966308594,159.08816528320312,163.63352966308594,246338254
2004-09-03T00:00:00Z,161.36085510253906,163.63352966308594,159.08816528320312,163.63352966308594,173973504
2004-09-06T00:00:00Z,163.63352966308594,163.63352966308594,159.08816528320312,163.63352966308594,34909102
2004-09-07T00:00:00Z,161.36085510253906,163.63352966308594,161.36085510253906,163.63352966308594,149619084
2004-09-08T00:00:00Z,163.63352966308594,163.63352966308594,161.36085510253906,163.63352966308594,80966898
2004-09-09T00:00:00Z,163.63352966308594,170.45159912109375,159.08816528320312,170.45159912109375,697241543
2004-09-10T00:00:00Z,170.45159912109375,179.5423583984375,168.1789093017578,177.26966857910156,173659999
2004-09-14T00:00:00Z,177.26966857910156,177.26966857910156,172.7242889404297,174.99697875976562,243230701
2004-09-15T00:00:00Z,174.99697875976562,181.81504821777344,174.99697875976562,181.81504821777344,555361092
2004-09-16T00:00:00Z,177.26966857910156,179.5423583984375,174.99697875976562,177.26966857910156,143414977
2004-09-17T00:00:00Z,177.26966857910156,177.26966857910156,172.7242889404297,177.26966857910156,277303789
2004-09-21T00:00:00Z,181.81504821777344,184.0877227783203,177.26966857910156,184.0877227783203,360036218
2004-09-22T00:00:00Z,181.81504821777344,181.81504821777344,177.26966857910156,177.26966857910156,70538718
2004-09-23T00:00:00Z,177.26966857910156,177.26966857910156,174.99697875976562,174.99697875976562,69983208
2004-09-24T00:00:00Z,174.99697875976562,177.26966857910156,174.99697875976562,174.99697875976562,27945982
2004-09-27T00:00:00Z,177.26966857910156,177.26966857910156,172.7242889404297,172.7242889404297,142270957
2004-09-28T00:00:00Z,172.7242889404297,179.5423583984375,172.7242889404297,177.26966857910156,138261388
2004-09-29T00:00:00Z,177.26966857910156,179.5423583984375,174.99697875976562,179.5423583984375,61568063
2004-09-30T00:00:00Z,179.5423583984375,186.36041259765625,177.26966857910156,186.36041259765625,295487103
2004-10-01T00:00:00Z,186.36041259765625,195.451171875,186.36041259765625,195.451171875,353364603
2004-10-04T00:00:00Z,195.451171875,206.81460571289062,195.451171875,199.99655151367188,489156448
2004-10-05T00:00:00Z,202.26922607421875,202.26922607421875,197.72386169433594,199.99655151367188,735357201
2004-10-06T00:00:00Z,199.99655151367188,202.26922607421875,193.17848205566406,195.451171875,248147786
2004-10-07T00:00:00Z,195.451171875,195.451171875,186.36041259765625,188.6331024169922,205808054
2004-10-08T00:00:00Z,186.36041259765625,195.451171875,186.36041259765625,193.17848205566406,550174502
2004-10-11T00:00:00Z,193.17848205566406,195.451171875,190.90579223632812,193.17848205566406,123482632
2004-10-12T00:00:00Z,193.17848205566406,195.451171875,190.90579223632812,190.90579223632812,208481100
2004-10-13T00:00:00Z,193.17848205566406,195.451171875,190.90579223632812,190.90579223632812,136979865
2004-10-14T00:00:00Z,190.90579223632812,190.90579223632812,188.6331024169922,188.6331024169922,310067855
2004-10-15T00:00:00Z,188.6331024169922,190.90579223632812,188.6331024169922,190.90579223632812,123818138
2004-10-18T00:00:00Z,190.90579223632812,190.90579223632812,184.0877227783203,184.0877227783203,123724637
2004-10-19T00:00:00Z,186.36041259765625,186.36041259765625,179.5423583984375,179.5423583984375,356461156
2004-10-20T00:00:00Z,181.81504821777344,181.81504821777344,177.26966857910156,179.5423583984375,437708560
2004-10-21T00:00:00Z,179.5423583984375,179.5423583984375,172.7242889404297,174.99697875976562,147996556
2004-10-22T00:00:00Z,174.99697875976562,181.81504821777344,174.99697875976562,179.5423583984375,360833732
2004-10-25T00:00:00Z,179.5423583984375,179.5423583984375,177.26966857910156,179.5423583984375,113532960
2004-10-26T00:00:00Z,177.26966857910156,179.5423583984375,177.26966857910156,177.26966857910156,110282404
2004-10-27T00:00:00Z,177.26966857910156,179.5423583984375,174.99697875976562,179.5423583984375,228110940
2004-10-28T00:00:00Z,179.5423583984375,184.0877227783203,179.5423583984375,181.81504821777344,377713524
2004-10-29T00:00:00Z,181.81504821777344,181.81504821777344,177.26966857910156,177.26966857910156,435272018
2004-11-01T00:00:00Z,177.26966857910156,181.81504821777344,177.26966857910156,181.81504821777344,193911349
2004-11-02T00:00:00Z,181.81504821777344,188.6331024169922,181.81504821777344,186.36041259765625,505772235
2004-11-03T00:00:00Z,188.6331024169922,195.451171875,186.36041259765625,190.90579223632812,556477611
2004-11-04T00:00:00Z,190.90579223632812,190.90579223632812,186.36041259765625,186.36041259765625,304221254
2004-11-05T00:00:00Z,188.6331024169922,188.6331024169922,181.81504821777344,181.81504821777344,215829227
2004-11-08T00:00:00Z,181.81504821777344,181.81504821777344,179.5423583984375,179.5423583984375,223639362
2004-11-09T00:00:00Z,179.5423583984375,186.36041259765625,179.5423583984375,186.36041259765625,252448860
2004-11-10T00:00:00Z,186.36041259765625,195.451171875,186.36041259765625,193.17848205566406,503115690
2004-11-11T00:00:00Z,193.17848205566406,195.451171875,190.90579223632812,195.451171875,381536090
2004-11-12T00:00:00Z,193.17848205566406,195.451171875,193.17848205566406,195.451171875,342138909
2004-11-22T00:00:00Z,193.17848205566406,193.17848205566406,188.6331024169922,193.17848205566406,369155376
2004-11-23T00:00:00Z,193.17848205566406,202.26922607421875,193.17848205566406,202.26922607421875,1038896444
2004-11-24T00:00:00Z,202.26922607421875,206.81460571289062,197.72386169433594,204.5419158935547,935879664
2004-11-25T00:00:00Z,204.5419158935547,206.81460571289062,199.99655151367188,204.5419158935547,427797389
2004-11-26T00:00:00Z,204.5419158935547,213.63267517089844,204.5419158935547,213.63267517089844,885916801
2004-11-29T00:00:00Z,213.63267517089844,222.72341918945312,213.63267517089844,218.1780548095703,742243320
2004-11-30T00:00:00Z,218.1780548095703,220.45074462890625,213.63267517089844,220.45074462890625,608338007
2004-12-01T00:00:00Z,220.45074462890625,231.81417846679688,218.1780548095703,229.54148864746094,728223578
2004-12-02T00:00:00Z,231.81417846679688,236.35955810546875,224.99610900878906,227.268798828125,595170780
2004-12-03T00:00:00Z,227.268798828125,227.268798828125,218.1780548095703,222.72341918945312,219398789
2004-12-06T00:00:00Z,222.72341918945312,222.72341918945312,218.1780548095703,222.72341918945312,176564049
2004-12-07T00:00:00Z,222.72341918945312,224.99610900878906,220.45074462890625,222.72341918945312,219338288
2004-12-08T00:00:00Z,222.72341918945312,229.54148864746094,222.72341918945312,224.99610900878906,471193138
2004-12-09T00:00:00Z,224.99610900878906,224.99610900878906,220.45074462890625,224.99610900878906,310078855
2004-12-10T00:00:00Z,218.1780548095703,222.72341918945312,215.90536499023438,218.1780548095703,506635750
2004-12-13T00:00:00Z,218.1780548095703,222.72341918945312,213.63267517089844,218.1780548095703,349239532
2004-12-14T00:00:00Z,218.1780548095703,218.1780548095703,213.63267517089844,218.1780548095703,262910041
2004-12-15T00:00:00Z,218.1780548095703,218.1780548095703,209.08729553222656,215.90536499023438,435063014
2004-12-16T00:00:00Z,215.90536499023438,224.99610900878906,215.90536499023438,222.72341918945312,237290598
2004-12-17T00:00:00Z,222.72341918945312,229.54148864746094,222.72341918945312,229.54148864746094,346054977
2004-12-20T00:00:00Z,227.268798828125,227.268798828125,220.45074462890625,224.99610900878906,533767719
2004-12-21T00:00:00Z,222.72341918945312,238.6322479248047,222.72341918945312,238.6322479248047,563385731
2004-12-22T00:00:00Z,238.6322479248047,249.9956817626953,238.6322479248047,247.72299194335938,742413823
2004-12-23T00:00:00Z,247.72299194335938,249.9956817626953,243.1776123046875,247.72299194335938,130704257
2004-12-27T00:00:00Z,245.45030212402344,254.5410614013672,243.1776123046875,252.26837158203125,183021161
2004-12-28T00:00:00Z,252.26837158203125,261.359130859375,249.9956817626953,259.08642578125,160833777
2004-12-29T00:00:00Z,261.359130859375,268.17718505859375,259.08642578125,263.6318054199219,174727017
2004-12-30T00:00:00Z,261.359130859375,263.6318054199219,259.08642578125,261.359130859375,119423562
2005-01-03T00:00:00Z,261.359130859375,261.359130859375,252.26837158203125,256.8137512207031,106740343
2005-01-04T00:00:00Z,256.8137512207031,261.359130859375,254.5410614013672,256.8137512207031,269097647
2005-01-05T00:00:00Z,256.8137512207031,261.359130859375,254.5410614013672,259.08642578125,367483347
2005-01-06T00:00:00Z,256.8137512207031,256.8137512207031,252.26837158203125,256.8137512207031,235888074
2005-01-07T00:00:00Z,256.8137512207031,256.8137512207031,245.45030212402344,245.45030212402344,509715804
2005-01-10T00:00:00Z,245.45030212402344,247.72299194335938,240.90492248535156,245.45030212402344,404388984
2005-01-11T00:00:00Z,245.45030212402344,247.72299194335938,240.90492248535156,247.72299194335938,325402120
2005-01-12T00:00:00Z,247.72299194335938,247.72299194335938,240.90492248535156,245.45030212402344,279685330
2005-01-13T00:00:00Z,247.72299194335938,252.26837158203125,247.72299194335938,249.9956817626953,222066335
2005-01-14T00:00:00Z,249.9956817626953,249.9956817626953,245.45030212402344,247.72299194335938,199422444
2005-01-17T00:00:00Z,247.72299194335938,249.9956817626953,245.45030212402344,249.9956817626953,61562563
2005-01-18T00:00:00Z,247.72299194335938,247.72299194335938,245.45030212402344,245.45030212402344,100178730
2005-01-19T00:00:00Z,247.72299194335938,249.9956817626953,245.45030212402344,249.9956817626953,113719964
2005-01-20T00:00:00Z,247.72299194335938,254.5410614013672,247.72299194335938,252.26837158203125,206044558
2005-01-24T00:00:00Z,252.26837158203125,252.26837158203125,247.72299194335938,247.72299194335938,175695034
2005-01-25T00:00:00Z,249.9956817626953,249.9956817626953,247.72299194335938,249.9956817626953,118769051
2005-01-26T00:00:00Z,249.9956817626953,249.9956817626953,247.72299194335938,249.9956817626953,97703687
2005-01-27T00:00:00Z,249.9956817626953,252.26837158203125,247.72299194335938,249.9956817626953,83854448
2005-01-28T00:00:00Z,249.9956817626953,252.26837158203125,247.72299194335938,252.26837158203125,118235542
2005-01-31T00:00:00Z,252.26837158203125,252.26837158203125,247.72299194335938,249.9956817626953,34837601
2005-02-01T00:00:00Z,249.9956817626953,249.9956817626953,245.45030212402344,245.45030212402344,206435065
2005-02-02T00:00:00Z,247.72299194335938,256.8137512207031,247.72299194335938,256.8137512207031,391232757
2005-02-03T00:00:00Z,256.8137512207031,261.359130859375,252.26837158203125,259.08642578125,294541087
2005-02-04T00:00:00Z,259.08642578125,259.08642578125,256.8137512207031,256.8137512207031,75510804
2005-02-07T00:00:00Z,259.08642578125,259.08642578125,254.5410614013672,259.08642578125,56430974
2005-02-08T00:00:00Z,256.8137512207031,256.8137512207031,252.26837158203125,256.8137512207031,34040087
2005-02-11T00:00:00Z,256.8137512207031,268.17718505859375,256.8137512207031,263.6318054199219,267519120
2005-02-14T00:00:00Z,265.9045104980469,279.5406188964844,265.9045104980469,279.5406188964844,451557799
2005-02-15T00:00:00Z,279.5406188964844,281.8133239746094,274.9952392578125,281.8133239746094,104633807
2005-02-16T00:00:00Z,281.8133239746094,286.35870361328125,277.2679443359375,277.2679443359375,99590220
2005-02-17T00:00:00Z,277.2679443359375,286.35870361328125,277.2679443359375,281.8133239746094,314841938
2005-02-18T00:00:00Z,284.08599853515625,290.904052734375,279.5406188964844,288.6313781738281,232670518
2005-02-21T00:00:00Z,288.6313781738281,295.4494323730469,286.35870361328125,288.6313781738281,103786792
2005-02-22T00:00:00Z,288.6313781738281,293.1767578125,288.6313781738281,293.1767578125,94590633
2005-02-23T00:00:00Z,290.904052734375,304.5401916503906,290.904052734375,299.99481201171875,91197075
2005-02-24T00:00:00Z,304.5401916503906,309.0855712890625,295.4494323730469,299.99481201171875,95300146
2005-02-25T00:00:00Z,299.99481201171875,299.99481201171875,293.1767578125,297.7221374511719,83942449
2005-02-28T00:00:00Z,290.904052734375,297.7221374511719,290.904052734375,297.7221374511719,109490391
2005-03-01T00:00:00Z,297.7221374511719,297.7221374511719,293.1767578125,293.1767578125,115732998
2005-03-02T00:00:00Z,293.1767578125,295.4494323730469,290.904052734375,293.1767578125,28457491
2005-03-03T00:00:00Z,293.1767578125,295.4494323730469,290.904052734375,290.904052734375,143799983
2005-03-04T00:00:00Z,293.1767578125,295.4494323730469,288.6313781738281,288.6313781738281,96345164
2005-03-07T00:00:00Z,290.904052734375,299.99481201171875,288.6313781738281,299.99481201171875,103126781
2005-03-08T00:00:00Z,299.99481201171875,304.5401916503906,295.4494323730469,297.7221374511719,120628083
2005-03-09T00:00:00Z,297.7221374511719,297.7221374511719,293.1767578125,295.4494323730469,23677908
2005-03-10T00:00:00Z,293.1767578125,293.1767578125,288.6313781738281,290.904052734375,99227213
2005-03-14T00:00:00Z,288.6313781738281,288.6313781738281,274.9952392578125,277.2679443359375,262915541
2005-03-15T00:00:00Z,277.2679443359375,279.5406188964844,272.7225646972656,279.5406188964844,122217610
2005-03-16T00:00:00Z,281.8133239746094,297.7221374511719,281.8133239746094,297.7221374511719,179924607
2005-03-17T00:00:00Z,295.4494323730469,295.4494323730469,281.8133239746094,288.6313781738281,187388236
2005-03-18T00:00:00Z,288.6313781738281,288.6313781738281,281.8133239746094,286.35870361328125,57657495
2005-03-21T00:00:00Z,286.35870361328125,286.35870361328125,279.5406188964844,281.8133239746094,61854068
2005-03-22T00:00:00Z,281.8133239746094,281.8133239746094,274.9952392578125,281.8133239746094,112817948
2005-03-23T00:00:00Z,279.5406188964844,279.5406188964844,268.17718505859375,270.4498596191406,327195151
2005-03-24T00:00:00Z,268.17718505859375,268.17718505859375,254.5410614013672,256.8137512207031,251893350
2005-03-28T00:00:00Z,256.8137512207031,259.08642578125,249.9956817626953,252.26837158203125,277661295
2005-03-29T00:00:00Z,249.9956817626953,252.26837158203125,234.0868682861328,252.26837158203125,461831976
2005-03-30T00:00:00Z,252.26837158203125,256.8137512207031,247.72299194335938,249.9956817626953,282468378
2005-03-31T00:00:00Z,252.26837158203125,261.359130859375,249.9956817626953,259.08642578125,182900159
2005-04-01T00:00:00Z,259.08642578125,263.6318054199219,256.8137512207031,261.359130859375,159497254
2005-04-04T00:00:00Z,263.6318054199219,265.9045104980469,259.08642578125,263.6318054199219,192673827
2005-04-05T00:00:00Z,265.9045104980469,268.17718505859375,263.6318054199219,268.17718505859375,116475511
2005-04-06T00:00:00Z,268.17718505859375,270.4498596191406,265.9045104980469,270.4498596191406,111057918
2005-04-07T00:00:00Z,270.4498596191406,277.2679443359375,270.4498596191406,277.2679443359375,144553496
2005-04-08T00:00:00Z,277.2679443359375,277.2679443359375,268.17718505859375,268.17718505859375,180854123
2005-04-11T00:00:00Z,268.17718505859375,270.4498596191406,265.9045104980469,265.9045104980469,73838775
2005-04-12T00:00:00Z,265.9045104980469,265.9045104980469,263.6318054199219,263.6318054199219,136000849
2005-04-13T00:00:00Z,263.6318054199219,265.9045104980469,261.359130859375,263.6318054199219,183158663
2005-04-14T00:00:00Z,263.6318054199219,263.6318054199219,256.8137512207031,263.6318054199219,120617083
2005-04-15T00:00:00Z,259.08642578125,261.359130859375,256.8137512207031,256.8137512207031,109259387
2005-04-18T00:00:00Z,254.5410614013672,254.5410614013672,243.1776123046875,243.1776123046875,174699517
2005-04-19T00:00:00Z,247.72299194335938,252.26837158203125,245.45030212402344,252.26837158203125,169919934
2005-04-20T00:00:00Z,254.5410614013672,259.08642578125,254.5410614013672,259.08642578125,95454148
2005-04-21T00:00:00Z,256.8137512207031,256.8137512207031,245.45030212402344,247.72299194335938,155823191
2005-04-25T00:00:00Z,245.45030212402344,247.72299194335938,238.6322479248047,240.90492248535156,95388147
2005-04-26T00:00:00Z,243.1776123046875,247.72299194335938,243.1776123046875,247.72299194335938,123466132
2005-04-27T00:00:00Z,247.72299194335938,247.72299194335938,243.1776123046875,243.1776123046875,113444959
2005-04-28T00:00:00Z,245.45030212402344,245.45030212402344,243.1776123046875,243.1776123046875,122817121
2005-04-29T00:00:00Z,243.1776123046875,243.1776123046875,240.90492248535156,243.1776123046875,98083194
2005-05-02T00:00:00Z,243.1776123046875,245.45030212402344,240.90492248535156,243.1776123046875,25503940
2005-05-03T00:00:00Z,240.90492248535156,243.1776123046875,240.90492248535156,243.1776123046875,21780376
2005-05-04T00:00:00Z,243.1776123046875,254.5410614013672,243.1776123046875,252.26837158203125,203701518
2005-05-06T00:00:00Z,252.26837158203125,261.359130859375,252.26837158203125,259.08642578125,143904485
2005-05-09T00:00:00Z,259.08642578125,263.6318054199219,259.08642578125,263.6318054199219,35151107
2005-05-10T00:00:00Z,263.6318054199219,263.6318054199219,256.8137512207031,259.08642578125,52767911
2005-05-11T00:00:00Z,254.5410614013672,254.5410614013672,249.9956817626953,254.5410614013672,136363855
2005-05-12T00:00:00Z,254.5410614013672,254.5410614013672,249.9956817626953,252.26837158203125,127283198
2005-05-13T00:00:00Z,252.26837158203125,254.5410614013672,247.72299194335938,254.5410614013672,45293282
2005-05-16T00:00:00Z,252.26837158203125,252.26837158203125,245.45030212402344,247.72299194335938,29695012
2005-05-17T00:00:00Z,249.9956817626953,252.26837158203125,247.72299194335938,249.9956817626953,111899432
2005-05-18T00:00:00Z,252.26837158203125,254.5410614013672,245.45030212402344,245.45030212402344,60743049
2005-05-19T00:00:00Z,249.9956817626953,249.9956817626953,247.72299194335938,249.9956817626953,63141090
2005-05-20T00:00:00Z,249.9956817626953,254.5410614013672,249.9956817626953,254.5410614013672,70148211
2005-05-23T00:00:00Z,254.5410614013672,254.5410614013672,247.72299194335938,252.26837158203125,30971034
2005-05-25T00:00:00Z,249.9956817626953,249.9956817626953,245.45030212402344,249.9956817626953,88078521
2005-05-26T00:00:00Z,245.45030212402344,254.5410614013672,245.45030212402344,254.5410614013672,173087989
2005-05-27T00:00:00Z,256.8137512207031,259.08642578125,252.26837158203125,254.5410614013672,76594322
2005-05-30T00:00:00Z,254.5410614013672,256.8137512207031,252.26837158203125,256.8137512207031,81846913
2005-05-31T00:00:00Z,256.8137512207031,265.9045104980469,254.5410614013672,263.6318054199219,180716621
2005-06-01T00:00:00Z,261.359130859375,261.359130859375,259.08642578125,261.359130859375,105568823
2005-06-02T00:00:00Z,261.359130859375,263.6318054199219,259.08642578125,261.359130859375,147963555
2005-06-03T00:00:00Z,261.359130859375,261.359130859375,254.5410614013672,256.8137512207031,188757760
2005-06-06T00:00:00Z,254.5410614013672,254.5410614013672,245.45030212402344,249.9956817626953,421257776
2005-06-07T00:00:00Z,249.9956817626953,252.26837158203125,247.72299194335938,247.72299194335938,171558963
2005-06-08T00:00:00Z,247.72299194335938,252.26837158203125,245.45030212402344,249.9956817626953,153249146
2005-06-09T00:00:00Z,249.9956817626953,249.9956817626953,243.1776123046875,245.45030212402344,304985767
2005-06-10T00:00:00Z,245.45030212402344,247.72299194335938,243.1776123046875,245.45030212402344,251821849
2005-06-13T00:00:00Z,245.45030212402344,245.45030212402344,243.1776123046875,245.45030212402344,46772807
2005-06-14T00:00:00Z,245.45030212402344,249.9956817626953,245.45030212402344,247.72299194335938,291307031
2005-06-15T00:00:00Z,247.72299194335938,249.9956817626953,245.45030212402344,247.72299194335938,327728660
2005-06-16T00:00:00Z,249.9956817626953,252.26837158203125,247.72299194335938,252.26837158203125,399290396
2005-06-17T00:00:00Z,240.90492248535156,245.45030212402344,238.6322479248047,245.45030212402344,359568710
2005-06-20T00:00:00Z,245.45030212402344,259.08642578125,245.45030212402344,256.8137512207031,1093957895
2005-06-21T00:00:00Z,256.8137512207031,261.359130859375,254.5410614013672,261.359130859375,525633078
2005-06-22T00:00:00Z,261.359130859375,261.359130859375,256.8137512207031,259.08642578125,233726537
2005-06-23T00:00:00Z,259.08642578125,263.6318054199219,259.08642578125,261.359130859375,207194078
2005-06-24T00:00:00Z,259.08642578125,263.6318054199219,256.8137512207031,261.359130859375,226163906
2005-06-27T00:00:00Z,259.08642578125,261.359130859375,256.8137512207031,261.359130859375,157451219
2005-06-28T00:00:00Z,259.08642578125,261.359130859375,259.08642578125,261.359130859375,256782935
2005-06-29T00:00:00Z,261.359130859375,263.6318054199219,261.359130859375,263.6318054199219,218001765
2005-06-30T00:00:00Z,263.6318054199219,265.9045104980469,263.6318054199219,263.6318054199219,264912075
2005-07-01T00:00:00Z,263.6318054199219,265.9045104980469,261.359130859375,263.6318054199219,194257855
2005-07-04T00:00:00Z,261.359130859375,274.9952392578125,259.08642578125,274.9952392578125,340972889
2005-07-05T00:00:00Z,274.9952392578125,274.9952392578125,263.6318054199219,265.9045104980469,175343028
2005-07-06T00:00:00Z,265.9045104980469,265.9045104980469,259.08642578125,263.6318054199219,170348942
2005-07-07T00:00:00Z,259.08642578125,261.359130859375,254.5410614013672,261.359130859375,250622828
2005-07-08T00:00:00Z,259.08642578125,265.9045104980469,259.08642578125,265.9045104980469,58818015
2005-07-11T00:00:00Z,265.9045104980469,270.4498596191406,265.9045104980469,270.4498596191406,100492235
2005-07-12T00:00:00Z,270.4498596191406,272.7225646972656,268.17718505859375,272.7225646972656,133833811
2005-07-13T00:00:00Z,272.7225646972656,272.7225646972656,268.17718505859375,272.7225646972656,35706616
2005-07-14T00:00:00Z,272.7225646972656,277.2679443359375,270.4498596191406,277.2679443359375,523273538
2005-07-15T00:00:00Z,277.2679443359375,277.2679443359375,268.17718505859375,274.9952392578125,206886073
2005-07-18T00:00:00Z,272.7225646972656,272.7225646972656,265.9045104980469,268.17718505859375,94095625
2005-07-19T00:00:00Z,268.17718505859375,272.7225646972656,265.9045104980469,270.4498596191406,44171262
2005-07-20T00:00:00Z,270.4498596191406,270.4498596191406,263.6318054199219,265.9045104980469,218001765
2005-07-21T00:00:00Z,268.17718505859375,270.4498596191406,265.9045104980469,270.4498596191406,105288318
2005-07-22T00:00:00Z,270.4498596191406,274.9952392578125,268.17718505859375,270.4498596191406,122575117
2005-07-25T00:00:00Z,272.7225646972656,272.7225646972656,268.17718505859375,270.4498596191406,258262460
2005-07-26T00:00:00Z,270.4498596191406,272.7225646972656,268.17718505859375,270.4498596191406,29618011
2005-07-27T00:00:00Z,272.7225646972656,274.9952392578125,268.17718505859375,272.7225646972656,183444668
2005-07-28T00:00:00Z,274.9952392578125,284.08599853515625,274.9952392578125,284.08599853515625,385705162
2005-07-29T00:00:00Z,284.08599853515625,290.904052734375,284.08599853515625,290.904052734375,251436842
2005-08-01T00:00:00Z,288.6313781738281,302.26751708984375,288.6313781738281,299.99481201171875,308390326
2005-08-02T00:00:00Z,297.7221374511719,297.7221374511719,293.1767578125,295.4494323730469,80020882
2005-08-03T00:00:00Z,293.1767578125,295.4494323730469,293.1767578125,293.1767578125,72326249
2005-08-04T00:00:00Z,293.1767578125,293.1767578125,284.08599853515625,284.08599853515625,49874861
2005-08-05T00:00:00Z,284.08599853515625,284.08599853515625,270.4498596191406,270.4498596191406,282589381
2005-08-08T00:00:00Z,270.4498596191406,274.9952392578125,268.17718505859375,270.4498596191406,265885592
2005-08-09T00:00:00Z,270.4498596191406,272.7225646972656,268.17718505859375,270.4498596191406,222792348
2005-08-10T00:00:00Z,270.4498596191406,274.9952392578125,270.4498596191406,272.7225646972656,251117837
2005-08-11T00:00:00Z,274.9952392578125,279.5406188964844,268.17718505859375,272.7225646972656,258751969
2005-08-12T00:00:00Z,270.4498596191406,270.4498596191406,261.359130859375,268.17718505859375,169666930
2005-08-15T00:00:00Z,268.17718505859375,268.17718505859375,254.5410614013672,256.8137512207031,296856627
2005-08-16T00:00:00Z,256.8137512207031,263.6318054199219,254.5410614013672,259.08642578125,208536101
2005-08-18T00:00:00Z,261.359130859375,261.359130859375,252.26837158203125,259.08642578125,190979798
2005-08-19T00:00:00Z,259.08642578125,259.08642578125,247.72299194335938,254.5410614013672,227659932
2005-08-22T00:00:00Z,254.5410614013672,254.5410614013672,238.6322479248047,243.1776123046875,209086111
2005-08-23T00:00:00Z,243.1776123046875,243.1776123046875,229.54148864746094,231.81417846679688,566988293
2005-08-24T00:00:00Z,231.81417846679688,231.81417846679688,220.45074462890625,229.54148864746094,1101196020
2005-08-25T00:00:00Z,229.54148864746094,236.35955810546875,229.54148864746094,234.0868682861328,583065070
2005-08-26T00:00:00Z,234.0868682861328,236.35955810546875,229.54148864746094,231.81417846679688,403822474
2005-08-29T00:00:00Z,227.268798828125,227.268798828125,202.26922607421875,211.3599853515625,764716708
2005-08-30T00:00:00Z,209.08729553222656,231.81417846679688,186.36041259765625,231.81417846679688,981876959
2005-08-31T00:00:00Z,229.54148864746094,238.6322479248047,224.99610900878906,234.0868682861328,442356140
2005-09-01T00:00:00Z,231.81417846679688,234.0868682861328,227.268798828125,231.81417846679688,436185033
2005-09-05T00:00:00Z,234.0868682861328,234.0868682861328,231.81417846679688,234.0868682861328,97500184
2005-09-06T00:00:00Z,234.0868682861328,247.72299194335938,234.0868682861328,247.72299194335938,273162218
2005-09-07T00:00:00Z,249.9956817626953,254.5410614013672,247.72299194335938,252.26837158203125,255864419
2005-09-08T00:00:00Z,252.26837158203125,252.26837158203125,247.72299194335938,247.72299194335938,156274199
2005-09-09T00:00:00Z,247.72299194335938,252.26837158203125,247.72299194335938,249.9956817626953,162747811
2005-09-12T00:00:00Z,252.26837158203125,261.359130859375,252.26837158203125,256.8137512207031,185369701
2005-09-13T00:00:00Z,256.8137512207031,256.8137512207031,249.9956817626953,249.9956817626953,193619844
2005-09-14T00:00:00Z,249.9956817626953,249.9956817626953,243.1776123046875,243.1776123046875,84976467
2005-09-15T00:00:00Z,243.1776123046875,245.45030212402344,240.90492248535156,240.90492248535156,144861502
2005-09-16T00:00:00Z,240.90492248535156,240.90492248535156,236.35955810546875,236.35955810546875,141577945
2005-09-19T00:00:00Z,238.6322479248047,243.1776123046875,238.6322479248047,238.6322479248047,20812359
2005-09-20T00:00:00Z,238.6322479248047,240.90492248535156,238.6322479248047,238.6322479248047,90278559
2005-09-21T00:00:00Z,238.6322479248047,238.6322479248047,234.0868682861328,236.35955810546875,89052038
2005-09-22T00:00:00Z,234.0868682861328,234.0868682861328,222.72341918945312,224.99610900878906,270516672
2005-09-23T00:00:00Z,224.99610900878906,224.99610900878906,218.1780548095703,218.1780548095703,66358646
2005-09-26T00:00:00Z,218.1780548095703,236.35955810546875,218.1780548095703,227.268798828125,304369757
2005-09-27T00:00:00Z,227.268798828125,234.0868682861328,227.268798828125,231.81417846679688,202012989
2005-09-28T00:00:00Z,231.81417846679688,231.81417846679688,227.268798828125,227.268798828125,65951639
2005-09-29T00:00:00Z,238.6322479248047,238.6322479248047,227.268798828125,238.6322479248047,240651156
2005-09-30T00:00:00Z,245.45030212402344,245.45030212402344,238.6322479248047,245.45030212402344,164749845
2005-10-03T00:00:00Z,243.1776123046875,245.45030212402344,231.81417846679688,243.1776123046875,210268631
2005-10-04T00:00:00Z,240.90492248535156,245.45030212402344,238.6322479248047,240.90492248535156,93963622
2005-10-05T00:00:00Z,236.35955810546875,240.90492248535156,236.35955810546875,236.35955810546875,66468648
2005-10-06T00:00:00Z,229.54148864746094,234.0868682861328,229.54148864746094,229.54148864746094,54115434
2005-10-07T00:00:00Z,222.72341918945312,231.81417846679688,222.72341918945312,222.72341918945312,110045900
2005-10-10T00:00:00Z,227.268798828125,229.54148864746094,222.72341918945312,227.268798828125,72161246
2005-10-11T00:00:00Z,220.45074462890625,227.268798828125,220.45074462890625,220.45074462890625,46288799
2005-10-12T00:00:00Z,211.3599853515625,220.45074462890625,209.08729553222656,211.3599853515625,301713211
2005-10-13T00:00:00Z,213.63267517089844,213.63267517089844,211.3599853515625,213.63267517089844,108505874
2005-10-14T00:00:00Z,218.1780548095703,218.1780548095703,209.08729553222656,218.1780548095703,237593103
2005-10-17T00:00:00Z,218.1780548095703,218.1780548095703,211.3599853515625,213.63267517089844,76209316
2005-10-18T00:00:00Z,220.45074462890625,220.45074462890625,213.63267517089844,220.45074462890625,78403854
2005-10-19T00:00:00Z,213.63267517089844,218.1780548095703,213.63267517089844,213.63267517089844,120600583
2005-10-20T00:00:00Z,213.63267517089844,218.1780548095703,213.63267517089844,218.1780548095703,86802499
2005-10-21T00:00:00Z,218.1780548095703,218.1780548095703,213.63267517089844,218.1780548095703,22682391
2005-10-24T00:00:00Z,224.99610900878906,229.54148864746094,218.1780548095703,224.99610900878906,209817624
2005-10-25T00:00:00Z,227.268798828125,229.54148864746094,222.72341918945312,222.72341918945312,84536460
2005-10-26T00:00:00Z,215.90536499023438,222.72341918945312,215.90536499023438,215.90536499023438,77182833
2005-10-27T00:00:00Z,215.90536499023438,218.1780548095703,215.90536499023438,215.90536499023438,63696600
2005-10-28T00:00:00Z,213.63267517089844,215.90536499023438,211.3599853515625,213.63267517089844,60908052
2005-10-31T00:00:00Z,222.72341918945312,222.72341918945312,213.63267517089844,222.72341918945312,83254938
2005-11-01T00:00:00Z,222.72341918945312,224.99610900878906,213.63267517089844,222.72341918945312,135560841
2005-11-09T00:00:00Z,218.1780548095703,224.99610900878906,213.63267517089844,222.72341918945312,358672195
2005-11-10T00:00:00Z,215.90536499023438,220.45074462890625,215.90536499023438,215.90536499023438,189005264
2005-11-11T00:00:00Z,218.1780548095703,218.1780548095703,213.63267517089844,218.1780548095703,56227471
2005-11-14T00:00:00Z,220.45074462890625,222.72341918945312,213.63267517089844,220.45074462890625,113719964
2005-11-15T00:00:00Z,224.99610900878906,227.268798828125,218.1780548095703,224.99610900878906,112267939
2005-11-16T00:00:00Z,224.99610900878906,236.35955810546875,224.99610900878906,236.35955810546875,166240371
2005-11-17T00:00:00Z,238.6322479248047,240.90492248535156,234.0868682861328,238.6322479248047,460924461
2005-11-18T00:00:00Z,247.72299194335938,249.9956817626953,240.90492248535156,247.72299194335938,302681228
2005-11-21T00:00:00Z,247.72299194335938,249.9956817626953,245.45030212402344,247.72299194335938,121992107
2005-11-22T00:00:00Z,247.72299194335938,249.9956817626953,240.90492248535156,247.72299194335938,130066246
2005-11-23T00:00:00Z,247.72299194335938,249.9956817626953,247.72299194335938,247.72299194335938,49847360
2005-11-24T00:00:00Z,252.26837158203125,256.8137512207031,243.1776123046875,252.26837158203125,176558549
2005-11-25T00:00:00Z,256.8137512207031,259.08642578125,252.26837158203125,256.8137512207031,159458754
2005-11-28T00:00:00Z,259.08642578125,272.7225646972656,259.08642578125,272.7225646972656,319291514
2005-11-29T00:00:00Z,268.17718505859375,272.7225646972656,268.17718505859375,268.17718505859375,332398241
2005-11-30T00:00:00Z,270.4498596191406,274.9952392578125,263.6318054199219,270.4498596191406,239881143
2005-12-01T00:00:00Z,270.4498596191406,272.7225646972656,265.9045104980469,270.4498596191406,195104869
2005-12-02T00:00:00Z,270.4498596191406,274.9952392578125,270.4498596191406,270.4498596191406,226708415
2005-12-05T00:00:00Z,268.17718505859375,270.4498596191406,268.17718505859375,268.17718505859375,41267212
2005-12-06T00:00:00Z,265.9045104980469,268.17718505859375,263.6318054199219,265.9045104980469,63647099
2005-12-07T00:00:00Z,272.7225646972656,274.9952392578125,265.9045104980469,272.7225646972656,364848801
2005-12-08T00:00:00Z,279.5406188964844,279.5406188964844,272.7225646972656,279.5406188964844,278447809
2005-12-09T00:00:00Z,272.7225646972656,279.5406188964844,270.4498596191406,272.7225646972656,102059762
2005-12-12T00:00:00Z,277.2679443359375,277.2679443359375,272.7225646972656,277.2679443359375,224640380
2005-12-13T00:00:00Z,281.8133239746094,284.08599853515625,277.2679443359375,281.8133239746094,231284494
2005-12-14T00:00:00Z,279.5406188964844,281.8133239746094,270.4498596191406,279.5406188964844,202948005
2005-12-15T00:00:00Z,270.4498596191406,279.5406188964844,270.4498596191406,270.4498596191406,91714084
2005-12-16T00:00:00Z,270.4498596191406,274.9952392578125,268.17718505859375,270.4498596191406,122267111
2005-12-19T00:00:00Z,274.9952392578125,277.2679443359375,270.4498596191406,274.9952392578125,85108470
2005-12-20T00:00:00Z,277.2679443359375,279.5406188964844,272.7225646972656,277.2679443359375,70291214
2005-12-21T00:00:00Z,272.7225646972656,277.2679443359375,272.7225646972656,272.7225646972656,76759325
2005-12-22T00:00:00Z,277.2679443359375,277.2679443359375,270.4498596191406,277.2679443359375,69235195
2005-12-23T00:00:00Z,277.2679443359375,277.2679443359375,270.4498596191406,272.7225646972656,37494147
2005-12-27T00:00:00Z,270.4498596191406,272.7225646972656,270.4498596191406,270.4498596191406,40425698
2005-12-28T00:00:00Z,274.9952392578125,274.9952392578125,272.7225646972656,274.9952392578125,46959811
2005-12-29T00:00:00Z,274.9952392578125,279.5406188964844,272.7225646972656,274.9952392578125,145087006
2006-01-02T00:00:00Z,272.7225646972656,274.9952392578125,272.7225646972656,272.7225646972656,47619822
2006-01-03T00:00:00Z,272.7225646972656,288.6313781738281,272.7225646972656,288.6313781738281,400379415
2006-01-04T00:00:00Z,290.904052734375,304.5401916503906,290.904052734375,304.5401916503906,577795979
2006-01-05T00:00:00Z,304.5401916503906,304.5401916503906,297.7221374511719,299.99481201171875,176894055
2006-01-06T00:00:00Z,299.99481201171875,304.5401916503906,297.7221374511719,302.26751708984375,111783930
2006-01-09T00:00:00Z,302.26751708984375,313.6309509277344,302.26751708984375,311.3582458496094,297615640
2006-01-11T00:00:00Z,313.6309509277344,320.4490051269531,311.3582458496094,313.6309509277344,256716934
2006-01-12T00:00:00Z,315.90362548828125,320.4490051269531,306.8128967285156,309.0855712890625,244660725
2006-01-13T00:00:00Z,304.5401916503906,306.8128967285156,299.99481201171875,304.5401916503906,275890265
2006-01-16T00:00:00Z,302.26751708984375,309.0855712890625,299.99481201171875,304.5401916503906,220317305
2006-01-17T00:00:00Z,295.4494323730469,302.26751708984375,290.904052734375,295.4494323730469,261474516
2006-01-18T00:00:00Z,288.6313781738281,293.1767578125,279.5406188964844,286.35870361328125,96620168
2006-01-19T00:00:00Z,290.904052734375,302.26751708984375,290.904052734375,302.26751708984375,132475288
2006-01-20T00:00:00Z,304.5401916503906,304.5401916503906,293.1767578125,297.7221374511719,106443338
2006-01-23T00:00:00Z,295.4494323730469,297.7221374511719,288.6313781738281,290.904052734375,164881847
2006-01-24T00:00:00Z,293.1767578125,297.7221374511719,293.1767578125,297.7221374511719,130616256
2006-01-25T00:00:00Z,304.5401916503906,306.8128967285156,299.99481201171875,304.5401916503906,317646986
2006-01-26T00:00:00Z,304.5401916503906,304.5401916503906,297.7221374511719,302.26751708984375,104628307
2006-01-27T00:00:00Z,302.26751708984375,309.0855712890625,302.26751708984375,306.8128967285156,185193698
2006-01-30T00:00:00Z,309.0855712890625,309.0855712890625,304.5401916503906,309.0855712890625,91840586
2006-02-01T00:00:00Z,309.0855712890625,311.3582458496094,304.5401916503906,306.8128967285156,269449654
2006-02-02T00:00:00Z,309.0855712890625,309.0855712890625,304.5401916503906,306.8128967285156,138360389
2006-02-03T00:00:00Z,309.0855712890625,309.0855712890625,304.5401916503906,309.0855712890625,152974142
2006-02-06T00:00:00Z,309.0855712890625,311.3582458496094,306.8128967285156,311.3582458496094,226350909
2006-02-07T00:00:00Z,311.3582458496094,311.3582458496094,306.8128967285156,311.3582458496094,212254166
2006-02-08T00:00:00Z,309.0855712890625,309.0855712890625,302.26751708984375,309.0855712890625,158056230
2006-02-09T00:00:00Z,306.8128967285156,306.8128967285156,302.26751708984375,306.8128967285156,142243456
2006-02-10T00:00:00Z,306.8128967285156,306.8128967285156,299.99481201171875,302.26751708984375,157913227
2006-02-13T00:00:00Z,302.26751708984375,304.5401916503906,295.4494323730469,299.99481201171875,84541960
2006-02-14T00:00:00Z,290.904052734375,295.4494323730469,288.6313781738281,290.904052734375,104980313
2006-02-15T00:00:00Z,290.904052734375,295.4494323730469,288.6313781738281,295.4494323730469,209647121
2006-02-16T00:00:00Z,295.4494323730469,297.7221374511719,293.1767578125,295.4494323730469,40156193
2006-02-17T00:00:00Z,295.4494323730469,304.5401916503906,295.4494323730469,304.5401916503906,104325801
2006-02-20T00:00:00Z,306.8128967285156,306.8128967285156,304.5401916503906,306.8128967285156,99606720
2006-02-21T00:00:00Z,306.8128967285156,306.8128967285156,299.99481201171875,299.99481201171875,71556235
2006-02-22T00:00:00Z,299.99481201171875,299.99481201171875,293.1767578125,295.4494323730469,320501535
2006-02-23T00:00:00Z,295.4494323730469,295.4494323730469,281.8133239746094,288.6313781738281,288584484
2006-02-24T00:00:00Z,286.35870361328125,286.35870361328125,281.8133239746094,281.8133239746094,117449028
2006-02-27T00:00:00Z,281.8133239746094,299.99481201171875,281.8133239746094,299.99481201171875,189593774
2006-02-28T00:00:00Z,299.99481201171875,299.99481201171875,293.1767578125,295.4494323730469,86015985
2006-03-01T00:00:00Z,302.26751708984375,302.26751708984375,293.1767578125,302.26751708984375,82259420
2006-03-02T00:00:00Z,302.26751708984375,306.8128967285156,297.7221374511719,306.8128967285156,166212870
2006-03-03T00:00:00Z,306.8128967285156,306.8128967285156,302.26751708984375,306.8128967285156,63487596
2006-03-06T00:00:00Z,304.5401916503906,313.6309509277344,304.5401916503906,313.6309509277344,161581790
2006-03-07T00:00:00Z,315.90362548828125,318.17633056640625,311.3582458496094,311.3582458496094,231399996
2006-03-08T00:00:00Z,311.3582458496094,311.3582458496094,304.5401916503906,311.3582458496094,199746950
2006-03-09T00:00:00Z,311.3582458496094,320.4490051269531,306.8128967285156,320.4490051269531,286158942
2006-03-10T00:00:00Z,318.17633056640625,343.1759033203125,318.17633056640625,338.6305236816406,723851002
2006-03-13T00:00:00Z,338.6305236816406,340.9031982421875,331.81243896484375,334.08514404296875,302741729
2006-03-14T00:00:00Z,334.08514404296875,338.6305236816406,331.81243896484375,336.3578186035156,56584977
2006-03-16T00:00:00Z,349.99395751953125,361.3573913574219,338.6305236816406,349.99395751953125,292280548
2006-03-17T00:00:00Z,352.2666320800781,370.4481506347656,352.2666320800781,363.6300964355469,425228844
2006-03-20T00:00:00Z,377.2662048339844,377.2662048339844,363.6300964355469,377.2662048339844,210125629
2006-03-21T00:00:00Z,377.2662048339844,377.2662048339844,365.90277099609375,368.1754455566406,226779917
2006-03-22T00:00:00Z,361.3573913574219,365.90277099609375,361.3573913574219,361.3573913574219,152803639
2006-03-23T00:00:00Z,361.3573913574219,365.90277099609375,349.99395751953125,359.084716796875,34733099
2006-03-24T00:00:00Z,356.81201171875,363.6300964355469,349.99395751953125,356.81201171875,73706773
2006-03-27T00:00:00Z,347.72125244140625,356.81201171875,345.4485778808594,347.72125244140625,101174247
2006-03-28T00:00:00Z,361.3573913574219,363.6300964355469,347.72125244140625,361.3573913574219,274080734
2006-03-29T00:00:00Z,354.5393371582031,372.7208251953125,354.5393371582031,354.5393371582031,203635517
2006-04-03T00:00:00Z,372.7208251953125,374.9935302734375,359.084716796875,372.7208251953125,226350909
2006-04-04T00:00:00Z,374.9935302734375,379.5389099121094,372.7208251953125,374.9935302734375,128856225
2006-04-05T00:00:00Z,377.2662048339844,399.99310302734375,377.2662048339844,399.99310302734375,152413132
2006-04-06T00:00:00Z,406.8111572265625,413.62921142578125,402.2657775878906,406.8111572265625,90031055
2006-04-07T00:00:00Z,409.0838317871094,409.0838317871094,399.99310302734375,409.0838317871094,78970364
2006-04-11T00:00:00Z,404.5384521484375,409.0838317871094,404.5384521484375,404.5384521484375,31977552
2006-04-12T00:00:00Z,399.99310302734375,404.5384521484375,393.1750183105469,399.99310302734375,84679462
2006-04-13T00:00:00Z,404.5384521484375,418.1745910644531,402.2657775878906,404.5384521484375,108401372
2006-04-17T00:00:00Z,404.5384521484375,406.8111572265625,399.99310302734375,404.5384521484375,30014018
2006-04-18T00:00:00Z,415.90191650390625,415.90191650390625,404.5384521484375,415.90191650390625,85394474
2006-04-19T00:00:00Z,436.3561096191406,443.1741638183594,420.4472961425781,436.3561096191406,274179735
2006-04-20T00:00:00Z,447.71954345703125,459.0829772949219,436.3561096191406,447.71954345703125,247289771
2006-04-21T00:00:00Z,443.1741638183594,447.71954345703125,440.9014892578125,443.1741638183594,82352922
2006-04-25T00:00:00Z,429.53802490234375,431.81072998046875,427.2653503417969,429.53802490234375,108324371
2006-04-26T00:00:00Z,434.0834045410156,438.6287841796875,429.53802490234375,434.0834045410156,118648049
2006-04-27T00:00:00Z,436.3561096191406,436.3561096191406,429.53802490234375,436.3561096191406,293738073
2006-05-01T00:00:00Z,409.0838317871094,420.4472961425781,409.0838317871094,409.0838317871094,242851194
2006-05-02T00:00:00Z,409.0838317871094,413.62921142578125,402.2657775878906,404.5384521484375,299199667
2006-05-03T00:00:00Z,402.2657775878906,411.3565368652344,399.99310302734375,402.2657775878906,200885469
2006-05-04T00:00:00Z,393.1750183105469,402.2657775878906,393.1750183105469,393.1750183105469,432637472
2006-05-05T00:00:00Z,393.1750183105469,395.4477233886719,386.3569641113281,388.629638671875,263520551
2006-05-08T00:00:00Z,399.99310302734375,404.5384521484375,390.90234375,399.99310302734375,379011546
2006-05-09T00:00:00Z,404.5384521484375,409.0838317871094,397.72039794921875,404.5384521484375,295767608
2006-05-10T00:00:00Z,409.0838317871094,409.0838317871094,404.5384521484375,409.0838317871094,191909314
2006-05-11T00:00:00Z,409.0838317871094,411.3565368652344,406.8111572265625,409.0838317871094,250089319
2006-05-12T00:00:00Z,399.99310302734375,406.8111572265625,397.72039794921875,399.99310302734375,128471219
2006-05-15T00:00:00Z,393.1750183105469,393.1750183105469,365.90277099609375,365.90277099609375,369837387
2006-05-16T00:00:00Z,372.7208251953125,372.7208251953125,334.08514404296875,372.7208251953125,552088535
2006-05-17T00:00:00Z,395.4477233886719,406.8111572265625,377.2662048339844,395.4477233886719,439886597
2006-05-18T00:00:00Z,372.7208251953125,379.5389099121094,354.5393371582031,377.2662048339844,270560673
2006-05-19T00:00:00Z,374.9935302734375,379.5389099121094,370.4481506347656,372.7208251953125,221637328
2006-05-22T00:00:00Z,354.5393371582031,377.2662048339844,349.99395751953125,354.5393371582031,415933684
2006-05-23T00:00:00Z,345.4485778808594,365.90277099609375,331.81243896484375,365.90277099609375,233319529
2006-05-24T00:00:00Z,379.5389099121094,388.629638671875,363.6300964355469,379.5389099121094,366421828
2006-05-29T00:00:00Z,379.5389099121094,381.81158447265625,356.81201171875,359.084716796875,480922806
2006-05-30T00:00:00Z,370.4481506347656,374.9935302734375,361.3573913574219,370.4481506347656,255737917
2006-05-31T00:00:00Z,359.084716796875,363.6300964355469,354.5393371582031,359.084716796875,298380153
2006-06-01T00:00:00Z,345.4485778808594,361.3573913574219,343.1759033203125,345.4485778808594,349096529
2006-06-02T00:00:00Z,352.2666320800781,356.81201171875,343.1759033203125,352.2666320800781,364524296
2006-06-05T00:00:00Z,354.5393371582031,359.084716796875,349.99395751953125,354.5393371582031,321398051
2006-06-06T00:00:00Z,345.4485778808594,349.99395751953125,340.9031982421875,345.4485778808594,280658847
2006-06-07T00:00:00Z,340.9031982421875,343.1759033203125,338.6305236816406,340.9031982421875,179462599
2006-06-08T00:00:00Z,322.7217102050781,336.3578186035156,313.6309509277344,322.7217102050781,647108177
2006-06-09T00:00:00Z,336.3578186035156,336.3578186035156,322.7217102050781,336.3578186035156,562681718
2006-06-12T00:00:00Z,343.1759033203125,345.4485778808594,329.5397644042969,343.1759033203125,206858572
2006-06-13T00:00:00Z,334.08514404296875,338.6305236816406,327.2670593261719,334.08514404296875,152638636
2006-06-14T00:00:00Z,340.9031982421875,340.9031982421875,331.81243896484375,340.9031982421875,156505203
2006-06-15T00:00:00Z,356.81201171875,359.084716796875,345.4485778808594,356.81201171875,251717347
2006-06-16T00:00:00Z,384.0842590332031,384.0842590332031,365.90277099609375,384.0842590332031,432208465
2006-06-19T00:00:00Z,372.7208251953125,384.0842590332031,368.1754455566406,372.7208251953125,183697672
2006-06-20T00:00:00Z,381.81158447265625,381.81158447265625,363.6300964355469,381.81158447265625,213337684
2006-06-21T00:00:00Z,381.81158447265625,386.3569641113281,379.5389099121094,381.81158447265625,148711568
2006-06-22T00:00:00Z,370.4481506347656,381.81158447265625,368.1754455566406,370.4481506347656,102774775
2006-06-23T00:00:00Z,363.6300964355469,368.1754455566406,359.084716796875,363.6300964355469,73954277
2006-06-26T00:00:00Z,359.084716796875,361.3573913574219,352.2666320800781,359.084716796875,54780946
2006-06-27T00:00:00Z,361.3573913574219,363.6300964355469,359.084716796875,361.3573913574219,116305008
2006-06-28T00:00:00Z,354.5393371582031,356.81201171875,347.72125244140625,354.5393371582031,145263009
2006-06-29T00:00:00Z,354.5393371582031,354.5393371582031,349.99395751953125,349.99395751953125,98325198
2006-06-30T00:00:00Z,372.7208251953125,372.7208251953125,359.084716796875,372.7208251953125,239012128
2006-07-03T00:00:00Z,372.7208251953125,393.1750183105469,372.7208251953125,393.1750183105469,265616087
2006-07-04T00:00:00Z,390.90234375,395.4477233886719,386.3569641113281,390.90234375,176107541
2006-07-05T00:00:00Z,388.629638671875,393.1750183105469,386.3569641113281,388.629638671875,116954020
2006-07-06T00:00:00Z,384.0842590332031,390.90234375,374.9935302734375,384.0842590332031,161988797
2006-07-07T00:00:00Z,379.5389099121094,393.1750183105469,379.5389099121094,379.5389099121094,183186164
2006-07-10T00:00:00Z,374.9935302734375,381.81158447265625,374.9935302734375,374.9935302734375,105200317
2006-07-11T00:00:00Z,381.81158447265625,384.0842590332031,374.9935302734375,381.81158447265625,74614288
2006-07-12T00:00:00Z,386.3569641113281,390.90234375,384.0842590332031,386.3569641113281,104864811
2006-07-13T00:00:00Z,386.3569641113281,388.629638671875,381.81158447265625,386.3569641113281,51898896
2006-07-14T00:00:00Z,372.7208251953125,381.81158447265625,368.1754455566406,372.7208251953125,115034486
2006-07-18T00:00:00Z,359.084716796875,363.6300964355469,354.5393371582031,359.084716796875,97538684
2006-07-19T00:00:00Z,359.084716796875,361.3573913574219,354.5393371582031,354.5393371582031,58185505
2006-07-20T00:00:00Z,377.2662048339844,377.2662048339844,363.6300964355469,377.2662048339844,152330631
2006-07-21T00:00:00Z,381.81158447265625,384.0842590332031,368.1754455566406,381.81158447265625,123020624
2006-07-24T00:00:00Z,363.6300964355469,379.5389099121094,361.3573913574219,363.6300964355469,133069298
2006-07-25T00:00:00Z,365.90277099609375,374.9935302734375,361.3573913574219,365.90277099609375,154514168
2006-07-26T00:00:00Z,365.90277099609375,365.90277099609375,361.3573913574219,361.3573913574219,81725911
2006-07-27T00:00:00Z,368.1754455566406,388.629638671875,363.6300964355469,388.629638671875,349157030
2006-07-28T00:00:00Z,386.3569641113281,388.629638671875,381.81158447265625,386.3569641113281,283804902
2006-07-31T00:00:00Z,388.629638671875,390.90234375,384.0842590332031,388.629638671875,156257698
2006-08-01T00:00:00Z,397.72039794921875,397.72039794921875,386.3569641113281,397.72039794921875,254846901
2006-08-02T00:00:00Z,404.5384521484375,404.5384521484375,388.629638671875,404.5384521484375,262299530
2006-08-03T00:00:00Z,393.1750183105469,406.8111572265625,393.1750183105469,393.1750183105469,158738241
2006-08-04T00:00:00Z,393.1750183105469,397.72039794921875,386.3569641113281,393.1750183105469,164518841
2006-08-07T00:00:00Z,397.72039794921875,404.5384521484375,393.1750183105469,397.72039794921875,85141470
2006-08-08T00:00:00Z,393.1750183105469,399.99310302734375,390.90234375,393.1750183105469,39133175
2006-08-09T00:00:00Z,399.99310302734375,399.99310302734375,390.90234375,399.99310302734375,46448302
2006-08-10T00:00:00Z,388.629638671875,406.8111572265625,388.629638671875,388.629638671875,283705900
2006-08-11T00:00:00Z,397.72039794921875,404.5384521484375,390.90234375,397.72039794921875,236999093
2006-08-14T00:00:00Z,409.0838317871094,411.3565368652344,397.72039794921875,409.0838317871094,262151027
2006-08-15T00:00:00Z,406.8111572265625,415.90191650390625,404.5384521484375,406.8111572265625,162555307
2006-08-16T00:00:00Z,406.8111572265625,413.62921142578125,404.5384521484375,406.8111572265625,142881467
2006-08-22T00:00:00Z,418.1745910644531,418.1745910644531,406.8111572265625,418.1745910644531,161306786
2006-08-23T00:00:00Z,418.1745910644531,418.1745910644531,409.0838317871094,411.3565368652344,79976881
2006-08-24T00:00:00Z,406.8111572265625,413.62921142578125,402.2657775878906,406.8111572265625,86274490
2006-08-25T00:00:00Z,402.2657775878906,406.8111572265625,397.72039794921875,402.2657775878906,65181625
2006-08-28T00:00:00Z,402.2657775878906,404.5384521484375,399.99310302734375,402.2657775878906,59665030
2006-08-29T00:00:00Z,402.2657775878906,402.2657775878906,395.4477233886719,402.2657775878906,130478753
2006-08-30T00:00:00Z,399.99310302734375,404.5384521484375,395.4477233886719,399.99310302734375,81857913
2006-08-31T00:00:00Z,395.4477233886719,399.99310302734375,395.4477233886719,395.4477233886719,177581567
2006-09-01T00:00:00Z,409.0838317871094,409.0838317871094,395.4477233886719,409.0838317871094,203179009
2006-09-04T00:00:00Z,415.90191650390625,415.90191650390625,406.8111572265625,415.90191650390625,220042300
2006-09-05T00:00:00Z,422.719970703125,422.719970703125,415.90191650390625,422.719970703125,369100375
2006-09-06T00:00:00Z,427.2653503417969,429.53802490234375,422.719970703125,427.2653503417969,291796540
2006-09-07T00:00:00Z,427.2653503417969,429.53802490234375,420.4472961425781,427.2653503417969,225965902
2006-09-08T00:00:00Z,427.2653503417969,427.2653503417969,420.4472961425781,427.2653503417969,92577599
2006-09-11T00:00:00Z,418.1745910644531,427.2653503417969,415.90191650390625,418.1745910644531,40871205
2006-09-12T00:00:00Z,415.90191650390625,418.1745910644531,406.8111572265625,415.90191650390625,162038298
2006-09-13T00:00:00Z,427.2653503417969,429.53802490234375,415.90191650390625,427.2653503417969,214547705
2006-09-14T00:00:00Z,424.9926452636719,429.53802490234375,424.9926452636719,424.9926452636719,74630789
2006-09-15T00:00:00Z,427.2653503417969,431.81072998046875,422.719970703125,427.2653503417969,157456719
2006-09-18T00:00:00Z,429.53802490234375,431.81072998046875,427.2653503417969,431.81072998046875,35668116
2006-09-19T00:00:00Z,445.44683837890625,452.2649230957031,429.53802490234375,445.44683837890625,331353223
2006-09-20T00:00:00Z,445.44683837890625,449.9922180175781,440.9014892578125,445.44683837890625,135115333
2006-09-21T00:00:00Z,452.2649230957031,454.53759765625,447.71954345703125,452.2649230957031,288837488
2006-09-22T00:00:00Z,452.2649230957031,461.35565185546875,449.9922180175781,452.2649230957031,350895060
2006-09-25T00:00:00Z,454.53759765625,456.810302734375,445.44683837890625,454.53759765625,60385543
2006-09-26T00:00:00Z,449.9922180175781,454.53759765625,445.44683837890625,449.9922180175781,77380836
2006-09-27T00:00:00Z,452.2649230957031,454.53759765625,447.71954345703125,452.2649230957031,64362111
2006-09-28T00:00:00Z,449.9922180175781,454.53759765625,445.44683837890625,449.9922180175781,60781549
2006-09-29T00:00:00Z,445.44683837890625,449.9922180175781,440.9014892578125,445.44683837890625,47278816
2006-10-02T00:00:00Z,445.44683837890625,445.44683837890625,443.1741638183594,445.44683837890625,14789755
2006-10-03T00:00:00Z,431.81072998046875,440.9014892578125,431.81072998046875,431.81072998046875,250842832
2006-10-04T00:00:00Z,438.6287841796875,440.9014892578125,434.0834045410156,438.6287841796875,173049488
2006-10-05T00:00:00Z,445.44683837890625,447.71954345703125,440.9014892578125,445.44683837890625,201952488
2006-10-06T00:00:00Z,445.44683837890625,449.9922180175781,443.1741638183594,445.44683837890625,85471476
2006-10-09T00:00:00Z,440.9014892578125,443.1741638183594,438.6287841796875,440.9014892578125,54758945
2006-10-10T00:00:00Z,449.9922180175781,452.2649230957031,443.1741638183594,449.9922180175781,81060400
2006-10-11T00:00:00Z,447.71954345703125,452.2649230957031,447.71954345703125,447.71954345703125,81632409
2006-10-12T00:00:00Z,447.71954345703125,452.2649230957031,445.44683837890625,447.71954345703125,76093814
2006-10-13T00:00:00Z,454.53759765625,459.0829772949219,447.71954345703125,454.53759765625,171503962
2006-10-16T00:00:00Z,445.44683837890625,449.9922180175781,440.9014892578125,445.44683837890625,44759773
2006-10-17T00:00:00Z,447.71954345703125,449.9922180175781,445.44683837890625,447.71954345703125,41107710
2006-10-18T00:00:00Z,447.71954345703125,447.71954345703125,445.44683837890625,447.71954345703125,53141917
2006-10-19T00:00:00Z,447.71954345703125,449.9922180175781,443.1741638183594,447.71954345703125,26944965
2006-10-20T00:00:00Z,447.71954345703125,447.71954345703125,440.9014892578125,443.1741638183594,95635651
2006-10-30T00:00:00Z,445.44683837890625,447.71954345703125,438.6287841796875,445.44683837890625,128828725
2006-10-31T00:00:00Z,445.44683837890625,447.71954345703125,440.9014892578125,445.44683837890625,102054262
2006-11-01T00:00:00Z,445.44683837890625,445.44683837890625,440.9014892578125,445.44683837890625,87099504
2006-11-02T00:00:00Z,459.0829772949219,463.62835693359375,445.44683837890625,459.0829772949219,239144130
2006-11-03T00:00:00Z,459.0829772949219,463.62835693359375,454.53759765625,459.0829772949219,90256558
2006-11-06T00:00:00Z,472.7191162109375,481.8098449707031,459.0829772949219,472.7191162109375,119005555
2006-11-07T00:00:00Z,481.8098449707031,486.355224609375,477.2644958496094,481.8098449707031,99106211
2006-11-08T00:00:00Z,472.7191162109375,481.8098449707031,472.7191162109375,472.7191162109375,61480061
2006-11-09T00:00:00Z,495.44598388671875,495.44598388671875,468.1737365722656,495.44598388671875,69840206
2006-11-10T00:00:00Z,481.8098449707031,495.44598388671875,477.2644958496094,481.8098449707031,45711289
2006-11-13T00:00:00Z,481.8098449707031,486.355224609375,472.7191162109375,481.8098449707031,56485975
2006-11-14T00:00:00Z,477.2644958496094,490.9006042480469,472.7191162109375,477.2644958496094,118285043
2006-11-15T00:00:00Z,481.8098449707031,486.355224609375,472.7191162109375,481.8098449707031,95102142
2006-11-16T00:00:00Z,486.355224609375,495.44598388671875,481.8098449707031,486.355224609375,47889327
2006-11-17T00:00:00Z,486.355224609375,490.9006042480469,477.2644958496094,486.355224609375,22511888
2006-11-20T00:00:00Z,495.44598388671875,499.9913635253906,486.355224609375,495.44598388671875,78491855
2006-11-21T00:00:00Z,495.44598388671875,495.44598388671875,481.8098449707031,481.8098449707031,16967793
2006-11-22T00:00:00Z,490.9006042480469,490.9006042480469,481.8098449707031,490.9006042480469,46860809
2006-11-23T00:00:00Z,495.44598388671875,499.9913635253906,481.8098449707031,495.44598388671875,44352766
2006-11-24T00:00:00Z,509.0821228027344,513.6275024414062,490.9006042480469,509.0821228027344,98743205
2006-11-27T00:00:00Z,513.6275024414062,522.71826171875,499.9913635253906,504.5367431640625,64615116
2006-11-28T00:00:00Z,481.8098449707031,499.9913635253906,481.8098449707031,481.8098449707031,66474148
2006-11-29T00:00:00Z,486.355224609375,490.9006042480469,481.8098449707031,486.355224609375,91477580
2006-11-30T00:00:00Z,486.355224609375,499.9913635253906,486.355224609375,486.355224609375,243241701
2006-12-01T00:00:00Z,486.355224609375,490.9006042480469,481.8098449707031,486.355224609375,113422959
2006-12-04T00:00:00Z,472.7191162109375,486.355224609375,468.1737365722656,472.7191162109375,184440185
2006-12-05T00:00:00Z,477.2644958496094,486.355224609375,477.2644958496094,486.355224609375,176635550
2006-12-06T00:00:00Z,486.355224609375,486.355224609375,477.2644958496094,486.355224609375,155383183
2006-12-07T00:00:00Z,486.355224609375,486.355224609375,477.2644958496094,486.355224609375,78898862
2006-12-08T00:00:00Z,472.7191162109375,481.8098449707031,468.1737365722656,472.7191162109375,118026538
2006-12-11T00:00:00Z,468.1737365722656,477.2644958496094,459.0829772949219,468.1737365722656,92324594
2006-12-12T00:00:00Z,472.7191162109375,472.7191162109375,463.62835693359375,472.7191162109375,76308318
2006-12-13T00:00:00Z,468.1737365722656,472.7191162109375,454.53759765625,468.1737365722656,174061506
2006-12-14T00:00:00Z,472.7191162109375,477.2644958496094,463.62835693359375,472.7191162109375,110381406
2006-12-15T00:00:00Z,472.7191162109375,477.2644958496094,472.7191162109375,477.2644958496094,135665343
2006-12-18T00:00:00Z,477.2644958496094,477.2644958496094,472.7191162109375,477.2644958496094,64928621
2006-12-19T00:00:00Z,463.62835693359375,477.2644958496094,449.9922180175781,463.62835693359375,336875318
2006-12-20T00:00:00Z,459.0829772949219,472.7191162109375,459.0829772949219,459.0829772949219,174479513
2006-12-21T00:00:00Z,468.1737365722656,468.1737365722656,459.0829772949219,468.1737365722656,148717068
2006-12-22T00:00:00Z,477.2644958496094,477.2644958496094,463.62835693359375,477.2644958496094,101658255
2006-12-26T00:00:00Z,472.7191162109375,477.2644958496094,468.1737365722656,472.7191162109375,19233832
2006-12-27T00:00:00Z,472.7191162109375,477.2644958496094,468.1737365722656,477.2644958496094,60358042
2006-12-28T00:00:00Z,477.2644958496094,481.8098449707031,468.1737365722656,468.1737365722656,88177523
2007-01-02T00:00:00Z,477.2644958496094,481.8098449707031,472.7191162109375,477.2644958496094,38654667
2007-01-03T00:00:00Z,477.2644958496094,477.2644958496094,468.1737365722656,477.2644958496094,131034263
2007-01-04T00:00:00Z,477.2644958496094,481.8098449707031,472.7191162109375,477.2644958496094,219327288
2007-01-05T00:00:00Z,490.9006042480469,490.9006042480469,472.7191162109375,490.9006042480469,96070159
2007-01-08T00:00:00Z,481.8098449707031,486.355224609375,477.2644958496094,481.8098449707031,64065106
2007-01-09T00:00:00Z,472.7191162109375,486.355224609375,468.1737365722656,472.7191162109375,102994778
2007-01-10T00:00:00Z,468.1737365722656,468.1737365722656,449.9922180175781,459.0829772949219,222841849
2007-01-11T00:00:00Z,449.9922180175781,459.0829772949219,445.44683837890625,449.9922180175781,96955674
2007-01-12T00:00:00Z,452.2649230957031,454.53759765625,409.0838317871094,452.2649230957031,282446378
2007-01-15T00:00:00Z,456.810302734375,463.62835693359375,454.53759765625,456.810302734375,304892266
2007-01-16T00:00:00Z,454.53759765625,463.62835693359375,454.53759765625,454.53759765625,96598168
2007-01-17T00:00:00Z,459.0829772949219,463.62835693359375,449.9922180175781,459.0829772949219,110936916
2007-01-18T00:00:00Z,454.53759765625,468.1737365722656,454.53759765625,454.53759765625,129648239
2007-01-19T00:00:00Z,472.7191162109375,472.7191162109375,449.9922180175781,472.7191162109375,76819826
2007-01-22T00:00:00Z,495.44598388671875,495.44598388671875,468.1737365722656,495.44598388671875,297571639
2007-01-23T00:00:00Z,486.355224609375,490.9006042480469,477.2644958496094,486.355224609375,89035537
2007-01-24T00:00:00Z,490.9006042480469,490.9006042480469,477.2644958496094,490.9006042480469,169947435
2007-01-25T00:00:00Z,486.355224609375,490.9006042480469,481.8098449707031,486.355224609375,154167662
2007-01-26T00:00:00Z,477.2644958496094,481.8098449707031,463.62835693359375,477.2644958496094,137458374
2007-01-29T00:00:00Z,477.2644958496094,477.2644958496094,472.7191162109375,477.2644958496094,115490994
2007-01-30T00:00:00Z,486.355224609375,486.355224609375,477.2644958496094,486.355224609375,73970777
2007-01-31T00:00:00Z,481.8098449707031,486.355224609375,477.2644958496094,481.8098449707031,141951951
2007-02-01T00:00:00Z,472.7191162109375,481.8098449707031,463.62835693359375,472.7191162109375,144019987
2007-02-05T00:00:00Z,468.1737365722656,472.7191162109375,463.62835693359375,468.1737365722656,64972622
2007-02-06T00:00:00Z,459.0829772949219,468.1737365722656,459.0829772949219,459.0829772949219,54962449
2007-02-07T00:00:00Z,454.53759765625,472.7191162109375,449.9922180175781,454.53759765625,232879522
2007-02-08T00:00:00Z,454.53759765625,454.53759765625,445.44683837890625,454.53759765625,165305355
2007-02-09T00:00:00Z,436.3561096191406,449.9922180175781,427.2653503417969,436.3561096191406,341407396
2007-02-12T00:00:00Z,438.6287841796875,438.6287841796875,431.81072998046875,438.6287841796875,198481928
2007-02-13T00:00:00Z,436.3561096191406,440.9014892578125,431.81072998046875,436.3561096191406,160971280
2007-02-14T00:00:00Z,438.6287841796875,447.71954345703125,438.6287841796875,443.1741638183594,207480083
2007-02-15T00:00:00Z,459.0829772949219,461.35565185546875,445.44683837890625,459.0829772949219,381530589
2007-02-16T00:00:00Z,449.9922180175781,459.0829772949219,449.9922180175781,449.9922180175781,403921476
2007-02-19T00:00:00Z,454.53759765625,454.53759765625,449.9922180175781,454.53759765625,12380713
2007-02-20T00:00:00Z,454.53759765625,454.53759765625,449.9922180175781,454.53759765625,57222988
2007-02-21T00:00:00Z,454.53759765625,459.0829772949219,449.9922180175781,454.53759765625,25217935
2007-02-22T00:00:00Z,440.9014892578125,454.53759765625,440.9014892578125,440.9014892578125,127899209
2007-02-23T00:00:00Z,429.53802490234375,440.9014892578125,427.2653503417969,429.53802490234375,281373860
2007-02-26T00:00:00Z,434.0834045410156,436.3561096191406,422.719970703125,434.0834045410156,137238370
2007-02-27T00:00:00Z,434.0834045410156,443.1741638183594,431.81072998046875,434.0834045410156,297500138
2007-02-28T00:00:00Z,409.0838317871094,431.81072998046875,399.99310302734375,431.81072998046875,188983264
2007-03-01T00:00:00Z,438.6287841796875,443.1741638183594,427.2653503417969,438.6287841796875,175546532
2007-03-02T00:00:00Z,443.1741638183594,445.44683837890625,436.3561096191406,443.1741638183594,167268889
2007-03-05T00:00:00Z,434.0834045410156,440.9014892578125,429.53802490234375,434.0834045410156,199130939
2007-03-06T00:00:00Z,440.9014892578125,440.9014892578125,434.0834045410156,440.9014892578125,95184644
2007-03-07T00:00:00Z,452.2649230957031,454.53759765625,443.1741638183594,452.2649230957031,258988473
2007-03-08T00:00:00Z,454.53759765625,456.810302734375,449.9922180175781,454.53759765625,146357527
2007-03-09T00:00:00Z,454.53759765625,459.0829772949219,449.9922180175781,454.53759765625,54060433
2007-03-12T00:00:00Z,463.62835693359375,468.1737365722656,454.53759765625,463.62835693359375,134449822
2007-03-13T00:00:00Z,449.9922180175781,463.62835693359375,449.9922180175781,449.9922180175781,108890880
2007-03-14T00:00:00Z,443.1741638183594,447.71954345703125,440.9014892578125,443.1741638183594,159761259
2007-03-15T00:00:00Z,447.71954345703125,449.9922180175781,445.44683837890625,447.71954345703125,48010329
2007-03-16T00:00:00Z,449.9922180175781,454.53759765625,445.44683837890625,449.9922180175781,78546856
2007-03-20T00:00:00Z,447.71954345703125,454.53759765625,443.1741638183594,447.71954345703125,61958570
2007-03-21T00:00:00Z,452.2649230957031,452.2649230957031,445.44683837890625,452.2649230957031,67095658
2007-03-22T00:00:00Z,456.810302734375,461.35565185546875,454.53759765625,456.810302734375,194505359
2007-03-23T00:00:00Z,445.44683837890625,459.0829772949219,445.44683837890625,445.44683837890625,56749980
2007-03-26T00:00:00Z,454.53759765625,456.810302734375,452.2649230957031,454.53759765625,71116228
2007-03-27T00:00:00Z,454.53759765625,459.0829772949219,445.44683837890625,454.53759765625,128355717
2007-03-28T00:00:00Z,454.53759765625,459.0829772949219,445.44683837890625,454.53759765625,65726135
2007-03-29T00:00:00Z,459.0829772949219,463.62835693359375,449.9922180175781,459.0829772949219,178247078
2007-03-30T00:00:00Z,459.0829772949219,468.1737365722656,459.0829772949219,459.0829772949219,198894435
2007-04-02T00:00:00Z,472.7191162109375,481.8098449707031,459.0829772949219,472.7191162109375,598168331
2007-04-03T00:00:00Z,490.9006042480469,499.9913635253906,477.2644958496094,490.9006042480469,656062331
2007-04-04T00:00:00Z,504.5367431640625,513.6275024414062,499.9913635253906,504.5367431640625,310194357
2007-04-05T00:00:00Z,481.8098449707031,504.5367431640625,481.8098449707031,481.8098449707031,185606205
2007-04-09T00:00:00Z,499.9913635253906,499.9913635253906,486.355224609375,499.9913635253906,76704324
2007-04-10T00:00:00Z,513.6275024414062,513.6275024414062,495.44598388671875,513.6275024414062,127981710
2007-04-11T00:00:00Z,499.9913635253906,513.6275024414062,495.44598388671875,499.9913635253906,70720221
2007-04-12T00:00:00Z,490.9006042480469,495.44598388671875,486.355224609375,490.9006042480469,75279800
2007-04-13T00:00:00Z,486.355224609375,495.44598388671875,486.355224609375,486.355224609375,121095591
2007-04-16T00:00:00Z,495.44598388671875,499.9913635253906,486.355224609375,495.44598388671875,138871898
2007-04-17T00:00:00Z,495.44598388671875,499.9913635253906,490.9006042480469,495.44598388671875,36927637
2007-04-18T00:00:00Z,486.355224609375,504.5367431640625,486.355224609375,486.355224609375,70274713
2007-04-19T00:00:00Z,477.2644958496094,490.9006042480469,472.7191162109375,477.2644958496094,110040400
2007-04-20T00:00:00Z,486.355224609375,495.44598388671875,481.8098449707031,490.9006042480469,68140676
2007-04-23T00:00:00Z,499.9913635253906,504.5367431640625,495.44598388671875,499.9913635253906,119385062
2007-04-24T00:00:00Z,481.8098449707031,499.9913635253906,481.8098449707031,481.8098449707031,90944070
2007-04-25T00:00:00Z,495.44598388671875,495.44598388671875,481.8098449707031,495.44598388671875,47949828
2007-04-26T00:00:00Z,499.9913635253906,504.5367431640625,495.44598388671875,499.9913635253906,91466579
2007-04-27T00:00:00Z,490.9006042480469,499.9913635253906,481.8098449707031,490.9006042480469,107895363
2007-04-30T00:00:00Z,477.2644958496094,486.355224609375,472.7191162109375,477.2644958496094,131666774
2007-05-01T00:00:00Z,481.8098449707031,481.8098449707031,472.7191162109375,481.8098449707031,29491509
2007-05-02T00:00:00Z,481.8098449707031,481.8098449707031,472.7191162109375,481.8098449707031,140131420
2007-05-03T00:00:00Z,477.2644958496094,490.9006042480469,477.2644958496094,477.2644958496094,116206007
2007-05-04T00:00:00Z,481.8098449707031,486.355224609375,477.2644958496094,486.355224609375,52234402
2007-05-07T00:00:00Z,481.8098449707031,486.355224609375,477.2644958496094,481.8098449707031,44226263
2007-05-08T00:00:00Z,486.355224609375,490.9006042480469,481.8098449707031,486.355224609375,161697292
2007-05-09T00:00:00Z,495.44598388671875,504.5367431640625,481.8098449707031,495.44598388671875,183499669
2007-05-10T00:00:00Z,518.1728515625,522.71826171875,499.9913635253906,518.1728515625,436240034
2007-05-11T00:00:00Z,518.1728515625,522.71826171875,499.9913635253906,518.1728515625,122124109
2007-05-14T00:00:00Z,522.71826171875,527.2636108398438,518.1728515625,522.71826171875,101416251
2007-05-15T00:00:00Z,527.2636108398438,527.2636108398438,513.6275024414062,527.2636108398438,158061730
2007-05-16T00:00:00Z,545.4451293945312,554.535888671875,522.71826171875,545.4451293945312,135241835
2007-05-21T00:00:00Z,572.7174072265625,572.7174072265625,545.4451293945312,572.7174072265625,246701261
2007-05-22T00:00:00Z,559.0812377929688,572.7174072265625,545.4451293945312,559.0812377929688,208206096
2007-05-23T00:00:00Z,572.7174072265625,572.7174072265625,559.0812377929688,572.7174072265625,107416855
2007-05-24T00:00:00Z,563.6266479492188,568.1719970703125,559.0812377929688,563.6266479492188,119363061
2007-05-25T00:00:00Z,545.4451293945312,549.990478515625,531.8090209960938,545.4451293945312,97076676
2007-05-28T00:00:00Z,554.535888671875,554.535888671875,545.4451293945312,554.535888671875,58207505
2007-05-29T00:00:00Z,545.4451293945312,554.535888671875,545.4451293945312,545.4451293945312,38264160
2007-05-30T00:00:00Z,540.8997192382812,549.990478515625,540.8997192382812,540.8997192382812,40145193
2007-05-31T00:00:00Z,549.990478515625,554.535888671875,540.8997192382812,554.535888671875,49110348
2007-06-04T00:00:00Z,568.1719970703125,568.1719970703125,559.0812377929688,568.1719970703125,226218907
2007-06-05T00:00:00Z,572.7174072265625,590.8988647460938,572.7174072265625,572.7174072265625,169457926
2007-06-06T00:00:00Z,563.6266479492188,572.7174072265625,559.0812377929688,563.6266479492188,160850278
2007-06-07T00:00:00Z,559.0812377929688,563.6266479492188,549.990478515625,559.0812377929688,47196315
2007-06-08T00:00:00Z,531.8090209960938,545.4451293945312,527.2636108398438,531.8090209960938,191282303
2007-06-11T00:00:00Z,540.8997192382812,545.4451293945312,536.3543701171875,540.8997192382812,181431633
2007-06-12T00:00:00Z,554.535888671875,554.535888671875,540.8997192382812,554.535888671875,308835834
2007-06-13T00:00:00Z,549.990478515625,554.535888671875,540.8997192382812,549.990478515625,267046112
2007-06-14T00:00:00Z,531.8090209960938,549.990478515625,531.8090209960938,531.8090209960938,180865123
2007-06-15T00:00:00Z,527.2636108398438,540.8997192382812,522.71826171875,527.2636108398438,135329837
2007-06-18T00:00:00Z,540.8997192382812,540.8997192382812,518.1728515625,540.8997192382812,120375079
2007-06-19T00:00:00Z,536.3543701171875,545.4451293945312,536.3543701171875,545.4451293945312,73981777
2007-06-20T00:00:00Z,540.8997192382812,545.4451293945312,536.3543701171875,540.8997192382812,59203022
2007-06-21T00:00:00Z,536.3543701171875,536.3543701171875,527.2636108398438,536.3543701171875,129945244
2007-06-22T00:00:00Z,531.8090209960938,536.3543701171875,522.71826171875,531.8090209960938,95041641
2007-06-25T00:00:00Z,522.71826171875,527.2636108398438,518.1728515625,522.71826171875,61007053
2007-06-26T00:00:00Z,522.71826171875,522.71826171875,518.1728515625,522.71826171875,137892881
2007-06-27T00:00:00Z,522.71826171875,522.71826171875,509.0821228027344,522.71826171875,103308284
2007-06-28T00:00:00Z,518.1728515625,527.2636108398438,513.6275024414062,518.1728515625,38022156
2007-06-29T00:00:00Z,518.1728515625,531.8090209960938,513.6275024414062,522.71826171875,197370909
2007-07-02T00:00:00Z,540.8997192382812,540.8997192382812,518.1728515625,540.8997192382812,171399460
2007-07-03T00:00:00Z,549.990478515625,554.535888671875,540.8997192382812,549.990478515625,194620861
2007-07-04T00:00:00Z,545.4451293945312,554.535888671875,540.8997192382812,545.4451293945312,54010932
2007-07-05T00:00:00Z,559.0812377929688,559.0812377929688,540.8997192382812,559.0812377929688,132161782
2007-07-06T00:00:00Z,554.535888671875,563.6266479492188,554.535888671875,554.535888671875,70467217
2007-07-09T00:00:00Z,581.80810546875,586.353515625,554.535888671875,581.80810546875,236520585
2007-07-10T00:00:00Z,590.8988647460938,599.9896240234375,581.80810546875,590.8988647460938,154943176
2007-07-11T00:00:00Z,577.2627563476562,586.353515625,572.7174072265625,577.2627563476562,76511821
2007-07-12T00:00:00Z,581.80810546875,590.8988647460938,581.80810546875,581.80810546875,57206488
2007-07-13T00:00:00Z,572.7174072265625,590.8988647460938,572.7174072265625,572.7174072265625,98270197
2007-07-16T00:00:00Z,581.80810546875,590.8988647460938,572.7174072265625,581.80810546875,88144522
2007-07-17T00:00:00Z,568.1719970703125,581.80810546875,563.6266479492188,568.1719970703125,152121627
2007-07-18T00:00:00Z,577.2627563476562,577.2627563476562,568.1719970703125,577.2627563476562,84283455
2007-07-19T00:00:00Z,572.7174072265625,581.80810546875,568.1719970703125,572.7174072265625,182839658
2007-07-20T00:00:00Z,581.80810546875,590.8988647460938,572.7174072265625,581.80810546875,132794293
2007-07-23T00:00:00Z,572.7174072265625,595.4442749023438,572.7174072265625,590.8988647460938,233391031
2007-07-24T00:00:00Z,590.8988647460938,613.6257934570312,586.353515625,613.6257934570312,176833554
2007-07-25T00:00:00Z,604.5350341796875,604.5350341796875,595.4442749023438,599.9896240234375,159277251
2007-07-26T00:00:00Z,595.4442749023438,595.4442749023438,568.1719970703125,572.7174072265625,264807573
2007-07-27T00:00:00Z,554.535888671875,559.0812377929688,545.4451293945312,554.535888671875,305271772
2007-07-30T00:00:00Z,549.990478515625,554.535888671875,536.3543701171875,540.8997192382812,385886665
2007-07-31T00:00:00Z,549.990478515625,572.7174072265625,549.990478515625,572.7174072265625,223776865
2007-08-01T00:00:00Z,549.990478515625,559.0812377929688,540.8997192382812,549.990478515625,167439392
2007-08-02T00:00:00Z,554.535888671875,563.6266479492188,540.8997192382812,554.535888671875,115446994
2007-08-03T00:00:00Z,559.0812377929688,568.1719970703125,554.535888671875,559.0812377929688,142479960
2007-08-06T00:00:00Z,549.990478515625,554.535888671875,536.3543701171875,549.990478515625,191315304
2007-08-07T00:00:00Z,554.535888671875,581.80810546875,549.990478515625,554.535888671875,238352116
2007-08-08T00:00:00Z,559.0812377929688,577.2627563476562,559.0812377929688,572.7174072265625,150306596
2007-08-09T00:00:00Z,554.535888671875,577.2627563476562,549.990478515625,554.535888671875,126540685
2007-08-10T00:00:00Z,545.4451293945312,545.4451293945312,536.3543701171875,545.4451293945312,145433511
2007-08-14T00:00:00Z,527.2636108398438,540.8997192382812,522.71826171875,527.2636108398438,174969022
2007-08-15T00:00:00Z,499.9913635253906,518.1728515625,495.44598388671875,499.9913635253906,170557945
2007-08-16T00:00:00Z,481.8098449707031,486.355224609375,463.62835693359375,481.8098449707031,454929357
2007-08-20T00:00:00Z,504.5367431640625,509.0821228027344,495.44598388671875,504.5367431640625,561499198
2007-08-21T00:00:00Z,495.44598388671875,513.6275024414062,495.44598388671875,495.44598388671875,149212077
2007-08-22T00:00:00Z,513.6275024414062,522.71826171875,499.9913635253906,513.6275024414062,105106815
2007-08-23T00:00:00Z,536.3543701171875,545.4451293945312,518.1728515625,536.3543701171875,223974868
2007-08-24T00:00:00Z,540.8997192382812,540.8997192382812,522.71826171875,540.8997192382812,111079918
2007-08-27T00:00:00Z,554.535888671875,559.0812377929688,549.990478515625,554.535888671875,222605344
2007-08-28T00:00:00Z,554.535888671875,559.0812377929688,545.4451293945312,554.535888671875,172691982
2007-08-29T00:00:00Z,545.4451293945312,545.4451293945312,531.8090209960938,545.4451293945312,112674946
2007-08-30T00:00:00Z,545.4451293945312,554.535888671875,536.3543701171875,545.4451293945312,120468580
2007-08-31T00:00:00Z,568.1719970703125,568.1719970703125,545.4451293945312,568.1719970703125,251904351
2007-09-03T00:00:00Z,572.7174072265625,577.2627563476562,559.0812377929688,572.7174072265625,240189148
2007-09-04T00:00:00Z,572.7174072265625,577.2627563476562,572.7174072265625,572.7174072265625,101619755
2007-09-05T00:00:00Z,568.1719970703125,577.2627563476562,563.6266479492188,568.1719970703125,60160039
2007-09-06T00:00:00Z,559.0812377929688,568.1719970703125,559.0812377929688,559.0812377929688,183714173
2007-09-07T00:00:00Z,572.7174072265625,572.7174072265625,563.6266479492188,572.7174072265625,48252333
2007-09-10T00:00:00Z,563.6266479492188,563.6266479492188,554.535888671875,559.0812377929688,169116921
2007-09-11T00:00:00Z,563.6266479492188,563.6266479492188,554.535888671875,563.6266479492188,15246263
2007-09-12T00:00:00Z,572.7174072265625,581.80810546875,559.0812377929688,572.7174072265625,183059661
2007-09-13T00:00:00Z,568.1719970703125,572.7174072265625,568.1719970703125,568.1719970703125,66177143
2007-09-14T00:00:00Z,568.1719970703125,572.7174072265625,563.6266479492188,568.1719970703125,99348215
2007-09-17T00:00:00Z,563.6266479492188,572.7174072265625,563.6266479492188,563.6266479492188,61573563
2007-09-18T00:00:00Z,563.6266479492188,568.1719970703125,554.535888671875,563.6266479492188,49308351
2007-09-19T00:00:00Z,581.80810546875,586.353515625,577.2627563476562,581.80810546875,160333269
2007-09-20T00:00:00Z,595.4442749023438,595.4442749023438,586.353515625,595.4442749023438,140615428
2007-09-21T00:00:00Z,595.4442749023438,595.4442749023438,581.80810546875,595.4442749023438,64807619
2007-09-24T00:00:00Z,595.4442749023438,622.7164916992188,595.4442749023438,618.171142578125,199240941
2007-09-25T00:00:00Z,613.6257934570312,618.171142578125,604.5350341796875,613.6257934570312,71952242
2007-09-26T00:00:00Z,636.3526611328125,636.3526611328125,613.6257934570312,636.3526611328125,67926173
2007-09-27T00:00:00Z,627.2619018554688,640.8980102539062,618.171142578125,627.2619018554688,111998434
2007-09-28T00:00:00Z,599.9896240234375,627.2619018554688,599.9896240234375,599.9896240234375,72947759
2007-10-01T00:00:00Z,627.2619018554688,627.2619018554688,599.9896240234375,627.2619018554688,53675427
2007-10-02T00:00:00Z,654.5341186523438,668.1702880859375,631.8072509765625,654.5341186523438,118208041
2007-10-03T00:00:00Z,677.2610473632812,686.351806640625,649.98876953125,677.2610473632812,150312096
2007-10-04T00:00:00Z,668.1702880859375,686.351806640625,663.6248779296875,668.1702880859375,54665444
2007-10-05T00:00:00Z,677.2610473632812,681.806396484375,672.7156372070312,677.2610473632812,48549338
2007-10-08T00:00:00Z,699.9879150390625,699.9879150390625,677.2610473632812,699.9879150390625,71215230
2007-10-09T00:00:00Z,713.6240234375,713.6240234375,695.4425048828125,713.6240234375,61947569
2007-10-10T00:00:00Z,713.6240234375,722.7147827148438,699.9879150390625,713.6240234375,162566307
2007-10-11T00:00:00Z,713.6240234375,727.2601928710938,704.5332641601562,713.6240234375,113521960
2007-10-17T00:00:00Z,704.5332641601562,704.5332641601562,681.806396484375,695.4425048828125,156142196
2007-10-18T00:00:00Z,695.4425048828125,695.4425048828125,649.98876953125,654.5341186523438,166592377
2007-10-19T00:00:00Z,654.5341186523438,654.5341186523438,622.7164916992188,636.3526611328125,164667344
2007-10-22T00:00:00Z,609.0803833007812,627.2619018554688,599.9896240234375,613.6257934570312,113796965
2007-10-23T00:00:00Z,618.171142578125,663.6248779296875,618.171142578125,631.8072509765625,190402288
2007-10-24T00:00:00Z,645.4434204101562,672.7156372070312,636.3526611328125,645.4434204101562,200560964
2007-10-25T00:00:00Z,654.5341186523438,681.806396484375,649.98876953125,668.1702880859375,188785260
2007-10-26T00:00:00Z,672.7156372070312,699.9879150390625,672.7156372070312,690.8971557617188,179765104
2007-10-29T00:00:00Z,695.4425048828125,699.9879150390625,690.8971557617188,695.4425048828125,149525582
2007-10-30T00:00:00Z,695.4425048828125,736.3508911132812,690.8971557617188,718.16943359375,278689813
2007-10-31T00:00:00Z,704.5332641601562,713.6240234375,690.8971557617188,704.5332641601562,127508702
2007-11-01T00:00:00Z,722.7147827148438,790.8954467773438,718.16943359375,749.987060546875,252107854
2007-11-02T00:00:00Z,736.3508911132812,759.0778198242188,727.2601928710938,754.5324096679688,101058745
2007-11-05T00:00:00Z,754.5324096679688,754.5324096679688,722.7147827148438,736.3508911132812,117548030
2007-11-06T00:00:00Z,740.8963012695312,740.8963012695312,718.16943359375,727.2601928710938,96466166
2007-11-07T00:00:00Z,736.3508911132812,759.0778198242188,736.3508911132812,749.987060546875,173858002
2007-11-08T00:00:00Z,727.2601928710938,736.3508911132812,713.6240234375,722.7147827148438,65126624
2007-11-09T00:00:00Z,713.6240234375,727.2601928710938,709.0786743164062,718.16943359375,79069365
2007-11-12T00:00:00Z,704.5332641601562,704.5332641601562,686.351806640625,695.4425048828125,135681843
2007-11-13T00:00:00Z,695.4425048828125,731.8055419921875,690.8971557617188,709.0786743164062,234430549
2007-11-14T00:00:00Z,727.2601928710938,749.987060546875,722.7147827148438,740.8963012695312,223028852
2007-11-15T00:00:00Z,745.441650390625,745.441650390625,713.6240234375,722.7147827148438,155581187
2007-11-16T00:00:00Z,709.0786743164062,709.0786743164062,690.8971557617188,704.5332641601562,78557856
2007-11-19T00:00:00Z,704.5332641601562,727.2601928710938,704.5332641601562,713.6240234375,85058969
2007-11-21T00:00:00Z,690.8971557617188,690.8971557617188,654.5341186523438,654.5341186523438,192827830
2007-11-22T00:00:00Z,649.98876953125,659.0795288085938,640.8980102539062,659.0795288085938,167653895
2007-11-23T00:00:00Z,668.1702880859375,672.7156372070312,649.98876953125,654.5341186523438,129516237
2007-11-26T00:00:00Z,659.0795288085938,663.6248779296875,649.98876953125,659.0795288085938,249484309
2007-11-27T00:00:00Z,645.4434204101562,659.0795288085938,645.4434204101562,659.0795288085938,95921656
2007-11-28T00:00:00Z,659.0795288085938,681.806396484375,654.5341186523438,668.1702880859375,216742243
2007-11-29T00:00:00Z,690.8971557617188,704.5332641601562,686.351806640625,690.8971557617188,182113645
2007-11-30T00:00:00Z,695.4425048828125,722.7147827148438,695.4425048828125,709.0786743164062,203696018
2007-12-03T00:00:00Z,713.6240234375,727.2601928710938,713.6240234375,722.7147827148438,92071590
2007-12-04T00:00:00Z,722.7147827148438,727.2601928710938,709.0786743164062,727.2601928710938,61727566
2007-12-05T00:00:00Z,727.2601928710938,727.2601928710938,704.5332641601562,718.16943359375,68509183
2007-12-06T00:00:00Z,727.2601928710938,727.2601928710938,713.6240234375,722.7147827148438,144234491
2007-12-07T00:00:00Z,727.2601928710938,727.2601928710938,709.0786743164062,709.0786743164062,82506925
2007-12-10T00:00:00Z,709.0786743164062,722.7147827148438,709.0786743164062,722.7147827148438,78926363
2007-12-11T00:00:00Z,727.2601928710938,727.2601928710938,718.16943359375,722.7147827148438,124533150
2007-12-12T00:00:00Z,718.16943359375,727.2601928710938,718.16943359375,722.7147827148438,99584720
2007-12-13T00:00:00Z,718.16943359375,722.7147827148438,713.6240234375,718.16943359375,54153935
2007-12-14T00:00:00Z,709.0786743164062,713.6240234375,704.5332641601562,709.0786743164062,45397784
2007-12-17T00:00:00Z,709.0786743164062,709.0786743164062,681.806396484375,686.351806640625,61243557
2007-12-18T00:00:00Z,672.7156372070312,681.806396484375,659.0795288085938,659.0795288085938,251992352
2007-12-19T00:00:00Z,659.0795288085938,672.7156372070312,659.0795288085938,659.0795288085938,153276647
2007-12-26T00:00:00Z,668.1702880859375,668.1702880859375,659.0795288085938,668.1702880859375,130165248
2007-12-27T00:00:00Z,668.1702880859375,677.2610473632812,663.6248779296875,672.7156372070312,212496170
2007-12-28T00:00:00Z,672.7156372070312,672.7156372070312,668.1702880859375,672.7156372070312,108753378
2008-01-02T00:00:00Z,668.1702880859375,672.7156372070312,663.6248779296875,668.1702880859375,49242350
2008-01-03T00:00:00Z,668.1702880859375,668.1702880859375,645.4434204101562,654.5341186523438,113235955
2008-01-04T00:00:00Z,654.5341186523438,686.351806640625,649.98876953125,681.806396484375,158039729
2008-01-07T00:00:00Z,668.1702880859375,681.806396484375,663.6248779296875,677.2610473632812,70071210
2008-01-08T00:00:00Z,681.806396484375,686.351806640625,677.2610473632812,681.806396484375,92649100
2008-01-09T00:00:00Z,686.351806640625,709.0786743164062,686.351806640625,709.0786743164062,176019540
2008-01-14T00:00:00Z,709.0786743164062,709.0786743164062,695.4425048828125,699.9879150390625,172273975
2008-01-15T00:00:00Z,699.9879150390625,704.5332641601562,659.0795288085938,686.351806640625,150614601
2008-01-16T00:00:00Z,654.5341186523438,668.1702880859375,640.8980102539062,663.6248779296875,116662515
2008-01-17T00:00:00Z,663.6248779296875,668.1702880859375,654.5341186523438,659.0795288085938,109446390
2008-01-18T00:00:00Z,640.8980102539062,649.98876953125,622.7164916992188,645.4434204101562,154316165
2008-01-21T00:00:00Z,636.3526611328125,640.8980102539062,609.0803833007812,613.6257934570312,83870948
2008-01-22T00:00:00Z,590.8988647460938,590.8988647460938,554.535888671875,572.7174072265625,202904004
2008-01-23T00:00:00Z,604.5350341796875,618.171142578125,581.80810546875,590.8988647460938,254984404
2008-01-24T00:00:00Z,590.8988647460938,627.2619018554688,590.8988647460938,609.0803833007812,290185012
2008-01-25T00:00:00Z,618.171142578125,640.8980102539062,618.171142578125,636.3526611328125,254626898
2008-01-28T00:00:00Z,627.2619018554688,627.2619018554688,604.5350341796875,613.6257934570312,68921690
2008-01-29T00:00:00Z,622.7164916992188,631.8072509765625,609.0803833007812,618.171142578125,196518394
2008-01-30T00:00:00Z,627.2619018554688,631.8072509765625,609.0803833007812,622.7164916992188,45205280
2008-01-31T00:00:00Z,622.7164916992188,649.98876953125,622.7164916992188,636.3526611328125,286120441
2008-02-01T00:00:00Z,636.3526611328125,645.4434204101562,613.6257934570312,627.2619018554688,130621756
2008-02-04T00:00:00Z,636.3526611328125,659.0795288085938,636.3526611328125,654.5341186523438,141440443
2008-02-05T00:00:00Z,645.4434204101562,663.6248779296875,636.3526611328125,640.8980102539062,166795880
2008-02-11T00:00:00Z,613.6257934570312,618.171142578125,609.0803833007812,613.6257934570312,107202351
2008-02-12T00:00:00Z,618.171142578125,622.7164916992188,609.0803833007812,613.6257934570312,72491252
2008-02-13T00:00:00Z,618.171142578125,622.7164916992188,604.5350341796875,609.0803833007812,60369042
2008-02-14T00:00:00Z,622.7164916992188,627.2619018554688,618.171142578125,627.2619018554688,78018847
2008-02-15T00:00:00Z,609.0803833007812,649.98876953125,609.0803833007812,649.98876953125,84107452
2008-02-18T00:00:00Z,654.5341186523438,654.5341186523438,631.8072509765625,636.3526611328125,62250075
2008-02-19T00:00:00Z,645.4434204101562,668.1702880859375,640.8980102539062,663.6248779296875,187030730
2008-02-20T00:00:00Z,659.0795288085938,663.6248779296875,649.98876953125,659.0795288085938,105530322
2008-02-21T00:00:00Z,668.1702880859375,677.2610473632812,659.0795288085938,672.7156372070312,132607290
2008-02-22T00:00:00Z,668.1702880859375,686.351806640625,668.1702880859375,677.2610473632812,109787396
2008-02-25T00:00:00Z,686.351806640625,690.8971557617188,677.2610473632812,681.806396484375,55638961
2008-02-26T00:00:00Z,686.351806640625,686.351806640625,659.0795288085938,668.1702880859375,56980984
2008-02-27T00:00:00Z,672.7156372070312,677.2610473632812,663.6248779296875,663.6248779296875,52910913
2008-02-28T00:00:00Z,672.7156372070312,681.806396484375,654.5341186523438,672.7156372070312,84750963
2008-02-29T00:00:00Z,663.6248779296875,663.6248779296875,645.4434204101562,654.5341186523438,96152660
2008-03-03T00:00:00Z,636.3526611328125,645.4434204101562,631.8072509765625,640.8980102539062,90971571
2008-03-04T00:00:00Z,640.8980102539062,640.8980102539062,609.0803833007812,618.171142578125,165811363
2008-03-05T00:00:00Z,609.0803833007812,627.2619018554688,609.0803833007812,627.2619018554688,88001520
2008-03-06T00:00:00Z,636.3526611328125,636.3526611328125,613.6257934570312,622.7164916992188,56287972
2008-03-10T00:00:00Z,618.171142578125,618.171142578125,568.1719970703125,572.7174072265625,284624416
2008-03-11T00:00:00Z,572.7174072265625,581.80810546875,554.535888671875,577.2627563476562,228407945
2008-03-12T00:00:00Z,599.9896240234375,599.9896240234375,581.80810546875,581.80810546875,363666281
2008-03-13T00:00:00Z,577.2627563476562,577.2627563476562,549.990478515625,554.535888671875,200769967
2008-03-14T00:00:00Z,563.6266479492188,568.1719970703125,536.3543701171875,545.4451293945312,92533598
2008-03-17T00:00:00Z,499.9913635253906,536.3543701171875,499.9913635253906,513.6275024414062,128394217
2008-03-18T00:00:00Z,518.1728515625,522.71826171875,481.8098449707031,509.0821228027344,182806657
2008-03-19T00:00:00Z,527.2636108398438,527.2636108398438,481.8098449707031,495.44598388671875,194378857
2008-03-24T00:00:00Z,495.44598388671875,504.5367431640625,477.2644958496094,486.355224609375,142298457
2008-03-25T00:00:00Z,499.9913635253906,559.0812377929688,495.44598388671875,549.990478515625,318840507
2008-03-26T00:00:00Z,554.535888671875,599.9896240234375,545.4451293945312,590.8988647460938,308038320
2008-03-27T00:00:00Z,590.8988647460938,590.8988647460938,568.1719970703125,577.2627563476562,121519098
2008-03-28T00:00:00Z,572.7174072265625,581.80810546875,568.1719970703125,577.2627563476562,130693257
2008-03-31T00:00:00Z,577.2627563476562,581.80810546875,563.6266479492188,572.7174072265625,102670273
2008-04-01T00:00:00Z,572.7174072265625,577.2627563476562,531.8090209960938,540.8997192382812,243797210
2008-04-02T00:00:00Z,554.535888671875,559.0812377929688,522.71826171875,540.8997192382812,179286596
2008-04-03T00:00:00Z,545.4451293945312,549.990478515625,499.9913635253906,513.6275024414062,226658914
2008-04-04T00:00:00Z,499.9913635253906,531.8090209960938,499.9913635253906,527.2636108398438,250639329
2008-04-07T00:00:00Z,527.2636108398438,554.535888671875,522.71826171875,545.4451293945312,143783483
2008-04-08T00:00:00Z,531.8090209960938,540.8997192382812,522.71826171875,531.8090209960938,117493029
2008-04-09T00:00:00Z,531.8090209960938,531.8090209960938,499.9913635253906,504.5367431640625,157104713
2008-04-10T00:00:00Z,495.44598388671875,518.1728515625,481.8098449707031,518.1728515625,334504777
2008-04-11T00:00:00Z,518.1728515625,559.0812377929688,518.1728515625,549.990478515625,217039248
2008-04-14T00:00:00Z,522.71826171875,540.8997192382812,522.71826171875,536.3543701171875,158864743
2008-04-15T00:00:00Z,536.3543701171875,545.4451293945312,531.8090209960938,531.8090209960938,67530166
2008-04-16T00:00:00Z,536.3543701171875,554.535888671875,536.3543701171875,545.4451293945312,61749566
2008-04-17T00:00:00Z,545.4451293945312,559.0812377929688,540.8997192382812,545.4451293945312,121607100
2008-04-18T00:00:00Z,563.6266479492188,572.7174072265625,554.535888671875,568.1719970703125,180947625
2008-04-21T00:00:00Z,577.2627563476562,581.80810546875,568.1719970703125,577.2627563476562,120518081
2008-04-22T00:00:00Z,572.7174072265625,572.7174072265625,545.4451293945312,563.6266479492188,297676141
2008-04-23T00:00:00Z,563.6266479492188,572.7174072265625,563.6266479492188,563.6266479492188,56265971
2008-04-24T00:00:00Z,572.7174072265625,572.7174072265625,536.3543701171875,540.8997192382812,69554201
2008-04-25T00:00:00Z,545.4451293945312,545.4451293945312,522.71826171875,531.8090209960938,85630979
2008-04-28T00:00:00Z,536.3543701171875,536.3543701171875,509.0821228027344,513.6275024414062,66908655
2008-04-29T00:00:00Z,522.71826171875,545.4451293945312,522.71826171875,531.8090209960938,103137781
2008-04-30T00:00:00Z,527.2636108398438,540.8997192382812,527.2636108398438,540.8997192382812,183307166
2008-05-05T00:00:00Z,613.6257934570312,631.8072509765625,599.9896240234375,627.2619018554688,273855230
2008-05-06T00:00:00Z,622.7164916992188,622.7164916992188,595.4442749023438,595.4442749023438,176195543
2008-05-07T00:00:00Z,586.353515625,586.353515625,563.6266479492188,568.1719970703125,197541412
2008-05-08T00:00:00Z,559.0812377929688,577.2627563476562,554.535888671875,568.1719970703125,147710551
2008-05-09T00:00:00Z,563.6266479492188,563.6266479492188,549.990478515625,549.990478515625,80928397
2008-05-12T00:00:00Z,549.990478515625,549.990478515625,531.8090209960938,540.8997192382812,115810000
2008-05-13T00:00:00Z,549.990478515625,581.80810546875,545.4451293945312,577.2627563476562,210945143
2008-05-14T00:00:00Z,577.2627563476562,581.80810546875,568.1719970703125,581.80810546875,95069142
2008-05-15T00:00:00Z,586.353515625,595.4442749023438,577.2627563476562,590.8988647460938,105370820
2008-05-16T00:00:00Z,595.4442749023438,599.9896240234375,577.2627563476562,581.80810546875,81296904
2008-05-21T00:00:00Z,599.9896240234375,599.9896240234375,586.353515625,586.353515625,145703016
2008-05-22T00:00:00Z,572.7174072265625,581.80810546875,559.0812377929688,568.1719970703125,182790157
2008-05-23T00:00:00Z,577.2627563476562,577.2627563476562,559.0812377929688,563.6266479492188,81538908
2008-05-26T00:00:00Z,554.535888671875,554.535888671875,545.4451293945312,545.4451293945312,36751634
2008-05-27T00:00:00Z,536.3543701171875,559.0812377929688,531.8090209960938,540.8997192382812,70137211
2008-05-28T00:00:00Z,545.4451293945312,549.990478515625,518.1728515625,549.990478515625,208283097
2008-05-29T00:00:00Z,554.535888671875,559.0812377929688,531.8090209960938,531.8090209960938,158309234
2008-05-30T00:00:00Z,536.3543701171875,549.990478515625,522.71826171875,527.2636108398438,151945624
2008-06-02T00:00:00Z,531.8090209960938,549.990478515625,527.2636108398438,540.8997192382812,137496874
2008-06-03T00:00:00Z,531.8090209960938,540.8997192382812,531.8090209960938,540.8997192382812,121464097
2008-06-04T00:00:00Z,536.3543701171875,536.3543701171875,513.6275024414062,518.1728515625,59632029
2008-06-05T00:00:00Z,518.1728515625,527.2636108398438,499.9913635253906,518.1728515625,393119290
2008-06-06T00:00:00Z,522.71826171875,527.2636108398438,495.44598388671875,499.9913635253906,479718285
2008-06-09T00:00:00Z,481.8098449707031,495.44598388671875,477.2644958496094,486.355224609375,409938580
2008-06-10T00:00:00Z,477.2644958496094,477.2644958496094,454.53759765625,463.62835693359375,723009488
2008-06-11T00:00:00Z,463.62835693359375,477.2644958496094,454.53759765625,468.1737365722656,468751096
2008-06-12T00:00:00Z,454.53759765625,472.7191162109375,454.53759765625,472.7191162109375,573489405
2008-06-13T00:00:00Z,468.1737365722656,472.7191162109375,463.62835693359375,468.1737365722656,271737693
2008-06-16T00:00:00Z,468.1737365722656,472.7191162109375,463.62835693359375,468.1737365722656,191634309
2008-06-17T00:00:00Z,463.62835693359375,468.1737365722656,454.53759765625,463.62835693359375,192937832
2008-06-18T00:00:00Z,463.62835693359375,472.7191162109375,459.0829772949219,463.62835693359375,204471531
2008-06-19T00:00:00Z,445.44683837890625,454.53759765625,440.9014892578125,445.44683837890625,127855208
2008-06-20T00:00:00Z,445.44683837890625,452.2649230957031,445.44683837890625,445.44683837890625,110733412
2008-06-23T00:00:00Z,429.53802490234375,440.9014892578125,424.9926452636719,429.53802490234375,272667209
2008-06-24T00:00:00Z,434.0834045410156,434.0834045410156,422.719970703125,434.0834045410156,206369064
2008-06-25T00:00:00Z,438.6287841796875,443.1741638183594,429.53802490234375,438.6287841796875,380249067
2008-06-26T00:00:00Z,443.1741638183594,470.4464111328125,443.1741638183594,468.1737365722656,766520739
2008-06-27T00:00:00Z,459.0829772949219,472.7191162109375,449.9922180175781,459.0829772949219,475532713
2008-06-30T00:00:00Z,463.62835693359375,477.2644958496094,459.0829772949219,463.62835693359375,253631380
2008-07-01T00:00:00Z,481.8098449707031,490.9006042480469,468.1737365722656,481.8098449707031,400153911
2008-07-02T00:00:00Z,499.9913635253906,518.1728515625,481.8098449707031,499.9913635253906,916706333
2008-07-03T00:00:00Z,490.9006042480469,499.9913635253906,477.2644958496094,490.9006042480469,292566553
2008-07-04T00:00:00Z,490.9006042480469,504.5367431640625,486.355224609375,490.9006042480469,91510580
2008-07-07T00:00:00Z,490.9006042480469,495.44598388671875,486.355224609375,490.9006042480469,32164555
2008-07-08T00:00:00Z,486.355224609375,499.9913635253906,481.8098449707031,486.355224609375,129087229
2008-07-09T00:00:00Z,509.0821228027344,518.1728515625,495.44598388671875,509.0821228027344,313736418
2008-07-10T00:00:00Z,499.9913635253906,504.5367431640625,490.9006042480469,499.9913635253906,197343408
2008-07-11T00:00:00Z,522.71826171875,527.2636108398438,504.5367431640625,522.71826171875,289761504
2008-07-14T00:00:00Z,499.9913635253906,527.2636108398438,495.44598388671875,499.9913635253906,172493979
2008-07-15T00:00:00Z,472.7191162109375,486.355224609375,463.62835693359375,472.7191162109375,275340255
2008-07-16T00:00:00Z,477.2644958496094,490.9006042480469,472.7191162109375,477.2644958496094,303511742
2008-07-17T00:00:00Z,486.355224609375,499.9913635253906,481.8098449707031,486.355224609375,337496829
2008-07-18T00:00:00Z,486.355224609375,522.71826171875,486.355224609375,518.1728515625,330363206
2008-07-21T00:00:00Z,540.8997192382812,545.4451293945312,518.1728515625,540.8997192382812,294876593
2008-07-22T00:00:00Z,527.2636108398438,545.4451293945312,527.2636108398438,527.2636108398438,97819189
2008-07-23T00:00:00Z,540.8997192382812,554.535888671875,531.8090209960938,540.8997192382812,175937038
2008-07-24T00:00:00Z,545.4451293945312,581.80810546875,545.4451293945312,581.80810546875,349806042
2008-07-25T00:00:00Z,545.4451293945312,572.7174072265625,536.3543701171875,545.4451293945312,187866744
2008-07-28T00:00:00Z,549.990478515625,559.0812377929688,549.990478515625,549.990478515625,49660357
2008-07-29T00:00:00Z,549.990478515625,554.535888671875,531.8090209960938,549.990478515625,111717929
2008-07-31T00:00:00Z,554.535888671875,563.6266479492188,545.4451293945312,554.535888671875,178577084
2008-08-01T00:00:00Z,536.3543701171875,554.535888671875,531.8090209960938,536.3543701171875,123163627
2008-08-04T00:00:00Z,536.3543701171875,545.4451293945312,518.1728515625,536.3543701171875,87935518
2008-08-05T00:00:00Z,549.990478515625,549.990478515625,531.8090209960938,549.990478515625,142012452
2008-08-06T00:00:00Z,549.990478515625,563.6266479492188,549.990478515625,549.990478515625,118917553
2008-08-07T00:00:00Z,568.1719970703125,568.1719970703125,549.990478515625,568.1719970703125,137397873
2008-08-08T00:00:00Z,549.990478515625,559.0812377929688,540.8997192382812,549.990478515625,41800722
2008-08-11T00:00:00Z,531.8090209960938,554.535888671875,531.8090209960938,531.8090209960938,98055693
2008-08-12T00:00:00Z,527.2636108398438,536.3543701171875,518.1728515625,527.2636108398438,108082366
2008-08-13T00:00:00Z,518.1728515625,554.535888671875,518.1728515625,549.990478515625,226246407
2008-08-14T00:00:00Z,545.4451293945312,549.990478515625,540.8997192382812,545.4451293945312,69202195
2008-08-15T00:00:00Z,554.535888671875,554.535888671875,540.8997192382812,554.535888671875,149745586
2008-08-19T00:00:00Z,531.8090209960938,545.4451293945312,531.8090209960938,531.8090209960938,186348718
2008-08-20T00:00:00Z,527.2636108398438,536.3543701171875,513.6275024414062,527.2636108398438,103176282
2008-08-21T00:00:00Z,527.2636108398438,531.8090209960938,522.71826171875,527.2636108398438,72623254
2008-08-22T00:00:00Z,531.8090209960938,536.3543701171875,527.2636108398438,531.8090209960938,57178987
2008-08-25T00:00:00Z,531.8090209960938,536.3543701171875,522.71826171875,531.8090209960938,72430751
2008-08-26T00:00:00Z,522.71826171875,527.2636108398438,522.71826171875,522.71826171875,54709444
2008-08-27T00:00:00Z,531.8090209960938,531.8090209960938,509.0821228027344,531.8090209960938,62783584
2008-08-28T00:00:00Z,518.1728515625,531.8090209960938,518.1728515625,518.1728515625,62772584
2008-08-29T00:00:00Z,531.8090209960938,536.3543701171875,518.1728515625,531.8090209960938,87121504
2008-09-01T00:00:00Z,540.8997192382812,545.4451293945312,522.71826171875,540.8997192382812,226372910
2008-09-02T00:00:00Z,540.8997192382812,568.1719970703125,540.8997192382812,568.1719970703125,305051768
2008-09-03T00:00:00Z,581.80810546875,586.353515625,559.0812377929688,581.80810546875,272689210
2008-09-04T00:00:00Z,572.7174072265625,581.80810546875,568.1719970703125,572.7174072265625,136605859
2008-09-05T00:00:00Z,527.2636108398438,549.990478515625,518.1728515625,527.2636108398438,420674766
2008-09-08T00:00:00Z,540.8997192382812,545.4451293945312,531.8090209960938,540.8997192382812,164117334
2008-09-09T00:00:00Z,522.71826171875,536.3543701171875,509.0821228027344,522.71826171875,176767553
2008-09-10T00:00:00Z,499.9913635253906,518.1728515625,486.355224609375,499.9913635253906,371635919
2008-09-11T00:00:00Z,490.9006042480469,504.5367431640625,481.8098449707031,490.9006042480469,241641173
2008-09-12T00:00:00Z,459.0829772949219,481.8098449707031,454.53759765625,459.0829772949219,326458138
2008-09-15T00:00:00Z,436.3561096191406,463.62835693359375,431.81072998046875,436.3561096191406,142903468
2008-09-16T00:00:00Z,431.81072998046875,477.2644958496094,415.90191650390625,468.1737365722656,271737693
2008-09-17T00:00:00Z,481.8098449707031,499.9913635253906,472.7191162109375,481.8098449707031,245001731
2008-09-18T00:00:00Z,472.7191162109375,481.8098449707031,440.9014892578125,472.7191162109375,309006337
2008-09-19T00:00:00Z,509.0821228027344,527.2636108398438,490.9006042480469,509.0821228027344,235013559
2008-09-22T00:00:00Z,536.3543701171875,540.8997192382812,522.71826171875,536.3543701171875,174188008
2008-09-23T00:00:00Z,504.5367431640625,527.2636108398438,504.5367431640625,504.5367431640625,183191664
2008-09-24T00:00:00Z,509.0821228027344,518.1728515625,495.44598388671875,509.0821228027344,131490771
2008-09-25T00:00:00Z,499.9913635253906,527.2636108398438,499.9913635253906,499.9913635253906,102961778
2008-09-26T00:00:00Z,490.9006042480469,499.9913635253906,477.2644958496094,490.9006042480469,199367443
2008-10-06T00:00:00Z,449.9922180175781,463.62835693359375,440.9014892578125,449.9922180175781,219728795
2008-10-07T00:00:00Z,436.3561096191406,454.53759765625,436.3561096191406,436.3561096191406,106943847
2008-10-08T00:00:00Z,422.719970703125,422.719970703125,388.629638671875,388.629638671875,65737135
2008-10-13T00:00:00Z,384.0842590332031,402.2657775878906,349.99395751953125,384.0842590332031,22
2008-10-14T00:00:00Z,420.4472961425781,420.4472961425781,404.5384521484375,420.4472961425781,233567034
2008-10-15T00:00:00Z,420.4472961425781,454.53759765625,384.0842590332031,388.629638671875,765877228
2008-10-16T00:00:00Z,349.99395751953125,381.81158447265625,349.99395751953125,377.2662048339844,155289682
2008-10-17T00:00:00Z,381.81158447265625,381.81158447265625,340.9031982421875,340.9031982421875,597398318
2008-10-20T00:00:00Z,349.99395751953125,370.4481506347656,309.0855712890625,349.99395751953125,475114706
2008-10-21T00:00:00Z,368.1754455566406,372.7208251953125,354.5393371582031,368.1754455566406,267772125
2008-10-22T00:00:00Z,354.5393371582031,390.90234375,334.08514404296875,354.5393371582031,281764366
2008-10-23T00:00:00Z,329.5397644042969,336.3578186035156,322.7217102050781,329.5397644042969,329301687
2008-10-24T00:00:00Z,329.5397644042969,329.5397644042969,297.7221374511719,297.7221374511719,233913540
2008-10-27T00:00:00Z,268.17718505859375,270.4498596191406,268.17718505859375,268.17718505859375,156598704
2008-10-28T00:00:00Z,243.1776123046875,249.9956817626953,243.1776123046875,243.1776123046875,379913562
2008-10-29T00:00:00Z,254.5410614013672,265.9045104980469,227.268798828125,240.90492248535156,537051276
2008-10-30T00:00:00Z,263.6318054199219,263.6318054199219,249.9956817626953,263.6318054199219,108351871
2008-10-31T00:00:00Z,268.17718505859375,315.90362548828125,268.17718505859375,313.6309509277344,387784197
2008-11-03T00:00:00Z,318.17633056640625,374.9935302734375,318.17633056640625,352.2666320800781,373654453
2008-11-04T00:00:00Z,349.99395751953125,349.99395751953125,318.17633056640625,322.7217102050781,761174647
2008-11-05T00:00:00Z,336.3578186035156,368.1754455566406,322.7217102050781,336.3578186035156,727321562
2008-11-06T00:00:00Z,318.17633056640625,329.5397644042969,306.8128967285156,318.17633056640625,314440431
2008-11-07T00:00:00Z,299.99481201171875,322.7217102050781,297.7221374511719,320.4490051269531,539537319
2008-11-10T00:00:00Z,334.08514404296875,340.9031982421875,320.4490051269531,334.08514404296875,256749934
2008-11-11T00:00:00Z,336.3578186035156,338.6305236816406,322.7217102050781,336.3578186035156,230877487
2008-11-12T00:00:00Z,345.4485778808594,352.2666320800781,331.81243896484375,345.4485778808594,225272891
2008-11-13T00:00:00Z,331.81243896484375,331.81243896484375,311.3582458496094,311.3582458496094,308670831
2008-11-14T00:00:00Z,320.4490051269531,322.7217102050781,295.4494323730469,297.7221374511719,173516997
2008-11-17T00:00:00Z,295.4494323730469,313.6309509277344,290.904052734375,295.4494323730469,222616345
2008-11-18T00:00:00Z,286.35870361328125,286.35870361328125,265.9045104980469,270.4498596191406,167103886
2008-11-19T00:00:00Z,259.08642578125,274.9952392578125,247.72299194335938,259.08642578125,306668796
2008-11-20T00:00:00Z,236.35955810546875,249.9956817626953,236.35955810546875,236.35955810546875,289304997
2008-11-21T00:00:00Z,229.54148864746094,240.90492248535156,218.1780548095703,229.54148864746094,566630787
2008-11-24T00:00:00Z,229.54148864746094,236.35955810546875,222.72341918945312,229.54148864746094,201149474
2008-11-25T00:00:00Z,231.81417846679688,243.1776123046875,229.54148864746094,231.81417846679688,750289959
2008-11-26T00:00:00Z,234.0868682861328,265.9045104980469,231.81417846679688,261.359130859375,490118965
2008-11-27T00:00:00Z,270.4498596191406,302.26751708984375,268.17718505859375,302.26751708984375,616417647
2008-11-28T00:00:00Z,302.26751708984375,318.17633056640625,288.6313781738281,309.0855712890625,441107619
2008-12-01T00:00:00Z,309.0855712890625,311.3582458496094,286.35870361328125,288.6313781738281,283419895
2008-12-02T00:00:00Z,281.8133239746094,293.1767578125,268.17718505859375,281.8133239746094,266606104
2008-12-03T00:00:00Z,290.904052734375,295.4494323730469,286.35870361328125,290.904052734375,200379461
2008-12-04T00:00:00Z,295.4494323730469,313.6309509277344,295.4494323730469,313.6309509277344,399070392
2008-12-05T00:00:00Z,309.0855712890625,320.4490051269531,299.99481201171875,309.0855712890625,220839814
2008-12-09T00:00:00Z,336.3578186035156,340.9031982421875,313.6309509277344,336.3578186035156,490652474
2008-12-10T00:00:00Z,338.6305236816406,368.1754455566406,338.6305236816406,368.1754455566406,373263947
2008-12-11T00:00:00Z,370.4481506347656,379.5389099121094,361.3573913574219,370.4481506347656,362384759
2008-12-12T00:00:00Z,363.6300964355469,370.4481506347656,334.08514404296875,334.08514404296875,163468323
2008-12-15T00:00:00Z,345.4485778808594,388.629638671875,345.4485778808594,388.629638671875,282215374
2008-12-16T00:00:00Z,397.72039794921875,404.5384521484375,381.81158447265625,397.72039794921875,274416239
2008-12-17T00:00:00Z,413.62921142578125,422.719970703125,397.72039794921875,413.62921142578125,225932902
2008-12-18T00:00:00Z,402.2657775878906,413.62921142578125,388.629638671875,402.2657775878906,200467462
2008-12-19T00:00:00Z,402.2657775878906,415.90191650390625,390.90234375,402.2657775878906,181068627
2008-12-22T00:00:00Z,411.3565368652344,415.90191650390625,399.99310302734375,411.3565368652344,63058589
2008-12-23T00:00:00Z,402.2657775878906,409.0838317871094,388.629638671875,402.2657775878906,114951985
2008-12-24T00:00:00Z,395.4477233886719,409.0838317871094,390.90234375,395.4477233886719,37054140
2008-12-30T00:00:00Z,415.90191650390625,418.1745910644531,404.5384521484375,415.90191650390625,121304595
2009-01-05T00:00:00Z,440.9014892578125,454.53759765625,429.53802490234375,440.9014892578125,180051109
2009-01-06T00:00:00Z,440.9014892578125,461.35565185546875,434.0834045410156,436.3561096191406,271440688
2009-01-07T00:00:00Z,429.53802490234375,463.62835693359375,427.2653503417969,429.53802490234375,210521636
2009-01-08T00:00:00Z,420.4472961425781,431.81072998046875,409.0838317871094,420.4472961425781,79811878
2009-01-09T00:00:00Z,427.2653503417969,429.53802490234375,418.1745910644531,427.2653503417969,47850826
2009-01-12T00:00:00Z,436.3561096191406,436.3561096191406,418.1745910644531,436.3561096191406,98143695
2009-01-13T00:00:00Z,436.3561096191406,443.1741638183594,429.53802490234375,436.3561096191406,198646931
2009-01-14T00:00:00Z,431.81072998046875,440.9014892578125,429.53802490234375,431.81072998046875,147952555
2009-01-15T00:00:00Z,418.1745910644531,424.9926452636719,411.3565368652344,418.1745910644531,187971246
2009-01-16T00:00:00Z,420.4472961425781,424.9926452636719,418.1745910644531,420.4472961425781,167840899
2009-01-19T00:00:00Z,427.2653503417969,429.53802490234375,418.1745910644531,427.2653503417969,45722289
2009-01-20T00:00:00Z,422.719970703125,429.53802490234375,409.0838317871094,422.719970703125,157451219
2009-01-21T00:00:00Z,422.719970703125,422.719970703125,409.0838317871094,422.719970703125,87308508
2009-01-22T00:00:00Z,411.3565368652344,422.719970703125,409.0838317871094,411.3565368652344,97714687
2009-01-23T00:00:00Z,393.1750183105469,409.0838317871094,390.90234375,393.1750183105469,121601600
2009-01-27T00:00:00Z,393.1750183105469,399.99310302734375,390.90234375,393.1750183105469,56106469
2009-01-28T00:00:00Z,386.3569641113281,399.99310302734375,386.3569641113281,386.3569641113281,108087866
2009-01-29T00:00:00Z,411.3565368652344,411.3565368652344,390.90234375,411.3565368652344,208970609
2009-01-30T00:00:00Z,413.62921142578125,413.62921142578125,402.2657775878906,413.62921142578125,82908432
2009-02-02T00:00:00Z,395.4477233886719,411.3565368652344,395.4477233886719,395.4477233886719,136000849
2009-02-03T00:00:00Z,399.99310302734375,404.5384521484375,393.1750183105469,399.99310302734375,66556649
2009-02-04T00:00:00Z,399.99310302734375,411.3565368652344,399.99310302734375,399.99310302734375,86279990
2009-02-05T00:00:00Z,395.4477233886719,399.99310302734375,388.629638671875,395.4477233886719,92665600
2009-02-06T00:00:00Z,406.8111572265625,406.8111572265625,395.4477233886719,406.8111572265625,127695705
2009-02-09T00:00:00Z,404.5384521484375,411.3565368652344,399.99310302734375,404.5384521484375,71930242
2009-02-10T00:00:00Z,404.5384521484375,404.5384521484375,384.0842590332031,384.0842590332031,91653583
2009-02-11T00:00:00Z,370.4481506347656,384.0842590332031,361.3573913574219,370.4481506347656,151538617
2009-02-12T00:00:00Z,384.0842590332031,386.3569641113281,363.6300964355469,384.0842590332031,97687187
2009-02-13T00:00:00Z,402.2657775878906,404.5384521484375,388.629638671875,402.2657775878906,248312788
2009-02-16T00:00:00Z,406.8111572265625,413.62921142578125,402.2657775878906,406.8111572265625,56502475
2009-02-17T00:00:00Z,402.2657775878906,406.8111572265625,397.72039794921875,402.2657775878906,80427889
2009-02-18T00:00:00Z,413.62921142578125,413.62921142578125,399.99310302734375,413.62921142578125,92214592
2009-02-19T00:00:00Z,399.99310302734375,413.62921142578125,399.99310302734375,399.99310302734375,92297094
2009-02-20T00:00:00Z,381.81158447265625,399.99310302734375,379.5389099121094,381.81158447265625,67299162
2009-02-23T00:00:00Z,377.2662048339844,388.629638671875,370.4481506347656,377.2662048339844,93870121
2009-02-24T00:00:00Z,361.3573913574219,372.7208251953125,356.81201171875,361.3573913574219,344987958
2009-02-25T00:00:00Z,368.1754455566406,372.7208251953125,361.3573913574219,368.1754455566406,151725620
2009-02-26T00:00:00Z,349.99395751953125,368.1754455566406,347.72125244140625,349.99395751953125,326903646
2009-02-27T00:00:00Z,338.6305236816406,349.99395751953125,336.3578186035156,338.6305236816406,185342201
2009-03-02T00:00:00Z,329.5397644042969,343.1759033203125,327.2670593261719,329.5397644042969,125259163
2009-03-03T00:00:00Z,336.3578186035156,340.9031982421875,322.7217102050781,336.3578186035156,169969435
2009-03-04T00:00:00Z,336.3578186035156,356.81201171875,334.08514404296875,356.81201171875,315853955
2009-03-05T00:00:00Z,347.72125244140625,359.084716796875,345.4485778808594,347.72125244140625,256188925
2009-03-06T00:00:00Z,349.99395751953125,354.5393371582031,343.1759033203125,349.99395751953125,95322146
2009-03-10T00:00:00Z,345.4485778808594,363.6300964355469,345.4485778808594,363.6300964355469,247548275
2009-03-11T00:00:00Z,370.4481506347656,379.5389099121094,368.1754455566406,370.4481506347656,312608899
2009-03-12T00:00:00Z,356.81201171875,372.7208251953125,356.81201171875,356.81201171875,207348081
2009-03-13T00:00:00Z,372.7208251953125,377.2662048339844,363.6300964355469,372.7208251953125,212056162
2009-03-16T00:00:00Z,384.0842590332031,386.3569641113281,374.9935302734375,384.0842590332031,246200752
2009-03-17T00:00:00Z,379.5389099121094,386.3569641113281,370.4481506347656,379.5389099121094,151648619
2009-03-18T00:00:00Z,377.2662048339844,384.0842590332031,374.9935302734375,377.2662048339844,115694498
2009-03-19T00:00:00Z,379.5389099121094,388.629638671875,379.5389099121094,384.0842590332031,104380802
2009-03-20T00:00:00Z,388.629638671875,395.4477233886719,384.0842590332031,388.629638671875,131237766
2009-03-23T00:00:00Z,390.90234375,413.62921142578125,388.629638671875,411.3565368652344,260946507
2009-03-24T00:00:00Z,420.4472961425781,422.719970703125,411.3565368652344,420.4472961425781,424271828
2009-03-25T00:00:00Z,420.4472961425781,420.4472961425781,397.72039794921875,397.72039794921875,129142230
2009-03-27T00:00:00Z,406.8111572265625,411.3565368652344,399.99310302734375,406.8111572265625,135632342
2009-03-30T00:00:00Z,404.5384521484375,404.5384521484375,374.9935302734375,377.2662048339844,201033972
2009-03-31T00:00:00Z,381.81158447265625,393.1750183105469,370.4481506347656,381.81158447265625,386337672
2009-04-01T00:00:00Z,381.81158447265625,413.62921142578125,381.81158447265625,411.3565368652344,402331949
2009-04-02T00:00:00Z,415.90191650390625,445.44683837890625,409.0838317871094,443.1741638183594,412991133
2009-04-03T00:00:00Z,449.9922180175781,459.0829772949219,445.44683837890625,449.9922180175781,330896715
2009-04-06T00:00:00Z,468.1737365722656,486.355224609375,454.53759765625,468.1737365722656,281472861
2009-04-07T00:00:00Z,463.62835693359375,463.62835693359375,443.1741638183594,463.62835693359375,149217577
2009-04-08T00:00:00Z,454.53759765625,454.53759765625,413.62921142578125,424.9926452636719,422489797
2009-04-13T00:00:00Z,438.6287841796875,443.1741638183594,436.3561096191406,438.6287841796875,488842943
2009-04-14T00:00:00Z,438.6287841796875,481.8098449707031,438.6287841796875,468.1737365722656,492396004
2009-04-15T00:00:00Z,454.53759765625,477.2644958496094,452.2649230957031,454.53759765625,303456741
2009-04-16T00:00:00Z,454.53759765625,481.8098449707031,454.53759765625,454.53759765625,373643453
2009-04-17T00:00:00Z,463.62835693359375,490.9006042480469,463.62835693359375,477.2644958496094,304413757
2009-04-20T00:00:00Z,481.8098449707031,486.355224609375,468.1737365722656,481.8098449707031,120441080
2009-04-22T00:00:00Z,463.62835693359375,477.2644958496094,459.0829772949219,463.62835693359375,118400545
2009-04-23T00:00:00Z,449.9922180175781,463.62835693359375,447.71954345703125,449.9922180175781,78854862
2009-04-24T00:00:00Z,452.2649230957031,459.0829772949219,449.9922180175781,452.2649230957031,110870915
2009-04-27T00:00:00Z,447.71954345703125,463.62835693359375,447.71954345703125,447.71954345703125,141434942
2009-04-28T00:00:00Z,459.0829772949219,463.62835693359375,445.44683837890625,459.0829772949219,78343353
2009-04-29T00:00:00Z,477.2644958496094,477.2644958496094,454.53759765625,477.2644958496094,164381339
2009-04-30T00:00:00Z,481.8098449707031,536.3543701171875,477.2644958496094,527.2636108398438,413178136
2009-05-01T00:00:00Z,536.3543701171875,545.4451293945312,513.6275024414062,536.3543701171875,321112046
2009-05-04T00:00:00Z,572.7174072265625,572.7174072265625,540.8997192382812,572.7174072265625,269669657
2009-05-05T00:00:00Z,577.2627563476562,586.353515625,536.3543701171875,545.4451293945312,235057560
2009-05-06T00:00:00Z,527.2636108398438,545.4451293945312,513.6275024414062,527.2636108398438,227956937
2009-05-07T00:00:00Z,540.8997192382812,554.535888671875,536.3543701171875,540.8997192382812,172851485
2009-05-08T00:00:00Z,545.4451293945312,554.535888671875,531.8090209960938,545.4451293945312,82479424
2009-05-11T00:00:00Z,536.3543701171875,559.0812377929688,527.2636108398438,536.3543701171875,128966227
2009-05-12T00:00:00Z,531.8090209960938,536.3543701171875,518.1728515625,531.8090209960938,166757380
2009-05-13T00:00:00Z,545.4451293945312,563.6266479492188,531.8090209960938,545.4451293945312,129367734
2009-05-14T00:00:00Z,527.2636108398438,545.4451293945312,522.71826171875,527.2636108398438,63663599
2009-05-15T00:00:00Z,536.3543701171875,540.8997192382812,499.9913635253906,509.0821228027344,139289905
2009-05-18T00:00:00Z,513.6275024414062,545.4451293945312,509.0821228027344,540.8997192382812,93831620
2009-05-19T00:00:00Z,554.535888671875,618.171142578125,554.535888671875,604.5350341796875,290267513
2009-05-20T00:00:00Z,609.0803833007812,627.2619018554688,563.6266479492188,572.7174072265625,308670831
2009-05-22T00:00:00Z,549.990478515625,572.7174072265625,540.8997192382812,549.990478515625,213909694
2009-05-25T00:00:00Z,554.535888671875,563.6266479492188,540.8997192382812,554.535888671875,53405922
2009-05-26T00:00:00Z,559.0812377929688,577.2627563476562,549.990478515625,559.0812377929688,93765619
2009-05-27T00:00:00Z,559.0812377929688,572.7174072265625,549.990478515625,559.0812377929688,108104367
2009-05-28T00:00:00Z,554.535888671875,559.0812377929688,549.990478515625,554.535888671875,46074295
2009-05-29T00:00:00Z,568.1719970703125,581.80810546875,559.0812377929688,568.1719970703125,337650832
2009-06-01T00:00:00Z,581.80810546875,586.353515625,568.1719970703125,581.80810546875,198558929
2009-06-02T00:00:00Z,609.0803833007812,618.171142578125,586.353515625,609.0803833007812,253317875
2009-06-03T00:00:00Z,604.5350341796875,622.7164916992188,595.4442749023438,604.5350341796875,187943746
2009-06-04T00:00:00Z,604.5350341796875,613.6257934570312,590.8988647460938,604.5350341796875,88843034
2009-06-05T00:00:00Z,618.171142578125,631.8072509765625,604.5350341796875,618.171142578125,142314958
2009-06-08T00:00:00Z,627.2619018554688,627.2619018554688,586.353515625,586.353515625,77837344
2009-06-09T00:00:00Z,590.8988647460938,604.5350341796875,577.2627563476562,590.8988647460938,131226766
2009-06-10T00:00:00Z,590.8988647460938,609.0803833007812,590.8988647460938,590.8988647460938,88645031
2009-06-11T00:00:00Z,577.2627563476562,604.5350341796875,563.6266479492188,577.2627563476562,234903557
2009-06-12T00:00:00Z,572.7174072265625,581.80810546875,559.0812377929688,572.7174072265625,181761639
2009-06-15T00:00:00Z,609.0803833007812,609.0803833007812,577.2627563476562,609.0803833007812,263190545
2009-06-16T00:00:00Z,577.2627563476562,599.9896240234375,563.6266479492188,577.2627563476562,330434707
2009-06-17T00:00:00Z,563.6266479492188,572.7174072265625,554.535888671875,563.6266479492188,184649189
2009-06-18T00:00:00Z,563.6266479492188,563.6266479492188,522.71826171875,527.2636108398438,191744311
2009-06-19T00:00:00Z,545.4451293945312,549.990478515625,518.1728515625,545.4451293945312,211627155
2009-06-22T00:00:00Z,527.2636108398438,554.535888671875,527.2636108398438,527.2636108398438,146715034
2009-06-23T00:00:00Z,518.1728515625,531.8090209960938,504.5367431640625,518.1728515625,163160318
2009-06-24T00:00:00Z,527.2636108398438,554.535888671875,527.2636108398438,554.535888671875,270544172
2009-06-25T00:00:00Z,586.353515625,590.8988647460938,563.6266479492188,586.353515625,240200148
2009-06-26T00:00:00Z,590.8988647460938,609.0803833007812,581.80810546875,590.8988647460938,271957697
2009-06-29T00:00:00Z,599.9896240234375,599.9896240234375,590.8988647460938,599.9896240234375,124934657
2009-06-30T00:00:00Z,609.0803833007812,609.0803833007812,563.6266479492188,572.7174072265625,52591908
2009-07-01T00:00:00Z,586.353515625,586.353515625,568.1719970703125,586.353515625,78700859
2009-07-02T00:00:00Z,590.8988647460938,604.5350341796875,590.8988647460938,599.9896240234375,126980693
2009-07-03T00:00:00Z,604.5350341796875,613.6257934570312,586.353515625,604.5350341796875,131831777
2009-07-06T00:00:00Z,581.80810546875,599.9896240234375,577.2627563476562,581.80810546875,62244575
2009-07-07T00:00:00Z,590.8988647460938,599.9896240234375,577.2627563476562,590.8988647460938,177268061
2009-07-09T00:00:00Z,604.5350341796875,645.4434204101562,586.353515625,645.4434204101562,526364591
2009-07-10T00:00:00Z,645.4434204101562,645.4434204101562,613.6257934570312,618.171142578125,191804812
2009-07-13T00:00:00Z,622.7164916992188,622.7164916992188,577.2627563476562,590.8988647460938,189753277
2009-07-14T00:00:00Z,618.171142578125,618.171142578125,599.9896240234375,618.171142578125,64103607
2009-07-15T00:00:00Z,618.171142578125,668.1702880859375,609.0803833007812,668.1702880859375,261711020
2009-07-16T00:00:00Z,668.1702880859375,672.7156372070312,627.2619018554688,631.8072509765625,205731053
2009-07-17T00:00:00Z,618.171142578125,631.8072509765625,609.0803833007812,618.171142578125,204543032
2009-07-21T00:00:00Z,622.7164916992188,636.3526611328125,618.171142578125,622.7164916992188,249709813
2009-07-22T00:00:00Z,604.5350341796875,622.7164916992188,595.4442749023438,604.5350341796875,327470156
2009-07-23T00:00:00Z,609.0803833007812,613.6257934570312,604.5350341796875,609.0803833007812,133613807
2009-07-24T00:00:00Z,627.2619018554688,636.3526611328125,613.6257934570312,627.2619018554688,310392361
2009-07-27T00:00:00Z,622.7164916992188,631.8072509765625,609.0803833007812,622.7164916992188,167791398
2009-07-28T00:00:00Z,627.2619018554688,649.98876953125,618.171142578125,627.2619018554688,349839042
2009-07-29T00:00:00Z,636.3526611328125,649.98876953125,618.171142578125,636.3526611328125,251002335
2009-07-30T00:00:00Z,636.3526611328125,677.2610473632812,636.3526611328125,677.2610473632812,301273203
2009-07-31T00:00:00Z,663.6248779296875,695.4425048828125,654.5341186523438,663.6248779296875,250089319
2009-08-03T00:00:00Z,672.7156372070312,677.2610473632812,659.0795288085938,672.7156372070312,75048796
2009-08-04T00:00:00Z,690.8971557617188,704.5332641601562,672.7156372070312,690.8971557617188,231531999
2009-08-05T00:00:00Z,663.6248779296875,690.8971557617188,649.98876953125,663.6248779296875,260247995
2009-08-06T00:00:00Z,654.5341186523438,668.1702880859375,645.4434204101562,654.5341186523438,188493755
2009-08-07T00:00:00Z,659.0795288085938,659.0795288085938,649.98876953125,659.0795288085938,78794360
2009-08-10T00:00:00Z,663.6248779296875,672.7156372070312,659.0795288085938,663.6248779296875,128333716
2009-08-11T00:00:00Z,686.351806640625,690.8971557617188,659.0795288085938,686.351806640625,290069510
2009-08-12T00:00:00Z,677.2610473632812,677.2610473632812,649.98876953125,659.0795288085938,177988574
2009-08-13T00:00:00Z,663.6248779296875,677.2610473632812,659.0795288085938,663.6248779296875,222115836
2009-08-14T00:00:00Z,659.0795288085938,668.1702880859375,654.5341186523438,659.0795288085938,142699964
2009-08-18T00:00:00Z,627.2619018554688,640.8980102539062,618.171142578125,627.2619018554688,345224462
2009-08-19T00:00:00Z,622.7164916992188,640.8980102539062,618.171142578125,622.7164916992188,205412047
2009-08-20T00:00:00Z,645.4434204101562,645.4434204101562,622.7164916992188,645.4434204101562,134499323
2009-08-21T00:00:00Z,663.6248779296875,668.1702880859375,649.98876953125,663.6248779296875,256045922
2009-08-24T00:00:00Z,681.806396484375,686.351806640625,668.1702880859375,681.806396484375,155075178
2009-08-25T00:00:00Z,681.806396484375,686.351806640625,672.7156372070312,681.806396484375,106344336
2009-08-26T00:00:00Z,686.351806640625,686.351806640625,672.7156372070312,686.351806640625,54720445
2009-08-27T00:00:00Z,690.8971557617188,695.4425048828125,668.1702880859375,690.8971557617188,129978245
2009-08-28T00:00:00Z,713.6240234375,718.16943359375,690.8971557617188,713.6240234375,151494616
2009-08-31T00:00:00Z,690.8971557617188,709.0786743164062,677.2610473632812,690.8971557617188,115578996
2009-09-01T00:00:00Z,672.7156372070312,695.4425048828125,668.1702880859375,672.7156372070312,105172816
2009-09-02T00:00:00Z,654.5341186523438,659.0795288085938,649.98876953125,654.5341186523438,196023385
2009-09-03T00:00:00Z,654.5341186523438,659.0795288085938,645.4434204101562,654.5341186523438,384687644
2009-09-04T00:00:00Z,645.4434204101562,663.6248779296875,645.4434204101562,645.4434204101562,260368997
2009-09-07T00:00:00Z,659.0795288085938,659.0795288085938,649.98876953125,659.0795288085938,86923501
2009-09-08T00:00:00Z,663.6248779296875,663.6248779296875,654.5341186523438,663.6248779296875,147039539
2009-09-09T00:00:00Z,672.7156372070312,681.806396484375,659.0795288085938,672.7156372070312,289073993
2009-09-10T00:00:00Z,690.8971557617188,690.8971557617188,677.2610473632812,690.8971557617188,222984851
2009-09-11T00:00:00Z,686.351806640625,690.8971557617188,672.7156372070312,686.351806640625,167675896
2009-09-14T00:00:00Z,659.0795288085938,681.806396484375,659.0795288085938,659.0795288085938,149707085
2009-09-15T00:00:00Z,677.2610473632812,677.2610473632812,663.6248779296875,677.2610473632812,150059091
2009-09-16T00:00:00Z,699.9879150390625,704.5332641601562,681.806396484375,699.9879150390625,215537722
2009-09-17T00:00:00Z,699.9879150390625,718.16943359375,681.806396484375,699.9879150390625,140846432
2009-09-24T00:00:00Z,690.8971557617188,704.5332641601562,681.806396484375,690.8971557617188,230415479
2009-09-25T00:00:00Z,690.8971557617188,704.5332641601562,672.7156372070312,690.8971557617188,163930331
2009-09-28T00:00:00Z,677.2610473632812,690.8971557617188,672.7156372070312,677.2610473632812,66083641
2009-09-29T00:00:00Z,690.8971557617188,699.9879150390625,681.806396484375,690.8971557617188,165805863
2009-09-30T00:00:00Z,681.806396484375,699.9879150390625,681.806396484375,681.806396484375,174947021
2009-10-01T00:00:00Z,695.4425048828125,709.0786743164062,695.4425048828125,695.4425048828125,166383373
2009-10-02T00:00:00Z,699.9879150390625,704.5332641601562,681.806396484375,699.9879150390625,108703877
2009-10-05T00:00:00Z,699.9879150390625,727.2601928710938,695.4425048828125,699.9879150390625,214085697
2009-10-06T00:00:00Z,736.3508911132812,754.5324096679688,709.0786743164062,736.3508911132812,340659384
2009-10-07T00:00:00Z,777.25927734375,781.8046875,745.441650390625,777.25927734375,477600749
2009-10-08T00:00:00Z,763.6231689453125,790.8954467773438,745.441650390625,763.6231689453125,162285803
2009-10-09T00:00:00Z,731.8055419921875,763.6231689453125,727.2601928710938,731.8055419921875,163891830
2009-10-12T00:00:00Z,709.0786743164062,731.8055419921875,704.5332641601562,709.0786743164062,329488691
2009-10-13T00:00:00Z,718.16943359375,736.3508911132812,709.0786743164062,718.16943359375,183158663
2009-10-14T00:00:00Z,731.8055419921875,736.3508911132812,722.7147827148438,731.8055419921875,157181714
2009-10-15T00:00:00Z,736.3508911132812,745.441650390625,727.2601928710938,736.3508911132812,172922986
2009-10-16T00:00:00Z,722.7147827148438,736.3508911132812,713.6240234375,722.7147827148438,196661396
2009-10-19T00:00:00Z,736.3508911132812,736.3508911132812,709.0786743164062,736.3508911132812,191139301
2009-10-20T00:00:00Z,718.16943359375,736.3508911132812,713.6240234375,718.16943359375,225146388
2009-10-21T00:00:00Z,699.9879150390625,713.6240234375,699.9879150390625,699.9879150390625,191557308
2009-10-22T00:00:00Z,672.7156372070312,699.9879150390625,659.0795288085938,672.7156372070312,466072550
2009-10-23T00:00:00Z,690.8971557617188,690.8971557617188,672.7156372070312,690.8971557617188,314489932
2009-10-26T00:00:00Z,681.806396484375,695.4425048828125,677.2610473632812,681.806396484375,141121437
2009-10-27T00:00:00Z,672.7156372070312,677.2610473632812,659.0795288085938,672.7156372070312,233121526
2009-10-28T00:00:00Z,663.6248779296875,672.7156372070312,649.98876953125,663.6248779296875,179726604
2009-10-29T00:00:00Z,649.98876953125,649.98876953125,618.171142578125,649.98876953125,548694977
2009-10-30T00:00:00Z,645.4434204101562,672.7156372070312,645.4434204101562,645.4434204101562,347595003
2009-11-02T00:00:00Z,659.0795288085938,659.0795288085938,627.2619018554688,659.0795288085938,264384066
2009-11-03T00:00:00Z,636.3526611328125,659.0795288085938,631.8072509765625,636.3526611328125,394224809
2009-11-04T00:00:00Z,631.8072509765625,636.3526611328125,622.7164916992188,631.8072509765625,453653335
2009-11-05T00:00:00Z,654.5341186523438,654.5341186523438,627.2619018554688,654.5341186523438,401919442
2009-11-06T00:00:00Z,677.2610473632812,681.806396484375,663.6248779296875,677.2610473632812,432312967
2009-11-09T00:00:00Z,677.2610473632812,681.806396484375,659.0795288085938,677.2610473632812,185259699
2009-11-10T00:00:00Z,668.1702880859375,686.351806640625,663.6248779296875,668.1702880859375,256359427
2009-11-11T00:00:00Z,668.1702880859375,672.7156372070312,654.5341186523438,668.1702880859375,301784712
2009-11-12T00:00:00Z,663.6248779296875,672.7156372070312,659.0795288085938,663.6248779296875,390836750
2009-11-13T00:00:00Z,677.2610473632812,686.351806640625,659.0795288085938,677.2610473632812,310810368
2009-11-16T00:00:00Z,681.806396484375,686.351806640625,672.7156372070312,681.806396484375,170997953
2009-11-17T00:00:00Z,699.9879150390625,704.5332641601562,681.806396484375,699.9879150390625,424128825
2009-11-18T00:00:00Z,695.4425048828125,704.5332641601562,686.351806640625,695.4425048828125,212540171
2009-11-19T00:00:00Z,695.4425048828125,704.5332641601562,686.351806640625,695.4425048828125,233556034
2009-11-20T00:00:00Z,699.9879150390625,704.5332641601562,686.351806640625,699.9879150390625,166735379
2009-11-23T00:00:00Z,695.4425048828125,704.5332641601562,686.351806640625,695.4425048828125,65649133
2009-11-24T00:00:00Z,690.8971557617188,699.9879150390625,690.8971557617188,690.8971557617188,186948229
2009-11-25T00:00:00Z,695.4425048828125,695.4425048828125,690.8971557617188,695.4425048828125,99744222
2009-11-26T00:00:00Z,695.4425048828125,699.9879150390625,681.806396484375,695.4425048828125,251007835
2009-11-30T00:00:00Z,672.7156372070312,690.8971557617188,672.7156372070312,672.7156372070312,158083730
2009-12-01T00:00:00Z,690.8971557617188,690.8971557617188,672.7156372070312,690.8971557617188,115067487
2009-12-02T00:00:00Z,699.9879150390625,727.2601928710938,690.8971557617188,713.6240234375,441894132
2009-12-03T00:00:00Z,713.6240234375,731.8055419921875,709.0786743164062,731.8055419921875,354442622
2009-12-04T00:00:00Z,727.2601928710938,731.8055419921875,713.6240234375,718.16943359375,146275026
2009-12-07T00:00:00Z,718.16943359375,718.16943359375,704.5332641601562,713.6240234375,215818227
2009-12-08T00:00:00Z,709.0786743164062,718.16943359375,699.9879150390625,718.16943359375,97021675
2009-12-09T00:00:00Z,709.0786743164062,713.6240234375,695.4425048828125,709.0786743164062,119308060
2009-12-10T00:00:00Z,704.5332641601562,709.0786743164062,695.4425048828125,704.5332641601562,69097693
2009-12-11T00:00:00Z,713.6240234375,713.6240234375,699.9879150390625,713.6240234375,63174091
2009-12-14T00:00:00Z,709.0786743164062,713.6240234375,699.9879150390625,709.0786743164062,53075916
2009-12-15T00:00:00Z,690.8971557617188,709.0786743164062,686.351806640625,690.8971557617188,112762947
2009-12-16T00:00:00Z,695.4425048828125,695.4425048828125,681.806396484375,695.4425048828125,87990519
2009-12-17T00:00:00Z,686.351806640625,699.9879150390625,681.806396484375,686.351806640625,99887225
2009-12-21T00:00:00Z,672.7156372070312,677.2610473632812,663.6248779296875,672.7156372070312,218606775
2009-12-22T00:00:00Z,681.806396484375,686.351806640625,672.7156372070312,681.806396484375,71413233
2009-12-23T00:00:00Z,681.806396484375,690.8971557617188,681.806396484375,681.806396484375,66699652
2009-12-28T00:00:00Z,681.806396484375,699.9879150390625,681.806396484375,699.9879150390625,87468010
2009-12-29T00:00:00Z,690.8971557617188,699.9879150390625,686.351806640625,690.8971557617188,34238091
2009-12-30T00:00:00Z,695.4425048828125,699.9879150390625,681.806396484375,695.4425048828125,56810481
2010-01-04T00:00:00Z,709.0786743164062,713.6240234375,695.4425048828125,709.0786743164062,125094160
2010-01-05T00:00:00Z,713.6240234375,718.16943359375,709.0786743164062,713.6240234375,163644326
2010-01-06T00:00:00Z,704.5332641601562,722.7147827148438,699.9879150390625,704.5332641601562,104842810
2010-01-07T00:00:00Z,695.4425048828125,704.5332641601562,686.351806640625,695.4425048828125,101933260
2010-01-08T00:00:00Z,699.9879150390625,699.9879150390625,686.351806640625,699.9879150390625,87237006
2010-01-11T00:00:00Z,699.9879150390625,704.5332641601562,695.4425048828125,699.9879150390625,117284025
2010-01-12T00:00:00Z,713.6240234375,722.7147827148438,695.4425048828125,713.6240234375,289673503
2010-01-13T00:00:00Z,713.6240234375,718.16943359375,704.5332641601562,713.6240234375,110617910
2010-01-14T00:00:00Z,713.6240234375,722.7147827148438,709.0786743164062,713.6240234375,65357628
2010-01-15T00:00:00Z,709.0786743164062,718.16943359375,709.0786743164062,709.0786743164062,72100745
2010-01-18T00:00:00Z,709.0786743164062,722.7147827148438,709.0786743164062,718.16943359375,168390908
2010-01-19T00:00:00Z,745.441650390625,745.441650390625,718.16943359375,745.441650390625,326282135
2010-01-20T00:00:00Z,736.3508911132812,754.5324096679688,736.3508911132812,736.3508911132812,252784366
2010-01-21T00:00:00Z,718.16943359375,736.3508911132812,709.0786743164062,718.16943359375,145813018
2010-01-22T00:00:00Z,718.16943359375,718.16943359375,695.4425048828125,718.16943359375,136561858
2010-01-25T00:00:00Z,709.0786743164062,713.6240234375,704.5332641601562,709.0786743164062,146935037
2010-01-26T00:00:00Z,709.0786743164062,709.0786743164062,681.806396484375,690.8971557617188,203740019
2010-01-27T00:00:00Z,686.351806640625,695.4425048828125,686.351806640625,686.351806640625,117894536
2010-01-28T00:00:00Z,695.4425048828125,699.9879150390625,686.351806640625,695.4425048828125,105222317
2010-01-29T00:00:00Z,695.4425048828125,699.9879150390625,681.806396484375,695.4425048828125,202706001
2010-02-01T00:00:00Z,686.351806640625,690.8971557617188,681.806396484375,686.351806640625,171828467
2010-02-02T00:00:00Z,686.351806640625,699.9879150390625,681.806396484375,686.351806640625,144861502
2010-02-03T00:00:00Z,686.351806640625,690.8971557617188,681.806396484375,686.351806640625,125094160
2010-02-04T00:00:00Z,672.7156372070312,686.351806640625,672.7156372070312,672.7156372070312,198608430
2010-02-05T00:00:00Z,659.0795288085938,668.1702880859375,654.5341186523438,659.0795288085938,222874849
2010-02-08T00:00:00Z,645.4434204101562,654.5341186523438,631.8072509765625,645.4434204101562,494029533
2010-02-09T00:00:00Z,659.0795288085938,659.0795288085938,631.8072509765625,659.0795288085938,225283891
2010-02-10T00:00:00Z,649.98876953125,668.1702880859375,645.4434204101562,649.98876953125,226466411
2010-02-11T00:00:00Z,663.6248779296875,663.6248779296875,649.98876953125,663.6248779296875,160047264
2010-02-12T00:00:00Z,686.351806640625,690.8971557617188,663.6248779296875,686.351806640625,201864486
2010-02-15T00:00:00Z,690.8971557617188,699.9879150390625,677.2610473632812,690.8971557617188,135395838
2010-02-16T00:00:00Z,695.4425048828125,695.4425048828125,681.806396484375,695.4425048828125,58999519
2010-02-17T00:00:00Z,695.4425048828125,699.9879150390625,690.8971557617188,695.4425048828125,64510614
2010-02-18T00:00:00Z,686.351806640625,699.9879150390625,686.351806640625,686.351806640625,72375750
2010-02-19T00:00:00Z,686.351806640625,686.351806640625,677.2610473632812,686.351806640625,60754049
2010-02-22T00:00:00Z,681.806396484375,686.351806640625,672.7156372070312,681.806396484375,104529305
2010-02-23T00:00:00Z,677.2610473632812,681.806396484375,663.6248779296875,677.2610473632812,241124164
2010-02-24T00:00:00Z,668.1702880859375,668.1702880859375,654.5341186523438,668.1702880859375,244660725
2010-02-25T00:00:00Z,649.98876953125,668.1702880859375,649.98876953125,649.98876953125,244869729
2010-03-01T00:00:00Z,654.5341186523438,663.6248779296875,645.4434204101562,654.5341186523438,252883367
2010-03-02T00:00:00Z,663.6248779296875,672.7156372070312,649.98876953125,663.6248779296875,372532434
2010-03-03T00:00:00Z,672.7156372070312,672.7156372070312,663.6248779296875,672.7156372070312,129257732
2010-03-04T00:00:00Z,659.0795288085938,672.7156372070312,649.98876953125,659.0795288085938,561317695
2010-03-05T00:00:00Z,659.0795288085938,663.6248779296875,649.98876953125,659.0795288085938,104848310
2010-03-08T00:00:00Z,677.2610473632812,681.806396484375,659.0795288085938,677.2610473632812,289552501
2010-03-09T00:00:00Z,677.2610473632812,681.806396484375,668.1702880859375,677.2610473632812,109143885
2010-03-10T00:00:00Z,681.806396484375,681.806396484375,672.7156372070312,681.806396484375,101597754
2010-03-11T00:00:00Z,681.806396484375,681.806396484375,672.7156372070312,681.806396484375,179611102
2010-03-12T00:00:00Z,681.806396484375,686.351806640625,672.7156372070312,681.806396484375,122756620
2010-03-15T00:00:00Z,677.2610473632812,686.351806640625,672.7156372070312,677.2610473632812,100855242
2010-03-17T00:00:00Z,713.6240234375,713.6240234375,681.806396484375,713.6240234375,762071162
2010-03-18T00:00:00Z,713.6240234375,722.7147827148438,704.5332641601562,713.6240234375,256601432
2010-03-19T00:00:00Z,727.2601928710938,731.8055419921875,709.0786743164062,727.2601928710938,421400778
2010-03-22T00:00:00Z,709.0786743164062,722.7147827148438,709.0786743164062,709.0786743164062,165657361
2010-03-23T00:00:00Z,727.2601928710938,740.8963012695312,718.16943359375,727.2601928710938,385149652
2010-03-24T00:00:00Z,749.987060546875,759.0778198242188,731.8055419921875,749.987060546875,412919632
2010-03-25T00:00:00Z,759.0778198242188,763.6231689453125,736.3508911132812,759.0778198242188,214184699
2010-03-26T00:00:00Z,763.6231689453125,768.1685791015625,754.5324096679688,763.6231689453125,193526342
2010-03-29T00:00:00Z,754.5324096679688,754.5324096679688,736.3508911132812,754.5324096679688,78057348
2010-03-30T00:00:00Z,749.987060546875,763.6231689453125,740.8963012695312,749.987060546875,151142610
2010-03-31T00:00:00Z,749.987060546875,759.0778198242188,745.441650390625,749.987060546875,102917777
2010-04-01T00:00:00Z,790.8954467773438,795.4407958984375,749.987060546875,790.8954467773438,361037235
2010-04-05T00:00:00Z,813.622314453125,818.1676635742188,790.8954467773438,813.622314453125,251524844
2010-04-06T00:00:00Z,795.4407958984375,822.7130737304688,790.8954467773438,795.4407958984375,110573909
2010-04-07T00:00:00Z,790.8954467773438,799.9862060546875,781.8046875,790.8954467773438,269427653
2010-04-08T00:00:00Z,754.5324096679688,781.8046875,745.441650390625,754.5324096679688,290592019
2010-04-09T00:00:00Z,740.8963012695312,759.0778198242188,736.3508911132812,740.8963012695312,239061629
2010-04-12T00:00:00Z,786.3500366210938,786.3500366210938,745.441650390625,786.3500366210938,236229080
2010-04-13T00:00:00Z,790.8954467773438,790.8954467773438,768.1685791015625,790.8954467773438,81104400
2010-04-14T00:00:00Z,772.7139282226562,799.9862060546875,763.6231689453125,772.7139282226562,206061059
2010-04-15T00:00:00Z,745.441650390625,777.25927734375,740.8963012695312,745.441650390625,348392517
2010-04-16T00:00:00Z,740.8963012695312,749.987060546875,731.8055419921875,740.8963012695312,316607468
2010-04-19T00:00:00Z,736.3508911132812,736.3508911132812,722.7147827148438,736.3508911132812,149058074
2010-04-20T00:00:00Z,759.0778198242188,763.6231689453125,736.3508911132812,759.0778198242188,247240270
2010-04-21T00:00:00Z,768.1685791015625,781.8046875,754.5324096679688,768.1685791015625,332084735
2010-04-22T00:00:00Z,795.4407958984375,795.4407958984375,759.0778198242188,795.4407958984375,371800921
2010-04-23T00:00:00Z,795.4407958984375,799.9862060546875,786.3500366210938,795.4407958984375,142479960
2010-04-26T00:00:00Z,809.076904296875,813.622314453125,799.9862060546875,809.076904296875,131259767
2010-04-27T00:00:00Z,804.5315551757812,809.076904296875,795.4407958984375,804.5315551757812,95272645
2010-04-28T00:00:00Z,786.3500366210938,804.5315551757812,772.7139282226562,786.3500366210938,190853296
2010-04-29T00:00:00Z,786.3500366210938,795.4407958984375,777.25927734375,786.3500366210938,109143885
2010-04-30T00:00:00Z,813.622314453125,818.1676635742188,799.9862060546875,813.622314453125,241168165
2010-05-03T00:00:00Z,809.076904296875,827.2584228515625,804.5315551757812,809.076904296875,205615551
2010-05-04T00:00:00Z,822.7130737304688,827.2584228515625,809.076904296875,822.7130737304688,251079336
2010-05-05T00:00:00Z,777.25927734375,809.076904296875,777.25927734375,777.25927734375,314176426
2010-05-06T00:00:00Z,768.1685791015625,772.7139282226562,731.8055419921875,768.1685791015625,534779736
2010-05-07T00:00:00Z,754.5324096679688,754.5324096679688,722.7147827148438,754.5324096679688,441696129
2010-05-10T00:00:00Z,768.1685791015625,781.8046875,768.1685791015625,781.8046875,237202597
2010-05-11T00:00:00Z,763.6231689453125,781.8046875,759.0778198242188,763.6231689453125,275604260
2010-05-12T00:00:00Z,759.0778198242188,772.7139282226562,759.0778198242188,759.0778198242188,89662548
2010-05-14T00:00:00Z,768.1685791015625,777.25927734375,754.5324096679688,768.1685791015625,137210869
2010-05-17T00:00:00Z,759.0778198242188,763.6231689453125,749.987060546875,759.0778198242188,143326975
2010-05-18T00:00:00Z,772.7139282226562,777.25927734375,763.6231689453125,772.7139282226562,93606116
2010-05-19T00:00:00Z,736.3508911132812,763.6231689453125,736.3508911132812,736.3508911132812,193157836
2010-05-20T00:00:00Z,740.8963012695312,754.5324096679688,731.8055419921875,740.8963012695312,173825002
2010-05-21T00:00:00Z,713.6240234375,722.7147827148438,690.8971557617188,713.6240234375,408156549
2010-05-24T00:00:00Z,722.7147827148438,736.3508911132812,722.7147827148438,722.7147827148438,114187472
2010-05-25T00:00:00Z,699.9879150390625,713.6240234375,695.4425048828125,699.9879150390625,224370875
2010-05-26T00:00:00Z,736.3508911132812,754.5324096679688,713.6240234375,736.3508911132812,226840418
2010-05-27T00:00:00Z,759.0778198242188,763.6231689453125,713.6240234375,759.0778198242188,218144767
2010-05-31T00:00:00Z,781.8046875,786.3500366210938,763.6231689453125,781.8046875,201154974
2010-06-01T00:00:00Z,759.0778198242188,781.8046875,759.0778198242188,759.0778198242188,89541546
2010-06-02T00:00:00Z,763.6231689453125,772.7139282226562,754.5324096679688,763.6231689453125,110177903
2010-06-03T00:00:00Z,804.5315551757812,809.076904296875,772.7139282226562,804.5315551757812,267337617
2010-06-04T00:00:00Z,795.4407958984375,804.5315551757812,781.8046875,795.4407958984375,59395525
2010-06-07T00:00:00Z,777.25927734375,781.8046875,754.5324096679688,777.25927734375,100635238
2010-06-08T00:00:00Z,795.4407958984375,799.9862060546875,772.7139282226562,795.4407958984375,42020725
2010-06-09T00:00:00Z,804.5315551757812,813.622314453125,786.3500366210938,804.5315551757812,108885380
2010-06-10T00:00:00Z,786.3500366210938,809.076904296875,781.8046875,786.3500366210938,38880171
2010-06-11T00:00:00Z,790.8954467773438,809.076904296875,790.8954467773438,790.8954467773438,71655237
2010-06-14T00:00:00Z,795.4407958984375,799.9862060546875,790.8954467773438,795.4407958984375,46156797
2010-06-15T00:00:00Z,795.4407958984375,809.076904296875,795.4407958984375,795.4407958984375,214762209
2010-06-16T00:00:00Z,804.5315551757812,813.622314453125,799.9862060546875,804.5315551757812,115479994
2010-06-17T00:00:00Z,809.076904296875,818.1676635742188,804.5315551757812,809.076904296875,214476204
2010-06-18T00:00:00Z,827.2584228515625,827.2584228515625,809.076904296875,827.2584228515625,147144041
2010-06-21T00:00:00Z,831.8038330078125,845.43994140625,827.2584228515625,831.8038330078125,171410460
2010-06-22T00:00:00Z,831.8038330078125,845.43994140625,827.2584228515625,831.8038330078125,253977886
2010-06-23T00:00:00Z,831.8038330078125,836.3491821289062,827.2584228515625,831.8038330078125,69856706
2010-06-24T00:00:00Z,836.3491821289062,845.43994140625,836.3491821289062,836.3491821289062,116002503
2010-06-25T00:00:00Z,859.0760498046875,872.7122192382812,836.3491821289062,859.0760498046875,195302873
2010-06-28T00:00:00Z,863.6214599609375,886.3483276367188,863.6214599609375,863.6214599609375,72766256
2010-06-29T00:00:00Z,831.8038330078125,881.802978515625,827.2584228515625,831.8038330078125,205252545
2010-06-30T00:00:00Z,845.43994140625,845.43994140625,818.1676635742188,845.43994140625,92319094
2010-07-01T00:00:00Z,827.2584228515625,845.43994140625,822.7130737304688,827.2584228515625,181712138
2010-07-02T00:00:00Z,840.8945922851562,840.8945922851562,818.1676635742188,840.8945922851562,102615272
2010-07-05T00:00:00Z,831.8038330078125,840.8945922851562,831.8038330078125,831.8038330078125,70907224
2010-07-06T00:00:00Z,831.8038330078125,840.8945922851562,827.2584228515625,831.8038330078125,136484857
2010-07-07T00:00:00Z,831.8038330078125,836.3491821289062,822.7130737304688,831.8038330078125,40612701
2010-07-08T00:00:00Z,818.1676635742188,845.43994140625,818.1676635742188,818.1676635742188,101801258
2010-07-09T00:00:00Z,845.43994140625,854.5307006835938,822.7130737304688,845.43994140625,129010228
2010-07-12T00:00:00Z,854.5307006835938,868.1668090820312,845.43994140625,854.5307006835938,92110090
2010-07-13T00:00:00Z,890.8936767578125,899.9844360351562,859.0760498046875,890.8936767578125,228264942
2010-07-14T00:00:00Z,877.257568359375,913.62060546875,868.1668090820312,877.257568359375,313015906
2010-07-15T00:00:00Z,890.8936767578125,899.9844360351562,872.7122192382812,890.8936767578125,79635875
2010-07-16T00:00:00Z,895.4390869140625,909.0751953125,890.8936767578125,895.4390869140625,54324438
2010-07-19T00:00:00Z,886.3483276367188,890.8936767578125,872.7122192382812,886.3483276367188,88881535
2010-07-20T00:00:00Z,886.3483276367188,895.4390869140625,886.3483276367188,886.3483276367188,48367835
2010-07-21T00:00:00Z,904.5298461914062,909.0751953125,890.8936767578125,904.5298461914062,91004571
2010-07-22T00:00:00Z,895.4390869140625,904.5298461914062,890.8936767578125,895.4390869140625,119495063
2010-07-23T00:00:00Z,904.5298461914062,913.62060546875,899.9844360351562,904.5298461914062,80158384
2010-07-26T00:00:00Z,904.5298461914062,918.1659545898438,899.9844360351562,904.5298461914062,62481079
2010-07-27T00:00:00Z,909.0751953125,922.7113037109375,899.9844360351562,909.0751953125,124615652
2010-07-28T00:00:00Z,899.9844360351562,922.7113037109375,899.9844360351562,899.9844360351562,145472012
2010-07-29T00:00:00Z,913.62060546875,922.7113037109375,904.5298461914062,913.62060546875,78568857
2010-07-30T00:00:00Z,899.9844360351562,913.62060546875,868.1668090820312,899.9844360351562,107064849
2010-08-02T00:00:00Z,859.0760498046875,895.4390869140625,849.9852905273438,859.0760498046875,315287445
2010-08-03T00:00:00Z,822.7130737304688,868.1668090820312,818.1676635742188,822.7130737304688,438484073
2010-08-04T00:00:00Z,836.3491821289062,845.43994140625,799.9862060546875,836.3491821289062,339982872
2010-08-05T00:00:00Z,859.0760498046875,859.0760498046875,840.8945922851562,859.0760498046875,280955852
2010-08-06T00:00:00Z,854.5307006835938,863.6214599609375,845.43994140625,854.5307006835938,133360803
2010-08-09T00:00:00Z,868.1668090820312,868.1668090820312,854.5307006835938,868.1668090820312,133954813
2010-08-10T00:00:00Z,868.1668090820312,872.7122192382812,863.6214599609375,868.1668090820312,93485114
2010-08-11T00:00:00Z,854.5307006835938,872.7122192382812,849.9852905273438,854.5307006835938,63658099
2010-08-12T00:00:00Z,845.43994140625,849.9852905273438,836.3491821289062,845.43994140625,171140956
2010-08-13T00:00:00Z,849.9852905273438,849.9852905273438,840.8945922851562,849.9852905273438,99298715
2010-08-16T00:00:00Z,836.3491821289062,849.9852905273438,827.2584228515625,836.3491821289062,150070092
2010-08-18T00:00:00Z,840.8945922851562,845.43994140625,827.2584228515625,840.8945922851562,120138575
2010-08-19T00:00:00Z,881.802978515625,886.3483276367188,845.43994140625,881.802978515625,254456395
2010-08-20T00:00:00Z,872.7122192382812,877.257568359375,863.6214599609375,872.7122192382812,49181849
2010-08-23T00:00:00Z,868.1668090820312,868.1668090820312,854.5307006835938,868.1668090820312,21153365
2010-08-24T00:00:00Z,890.8936767578125,895.4390869140625,868.1668090820312,890.8936767578125,208486601
2010-08-25T00:00:00Z,890.8936767578125,895.4390869140625,872.7122192382812,890.8936767578125,79415871
2010-08-26T00:00:00Z,881.802978515625,895.4390869140625,863.6214599609375,881.802978515625,106052831
2010-08-27T00:00:00Z,859.0760498046875,877.257568359375,849.9852905273438,859.0760498046875,182328149
2010-08-30T00:00:00Z,859.0760498046875,877.257568359375,854.5307006835938,859.0760498046875,131155265
2010-08-31T00:00:00Z,845.43994140625,863.6214599609375,840.8945922851562,845.43994140625,119605065
2010-09-01T00:00:00Z,872.7122192382812,872.7122192382812,849.9852905273438,872.7122192382812,165409857
2010-09-02T00:00:00Z,863.6214599609375,886.3483276367188,854.5307006835938,863.6214599609375,160058264
2010-09-03T00:00:00Z,863.6214599609375,877.257568359375,859.0760498046875,863.6214599609375,117311526
2010-09-06T00:00:00Z,868.1668090820312,868.1668090820312,859.0760498046875,868.1668090820312,181140128
2010-09-07T00:00:00Z,868.1668090820312,868.1668090820312,863.6214599609375,868.1668090820312,83606944
2010-09-15T00:00:00Z,881.802978515625,931.8020629882812,881.802978515625,918.1659545898438,514814392
2010-09-16T00:00:00Z,972.71044921875,972.71044921875,909.0751953125,972.71044921875,199620447
2010-09-17T00:00:00Z,945.438232421875,981.8012084960938,945.438232421875,945.438232421875,135159334
2010-09-20T00:00:00Z,927.2567138671875,945.438232421875,918.1659545898438,927.2567138671875,81197902
2010-09-21T00:00:00Z,904.5298461914062,936.3474731445312,899.9844360351562,904.5298461914062,319016510
2010-09-22T00:00:00Z,904.5298461914062,913.62060546875,899.9844360351562,904.5298461914062,177977574
2010-09-23T00:00:00Z,904.5298461914062,913.62060546875,895.4390869140625,904.5298461914062,120732585
2010-09-24T00:00:00Z,909.0751953125,913.62060546875,899.9844360351562,909.0751953125,227120922
2010-09-27T00:00:00Z,922.7113037109375,931.8020629882812,913.62060546875,922.7113037109375,241646673
2010-09-28T00:00:00Z,909.0751953125,931.8020629882812,904.5298461914062,909.0751953125,222077335
2010-09-29T00:00:00Z,909.0751953125,922.7113037109375,899.9844360351562,909.0751953125,199950453
2010-09-30T00:00:00Z,909.0751953125,913.62060546875,895.4390869140625,909.0751953125,208844107
2010-10-01T00:00:00Z,913.62060546875,918.1659545898438,895.4390869140625,913.62060546875,175469530
2010-10-04T00:00:00Z,940.892822265625,949.9835815429688,922.7113037109375,940.892822265625,384330138
2010-10-05T00:00:00Z,963.6196899414062,963.6196899414062,936.3474731445312,963.6196899414062,198657931
2010-10-06T00:00:00Z,963.6196899414062,981.8012084960938,954.5289916992188,963.6196899414062,135654343
2010-10-07T00:00:00Z,972.71044921875,977.255859375,936.3474731445312,972.71044921875,101586754
2010-10-08T00:00:00Z,954.5289916992188,972.71044921875,940.892822265625,954.5289916992188,75956311
2010-10-11T00:00:00Z,981.8012084960938,981.8012084960938,963.6196899414062,981.8012084960938,129120230
2010-10-12T00:00:00Z,981.8012084960938,995.4373779296875,972.71044921875,981.8012084960938,101817758
2010-10-13T00:00:00Z,999.9827270507812,1018.1642456054688,981.8012084960938,999.9827270507812,167109386
2010-10-14T00:00:00Z,977.255859375,1022.7095947265625,972.71044921875,977.255859375,99848724
2010-10-15T00:00:00Z,954.5289916992188,968.1651000976562,949.9835815429688,954.5289916992188,101883759
2010-10-18T00:00:00Z,949.9835815429688,968.1651000976562,949.9835815429688,949.9835815429688,54577442
2010-10-19T00:00:00Z,963.6196899414062,972.71044921875,949.9835815429688,963.6196899414062,75829809
2010-10-20T00:00:00Z,945.438232421875,954.5289916992188,936.3474731445312,945.438232421875,134383821
2010-10-21T00:00:00Z,972.71044921875,986.3466186523438,945.438232421875,972.71044921875,123147127
2010-10-22T00:00:00Z,986.3466186523438,986.3466186523438,968.1651000976562,986.3466186523438,69675203
2010-10-25T00:00:00Z,1072.708740234375,1072.708740234375,990.8919677734375,1072.708740234375,193520842
2010-10-26T00:00:00Z,1045.4365234375,1077.254150390625,1022.7095947265625,1045.4365234375,158166231
2010-10-27T00:00:00Z,1040.89111328125,1063.6180419921875,1022.7095947265625,1040.89111328125,74014778
2010-10-28T00:00:00Z,1027.2550048828125,1040.89111328125,1018.1642456054688,1027.2550048828125,79355370
2010-10-29T00:00:00Z,1036.345703125,1081.7994384765625,1027.2550048828125,1036.345703125,106663342
2010-11-01T00:00:00Z,1099.98095703125,1118.1624755859375,1036.345703125,1099.98095703125,229716967
2010-11-02T00:00:00Z,1099.98095703125,1109.07177734375,1086.3448486328125,1099.98095703125,108885380
2010-11-03T00:00:00Z,1109.07177734375,1113.6171875,1095.4356689453125,1109.07177734375,96306663
2010-11-04T00:00:00Z,1086.3448486328125,1113.6171875,1086.3448486328125,1086.3448486328125,128746223
2010-11-05T00:00:00Z,1099.98095703125,1113.6171875,1086.3448486328125,1099.98095703125,58796015
2010-11-08T00:00:00Z,1095.4356689453125,1109.07177734375,1095.4356689453125,1095.4356689453125,84910466
2010-11-09T00:00:00Z,1131.798583984375,1149.9801025390625,1104.5263671875,1131.798583984375,137700378
2010-11-10T00:00:00Z,1136.343994140625,1145.434814453125,1127.2532958984375,1136.343994140625,77226833
2010-11-11T00:00:00Z,1136.343994140625,1163.6162109375,1095.4356689453125,1136.343994140625,76984829
2010-11-12T00:00:00Z,1090.8902587890625,1131.798583984375,1081.7994384765625,1090.8902587890625,141297440
2010-11-15T00:00:00Z,1068.163330078125,1090.8902587890625,1031.8004150390625,1068.163330078125,87710014
2010-11-16T00:00:00Z,1077.254150390625,1104.5263671875,1059.0726318359375,1077.254150390625,104166299
2010-11-18T00:00:00Z,1099.98095703125,1104.5263671875,1059.0726318359375,1099.98095703125,112234938
2010-11-19T00:00:00Z,1081.7994384765625,1099.98095703125,1068.163330078125,1081.7994384765625,136996366
2010-11-22T00:00:00Z,1077.254150390625,1081.7994384765625,1063.6180419921875,1077.254150390625,90240058
2010-11-23T00:00:00Z,1054.5272216796875,1077.254150390625,1040.89111328125,1054.5272216796875,136127351
2010-11-24T00:00:00Z,1027.2550048828125,1059.0726318359375,1018.1642456054688,1027.2550048828125,242515688
2010-11-25T00:00:00Z,1040.89111328125,1054.5272216796875,1036.345703125,1040.89111328125,137045867
2010-11-26T00:00:00Z,1009.073486328125,1036.345703125,995.4373779296875,1009.073486328125,242389186
2010-11-29T00:00:00Z,990.8919677734375,1013.6188354492188,981.8012084960938,990.8919677734375,113565961
2010-11-30T00:00:00Z,954.5289916992188,986.3466186523438,954.5289916992188,954.5289916992188,304463258
2010-12-01T00:00:00Z,986.3466186523438,1004.528076171875,945.438232421875,986.3466186523438,333289256
2010-12-02T00:00:00Z,1018.1642456054688,1022.7095947265625,999.9827270507812,1018.1642456054688,131947279
2010-12-03T00:00:00Z,1036.345703125,1045.4365234375,1022.7095947265625,1036.345703125,142925468
2010-12-06T00:00:00Z,1045.4365234375,1049.9818115234375,1036.345703125,1045.4365234375,69455199
2010-12-08T00:00:00Z,1045.4365234375,1063.6180419921875,1031.8004150390625,1045.4365234375,165657361
2010-12-09T00:00:00Z,1018.1642456054688,1045.4365234375,999.9827270507812,1018.1642456054688,188196750
2010-12-10T00:00:00Z,999.9827270507812,1013.6188354492188,986.3466186523438,999.9827270507812,171971470
2010-12-13T00:00:00Z,986.3466186523438,1004.528076171875,972.71044921875,986.3466186523438,163319820
2010-12-14T00:00:00Z,972.71044921875,995.4373779296875,972.71044921875,972.71044921875,234573551
2010-12-15T00:00:00Z,977.255859375,981.8012084960938,963.6196899414062,977.255859375,173869003
2010-12-16T00:00:00Z,940.892822265625,977.255859375,922.7113037109375,940.892822265625,454203345
2010-12-17T00:00:00Z,931.8020629882812,949.9835815429688,904.5298461914062,931.8020629882812,475345710
2010-12-20T00:00:00Z,909.0751953125,922.7113037109375,890.8936767578125,909.0751953125,340136874
2010-12-21T00:00:00Z,936.3474731445312,940.892822265625,909.0751953125,936.3474731445312,331721729
2010-12-22T00:00:00Z,936.3474731445312,954.5289916992188,931.8020629882812,936.3474731445312,159711758
2010-12-23T00:00:00Z,936.3474731445312,936.3474731445312,913.62060546875,936.3474731445312,160542272
2010-12-27T00:00:00Z,927.2567138671875,931.8020629882812,913.62060546875,927.2567138671875,50507372
2010-12-28T00:00:00Z,963.6196899414062,963.6196899414062,927.2567138671875,963.6196899414062,92819603
2010-12-29T00:00:00Z,963.6196899414062,968.1651000976562,954.5289916992188,963.6196899414062,113373458
2010-12-30T00:00:00Z,954.5289916992188,968.1651000976562,945.438232421875,954.5289916992188,126425183
2011-01-03T00:00:00Z,940.892822265625,977.255859375,927.2567138671875,940.892822265625,139322906
2011-01-04T00:00:00Z,936.3474731445312,959.0743408203125,918.1659545898438,936.3474731445312,306338791
2011-01-05T00:00:00Z,963.6196899414062,968.1651000976562,918.1659545898438,963.6196899414062,261793521
2011-01-06T00:00:00Z,940.892822265625,972.71044921875,922.7113037109375,940.892822265625,238203614
2011-01-07T00:00:00Z,890.8936767578125,931.8020629882812,881.802978515625,890.8936767578125,665038486
2011-01-10T00:00:00Z,845.43994140625,886.3483276367188,822.7130737304688,845.43994140625,999856769
2011-01-11T00:00:00Z,872.7122192382812,886.3483276367188,845.43994140625,872.7122192382812,514360634
2011-01-12T00:00:00Z,909.0751953125,909.0751953125,881.802978515625,909.0751953125,292299798
2011-01-13T00:00:00Z,927.2567138671875,936.3474731445312,909.0751953125,927.2567138671875,342897922
2011-01-14T00:00:00Z,936.3474731445312,936.3474731445312,899.9844360351562,936.3474731445312,209924875
2011-01-17T00:00:00Z,918.1659545898438,927.2567138671875,895.4390869140625,918.1659545898438,251563345
2011-01-18T00:00:00Z,909.0751953125,918.1659545898438,899.9844360351562,909.0751953125,138959900
2011-01-19T00:00:00Z,872.7122192382812,899.9844360351562,868.1668090820312,872.7122192382812,311968138
2011-01-20T00:00:00Z,868.1668090820312,877.257568359375,863.6214599609375,868.1668090820312,141635696
2011-01-21T00:00:00Z,854.5307006835938,859.0760498046875,827.2584228515625,854.5307006835938,366787585
2011-01-24T00:00:00Z,886.3483276367188,899.9844360351562,863.6214599609375,886.3483276367188,245716744
2011-01-25T00:00:00Z,936.3474731445312,945.438232421875,890.8936767578125,936.3474731445312,457877408
2011-01-26T00:00:00Z,963.6196899414062,972.71044921875,927.2567138671875,963.6196899414062,322478819
2011-01-27T00:00:00Z,954.5289916992188,981.8012084960938,936.3474731445312,954.5289916992188,316794471
2011-01-28T00:00:00Z,927.2567138671875,954.5289916992188,918.1659545898438,927.2567138671875,177213060
2011-01-31T00:00:00Z,881.802978515625,899.9844360351562,877.257568359375,881.802978515625,417817466
2011-02-01T00:00:00Z,890.8936767578125,895.4390869140625,872.7122192382812,890.8936767578125,303935249
2011-02-02T00:00:00Z,895.4390869140625,909.0751953125,890.8936767578125,895.4390869140625,216511239
2011-02-04T00:00:00Z,890.8936767578125,904.5298461914062,886.3483276367188,890.8936767578125,114055470
2011-02-07T00:00:00Z,886.3483276367188,904.5298461914062,877.257568359375,886.3483276367188,169015169
2011-02-08T00:00:00Z,877.257568359375,890.8936767578125,877.257568359375,877.257568359375,209465617
2011-02-09T00:00:00Z,840.8945922851562,881.802978515625,836.3491821289062,840.8945922851562,484192613
2011-02-10T00:00:00Z,827.2584228515625,840.8945922851562,822.7130737304688,827.2584228515625,349159780
2011-02-11T00:00:00Z,836.3491821289062,845.43994140625,827.2584228515625,836.3491821289062,209119111
2011-02-14T00:00:00Z,845.43994140625,849.9852905273438,831.8038330078125,845.43994140625,156571204
2011-02-16T00:00:00Z,863.6214599609375,868.1668090820312,840.8945922851562,863.6214599609375,244215218
2011-02-17T00:00:00Z,872.7122192382812,881.802978515625,863.6214599609375,872.7122192382812,144523246
2011-02-18T00:00:00Z,886.3483276367188,890.8936767578125,868.1668090820312,886.3483276367188,318502251
2011-02-21T00:00:00Z,890.8936767578125,895.4390869140625,877.257568359375,890.8936767578125,154005410
2011-02-22T00:00:00Z,863.6214599609375,872.7122192382812,859.0760498046875,863.6214599609375,212141414
2011-02-23T00:00:00Z,872.7122192382812,881.802978515625,859.0760498046875,872.7122192382812,170208689
2011-02-24T00:00:00Z,845.43994140625,868.1668090820312,836.3491821289062,845.43994140625,163077816
2011-02-25T00:00:00Z,859.0760498046875,863.6214599609375,845.43994140625,859.0760498046875,73858025
2011-02-28T00:00:00Z,854.5307006835938,859.0760498046875,840.8945922851562,854.5307006835938,173858002
2011-03-01T00:00:00Z,890.8936767578125,890.8936767578125,859.0760498046875,890.8936767578125,255138406
2011-03-02T00:00:00Z,890.8936767578125,890.8936767578125,877.257568359375,890.8936767578125,165140352
2011-03-03T00:00:00Z,895.4390869140625,895.4390869140625,881.802978515625,895.4390869140625,248326539
2011-03-04T00:00:00Z,954.5289916992188,954.5289916992188,904.5298461914062,954.5289916992188,567648304
2011-03-07T00:00:00Z,963.6196899414062,972.71044921875,936.3474731445312,963.6196899414062,312512647
2011-03-08T00:00:00Z,936.3474731445312,963.6196899414062,927.2567138671875,936.3474731445312,115931002
2011-03-09T00:00:00Z,936.3474731445312,954.5289916992188,918.1659545898438,936.3474731445312,154657171
2011-03-10T00:00:00Z,936.3474731445312,936.3474731445312,918.1659545898438,936.3474731445312,48101080
2011-03-11T00:00:00Z,936.3474731445312,936.3474731445312,909.0751953125,936.3474731445312,146360277
2011-03-14T00:00:00Z,954.5289916992188,963.6196899414062,918.1659545898438,954.5289916992188,145092506
2011-03-15T00:00:00Z,927.2567138671875,945.438232421875,918.1659545898438,927.2567138671875,138723396
2011-03-16T00:00:00Z,927.2567138671875,936.3474731445312,904.5298461914062,927.2567138671875,184514437
2011-03-17T00:00:00Z,918.1659545898438,918.1659545898438,899.9844360351562,918.1659545898438,118604048
2011-03-18T00:00:00Z,909.0751953125,918.1659545898438,904.5298461914062,909.0751953125,98487451
2011-03-21T00:00:00Z,927.2567138671875,927.2567138671875,904.5298461914062,927.2567138671875,78244351
2011-03-22T00:00:00Z,945.438232421875,945.438232421875,918.1659545898438,945.438232421875,168682413
2011-03-23T00:00:00Z,954.5289916992188,981.8012084960938,927.2567138671875,954.5289916992188,152206878
2011-03-24T00:00:00Z,963.6196899414062,963.6196899414062,945.438232421875,963.6196899414062,231078241
2011-03-25T00:00:00Z,972.71044921875,981.8012084960938,963.6196899414062,972.71044921875,219596792
2011-03-28T00:00:00Z,972.71044921875,972.71044921875,954.5289916992188,972.71044921875,93771119
2011-03-29T00:00:00Z,972.71044921875,981.8012084960938,945.438232421875,972.71044921875,124519400
2011-03-30T00:00:00Z,981.8012084960938,990.8919677734375,972.71044921875,981.8012084960938,109358388
2011-03-31T00:00:00Z,1045.4365234375,1054.5272216796875,999.9827270507812,1045.4365234375,522459524
2011-04-01T00:00:00Z,1063.6180419921875,1081.7994384765625,1054.5272216796875,1063.6180419921875,237873608
2011-04-04T00:00:00Z,1054.5272216796875,1081.7994384765625,1045.4365234375,1054.5272216796875,224527628
2011-04-05T00:00:00Z,1045.4365234375,1054.5272216796875,1027.2550048828125,1045.4365234375,135725844
2011-04-06T00:00:00Z,1081.7994384765625,1090.8902587890625,1027.2550048828125,1081.7994384765625,318802006
2011-04-07T00:00:00Z,1127.2532958984375,1127.2532958984375,1090.8902587890625,1127.2532958984375,325734876
2011-04-08T00:00:00Z,1145.434814453125,1163.6162109375,1127.2532958984375,1145.434814453125,249264305
2011-04-11T00:00:00Z,1118.1624755859375,1181.7977294921875,1109.07177734375,1118.1624755859375,165283354
2011-04-12T00:00:00Z,1118.1624755859375,1118.1624755859375,1099.98095703125,1118.1624755859375,136242853
2011-04-13T00:00:00Z,1127.2532958984375,1136.343994140625,1099.98095703125,1127.2532958984375,173299743
2011-04-14T00:00:00Z,1109.07177734375,1145.434814453125,1099.98095703125,1109.07177734375,159524755
2011-04-15T00:00:00Z,1118.1624755859375,1127.2532958984375,1109.07177734375,1118.1624755859375,83389690
2011-04-18T00:00:00Z,1136.343994140625,1136.343994140625,1118.1624755859375,1136.343994140625,129535487
2011-04-19T00:00:00Z,1136.343994140625,1136.343994140625,1109.07177734375,1136.343994140625,186684224
2011-04-20T00:00:00Z,1199.979248046875,1199.979248046875,1145.434814453125,1199.979248046875,358399940
2011-04-21T00:00:00Z,1181.7977294921875,1209.070068359375,1154.5255126953125,1181.7977294921875,271206934
2011-04-25T00:00:00Z,1181.7977294921875,1190.8885498046875,1163.6162109375,1181.7977294921875,84786714
2011-04-26T00:00:00Z,1172.70703125,1181.7977294921875,1154.5255126953125,1172.70703125,108956881
2011-04-27T00:00:00Z,1190.8885498046875,1199.979248046875,1172.70703125,1190.8885498046875,142620213
2011-04-28T00:00:00Z,1190.8885498046875,1199.979248046875,1172.70703125,1190.8885498046875,129444735
2011-04-29T00:00:00Z,1172.70703125,1199.979248046875,1145.434814453125,1172.70703125,206173811
2011-05-02T00:00:00Z,1190.8885498046875,1199.979248046875,1181.7977294921875,1190.8885498046875,197453410
2011-05-03T00:00:00Z,1172.70703125,1181.7977294921875,1154.5255126953125,1172.70703125,95943657
2011-05-04T00:00:00Z,1163.6162109375,1172.70703125,1145.434814453125,1163.6162109375,185314700
2011-05-05T00:00:00Z,1145.434814453125,1154.5255126953125,1136.343994140625,1145.434814453125,111167920
2011-05-06T00:00:00Z,1127.2532958984375,1145.434814453125,1109.07177734375,1127.2532958984375,331160719
2011-05-09T00:00:00Z,1109.07177734375,1127.2532958984375,1090.8902587890625,1109.07177734375,321244048
2011-05-10T00:00:00Z,1118.1624755859375,1118.1624755859375,1090.8902587890625,1118.1624755859375,171580963
2011-05-11T00:00:00Z,1145.434814453125,1145.434814453125,1118.1624755859375,1145.434814453125,176737302
2011-05-12T00:00:00Z,1127.2532958984375,1145.434814453125,1109.07177734375,1127.2532958984375,187586240
2011-05-13T00:00:00Z,1136.343994140625,1145.434814453125,1118.1624755859375,1136.343994140625,156722456
2011-05-16T00:00:00Z,1118.1624755859375,1136.343994140625,1099.98095703125,1118.1624755859375,139875665
2011-05-18T00:00:00Z,1154.5255126953125,1163.6162109375,1127.2532958984375,1154.5255126953125,309674598
2011-05-19T00:00:00Z,1190.8885498046875,1190.8885498046875,1172.70703125,1190.8885498046875,396837354
2011-05-20T00:00:00Z,1190.8885498046875,1190.8885498046875,1172.70703125,1190.8885498046875,110461157
2011-05-23T00:00:00Z,1136.343994140625,1172.70703125,1118.1624755859375,1136.343994140625,312056139
2011-05-24T00:00:00Z,1127.2532958984375,1145.434814453125,1118.1624755859375,1127.2532958984375,194098352
2011-05-25T00:00:00Z,1118.1624755859375,1127.2532958984375,1109.07177734375,1118.1624755859375,213464187
2011-05-26T00:00:00Z,1136.343994140625,1145.434814453125,1127.2532958984375,1136.343994140625,133429554
2011-05-27T00:00:00Z,1136.343994140625,1145.434814453125,1127.2532958984375,1136.343994140625,155946943
2011-05-30T00:00:00Z,1163.6162109375,1163.6162109375,1127.2532958984375,1163.6162109375,183972677
2011-05-31T00:00:00Z,1154.5255126953125,1181.7977294921875,1145.434814453125,1154.5255126953125,202560248
2011-06-01T00:00:00Z,1136.343994140625,1181.7977294921875,1136.343994140625,1136.343994140625,193740846
2011-06-03T00:00:00Z,1181.7977294921875,1181.7977294921875,1136.343994140625,1181.7977294921875,226653414
2011-06-06T00:00:00Z,1154.5255126953125,1181.7977294921875,1145.434814453125,1154.5255126953125,95418398
2011-06-07T00:00:00Z,1163.6162109375,1172.70703125,1145.434814453125,1163.6162109375,104834560
2011-06-08T00:00:00Z,1163.6162109375,1172.70703125,1145.434814453125,1163.6162109375,127866208
2011-06-09T00:00:00Z,1145.434814453125,1163.6162109375,1145.434814453125,1145.434814453125,96457916
2011-06-10T00:00:00Z,1145.434814453125,1163.6162109375,1145.434814453125,1145.434814453125,71776239
2011-06-13T00:00:00Z,1136.343994140625,1145.434814453125,1118.1624755859375,1136.343994140625,101165997
2011-06-14T00:00:00Z,1145.434814453125,1154.5255126953125,1127.2532958984375,1145.434814453125,145153007
2011-06-15T00:00:00Z,1163.6162109375,1163.6162109375,1145.434814453125,1163.6162109375,162448055
2011-06-16T00:00:00Z,1118.1624755859375,1154.5255126953125,1118.1624755859375,1118.1624755859375,169125171
2011-06-17T00:00:00Z,1127.2532958984375,1136.343994140625,1109.07177734375,1127.2532958984375,129403485
2011-06-20T00:00:00Z,1136.343994140625,1145.434814453125,1127.2532958984375,1136.343994140625,88411277
2011-06-21T00:00:00Z,1154.5255126953125,1163.6162109375,1136.343994140625,1154.5255126953125,130819759
2011-06-22T00:00:00Z,1154.5255126953125,1172.70703125,1154.5255126953125,1154.5255126953125,131537521
2011-06-23T00:00:00Z,1154.5255126953125,1163.6162109375,1145.434814453125,1154.5255126953125,145334510
2011-06-24T00:00:00Z,1172.70703125,1181.7977294921875,1154.5255126953125,1172.70703125,126744189
2011-06-27T00:00:00Z,1163.6162109375,1172.70703125,1154.5255126953125,1163.6162109375,81643410
2011-06-28T00:00:00Z,1163.6162109375,1172.70703125,1154.5255126953125,1163.6162109375,122341363
2011-06-30T00:00:00Z,1181.7977294921875,1190.8885498046875,1172.70703125,1181.7977294921875,223188355
2011-07-01T00:00:00Z,1218.1607666015625,1227.2515869140625,1190.8885498046875,1218.1607666015625,396070091
2011-07-05T00:00:00Z,1218.1607666015625,1263.614501953125,1209.070068359375,1218.1607666015625,118315293
2011-07-06T00:00:00Z,1199.979248046875,1209.070068359375,1181.7977294921875,1199.979248046875,137714128
2011-07-07T00:00:00Z,1209.070068359375,1227.2515869140625,1199.979248046875,1209.070068359375,129810492
2011-07-08T00:00:00Z,1236.34228515625,1245.4329833984375,1209.070068359375,1236.34228515625,157057962
2011-07-11T00:00:00Z,1245.4329833984375,1245.4329833984375,1218.1607666015625,1245.4329833984375,83103685
2011-07-12T00:00:00Z,1227.2515869140625,1236.34228515625,1209.070068359375,1227.2515869140625,126260180
2011-07-13T00:00:00Z,1227.2515869140625,1236.34228515625,1209.070068359375,1227.2515869140625,48224832
2011-07-14T00:00:00Z,1227.2515869140625,1227.2515869140625,1209.070068359375,1227.2515869140625,79734877
2011-07-15T00:00:00Z,1227.2515869140625,1254.5238037109375,1218.1607666015625,1227.2515869140625,236209829
2011-07-18T00:00:00Z,1218.1607666015625,1227.2515869140625,1199.979248046875,1218.1607666015625,115570746
2011-07-19T00:00:00Z,1209.070068359375,1209.070068359375,1199.979248046875,1209.070068359375,130341251
2011-07-20T00:00:00Z,1209.070068359375,1227.2515869140625,1199.979248046875,1209.070068359375,91232825
2011-07-21T00:00:00Z,1209.070068359375,1227.2515869140625,1190.8885498046875,1209.070068359375,175062523
2011-07-22T00:00:00Z,1209.070068359375,1218.1607666015625,1181.7977294921875,1209.070068359375,282218124
2011-07-25T00:00:00Z,1199.979248046875,1209.070068359375,1181.7977294921875,1199.979248046875,151340614
2011-07-26T00:00:00Z,1209.070068359375,1227.2515869140625,1190.8885498046875,1209.070068359375,231936256
2011-07-27T00:00:00Z,1254.5238037109375,1263.614501953125,1209.070068359375,1254.5238037109375,381241834
2011-07-28T00:00:00Z,1236.34228515625,1245.4329833984375,1218.1607666015625,1236.34228515625,196515644
2011-07-29T00:00:00Z,1254.5238037109375,1263.614501953125,1227.2515869140625,1254.5238037109375,218903781
2011-08-01T00:00:00Z,1309.0682373046875,1309.0682373046875,1263.614501953125,1309.0682373046875,308010820
2011-08-02T00:00:00Z,1318.1590576171875,1318.1590576171875,1281.7960205078125,1318.1590576171875,168767665
2011-08-03T00:00:00Z,1309.0682373046875,1309.0682373046875,1281.7960205078125,1309.0682373046875,159904261
2011-08-04T00:00:00Z,1290.8868408203125,1299.9775390625,1263.614501953125,1290.8868408203125,192519825
2011-08-05T00:00:00Z,1209.070068359375,1236.34228515625,1190.8885498046875,1209.070068359375,490902729
2011-08-08T00:00:00Z,1181.7977294921875,1190.8885498046875,1136.343994140625,1181.7977294921875,609520527
2011-08-09T00:00:00Z,1145.434814453125,1209.070068359375,1090.8902587890625,1145.434814453125,550545759
2011-08-10T00:00:00Z,1190.8885498046875,1209.070068359375,1181.7977294921875,1190.8885498046875,420009254
2011-08-11T00:00:00Z,1172.70703125,1199.979248046875,1163.6162109375,1172.70703125,283694900
2011-08-12T00:00:00Z,1181.7977294921875,1199.979248046875,1163.6162109375,1181.7977294921875,240378901
2011-08-15T00:00:00Z,1199.979248046875,1209.070068359375,1172.70703125,1199.979248046875,130960011
2011-08-16T00:00:00Z,1218.1607666015625,1236.34228515625,1199.979248046875,1218.1607666015625,298429654
2011-08-18T00:00:00Z,1245.4329833984375,1245.4329833984375,1218.1607666015625,1245.4329833984375,201399728
2011-08-19T00:00:00Z,1163.6162109375,1209.070068359375,1145.434814453125,1163.6162109375,396048090
2011-08-22T00:00:00Z,1154.5255126953125,1172.70703125,1118.1624755859375,1154.5255126953125,265632588
2011-08-23T00:00:00Z,1172.70703125,1172.70703125,1145.434814453125,1172.70703125,163616826
2011-08-24T00:00:00Z,1163.6162109375,1199.979248046875,1163.6162109375,1163.6162109375,235835823
2011-08-25T00:00:00Z,1181.7977294921875,1199.979248046875,1172.70703125,1181.7977294921875,92827853
2011-08-26T00:00:00Z,1190.8885498046875,1199.979248046875,1172.70703125,1190.8885498046875,102365018
2011-09-05T00:00:00Z,1209.070068359375,1254.5238037109375,1199.979248046875,1209.070068359375,466751811
2011-09-06T00:00:00Z,1209.070068359375,1227.2515869140625,1181.7977294921875,1209.070068359375,270379170
2011-09-07T00:00:00Z,1245.4329833984375,1245.4329833984375,1209.070068359375,1245.4329833984375,125666170
2011-09-08T00:00:00Z,1263.614501953125,1272.705322265625,1245.4329833984375,1263.614501953125,192492324
2011-09-09T00:00:00Z,1245.4329833984375,1263.614501953125,1245.4329833984375,1245.4329833984375,80543391
2011-09-12T00:00:00Z,1199.979248046875,1227.2515869140625,1190.8885498046875,1199.979248046875,99474718
2011-09-13T00:00:00Z,1163.6162109375,1209.070068359375,1154.5255126953125,1163.6162109375,380482821
2011-09-14T00:00:00Z,1118.1624755859375,1181.7977294921875,1109.07177734375,1118.1624755859375,439713344
2011-09-15T00:00:00Z,1145.434814453125,1145.434814453125,1099.98095703125,1145.434814453125,321431051
2011-09-16T00:00:00Z,1172.70703125,1181.7977294921875,1136.343994140625,1172.70703125,189008014
2011-09-19T00:00:00Z,1118.1624755859375,1163.6162109375,1118.1624755859375,1118.1624755859375,159134248
2011-09-20T00:00:00Z,1127.2532958984375,1127.2532958984375,1081.7994384765625,1127.2532958984375,501545412
2011-09-21T00:00:00Z,1109.07177734375,1127.2532958984375,1099.98095703125,1109.07177734375,184786691
2011-09-22T00:00:00Z,963.6196899414062,1081.7994384765625,963.6196899414062,963.6196899414062,532640199
2011-09-23T00:00:00Z,1018.1642456054688,1036.345703125,909.0751953125,1018.1642456054688,385413657
2011-09-26T00:00:00Z,972.71044921875,1027.2550048828125,936.3474731445312,972.71044921875,467186319
2011-09-27T00:00:00Z,1045.4365234375,1054.5272216796875,990.8919677734375,1045.4365234375,483747105
2011-09-28T00:00:00Z,1072.708740234375,1081.7994384765625,1027.2550048828125,1072.708740234375,495338555
2011-09-29T00:00:00Z,1072.708740234375,1109.07177734375,1045.4365234375,1072.708740234375,367992106
2011-09-30T00:00:00Z,1063.6180419921875,1090.8902587890625,1045.4365234375,1063.6180419921875,272708460
2011-10-03T00:00:00Z,963.6196899414062,1036.345703125,954.5289916992188,963.6196899414062,358952699
2011-10-04T00:00:00Z,963.6196899414062,990.8919677734375,936.3474731445312,963.6196899414062,427739638
2011-10-05T00:00:00Z,981.8012084960938,999.9827270507812,972.71044921875,981.8012084960938,178084825
2011-10-06T00:00:00Z,1081.7994384765625,1081.7994384765625,1009.073486328125,1081.7994384765625,299933930
2011-10-07T00:00:00Z,1054.5272216796875,1145.434814453125,1054.5272216796875,1054.5272216796875,368542115
2011-10-10T00:00:00Z,1099.98095703125,1099.98095703125,1054.5272216796875,1099.98095703125,114151721
2011-10-11T00:00:00Z,1136.343994140625,1145.434814453125,1118.1624755859375,1136.343994140625,345097960
2011-10-12T00:00:00Z,1172.70703125,1172.70703125,1118.1624755859375,1172.70703125,315254445
2011-10-13T00:00:00Z,1172.70703125,1199.979248046875,1154.5255126953125,1172.70703125,172262975
2011-10-14T00:00:00Z,1190.8885498046875,1209.070068359375,1154.5255126953125,1190.8885498046875,230781236
2011-10-17T00:00:00Z,1218.1607666015625,1227.2515869140625,1199.979248046875,1218.1607666015625,129216481
2011-10-18T00:00:00Z,1163.6162109375,1190.8885498046875,1145.434814453125,1163.6162109375,167714396
2011-10-19T00:00:00Z,1172.70703125,1199.979248046875,1172.70703125,1172.70703125,101938760
2011-10-20T00:00:00Z,1145.434814453125,1181.7977294921875,1127.2532958984375,1145.434814453125,143714732
2011-10-21T00:00:00Z,1145.434814453125,1154.5255126953125,1118.1624755859375,1145.434814453125,199430694
2011-10-24T00:00:00Z,1181.7977294921875,1199.979248046875,1172.70703125,1181.7977294921875,268313884
2011-10-25T00:00:00Z,1181.7977294921875,1209.070068359375,1172.70703125,1181.7977294921875,206963074
2011-10-26T00:00:00Z,1209.070068359375,1209.070068359375,1163.6162109375,1209.070068359375,141778698
2011-10-27T00:00:00Z,1227.2515869140625,1236.34228515625,1209.070068359375,1227.2515869140625,304133253
2011-10-28T00:00:00Z,1236.34228515625,1254.5238037109375,1218.1607666015625,1236.34228515625,289068492
2011-10-31T00:00:00Z,1227.2515869140625,1236.34228515625,1199.979248046875,1227.2515869140625,140549427
2011-11-01T00:00:00Z,1190.8885498046875,1227.2515869140625,1181.7977294921875,1190.8885498046875,102777525
2011-11-02T00:00:00Z,1218.1607666015625,1218.1607666015625,1154.5255126953125,1218.1607666015625,220850814
2011-11-03T00:00:00Z,1199.979248046875,1209.070068359375,1181.7977294921875,1199.979248046875,143205973
2011-11-04T00:00:00Z,1236.34228515625,1254.5238037109375,1218.1607666015625,1236.34228515625,322330317
2011-11-07T00:00:00Z,1245.4329833984375,1245.4329833984375,1227.2515869140625,1245.4329833984375,115020736
2011-11-08T00:00:00Z,1245.4329833984375,1254.5238037109375,1236.34228515625,1245.4329833984375,70744971
2011-11-09T00:00:00Z,1281.7960205078125,1281.7960205078125,1236.34228515625,1281.7960205078125,334590029
2011-11-10T00:00:00Z,1254.5238037109375,1263.614501953125,1236.34228515625,1254.5238037109375,235824823
2011-11-11T00:00:00Z,1245.4329833984375,1263.614501953125,1245.4329833984375,1245.4329833984375,68201178
2011-11-14T00:00:00Z,1263.614501953125,1272.705322265625,1245.4329833984375,1263.614501953125,74267782
2011-11-15T00:00:00Z,1254.5238037109375,1263.614501953125,1245.4329833984375,1254.5238037109375,66864654
2011-11-16T00:00:00Z,1263.614501953125,1263.614501953125,1236.34228515625,1263.614501953125,97687187
2011-11-17T00:00:00Z,1236.34228515625,1254.5238037109375,1227.2515869140625,1236.34228515625,94312879
2011-11-18T00:00:00Z,1209.070068359375,1227.2515869140625,1199.979248046875,1209.070068359375,229716967
2011-11-21T00:00:00Z,1181.7977294921875,1199.979248046875,1181.7977294921875,1181.7977294921875,123936390
2011-11-22T00:00:00Z,1218.1607666015625,1227.2515869140625,1181.7977294921875,1218.1607666015625,164257587
2011-11-23T00:00:00Z,1209.070068359375,1209.070068359375,1190.8885498046875,1209.070068359375,61823817
2011-11-24T00:00:00Z,1209.070068359375,1218.1607666015625,1199.979248046875,1209.070068359375,120449330
2011-11-25T00:00:00Z,1190.8885498046875,1227.2515869140625,1190.8885498046875,1190.8885498046875,198118921
2011-11-28T00:00:00Z,1163.6162109375,1218.1607666015625,1154.5255126953125,1163.6162109375,128578470
2011-11-29T00:00:00Z,1181.7977294921875,1199.979248046875,1163.6162109375,1181.7977294921875,218257519
2011-11-30T00:00:00Z,1181.7977294921875,1199.979248046875,1172.70703125,1181.7977294921875,165423607
2011-12-02T00:00:00Z,1218.1607666015625,1227.2515869140625,1218.1607666015625,1218.1607666015625,72989010
2011-12-05T00:00:00Z,1227.2515869140625,1227.2515869140625,1209.070068359375,1227.2515869140625,36465629
2011-12-06T00:00:00Z,1209.070068359375,1227.2515869140625,1190.8885498046875,1209.070068359375,73937777
2011-12-07T00:00:00Z,1218.1607666015625,1227.2515869140625,1209.070068359375,1218.1607666015625,91136574
2011-12-08T00:00:00Z,1227.2515869140625,1236.34228515625,1199.979248046875,1227.2515869140625,132590790
2011-12-09T00:00:00Z,1218.1607666015625,1218.1607666015625,1190.8885498046875,1218.1607666015625,111998434
2011-12-12T00:00:00Z,1218.1607666015625,1227.2515869140625,1199.979248046875,1218.1607666015625,106556090
2011-12-13T00:00:00Z,1190.8885498046875,1199.979248046875,1172.70703125,1190.8885498046875,177859322
2011-12-14T00:00:00Z,1199.979248046875,1199.979248046875,1181.7977294921875,1199.979248046875,73679272
2011-12-15T00:00:00Z,1181.7977294921875,1190.8885498046875,1154.5255126953125,1181.7977294921875,162901813
2011-12-16T00:00:00Z,1236.34228515625,1236.34228515625,1199.979248046875,1236.34228515625,218573775
2011-12-20T00:00:00Z,1254.5238037109375,1254.5238037109375,1236.34228515625,1254.5238037109375,138363139
2011-12-21T00:00:00Z,1272.705322265625,1281.7960205078125,1254.5238037109375,1272.705322265625,123034375
2011-12-22T00:00:00Z,1245.4329833984375,1263.614501953125,1236.34228515625,1245.4329833984375,106748593
2011-12-23T00:00:00Z,1245.4329833984375,1254.5238037109375,1227.2515869140625,1245.4329833984375,78098598
2011-12-27T00:00:00Z,1245.4329833984375,1254.5238037109375,1236.34228515625,1245.4329833984375,54406939
2011-12-28T00:00:00Z,1218.1607666015625,1254.5238037109375,1209.070068359375,1218.1607666015625,62637831
2011-12-29T00:00:00Z,1227.2515869140625,1245.4329833984375,1199.979248046875,1227.2515869140625,74518037
2011-12-30T00:00:00Z,1227.2515869140625,1245.4329833984375,1227.2515869140625,1227.2515869140625,60294791
2012-01-02T00:00:00Z,1236.34228515625,1245.4329833984375,1227.2515869140625,1236.34228515625,17418800
2012-01-03T00:00:00Z,1254.5238037109375,1263.614501953125,1236.34228515625,1254.5238037109375,90179557
2012-01-04T00:00:00Z,1263.614501953125,1263.614501953125,1245.4329833984375,1263.614501953125,166300872
2012-01-05T00:00:00Z,1263.614501953125,1272.705322265625,1245.4329833984375,1263.614501953125,147773802
2012-01-06T00:00:00Z,1254.5238037109375,1272.705322265625,1245.4329833984375,1254.5238037109375,115661497
2012-01-09T00:00:00Z,1272.705322265625,1272.705322265625,1245.4329833984375,1272.705322265625,128028461
2012-01-10T00:00:00Z,1281.7960205078125,1290.8868408203125,1263.614501953125,1281.7960205078125,107276602
2012-01-11T00:00:00Z,1272.705322265625,1299.9775390625,1272.705322265625,1272.705322265625,176481548
2012-01-12T00:00:00Z,1254.5238037109375,1272.705322265625,1245.4329833984375,1254.5238037109375,145386761
2012-01-13T00:00:00Z,1245.4329833984375,1263.614501953125,1236.34228515625,1245.4329833984375,16
2012-01-16T00:00:00Z,1236.34228515625,1254.5238037109375,1227.2515869140625,1236.34228515625,183188914
2012-01-17T00:00:00Z,1263.614501953125,1263.614501953125,1236.34228515625,1263.614501953125,136889114
2012-01-18T00:00:00Z,1281.7960205078125,1281.7960205078125,1245.4329833984375,1281.7960205078125,213717191
2012-01-19T00:00:00Z,1299.9775390625,1309.0682373046875,1281.7960205078125,1299.9775390625,240156148
2012-01-20T00:00:00Z,1281.7960205078125,1299.9775390625,1272.705322265625,1281.7960205078125,106377337
2012-01-24T00:00:00Z,1272.705322265625,1290.8868408203125,1263.614501953125,1272.705322265625,68517433
2012-01-25T00:00:00Z,1263.614501953125,1272.705322265625,1254.5238037109375,1263.614501953125,74916793
2012-01-26T00:00:00Z,1272.705322265625,1272.705322265625,1254.5238037109375,1272.705322265625,71204229
2012-01-27T00:00:00Z,1272.705322265625,1281.7960205078125,1254.5238037109375,1272.705322265625,141847450
2012-01-30T00:00:00Z,1254.5238037109375,1272.705322265625,1245.4329833984375,1254.5238037109375,132445037
2012-01-31T00:00:00Z,1245.4329833984375,1272.705322265625,1227.2515869140625,1245.4329833984375,223581611
2012-02-01T00:00:00Z,1281.7960205078125,1290.8868408203125,1254.5238037109375,1281.7960205078125,185476953
2012-02-02T00:00:00Z,1290.8868408203125,1299.9775390625,1272.705322265625,1290.8868408203125,179806355
2012-02-03T00:00:00Z,1299.9775390625,1318.1590576171875,1290.8868408203125,1299.9775390625,163143817
2012-02-06T00:00:00Z,1272.705322265625,1318.1590576171875,1254.5238037109375,1272.705322265625,172414228
2012-02-07T00:00:00Z,1245.4329833984375,1272.705322265625,1245.4329833984375,1245.4329833984375,168654913
2012-02-08T00:00:00Z,1299.9775390625,1309.0682373046875,1263.614501953125,1299.9775390625,235681820
2012-02-09T00:00:00Z,1263.614501953125,1299.9775390625,1254.5238037109375,1263.614501953125,185834459
2012-02-10T00:00:00Z,1209.070068359375,1263.614501953125,1190.8885498046875,1209.070068359375,490679975
2012-02-13T00:00:00Z,1245.4329833984375,1245.4329833984375,1190.8885498046875,1245.4329833984375,173442745
2012-02-14T00:00:00Z,1218.1607666015625,1245.4329833984375,1209.070068359375,1218.1607666015625,126554435
2012-02-15T00:00:00Z,1209.070068359375,1227.2515869140625,1199.979248046875,1209.070068359375,140684179
2012-02-16T00:00:00Z,1227.2515869140625,1236.34228515625,1190.8885498046875,1227.2515869140625,127538952
2012-02-17T00:00:00Z,1236.34228515625,1245.4329833984375,1218.1607666015625,1236.34228515625,97172928
2012-02-20T00:00:00Z,1236.34228515625,1245.4329833984375,1227.2515869140625,1236.34228515625,75898560
2012-02-21T00:00:00Z,1254.5238037109375,1263.614501953125,1227.2515869140625,1254.5238037109375,149885838
2012-02-22T00:00:00Z,1263.614501953125,1272.705322265625,1254.5238037109375,1263.614501953125,117182274
2012-02-23T00:00:00Z,1245.4329833984375,1263.614501953125,1245.4329833984375,1245.4329833984375,94439381
2012-02-24T00:00:00Z,1236.34228515625,1254.5238037109375,1199.979248046875,1236.34228515625,360228722
2012-02-27T00:00:00Z,1209.070068359375,1236.34228515625,1190.8885498046875,1209.070068359375,214110448
2012-02-28T00:00:00Z,1209.070068359375,1227.2515869140625,1209.070068359375,1209.070068359375,179710104
2012-02-29T00:00:00Z,1254.5238037109375,1263.614501953125,1209.070068359375,1254.5238037109375,298250901
2012-03-01T00:00:00Z,1218.1607666015625,1254.5238037109375,1199.979248046875,1218.1607666015625,283813152
2012-03-02T00:00:00Z,1209.070068359375,1227.2515869140625,1190.8885498046875,1209.070068359375,391983520
2012-03-05T00:00:00Z,1209.070068359375,1209.070068359375,1190.8885498046875,1209.070068359375,101011994
2012-03-06T00:00:00Z,1199.979248046875,1199.979248046875,1181.7977294921875,1199.979248046875,223504610
2012-03-07T00:00:00Z,1172.70703125,1199.979248046875,1163.6162109375,1172.70703125,408747810
2012-03-08T00:00:00Z,1163.6162109375,1190.8885498046875,1163.6162109375,1163.6162109375,290380265
2012-03-09T00:00:00Z,1172.70703125,1199.979248046875,1163.6162109375,1172.70703125,16
2012-03-12T00:00:00Z,1209.070068359375,1209.070068359375,1181.7977294921875,1209.070068359375,208343598
2012-03-13T00:00:00Z,1227.2515869140625,1236.34228515625,1209.070068359375,1227.2515869140625,427112627
2012-03-14T00:00:00Z,1236.34228515625,1245.4329833984375,1218.1607666015625,1236.34228515625,337015571
2012-03-15T00:00:00Z,1236.34228515625,1245.4329833984375,1227.2515869140625,1236.34228515625,139938917
2012-03-16T00:00:00Z,1236.34228515625,1236.34228515625,1218.1607666015625,1236.34228515625,106182084
2012-03-19T00:00:00Z,1236.34228515625,1236.34228515625,1218.1607666015625,1236.34228515625,80191385
2012-03-20T00:00:00Z,1218.1607666015625,1227.2515869140625,1199.979248046875,1218.1607666015625,171308708
2012-03-21T00:00:00Z,1227.2515869140625,1227.2515869140625,1209.070068359375,1227.2515869140625,92775602
2012-03-22T00:00:00Z,1236.34228515625,1245.4329833984375,1227.2515869140625,1236.34228515625,161207784
2012-03-26T00:00:00Z,1227.2515869140625,1245.4329833984375,1218.1607666015625,1227.2515869140625,135351837
2012-03-27T00:00:00Z,1236.34228515625,1245.4329833984375,1227.2515869140625,1236.34228515625,174289760
2012-03-28T00:00:00Z,1254.5238037109375,1254.5238037109375,1227.2515869140625,1254.5238037109375,167169887
2012-03-29T00:00:00Z,1272.705322265625,1272.705322265625,1245.4329833984375,1272.705322265625,221964583
2012-03-30T00:00:00Z,1263.614501953125,1281.7960205078125,1254.5238037109375,1263.614501953125,174754518
2012-04-02T00:00:00Z,1281.7960205078125,1290.8868408203125,1272.705322265625,1281.7960205078125,142884217
2012-04-04T00:00:00Z,1272.705322265625,1290.8868408203125,1263.614501953125,1272.705322265625,124805405
2012-04-05T00:00:00Z,1272.705322265625,1272.705322265625,1254.5238037109375,1272.705322265625,120014822
2012-04-09T00:00:00Z,1254.5238037109375,1254.5238037109375,1245.4329833984375,1254.5238037109375,31785049
2012-04-10T00:00:00Z,1254.5238037109375,1254.5238037109375,1236.34228515625,1254.5238037109375,149264328
2012-04-11T00:00:00Z,1254.5238037109375,1254.5238037109375,1236.34228515625,1254.5238037109375,123895139
2012-04-12T00:00:00Z,1272.705322265625,1272.705322265625,1245.4329833984375,1272.705322265625,115097738
2012-04-13T00:00:00Z,1272.705322265625,1272.705322265625,1254.5238037109375,1272.705322265625,86565995
2012-04-16T00:00:00Z,1281.7960205078125,1281.7960205078125,1263.614501953125,1281.7960205078125,99122712
2012-04-17T00:00:00Z,1272.705322265625,1281.7960205078125,1263.614501953125,1272.705322265625,139669412
2012-04-18T00:00:00Z,1263.614501953125,1272.705322265625,1245.4329833984375,1263.614501953125,130041496
2012-04-19T00:00:00Z,1263.614501953125,1263.614501953125,1254.5238037109375,1263.614501953125,31983052
2012-04-20T00:00:00Z,1263.614501953125,1272.705322265625,1254.5238037109375,1263.614501953125,42675237
2012-04-23T00:00:00Z,1272.705322265625,1281.7960205078125,1263.614501953125,1272.705322265625,93991123
2012-04-24T00:00:00Z,1254.5238037109375,1281.7960205078125,1245.4329833984375,1254.5238037109375,188793510
2012-04-25T00:00:00Z,1254.5238037109375,1254.5238037109375,1236.34228515625,1254.5238037109375,182245647
2012-04-26T00:00:00Z,1263.614501953125,1272.705322265625,1245.4329833984375,1263.614501953125,291538035
2012-04-27T00:00:00Z,1218.1607666015625,1263.614501953125,1209.070068359375,1218.1607666015625,455407866
2012-04-30T00:00:00Z,1209.070068359375,1209.070068359375,1172.70703125,1209.070068359375,622181746
2012-05-01T00:00:00Z,1209.070068359375,1218.1607666015625,1190.8885498046875,1209.070068359375,376123996
2012-05-02T00:00:00Z,1209.070068359375,1218.1607666015625,1190.8885498046875,1209.070068359375,16
2012-05-03T00:00:00Z,1190.8885498046875,1190.8885498046875,1172.70703125,1190.8885498046875,381294085
2012-05-04T00:00:00Z,1190.8885498046875,1190.8885498046875,1172.70703125,1190.8885498046875,267530120
2012-05-07T00:00:00Z,1181.7977294921875,1181.7977294921875,1154.5255126953125,1181.7977294921875,202755502
2012-05-08T00:00:00Z,1199.979248046875,1199.979248046875,1172.70703125,1199.979248046875,262607535
2012-05-09T00:00:00Z,1181.7977294921875,1190.8885498046875,1172.70703125,1181.7977294921875,178698086
2012-05-10T00:00:00Z,1172.70703125,1199.979248046875,1172.70703125,1172.70703125,159843760
2012-05-11T00:00:00Z,1172.70703125,1172.70703125,1154.5255126953125,1172.70703125,172669982
2012-05-14T00:00:00Z,1118.1624755859375,1172.70703125,1109.07177734375,1118.1624755859375,291117278
2012-05-15T00:00:00Z,1127.2532958984375,1136.343994140625,1109.07177734375,1127.2532958984375,259860238
2012-05-16T00:00:00Z,1090.8902587890625,1109.07177734375,1063.6180419921875,1090.8902587890625,512644604
2012-05-21T00:00:00Z,1063.6180419921875,1072.708740234375,1027.2550048828125,1063.6180419921875,602623408
2012-05-22T00:00:00Z,1081.7994384765625,1090.8902587890625,1063.6180419921875,1081.7994384765625,392844285
2012-05-23T00:00:00Z,1081.7994384765625,1081.7994384765625,1054.5272216796875,1081.7994384765625,236757089
2012-05-24T00:00:00Z,1081.7994384765625,1081.7994384765625,1063.6180419921875,1081.7994384765625,132282784
2012-05-25T00:00:00Z,1054.5272216796875,1081.7994384765625,1036.345703125,1054.5272216796875,310942370
2012-05-28T00:00:00Z,1054.5272216796875,1063.6180419921875,1045.4365234375,1054.5272216796875,181830390
2012-05-29T00:00:00Z,1063.6180419921875,1081.7994384765625,1045.4365234375,1063.6180419921875,123939140
2012-05-30T00:00:00Z,1072.708740234375,1081.7994384765625,1054.5272216796875,1072.708740234375,138935149
2012-05-31T00:00:00Z,1027.2550048828125,1054.5272216796875,1018.1642456054688,1027.2550048828125,406209516
2012-06-01T00:00:00Z,999.9827270507812,1027.2550048828125,990.8919677734375,999.9827270507812,294535587
2012-06-04T00:00:00Z,954.5289916992188,963.6196899414062,936.3474731445312,954.5289916992188,303140485
2012-06-05T00:00:00Z,972.71044921875,981.8012084960938,963.6196899414062,972.71044921875,260908006
2012-06-06T00:00:00Z,1081.7994384765625,1081.7994384765625,990.8919677734375,1081.7994384765625,509325297
2012-06-07T00:00:00Z,1072.708740234375,1127.2532958984375,1063.6180419921875,1072.708740234375,373635203
2012-06-08T00:00:00Z,1072.708740234375,1072.708740234375,1054.5272216796875,1072.708740234375,68863939
2012-06-11T00:00:00Z,1118.1624755859375,1118.1624755859375,1090.8902587890625,1118.1624755859375,275640010
2012-06-12T00:00:00Z,1099.98095703125,1109.07177734375,1081.7994384765625,1099.98095703125,130726257
2012-06-13T00:00:00Z,1099.98095703125,1118.1624755859375,1090.8902587890625,1099.98095703125,140035168
2012-06-14T00:00:00Z,1081.7994384765625,1090.8902587890625,1063.6180419921875,1081.7994384765625,190088783
2012-06-15T00:00:00Z,1081.7994384765625,1090.8902587890625,1063.6180419921875,1081.7994384765625,128399717
2012-06-18T00:00:00Z,1090.8902587890625,1109.07177734375,1090.8902587890625,1090.8902587890625,123936390
2012-06-19T00:00:00Z,1081.7994384765625,1099.98095703125,1072.708740234375,1081.7994384765625,61502062
2012-06-20T00:00:00Z,1109.07177734375,1109.07177734375,1081.7994384765625,1109.07177734375,154346415
2012-06-21T00:00:00Z,1099.98095703125,1109.07177734375,1090.8902587890625,1099.98095703125,121596100
2012-06-22T00:00:00Z,1081.7994384765625,1090.8902587890625,1072.708740234375,1081.7994384765625,109135635
2012-06-25T00:00:00Z,1090.8902587890625,1118.1624755859375,1090.8902587890625,1099.98095703125,215386470
2012-06-26T00:00:00Z,1099.98095703125,1099.98095703125,1090.8902587890625,1099.98095703125,80246386
2012-06-27T00:00:00Z,1099.98095703125,1145.434814453125,1090.8902587890625,1127.2532958984375,453438831
2012-06-28T00:00:00Z,1127.2532958984375,1154.5255126953125,1127.2532958984375,1127.2532958984375,138299888
2012-06-29T00:00:00Z,1127.2532958984375,1154.5255126953125,1127.2532958984375,1154.5255126953125,148491564
2012-07-02T00:00:00Z,1154.5255126953125,1163.6162109375,1145.434814453125,1154.5255126953125,131369769
2012-07-03T00:00:00Z,1190.8885498046875,1190.8885498046875,1163.6162109375,1190.8885498046875,284151407
2012-07-04T00:00:00Z,1190.8885498046875,1209.070068359375,1181.7977294921875,1190.8885498046875,205700802
2012-07-05T00:00:00Z,1209.070068359375,1209.070068359375,1181.7977294921875,1209.070068359375,159964762
2012-07-06T00:00:00Z,1218.1607666015625,1236.34228515625,1209.070068359375,1218.1607666015625,323779592
2012-07-09T00:00:00Z,1209.070068359375,1218.1607666015625,1199.979248046875,1209.070068359375,153075893
2012-07-10T00:00:00Z,1218.1607666015625,1218.1607666015625,1209.070068359375,1218.1607666015625,105024314
2012-07-11T00:00:00Z,1218.1607666015625,1227.2515869140625,1209.070068359375,1218.1607666015625,122214860
2012-07-12T00:00:00Z,1190.8885498046875,1218.1607666015625,1181.7977294921875,1190.8885498046875,166666628
2012-07-13T00:00:00Z,1190.8885498046875,1199.979248046875,1181.7977294921875,1190.8885498046875,44119012
2012-07-16T00:00:00Z,1199.979248046875,1218.1607666015625,1190.8885498046875,1199.979248046875,98462700
2012-07-17T00:00:00Z,1190.8885498046875,1209.070068359375,1190.8885498046875,1190.8885498046875,60990553
2012-07-18T00:00:00Z,1199.979248046875,1218.1607666015625,1199.979248046875,1199.979248046875,127406950
2012-07-19T00:00:00Z,1209.070068359375,1218.1607666015625,1199.979248046875,1209.070068359375,85702480
2012-07-20T00:00:00Z,1190.8885498046875,1218.1607666015625,1190.8885498046875,1190.8885498046875,138071634
2012-07-23T00:00:00Z,1163.6162109375,1181.7977294921875,1154.5255126953125,1163.6162109375,74974544
2012-07-24T00:00:00Z,1154.5255126953125,1181.7977294921875,1136.343994140625,1154.5255126953125,134994331
2012-07-25T00:00:00Z,1154.5255126953125,1163.6162109375,1145.434814453125,1154.5255126953125,36916637
2012-07-26T00:00:00Z,1154.5255126953125,1172.70703125,1154.5255126953125,1154.5255126953125,58958268
2012-07-27T00:00:00Z,1218.1607666015625,1227.2515869140625,1172.70703125,1218.1607666015625,351813576
2012-07-30T00:00:00Z,1236.34228515625,1245.4329833984375,1227.2515869140625,1236.34228515625,269947412
2012-07-31T00:00:00Z,1272.705322265625,1281.7960205078125,1254.5238037109375,1272.705322265625,451846554
2012-08-01T00:00:00Z,1263.614501953125,1272.705322265625,1245.4329833984375,1263.614501953125,157745474
2012-08-02T00:00:00Z,1254.5238037109375,1272.705322265625,1254.5238037109375,1254.5238037109375,148167059
2012-08-03T00:00:00Z,1272.705322265625,1272.705322265625,1245.4329833984375,1272.705322265625,138651894
2012-08-06T00:00:00Z,1254.5238037109375,1290.8868408203125,1245.4329833984375,1254.5238037109375,178431331
2012-08-07T00:00:00Z,1236.34228515625,1263.614501953125,1236.34228515625,1236.34228515625,83155936
2012-08-08T00:00:00Z,1263.614501953125,1263.614501953125,1236.34228515625,1263.614501953125,181338132
2012-08-09T00:00:00Z,1281.7960205078125,1290.8868408203125,1263.614501953125,1281.7960205078125,320350283
2012-08-10T00:00:00Z,1309.0682373046875,1309.0682373046875,1281.7960205078125,1309.0682373046875,265478585
2012-08-13T00:00:00Z,1299.9775390625,1318.1590576171875,1299.9775390625,1299.9775390625,151392864
2012-08-14T00:00:00Z,1290.8868408203125,1309.0682373046875,1281.7960205078125,1290.8868408203125,89365543
2012-08-15T00:00:00Z,1290.8868408203125,1299.9775390625,1281.7960205078125,1290.8868408203125,51805394
2012-08-16T00:00:00Z,1299.9775390625,1309.0682373046875,1281.7960205078125,1299.9775390625,146770035
2012-08-23T00:00:00Z,1327.249755859375,1372.70361328125,1309.0682373046875,1327.249755859375,233407531
2012-08-24T00:00:00Z,1327.249755859375,1336.340576171875,1309.0682373046875,1327.249755859375,151233362
2012-08-27T00:00:00Z,1327.249755859375,1336.340576171875,1318.1590576171875,1327.249755859375,17949560
2012-08-28T00:00:00Z,1327.249755859375,1336.340576171875,1318.1590576171875,1327.249755859375,132491788
2012-08-29T00:00:00Z,1290.8868408203125,1336.340576171875,1281.7960205078125,1290.8868408203125,126898191
2012-08-30T00:00:00Z,1245.4329833984375,1272.705322265625,1227.2515869140625,1245.4329833984375,193102835
2012-08-31T00:00:00Z,1263.614501953125,1272.705322265625,1209.070068359375,1263.614501953125,297544139
2012-09-03T00:00:00Z,1290.8868408203125,1290.8868408203125,1254.5238037109375,1290.8868408203125,169999686
2012-09-04T00:00:00Z,1281.7960205078125,1299.9775390625,1281.7960205078125,1281.7960205078125,139262405
2012-09-05T00:00:00Z,1290.8868408203125,1290.8868408203125,1263.614501953125,1290.8868408203125,183945177
2012-09-06T00:00:00Z,1318.1590576171875,1327.249755859375,1281.7960205078125,1318.1590576171875,288526733
2012-09-07T00:00:00Z,1336.340576171875,1345.4312744140625,1327.249755859375,1336.340576171875,191895564
2012-09-10T00:00:00Z,1336.340576171875,1345.4312744140625,1318.1590576171875,1336.340576171875,141129687
2012-09-11T00:00:00Z,1345.4312744140625,1345.4312744140625,1327.249755859375,1345.4312744140625,82215420
2012-09-12T00:00:00Z,1345.4312744140625,1354.5220947265625,1327.249755859375,1345.4312744140625,105313069
2012-09-13T00:00:00Z,1327.249755859375,1345.4312744140625,1318.1590576171875,1327.249755859375,58562261
2012-09-14T00:00:00Z,1345.4312744140625,1354.5220947265625,1327.249755859375,1345.4312744140625,170700948
2012-09-17T00:00:00Z,1327.249755859375,1354.5220947265625,1318.1590576171875,1327.249755859375,94700635
2012-09-18T00:00:00Z,1309.0682373046875,1327.249755859375,1299.9775390625,1309.0682373046875,82050417
2012-09-19T00:00:00Z,1309.0682373046875,1327.249755859375,1290.8868408203125,1309.0682373046875,253034620
2012-09-20T00:00:00Z,1309.0682373046875,1309.0682373046875,1290.8868408203125,1309.0682373046875,70511217
2012-09-21T00:00:00Z,1318.1590576171875,1327.249755859375,1309.0682373046875,1318.1590576171875,135307837
2012-09-24T00:00:00Z,1318.1590576171875,1327.249755859375,1299.9775390625,1318.1590576171875,145887269
2012-09-25T00:00:00Z,1336.340576171875,1336.340576171875,1309.0682373046875,1336.340576171875,101806758
2012-09-26T00:00:00Z,1336.340576171875,1336.340576171875,1318.1590576171875,1336.340576171875,143956736
2012-09-27T00:00:00Z,1354.5220947265625,1354.5220947265625,1336.340576171875,1354.5220947265625,104873061
2012-09-28T00:00:00Z,1354.5220947265625,1363.61279296875,1345.4312744140625,1354.5220947265625,143563479
2012-10-01T00:00:00Z,1345.4312744140625,1363.61279296875,1336.340576171875,1345.4312744140625,132557789
2012-10-02T00:00:00Z,1354.5220947265625,1354.5220947265625,1336.340576171875,1354.5220947265625,79855879
2012-10-03T00:00:00Z,1363.61279296875,1363.61279296875,1345.4312744140625,1363.61279296875,42037226
2012-10-04T00:00:00Z,1354.5220947265625,1363.61279296875,1336.340576171875,1354.5220947265625,102268766
2012-10-05T00:00:00Z,1345.4312744140625,1363.61279296875,1336.340576171875,1345.4312744140625,70670720
2012-10-08T00:00:00Z,1345.4312744140625,1363.61279296875,1327.249755859375,1345.4312744140625,126438933
2012-10-09T00:00:00Z,1399.975830078125,1399.975830078125,1345.4312744140625,1399.975830078125,231146992
2012-10-10T00:00:00Z,1381.7943115234375,1390.885009765625,1363.61279296875,1381.7943115234375,138610644
2012-10-11T00:00:00Z,1363.61279296875,1372.70361328125,1345.4312744140625,1363.61279296875,108415122
2012-10-12T00:00:00Z,1363.61279296875,1381.7943115234375,1363.61279296875,1363.61279296875,87580762
2012-10-15T00:00:00Z,1390.885009765625,1399.975830078125,1363.61279296875,1390.885009765625,144985254
2012-10-16T00:00:00Z,1372.70361328125,1390.885009765625,1363.61279296875,1372.70361328125,112493443
2012-10-17T00:00:00Z,1399.975830078125,1409.0665283203125,1381.7943115234375,1399.975830078125,199276691
2012-10-18T00:00:00Z,1418.1573486328125,1427.248046875,1399.975830078125,1418.1573486328125,258457714
2012-10-19T00:00:00Z,1409.0665283203125,1427.248046875,1399.975830078125,1409.0665283203125,107595608
2012-10-22T00:00:00Z,1399.975830078125,1409.0665283203125,1381.7943115234375,1399.975830078125,98424200
2012-10-23T00:00:00Z,1390.885009765625,1409.0665283203125,1372.70361328125,1390.885009765625,82773679
2012-10-24T00:00:00Z,1363.61279296875,1390.885009765625,1363.61279296875,1363.61279296875,144085988
2012-10-25T00:00:00Z,1372.70361328125,1381.7943115234375,1363.61279296875,1372.70361328125,63757101
2012-10-29T00:00:00Z,1363.61279296875,1381.7943115234375,1354.5220947265625,1363.61279296875,163691077
2012-10-30T00:00:00Z,1390.885009765625,1390.885009765625,1354.5220947265625,1390.885009765625,157209215
2012-10-31T00:00:00Z,1345.4312744140625,1390.885009765625,1336.340576171875,1345.4312744140625,387220438
2012-11-01T00:00:00Z,1309.0682373046875,1336.340576171875,1299.9775390625,1309.0682373046875,535491999
2012-11-02T00:00:00Z,1299.9775390625,1327.249755859375,1299.9775390625,1299.9775390625,208247346
2012-11-05T00:00:00Z,1290.8868408203125,1309.0682373046875,1272.705322265625,1290.8868408203125,317305980
2012-11-06T00:00:00Z,1281.7960205078125,1299.9775390625,1272.705322265625,1281.7960205078125,166622627
2012-11-07T00:00:00Z,1318.1590576171875,1318.1590576171875,1281.7960205078125,1318.1590576171875,245243735
2012-11-08T00:00:00Z,1318.1590576171875,1318.1590576171875,1290.8868408203125,1318.1590576171875,124219645
2012-11-09T00:00:00Z,1318.1590576171875,1318.1590576171875,1299.9775390625,1318.1590576171875,106129833
2012-11-12T00:00:00Z,1309.0682373046875,1327.249755859375,1299.9775390625,1309.0682373046875,152248129
2012-11-13T00:00:00Z,1309.0682373046875,1309.0682373046875,1290.8868408203125,1309.0682373046875,100450985
2012-11-14T00:00:00Z,1318.1590576171875,1318.1590576171875,1299.9775390625,1318.1590576171875,115163739
2012-11-19T00:00:00Z,1309.0682373046875,1327.249755859375,1309.0682373046875,1309.0682373046875,200365710
2012-11-20T00:00:00Z,1309.0682373046875,1327.249755859375,1299.9775390625,1309.0682373046875,96328663
2012-11-21T00:00:00Z,1299.9775390625,1309.0682373046875,1290.8868408203125,1299.9775390625,101705006
2012-11-22T00:00:00Z,1290.8868408203125,1299.9775390625,1281.7960205078125,1290.8868408203125,129631739
2012-11-23T00:00:00Z,1281.7960205078125,1299.9775390625,1281.7960205078125,1281.7960205078125,95206644
2012-11-26T00:00:00Z,1318.1590576171875,1318.1590576171875,1290.8868408203125,1318.1590576171875,147782052
2012-11-27T00:00:00Z,1299.9775390625,1327.249755859375,1299.9775390625,1299.9775390625,140829932
2012-11-28T00:00:00Z,1299.9775390625,1327.249755859375,1290.8868408203125,1299.9775390625,226070404
2012-11-29T00:00:00Z,1309.0682373046875,1309.0682373046875,1290.8868408203125,1309.0682373046875,130366001
2012-11-30T00:00:00Z,1281.7960205078125,1309.0682373046875,1272.705322265625,1281.7960205078125,183595921
2012-12-03T00:00:00Z,1281.7960205078125,1290.8868408203125,1254.5238037109375,1281.7960205078125,164268587
2012-12-04T00:00:00Z,1290.8868408203125,1299.9775390625,1272.705322265625,1290.8868408203125,161447038
2012-12-05T00:00:00Z,1290.8868408203125,1290.8868408203125,1263.614501953125,1290.8868408203125,152674387
2012-12-06T00:00:00Z,1299.9775390625,1309.0682373046875,1281.7960205078125,1299.9775390625,126205179
2012-12-07T00:00:00Z,1281.7960205078125,1299.9775390625,1272.705322265625,1281.7960205078125,91835086
2012-12-10T00:00:00Z,1281.7960205078125,1290.8868408203125,1263.614501953125,1281.7960205078125,91727834
2012-12-11T00:00:00Z,1281.7960205078125,1290.8868408203125,1272.705322265625,1281.7960205078125,108280370
2012-12-12T00:00:00Z,1309.0682373046875,1309.0682373046875,1272.705322265625,1309.0682373046875,171162956
2012-12-13T00:00:00Z,1309.0682373046875,1318.1590576171875,1290.8868408203125,1309.0682373046875,75178048
2012-12-14T00:00:00Z,1272.705322265625,1299.9775390625,1263.614501953125,1272.705322265625,143728482
2012-12-17T00:00:00Z,1272.705322265625,1272.705322265625,1254.5238037109375,1272.705322265625,99708472
2012-12-18T00:00:00Z,1254.5238037109375,1281.7960205078125,1245.4329833984375,1254.5238037109375,198979686
2012-12-19T00:00:00Z,1263.614501953125,1263.614501953125,1236.34228515625,1263.614501953125,153315148
2012-12-20T00:00:00Z,1254.5238037109375,1263.614501953125,1236.34228515625,1254.5238037109375,118408795
2012-12-21T00:00:00Z,1263.614501953125,1272.705322265625,1245.4329833984375,1263.614501953125,105758576
2012-12-26T00:00:00Z,1263.614501953125,1272.705322265625,1245.4329833984375,1263.614501953125,16
2012-12-27T00:00:00Z,1263.614501953125,1272.705322265625,1254.5238037109375,1263.614501953125,96584418
2012-12-28T00:00:00Z,1263.614501953125,1290.8868408203125,1254.5238037109375,1263.614501953125,145120006
2013-01-02T00:00:00Z,1281.7960205078125,1290.8868408203125,1272.705322265625,1281.7960205078125,70164711
2013-01-03T00:00:00Z,1309.0682373046875,1309.0682373046875,1281.7960205078125,1309.0682373046875,144988004
2013-01-04T00:00:00Z,1336.340576171875,1345.4312744140625,1309.0682373046875,1336.340576171875,332343240
2013-01-07T00:00:00Z,1345.4312744140625,1363.61279296875,1336.340576171875,1345.4312744140625,303272488
2013-01-08T00:00:00Z,1363.61279296875,1363.61279296875,1345.4312744140625,1363.61279296875,257896704
2013-01-09T00:00:00Z,1345.4312744140625,1372.70361328125,1336.340576171875,1345.4312744140625,194802364
2013-01-10T00:00:00Z,1345.4312744140625,1363.61279296875,1336.340576171875,1345.4312744140625,255938670
2013-01-11T00:00:00Z,1354.5220947265625,1372.70361328125,1345.4312744140625,1354.5220947265625,321246798
2013-01-14T00:00:00Z,1390.885009765625,1390.885009765625,1354.5220947265625,1390.885009765625,298105149
2013-01-15T00:00:00Z,1418.1573486328125,1418.1573486328125,1381.7943115234375,1418.1573486328125,237128345
2013-01-16T00:00:00Z,1427.248046875,1427.248046875,1409.0665283203125,1427.248046875,240497153
2013-01-17T00:00:00Z,1436.3388671875,1445.4295654296875,1418.1573486328125,1436.3388671875,149748336
2013-01-18T00:00:00Z,1454.5203857421875,1454.5203857421875,1427.248046875,1454.5203857421875,194310106
2013-01-21T00:00:00Z,1436.3388671875,1454.5203857421875,1427.248046875,1436.3388671875,118059539
2013-01-22T00:00:00Z,1381.7943115234375,1436.3388671875,1381.7943115234375,1381.7943115234375,125311414
2013-01-23T00:00:00Z,1418.1573486328125,1427.248046875,1399.975830078125,1418.1573486328125,122473365
2013-01-25T00:00:00Z,1427.248046875,1427.248046875,1409.0665283203125,1427.248046875,115485494
2013-01-28T00:00:00Z,1436.3388671875,1436.3388671875,1409.0665283203125,1436.3388671875,112243188
2013-01-29T00:00:00Z,1418.1573486328125,1436.3388671875,1399.975830078125,1418.1573486328125,119118307
2013-01-30T00:00:00Z,1427.248046875,1427.248046875,1399.975830078125,1427.248046875,126048427
2013-01-31T00:00:00Z,1445.4295654296875,1445.4295654296875,1418.1573486328125,1445.4295654296875,166790380
2013-02-01T00:00:00Z,1454.5203857421875,1481.7926025390625,1436.3388671875,1454.5203857421875,328011915
2013-02-04T00:00:00Z,1472.7017822265625,1481.7926025390625,1445.4295654296875,1472.7017822265625,192921332
2013-02-05T00:00:00Z,1472.7017822265625,1481.7926025390625,1454.5203857421875,1472.7017822265625,168099403
2013-02-06T00:00:00Z,1481.7926025390625,1499.97412109375,1463.611083984375,1481.7926025390625,203396263
2013-02-07T00:00:00Z,1481.7926025390625,1490.88330078125,1472.7017822265625,1481.7926025390625,78874112
2013-02-08T00:00:00Z,1463.611083984375,1490.88330078125,1463.611083984375,1463.611083984375,107606608
2013-02-11T00:00:00Z,1481.7926025390625,1490.88330078125,1472.7017822265625,1481.7926025390625,60899801
2013-02-12T00:00:00Z,1527.246337890625,1527.246337890625,1481.7926025390625,1527.246337890625,170266440
2013-02-13T00:00:00Z,1581.7908935546875,1590.881591796875,1536.337158203125,1581.7908935546875,223180104
2013-02-14T00:00:00Z,1554.5185546875,1599.972412109375,1554.5185546875,1554.5185546875,76652073
2013-02-15T00:00:00Z,1581.7908935546875,1599.972412109375,1554.5185546875,1581.7908935546875,106014331
2013-02-18T00:00:00Z,1572.7000732421875,1599.972412109375,1572.7000732421875,1572.7000732421875,70687220
2013-02-19T00:00:00Z,1581.7908935546875,1581.7908935546875,1554.5185546875,1581.7908935546875,114245223
2013-02-20T00:00:00Z,1563.609375,1572.7000732421875,1545.4278564453125,1563.609375,84869215
2013-02-21T00:00:00Z,1545.4278564453125,1572.7000732421875,1536.337158203125,1545.4278564453125,102158764
2013-02-22T00:00:00Z,1554.5185546875,1554.5185546875,1527.246337890625,1554.5185546875,16
2013-02-25T00:00:00Z,1572.7000732421875,1572.7000732421875,1554.5185546875,1572.7000732421875,97753188
2013-02-26T00:00:00Z,1563.609375,1572.7000732421875,1554.5185546875,1563.609375,96004158
2013-02-27T00:00:00Z,1609.0631103515625,1609.0631103515625,1563.609375,1609.0631103515625,135461839
2013-02-28T00:00:00Z,1718.152099609375,1718.152099609375,1618.15380859375,1718.152099609375,217182251
2013-03-01T00:00:00Z,1672.6983642578125,1718.152099609375,1663.607666015625,1672.6983642578125,231078241
2013-03-05T00:00:00Z,1554.5185546875,1609.0631103515625,1554.5185546875,1554.5185546875,278761314
2013-03-06T00:00:00Z,1581.7908935546875,1581.7908935546875,1563.609375,1581.7908935546875,192646327
2013-03-07T00:00:00Z,1581.7908935546875,1590.881591796875,1572.7000732421875,1581.7908935546875,168272656
2013-03-08T00:00:00Z,1599.972412109375,1618.15380859375,1581.7908935546875,1599.972412109375,133963063
2013-03-11T00:00:00Z,1599.972412109375,1618.15380859375,1599.972412109375,1599.972412109375,107216101
2013-03-13T00:00:00Z,1618.15380859375,1618.15380859375,1599.972412109375,1618.15380859375,109036633
2013-03-14T00:00:00Z,1618.15380859375,1618.15380859375,1599.972412109375,1599.972412109375,118876303
2013-03-15T00:00:00Z,1599.972412109375,1636.3353271484375,1599.972412109375,1599.972412109375,150185594
2013-03-18T00:00:00Z,1590.881591796875,1599.972412109375,1554.5185546875,1554.5185546875,239215631
2013-03-19T00:00:00Z,1572.7000732421875,1581.7908935546875,1563.609375,1572.7000732421875,128295215
2013-03-20T00:00:00Z,1590.881591796875,1590.881591796875,1572.7000732421875,1581.7908935546875,129826992
2013-03-21T00:00:00Z,1581.7908935546875,1609.0631103515625,1581.7908935546875,1590.881591796875,149231327
2013-03-22T00:00:00Z,1599.972412109375,1599.972412109375,1545.4278564453125,1545.4278564453125,323394585
2013-03-25T00:00:00Z,1554.5185546875,1572.7000732421875,1545.4278564453125,1563.609375,173781001
2013-03-26T00:00:00Z,1572.7000732421875,1590.881591796875,1563.609375,1590.881591796875,215845728
2013-03-27T00:00:00Z,1581.7908935546875,1609.0631103515625,1572.7000732421875,1599.972412109375,226216157
2013-03-28T00:00:00Z,1599.972412109375,1599.972412109375,1581.7908935546875,1590.881591796875,73341016
2013-04-01T00:00:00Z,1590.881591796875,1609.0631103515625,1572.7000732421875,1581.7908935546875,49245100
2013-04-02T00:00:00Z,1581.7908935546875,1599.972412109375,1572.7000732421875,1590.881591796875,88059270
2013-04-03T00:00:00Z,1590.881591796875,1599.972412109375,1572.7000732421875,1572.7000732421875,16
2013-04-04T00:00:00Z,1563.609375,1581.7908935546875,1554.5185546875,1554.5185546875,131163515
2013-04-05T00:00:00Z,1563.609375,1572.7000732421875,1545.4278564453125,1545.4278564453125,101881009
2013-04-08T00:00:00Z,1554.5185546875,1554.5185546875,1527.246337890625,1536.337158203125,107436105
2013-04-09T00:00:00Z,1536.337158203125,1554.5185546875,1527.246337890625,1545.4278564453125,113433959
2013-04-10T00:00:00Z,1545.4278564453125,1563.609375,1527.246337890625,1527.246337890625,131686024
2013-04-11T00:00:00Z,1536.337158203125,1554.5185546875,1518.1556396484375,1536.337158203125,162285803
2013-04-12T00:00:00Z,1536.337158203125,1536.337158203125,1509.0648193359375,1509.0648193359375,177996824
2013-04-15T00:00:00Z,1509.0648193359375,1527.246337890625,1499.97412109375,1509.0648193359375,192082567
2013-04-16T00:00:00Z,1499.97412109375,1518.1556396484375,1499.97412109375,1518.1556396484375,229307210
2013-04-17T00:00:00Z,1518.1556396484375,1545.4278564453125,1509.0648193359375,1545.4278564453125,200789218
2013-04-18T00:00:00Z,1545.4278564453125,1581.7908935546875,1536.337158203125,1572.7000732421875,284453913
2013-04-19T00:00:00Z,1572.7000732421875,1599.972412109375,1563.609375,1590.881591796875,173929504
2013-04-22T00:00:00Z,1590.881591796875,1599.972412109375,1572.7000732421875,1581.7908935546875,149509082
2013-04-24T00:00:00Z,1590.881591796875,1590.881591796875,1563.609375,1590.881591796875,143909985
2013-04-25T00:00:00Z,1599.972412109375,1636.3353271484375,1599.972412109375,1636.3353271484375,487778675
2013-04-26T00:00:00Z,1645.4261474609375,1672.6983642578125,1636.3353271484375,1663.607666015625,251395592
2013-04-29T00:00:00Z,1672.6983642578125,1681.7891845703125,1663.607666015625,1672.6983642578125,140472426
2013-04-30T00:00:00Z,1681.7891845703125,1709.0614013671875,1681.7891845703125,1709.0614013671875,313950922
2013-05-01T00:00:00Z,1727.242919921875,1809.0596923828125,1718.152099609375,1754.51513671875,313791419
2013-05-02T00:00:00Z,1745.4244384765625,1781.787353515625,1690.8798828125,1699.9705810546875,258707968
2013-05-03T00:00:00Z,1681.7891845703125,1690.8798828125,1618.15380859375,1618.15380859375,301641710
2013-05-06T00:00:00Z,1636.3353271484375,1690.8798828125,1627.24462890625,1672.6983642578125,133594557
2013-05-07T00:00:00Z,1690.8798828125,1727.242919921875,1681.7891845703125,1718.152099609375,147553798
2013-05-08T00:00:00Z,1690.8798828125,1718.152099609375,1681.7891845703125,1681.7891845703125,106413088
2013-05-10T00:00:00Z,1681.7891845703125,1699.9705810546875,1672.6983642578125,1690.8798828125,62335326
2013-05-13T00:00:00Z,1690.8798828125,1690.8798828125,1645.4261474609375,1645.4261474609375,97731188
2013-05-14T00:00:00Z,1645.4261474609375,1690.8798828125,1645.4261474609375,1690.8798828125,108813879
2013-05-15T00:00:00Z,1690.8798828125,1699.9705810546875,1672.6983642578125,1681.7891845703125,99873475
2013-05-16T00:00:00Z,1672.6983642578125,1709.0614013671875,1672.6983642578125,1672.6983642578125,142545962
2013-05-17T00:00:00Z,1672.6983642578125,1709.0614013671875,1672.6983642578125,1699.9705810546875,83714195
2013-05-20T00:00:00Z,1709.0614013671875,1736.3336181640625,1709.0614013671875,1718.152099609375,121043340
2013-05-21T00:00:00Z,1718.152099609375,1745.4244384765625,1709.0614013671875,1718.152099609375,134667076
2013-05-22T00:00:00Z,1718.152099609375,1718.152099609375,1690.8798828125,1690.8798828125,85127720
2013-05-23T00:00:00Z,1690.8798828125,1699.9705810546875,1645.4261474609375,1690.8798828125,274982749
2013-05-24T00:00:00Z,1663.607666015625,1690.8798828125,1663.607666015625,1690.8798828125,120922338
2013-05-27T00:00:00Z,1690.8798828125,1690.8798828125,1654.516845703125,1654.516845703125,177782320
2013-05-28T00:00:00Z,1654.516845703125,1690.8798828125,1654.516845703125,1690.8798828125,78816361
2013-05-29T00:00:00Z,1709.0614013671875,1709.0614013671875,1672.6983642578125,1681.7891845703125,115320491
2013-05-30T00:00:00Z,1681.7891845703125,1690.8798828125,1636.3353271484375,1645.4261474609375,161832045
2013-05-31T00:00:00Z,1636.3353271484375,1654.516845703125,1618.15380859375,1618.15380859375,148351312
2013-06-03T00:00:00Z,1609.0631103515625,1609.0631103515625,1572.7000732421875,1572.7000732421875,208684604
2013-06-04T00:00:00Z,1563.609375,1590.881591796875,1554.5185546875,1590.881591796875,114184722
2013-06-05T00:00:00Z,1581.7908935546875,1581.7908935546875,1536.337158203125,1536.337158203125,181459134
2013-06-07T00:00:00Z,1536.337158203125,1536.337158203125,1499.97412109375,1499.97412109375,197541412
2013-06-10T00:00:00Z,1499.97412109375,1518.1556396484375,1427.248046875,1490.88330078125,302730728
2013-06-11T00:00:00Z,1463.611083984375,1472.7017822265625,1418.1573486328125,1427.248046875,243249951
2013-06-12T00:00:00Z,1399.975830078125,1418.1573486328125,1354.5220947265625,1390.885009765625,737793743
2013-06-13T00:00:00Z,1363.61279296875,1381.7943115234375,1336.340576171875,1345.4312744140625,479844788
2013-06-14T00:00:00Z,1363.61279296875,1427.248046875,1363.61279296875,1427.248046875,398039125
2013-06-17T00:00:00Z,1427.248046875,1463.611083984375,1418.1573486328125,1427.248046875,235101560
2013-06-18T00:00:00Z,1427.248046875,1499.97412109375,1427.248046875,1481.7926025390625,315669702
2013-06-19T00:00:00Z,1481.7926025390625,1518.1556396484375,1454.5203857421875,1454.5203857421875,235610319
2013-06-20T00:00:00Z,1418.1573486328125,1418.1573486328125,1336.340576171875,1345.4312744140625,16
2013-06-21T00:00:00Z,1309.0682373046875,1336.340576171875,1290.8868408203125,1309.0682373046875,324588106
2013-06-24T00:00:00Z,1309.0682373046875,1336.340576171875,1290.8868408203125,1290.8868408203125,232865772
2013-06-25T00:00:00Z,1318.1590576171875,1345.4312744140625,1281.7960205078125,1290.8868408203125,257649200
2013-06-26T00:00:00Z,1327.249755859375,1354.5220947265625,1309.0682373046875,1336.340576171875,428548152
2013-06-27T00:00:00Z,1363.61279296875,1399.975830078125,1345.4312744140625,1345.4312744140625,466254053
2013-06-28T00:00:00Z,1372.70361328125,1409.0665283203125,1363.61279296875,1409.0665283203125,299070415
2013-07-01T00:00:00Z,1409.0665283203125,1472.7017822265625,1390.885009765625,1445.4295654296875,176041540
2013-07-02T00:00:00Z,1472.7017822265625,1481.7926025390625,1427.248046875,1427.248046875,149451331
2013-07-03T00:00:00Z,1409.0665283203125,1427.248046875,1354.5220947265625,1363.61279296875,205200294
2013-07-04T00:00:00Z,1372.70361328125,1427.248046875,1372.70361328125,1409.0665283203125,105293818
2013-07-05T00:00:00Z,1445.4295654296875,1445.4295654296875,1409.0665283203125,1409.0665283203125,79580874
2013-07-08T00:00:00Z,1381.7943115234375,1381.7943115234375,1327.249755859375,1327.249755859375,159513755
2013-07-09T00:00:00Z,1354.5220947265625,1363.61279296875,1309.0682373046875,1318.1590576171875,118397795
2013-07-10T00:00:00Z,1318.1590576171875,1327.249755859375,1299.9775390625,1318.1590576171875,296075613
2013-07-11T00:00:00Z,1336.340576171875,1399.975830078125,1336.340576171875,1372.70361328125,282792884
2013-07-12T00:00:00Z,1390.885009765625,1445.4295654296875,1390.885009765625,1427.248046875,285325678
2013-07-15T00:00:00Z,1418.1573486328125,1418.1573486328125,1372.70361328125,1418.1573486328125,124519400
2013-07-16T00:00:00Z,1418.1573486328125,1427.248046875,1399.975830078125,1427.248046875,85309223
2013-07-17T00:00:00Z,1427.248046875,1436.3388671875,1418.1573486328125,1436.3388671875,98344448
2013-07-18T00:00:00Z,1436.3388671875,1472.7017822265625,1436.3388671875,1472.7017822265625,211907660
2013-07-19T00:00:00Z,1472.7017822265625,1490.88330078125,1454.5203857421875,1472.7017822265625,136924865
2013-07-22T00:00:00Z,1463.611083984375,1481.7926025390625,1436.3388671875,1436.3388671875,85606228
2013-07-23T00:00:00Z,1454.5203857421875,1518.1556396484375,1454.5203857421875,1490.88330078125,225891651
2013-07-24T00:00:00Z,1490.88330078125,1499.97412109375,1454.5203857421875,1472.7017822265625,118854302
2013-07-25T00:00:00Z,1472.7017822265625,1481.7926025390625,1463.611083984375,1463.611083984375,89087788
2013-07-26T00:00:00Z,1472.7017822265625,1481.7926025390625,1454.5203857421875,1472.7017822265625,88557029
2013-07-29T00:00:00Z,1454.5203857421875,1454.5203857421875,1418.1573486328125,1427.248046875,115345242
2013-07-30T00:00:00Z,1454.5203857421875,1481.7926025390625,1445.4295654296875,1472.7017822265625,60737549
2013-07-31T00:00:00Z,1499.97412109375,1499.97412109375,1454.5203857421875,1499.97412109375,114181972
2013-08-01T00:00:00Z,1490.88330078125,1509.0648193359375,1472.7017822265625,1481.7926025390625,121205593
2013-08-02T00:00:00Z,1499.97412109375,1499.97412109375,1481.7926025390625,1490.88330078125,48373335
2013-08-12T00:00:00Z,1490.88330078125,1536.337158203125,1481.7926025390625,1499.97412109375,204405530
2013-08-13T00:00:00Z,1454.5203857421875,1499.97412109375,1454.5203857421875,1499.97412109375,126991693
2013-08-14T00:00:00Z,1509.0648193359375,1527.246337890625,1499.97412109375,1509.0648193359375,138484141
2013-08-15T00:00:00Z,1518.1556396484375,1527.246337890625,1490.88330078125,1509.0648193359375,141071936
2013-08-16T00:00:00Z,1454.5203857421875,1463.611083984375,1409.0665283203125,1418.1573486328125,363798283
2013-08-19T00:00:00Z,1399.975830078125,1399.975830078125,1299.9775390625,1299.9775390625,500580146
2013-08-20T00:00:00Z,1272.705322265625,1272.705322265625,1190.8885498046875,1245.4329833984375,718408658
2013-08-21T00:00:00Z,1245.4329833984375,1290.8868408203125,1227.2515869140625,1227.2515869140625,482861590
2013-08-22T00:00:00Z,1199.979248046875,1227.2515869140625,1154.5255126953125,1172.70703125,559114907
2013-08-23T00:00:00Z,1199.979248046875,1236.34228515625,1163.6162109375,1209.070068359375,441965633
2013-08-26T00:00:00Z,1227.2515869140625,1227.2515869140625,1199.979248046875,1218.1607666015625,308406826
2013-08-27T00:00:00Z,1199.979248046875,1209.070068359375,1181.7977294921875,1190.8885498046875,260124242
2013-08-28T00:00:00Z,1181.7977294921875,1209.070068359375,1136.343994140625,1199.979248046875,467139568
2013-08-29T00:00:00Z,1209.070068359375,1254.5238037109375,1163.6162109375,1199.979248046875,475661965
2013-08-30T00:00:00Z,1218.1607666015625,1218.1607666015625,1181.7977294921875,1199.979248046875,215166466
2013-09-02T00:00:00Z,1199.979248046875,1218.1607666015625,1127.2532958984375,1154.5255126953125,307364558
2013-09-03T00:00:00Z,1154.5255126953125,1190.8885498046875,1154.5255126953125,1190.8885498046875,135761594
2013-09-04T00:00:00Z,1190.8885498046875,1218.1607666015625,1172.70703125,1209.070068359375,337964337
2013-09-05T00:00:00Z,1227.2515869140625,1236.34228515625,1172.70703125,1218.1607666015625,228339193
2013-09-06T00:00:00Z,1227.2515869140625,1227.2515869140625,1209.070068359375,1227.2515869140625,139086402
2013-09-09T00:00:00Z,1254.5238037109375,1309.0682373046875,1245.4329833984375,1309.0682373046875,317190478
2013-09-10T00:00:00Z,1336.340576171875,1472.7017822265625,1336.340576171875,1463.611083984375,452899822
2013-09-11T00:00:00Z,1463.611083984375,1463.611083984375,1409.0665283203125,1454.5203857421875,245774495
2013-09-12T00:00:00Z,1445.4295654296875,1463.611083984375,1409.0665283203125,1418.1573486328125,299812928
2013-09-13T00:00:00Z,1418.1573486328125,1436.3388671875,1409.0665283203125,1427.248046875,144949503
2013-09-16T00:00:00Z,1445.4295654296875,1499.97412109375,1445.4295654296875,1490.88330078125,289893507
2013-09-17T00:00:00Z,1509.0648193359375,1509.0648193359375,1463.611083984375,1481.7926025390625,198520428
2013-09-18T00:00:00Z,1481.7926025390625,1481.7926025390625,1409.0665283203125,1418.1573486328125,181959642
2013-09-19T00:00:00Z,1490.88330078125,1572.7000732421875,1490.88330078125,1518.1556396484375,477666750
2013-09-20T00:00:00Z,1490.88330078125,1509.0648193359375,1418.1573486328125,1445.4295654296875,211770157
2013-09-23T00:00:00Z,1418.1573486328125,1445.4295654296875,1409.0665283203125,1427.248046875,214720958
2013-09-24T00:00:00Z,1427.248046875,1454.5203857421875,1390.885009765625,1418.1573486328125,195000368
2013-09-25T00:00:00Z,1363.61279296875,1409.0665283203125,1345.4312744140625,1372.70361328125,319910275
2013-09-26T00:00:00Z,1372.70361328125,1436.3388671875,1363.61279296875,1399.975830078125,166454875
2013-09-27T00:00:00Z,1418.1573486328125,1427.248046875,1390.885009765625,1390.885009765625,83491442
2013-09-30T00:00:00Z,1354.5220947265625,1399.975830078125,1318.1590576171875,1318.1590576171875,267032362
2013-10-01T00:00:00Z,1318.1590576171875,1363.61279296875,1318.1590576171875,1336.340576171875,188458005
2013-10-02T00:00:00Z,1363.61279296875,1381.7943115234375,1345.4312744140625,1363.61279296875,140846432
2013-10-03T00:00:00Z,1363.61279296875,1381.7943115234375,1363.61279296875,1372.70361328125,138860898
2013-10-04T00:00:00Z,1372.70361328125,1372.70361328125,1354.5220947265625,1363.61279296875,96133410
2013-10-07T00:00:00Z,1372.70361328125,1390.885009765625,1354.5220947265625,1372.70361328125,121681351
2013-10-08T00:00:00Z,1381.7943115234375,1454.5203857421875,1372.70361328125,1436.3388671875,233734787
2013-10-09T00:00:00Z,1427.248046875,1445.4295654296875,1409.0665283203125,1436.3388671875,232937273
2013-10-10T00:00:00Z,1454.5203857421875,1472.7017822265625,1445.4295654296875,1463.611083984375,197040903
2013-10-11T00:00:00Z,1481.7926025390625,1490.88330078125,1463.611083984375,1463.611083984375,184775691
2013-10-16T00:00:00Z,1490.88330078125,1490.88330078125,1472.7017822265625,1481.7926025390625,157640972
2013-10-17T00:00:00Z,1499.97412109375,1509.0648193359375,1472.7017822265625,1481.7926025390625,121378846
2013-10-18T00:00:00Z,1481.7926025390625,1499.97412109375,1472.7017822265625,1490.88330078125,110667411
2013-10-21T00:00:00Z,1490.88330078125,1499.97412109375,1454.5203857421875,1481.7926025390625,166971884
2013-10-22T00:00:00Z,1472.7017822265625,1472.7017822265625,1454.5203857421875,1463.611083984375,100522486
2013-10-23T00:00:00Z,1472.7017822265625,1490.88330078125,1463.611083984375,1481.7926025390625,122473365
2013-10-24T00:00:00Z,1490.88330078125,1518.1556396484375,1481.7926025390625,1518.1556396484375,242980446
2013-10-25T00:00:00Z,1509.0648193359375,1545.4278564453125,1499.97412109375,1536.337158203125,372257429
2013-10-28T00:00:00Z,1536.337158203125,1545.4278564453125,1490.88330078125,1518.1556396484375,97249929
2013-10-29T00:00:00Z,1499.97412109375,1499.97412109375,1454.5203857421875,1463.611083984375,274314488
2013-10-30T00:00:00Z,1472.7017822265625,1490.88330078125,1445.4295654296875,1454.5203857421875,208467350
2013-10-31T00:00:00Z,1454.5203857421875,1463.611083984375,1427.248046875,1436.3388671875,247160519
2013-11-01T00:00:00Z,1436.3388671875,1436.3388671875,1390.885009765625,1390.885009765625,364499545
2013-11-04T00:00:00Z,1409.0665283203125,1418.1573486328125,1390.885009765625,1399.975830078125,202799502
2013-11-06T00:00:00Z,1409.0665283203125,1418.1573486328125,1381.7943115234375,1409.0665283203125,227582930
2013-11-07T00:00:00Z,1418.1573486328125,1463.611083984375,1409.0665283203125,1454.5203857421875,193446591
2013-11-08T00:00:00Z,1418.1573486328125,1463.611083984375,1418.1573486328125,1454.5203857421875,199298692
2013-11-11T00:00:00Z,1454.5203857421875,1454.5203857421875,1427.248046875,1436.3388671875,117713033
2013-11-12T00:00:00Z,1436.3388671875,1436.3388671875,1381.7943115234375,1381.7943115234375,208439850
2013-11-13T00:00:00Z,1363.61279296875,1372.70361328125,1327.249755859375,1327.249755859375,266861859
2013-11-14T00:00:00Z,1345.4312744140625,1399.975830078125,1345.4312744140625,1381.7943115234375,178115076
2013-11-15T00:00:00Z,1418.1573486328125,1418.1573486328125,1372.70361328125,1390.885009765625,120322828
2013-11-18T00:00:00Z,1418.1573486328125,1418.1573486328125,1390.885009765625,1409.0665283203125,137183369
2013-11-19T00:00:00Z,1409.0665283203125,1427.248046875,1399.975830078125,1418.1573486328125,123892389
2013-11-20T00:00:00Z,1436.3388671875,1436.3388671875,1363.61279296875,1390.885009765625,113574211
2013-11-21T00:00:00Z,1372.70361328125,1399.975830078125,1363.61279296875,1399.975830078125,145661765
2013-11-22T00:00:00Z,1418.1573486328125,1418.1573486328125,1381.7943115234375,1390.885009765625,83205437
2013-11-25T00:00:00Z,1399.975830078125,1409.0665283203125,1372.70361328125,1399.975830078125,105535822
2013-11-26T00:00:00Z,1409.0665283203125,1409.0665283203125,1345.4312744140625,1345.4312744140625,251082086
2013-11-27T00:00:00Z,1372.70361328125,1372.70361328125,1327.249755859375,1327.249755859375,157228465
2013-11-28T00:00:00Z,1336.340576171875,1345.4312744140625,1318.1590576171875,1318.1590576171875,78425854
2013-11-29T00:00:00Z,1318.1590576171875,1354.5220947265625,1309.0682373046875,1354.5220947265625,108178618
2013-12-02T00:00:00Z,1372.70361328125,1399.975830078125,1363.61279296875,1399.975830078125,158806992
2013-12-03T00:00:00Z,1381.7943115234375,1409.0665283203125,1372.70361328125,1381.7943115234375,96966674
2013-12-04T00:00:00Z,1372.70361328125,1381.7943115234375,1363.61279296875,1363.61279296875,94964640
2013-12-05T00:00:00Z,1354.5220947265625,1363.61279296875,1327.249755859375,1336.340576171875,113389958
2013-12-06T00:00:00Z,1327.249755859375,1336.340576171875,1281.7960205078125,1299.9775390625,168415658
2013-12-09T00:00:00Z,1327.249755859375,1336.340576171875,1290.8868408203125,1327.249755859375,121087341
2013-12-10T00:00:00Z,1318.1590576171875,1336.340576171875,1309.0682373046875,1318.1590576171875,249616311
2013-12-11T00:00:00Z,1327.249755859375,1336.340576171875,1309.0682373046875,1336.340576171875,107119850
2013-12-12T00:00:00Z,1318.1590576171875,1318.1590576171875,1299.9775390625,1299.9775390625,189918280
2013-12-13T00:00:00Z,1299.9775390625,1299.9775390625,1272.705322265625,1272.705322265625,170929202
2013-12-16T00:00:00Z,1254.5238037109375,1254.5238037109375,1227.2515869140625,1236.34228515625,209999127
2013-12-17T00:00:00Z,1245.4329833984375,1272.705322265625,1245.4329833984375,1263.614501953125,193270588
2013-12-18T00:00:00Z,1281.7960205078125,1299.9775390625,1263.614501953125,1290.8868408203125,180095110
2013-12-19T00:00:00Z,1309.0682373046875,1318.1590576171875,1272.705322265625,1290.8868408203125,216409487
2013-12-20T00:00:00Z,1290.8868408203125,1290.8868408203125,1245.4329833984375,1245.4329833984375,165893865
2013-12-23T00:00:00Z,1272.705322265625,1281.7960205078125,1263.614501953125,1272.705322265625,141641196
2013-12-24T00:00:00Z,1272.705322265625,1281.7960205078125,1263.614501953125,1272.705322265625,36823136
2013-12-27T00:00:00Z,1272.705322265625,1309.0682373046875,1263.614501953125,1299.9775390625,96059159
2013-12-30T00:00:00Z,1299.9775390625,1318.1590576171875,1299.9775390625,1318.1590576171875,103476037
2014-01-02T00:00:00Z,1327.249755859375,1336.340576171875,1309.0682373046875,1327.249755859375,134892579
2014-01-03T00:00:00Z,1318.1590576171875,1327.249755859375,1299.9775390625,1318.1590576171875,112952700
2014-01-06T00:00:00Z,1309.0682373046875,1318.1590576171875,1272.705322265625,1277.2506103515625,123158677
2014-01-07T00:00:00Z,1286.3414306640625,1295.43212890625,1286.3414306640625,1286.3414306640625,97870340
2014-01-08T00:00:00Z,1290.8868408203125,1313.6136474609375,1290.8868408203125,1304.52294921875,105881778
2014-01-09T00:00:00Z,1309.0682373046875,1340.885986328125,1309.0682373046875,1331.795166015625,233971291
2014-01-10T00:00:00Z,1336.340576171875,1381.7943115234375,1331.795166015625,1381.7943115234375,333963018
2014-01-13T00:00:00Z,1399.975830078125,1527.246337890625,1399.975830078125,1522.700927734375,761610254
2014-01-15T00:00:00Z,1545.4278564453125,1563.609375,1518.1556396484375,1540.8824462890625,359481259
2014-01-16T00:00:00Z,1536.337158203125,1536.337158203125,1472.7017822265625,1472.7017822265625,149927089
2014-01-17T00:00:00Z,1472.7017822265625,1527.246337890625,1468.156494140625,1513.6102294921875,125248713
2014-01-20T00:00:00Z,1499.97412109375,1513.6102294921875,1486.3380126953125,1490.88330078125,73382817
2014-01-21T00:00:00Z,1490.88330078125,1527.246337890625,1490.88330078125,1513.6102294921875,138343889
2014-01-22T00:00:00Z,1518.1556396484375,1549.9732666015625,1513.6102294921875,1527.246337890625,227383827
2014-01-23T00:00:00Z,1581.7908935546875,1609.0631103515625,1572.7000732421875,1581.7908935546875,369611334
2014-01-24T00:00:00Z,1527.246337890625,1581.7908935546875,1522.700927734375,1527.246337890625,280965202
2014-01-27T00:00:00Z,1463.611083984375,1513.6102294921875,1454.5203857421875,1499.97412109375,238559470
2014-01-28T00:00:00Z,1463.611083984375,1504.5194091796875,1463.611083984375,1486.3380126953125,147482297
2014-01-29T00:00:00Z,1486.3380126953125,1513.6102294921875,1481.7926025390625,1509.0648193359375,276946833
2014-01-30T00:00:00Z,1472.7017822265625,1513.6102294921875,1472.7017822265625,1513.6102294921875,160342069
2014-02-03T00:00:00Z,1513.6102294921875,1518.1556396484375,1499.97412109375,1509.0648193359375,125575418
2014-02-04T00:00:00Z,1504.5194091796875,1522.700927734375,1477.2471923828125,1504.5194091796875,171252607
2014-02-05T00:00:00Z,1509.0648193359375,1522.700927734375,1490.88330078125,1513.6102294921875,144206990
2014-02-06T00:00:00Z,1504.5194091796875,1527.246337890625,1495.4287109375,1527.246337890625,190562891
2014-02-07T00:00:00Z,1545.4278564453125,1590.881591796875,1540.8824462890625,1586.336181640625,273969632
2014-02-10T00:00:00Z,1590.881591796875,1599.972412109375,1577.2454833984375,1581.7908935546875,171739916
2014-02-11T00:00:00Z,1599.972412109375,1609.0631103515625,1590.881591796875,1599.972412109375,171472611
2014-02-12T00:00:00Z,1618.15380859375,1627.24462890625,1577.2454833984375,1577.2454833984375,187153932
2014-02-13T00:00:00Z,1572.7000732421875,1590.881591796875,1572.7000732421875,1581.7908935546875,133719409
2014-02-14T00:00:00Z,1581.7908935546875,1590.881591796875,1577.2454833984375,1586.336181640625,282518979
2014-02-17T00:00:00Z,1599.972412109375,1636.3353271484375,1599.972412109375,1627.24462890625,491929046
2014-02-18T00:00:00Z,1627.24462890625,1636.3353271484375,1622.69921875,1636.3353271484375,191644760
2014-02-19T00:00:00Z,1636.3353271484375,1718.152099609375,1636.3353271484375,1704.5159912109375,509337947
2014-02-20T00:00:00Z,1704.5159912109375,1754.51513671875,1704.5159912109375,1736.3336181640625,369750486
2014-02-21T00:00:00Z,1749.9697265625,1763.60595703125,1740.8790283203125,1754.51513671875,282791784
2014-02-24T00:00:00Z,1768.1512451171875,1790.878173828125,1754.51513671875,1754.51513671875,251516594
2014-02-25T00:00:00Z,1754.51513671875,1763.60595703125,1699.9705810546875,1713.6068115234375,255164807
2014-02-26T00:00:00Z,1690.8798828125,1718.152099609375,1659.062255859375,1713.6068115234375,374460767
2014-02-27T00:00:00Z,1709.0614013671875,1709.0614013671875,1668.1529541015625,1672.6983642578125,140810682
2014-02-28T00:00:00Z,1677.2437744140625,1686.33447265625,1663.607666015625,1686.33447265625,157632172
2014-03-03T00:00:00Z,1681.7891845703125,1686.33447265625,1649.9715576171875,1681.7891845703125,167311789
2014-03-04T00:00:00Z,1681.7891845703125,1690.8798828125,1663.607666015625,1663.607666015625,152196428
2014-03-05T00:00:00Z,1681.7891845703125,1690.8798828125,1672.6983642578125,1686.33447265625,261788571
2014-03-06T00:00:00Z,1690.8798828125,1731.7882080078125,1686.33447265625,1731.7882080078125,317662936
2014-03-07T00:00:00Z,1727.242919921875,1727.242919921875,1677.2437744140625,1681.7891845703125,172779984
2014-03-10T00:00:00Z,1663.607666015625,1677.2437744140625,1640.8807373046875,1649.9715576171875,224903834
2014-03-11T00:00:00Z,1645.4261474609375,1681.7891845703125,1645.4261474609375,1677.2437744140625,133374003
2014-03-12T00:00:00Z,1668.1529541015625,1677.2437744140625,1659.062255859375,1663.607666015625,119551164
2014-03-13T00:00:00Z,1677.2437744140625,1695.42529296875,1668.1529541015625,1695.42529296875,157158614
2014-03-14T00:00:00Z,1663.607666015625,1909.0579833984375,1663.607666015625,1872.6949462890625,460656056
2014-03-17T00:00:00Z,1872.6949462890625,1872.6949462890625,1772.6966552734375,1818.150390625,372711165
2014-03-18T00:00:00Z,1818.150390625,1822.69580078125,1763.60595703125,1763.60595703125,265157379
2014-03-19T00:00:00Z,1781.787353515625,1799.9688720703125,1768.1512451171875,1786.332763671875,140086869
2014-03-20T00:00:00Z,1781.787353515625,1781.787353515625,1727.242919921875,1736.3336181640625,200903620
2014-03-21T00:00:00Z,1736.3336181640625,1749.9697265625,1686.33447265625,1690.8798828125,348350716
2014-03-24T00:00:00Z,1709.0614013671875,1718.152099609375,1695.42529296875,1713.6068115234375,186211766
2014-03-25T00:00:00Z,1704.5159912109375,1740.8790283203125,1704.5159912109375,1731.7882080078125,189511823
2014-03-26T00:00:00Z,1731.7882080078125,1745.4244384765625,1718.152099609375,1718.152099609375,178582584
2014-03-27T00:00:00Z,1727.242919921875,1731.7882080078125,1718.152099609375,1718.152099609375,178849889
2014-03-28T00:00:00Z,1727.242919921875,1749.9697265625,1722.697509765625,1740.8790283203125,190962198
2014-04-01T00:00:00Z,1772.6966552734375,1818.150390625,1763.60595703125,1818.150390625,335194489
2014-04-02T00:00:00Z,1799.9688720703125,1831.7864990234375,1790.878173828125,1818.150390625,171624414
2014-04-03T00:00:00Z,1809.0596923828125,1836.3319091796875,1809.0596923828125,1836.3319091796875,136000849
2014-04-04T00:00:00Z,1836.3319091796875,1840.8773193359375,1786.332763671875,1809.0596923828125,135563591
2014-04-07T00:00:00Z,1799.9688720703125,1831.7864990234375,1790.878173828125,1822.69580078125,235110910
2014-04-08T00:00:00Z,1831.7864990234375,1854.513427734375,1827.2412109375,1849.968017578125,312183742
2014-04-10T00:00:00Z,1781.787353515625,1781.787353515625,1713.6068115234375,1713.6068115234375,730464316
2014-04-11T00:00:00Z,1704.5159912109375,1754.51513671875,1699.9705810546875,1736.3336181640625,257335694
2014-04-14T00:00:00Z,1736.3336181640625,1777.2420654296875,1736.3336181640625,1777.2420654296875,198514928
2014-04-15T00:00:00Z,1790.878173828125,1804.5142822265625,1790.878173828125,1790.878173828125,178683236
2014-04-16T00:00:00Z,1804.5142822265625,1813.60498046875,1799.9688720703125,1809.0596923828125,91413778
2014-04-17T00:00:00Z,1818.150390625,1822.69580078125,1795.423583984375,1818.150390625,84766914
2014-04-21T00:00:00Z,1827.2412109375,1827.2412109375,1809.0596923828125,1827.2412109375,102461269
2014-04-22T00:00:00Z,1836.3319091796875,1854.513427734375,1822.69580078125,1854.513427734375,156262099
2014-04-23T00:00:00Z,1854.513427734375,1863.6041259765625,1813.60498046875,1822.69580078125,112683196
2014-04-24T00:00:00Z,1854.513427734375,1863.6041259765625,1818.150390625,1827.2412109375,192180469
2014-04-25T00:00:00Z,1818.150390625,1836.3319091796875,1813.60498046875,1818.150390625,166418574
2014-04-28T00:00:00Z,1827.2412109375,1836.3319091796875,1777.2420654296875,1786.332763671875,212491220
2014-04-29T00:00:00Z,1759.060546875,1781.787353515625,1749.9697265625,1777.2420654296875,128020211
2014-04-30T00:00:00Z,1795.423583984375,1818.150390625,1790.878173828125,1799.9688720703125,208462400
2014-05-02T00:00:00Z,1818.150390625,1831.7864990234375,1809.0596923828125,1827.2412109375,155627388
2014-05-05T00:00:00Z,1822.69580078125,1836.3319091796875,1809.0596923828125,1831.7864990234375,77978696
2014-05-06T00:00:00Z,1809.0596923828125,1831.7864990234375,1809.0596923828125,1822.69580078125,36812685
2014-05-07T00:00:00Z,1827.2412109375,1849.968017578125,1813.60498046875,1849.968017578125,186565422
2014-05-08T00:00:00Z,1854.513427734375,1863.6041259765625,1827.2412109375,1831.7864990234375,89721399
2014-05-09T00:00:00Z,1849.968017578125,1849.968017578125,1818.150390625,1840.8773193359375,95212694
2014-05-12T00:00:00Z,1845.4227294921875,1854.513427734375,1831.7864990234375,1831.7864990234375,99616620
2014-05-13T00:00:00Z,1849.968017578125,1849.968017578125,1813.60498046875,1827.2412109375,109492591
2014-05-14T00:00:00Z,1836.3319091796875,1922.694091796875,1831.7864990234375,1922.694091796875,264623870
2014-05-16T00:00:00Z,1949.96630859375,1981.783935546875,1927.2393798828125,1959.05712890625,247752329
2014-05-19T00:00:00Z,1995.4200439453125,2009.05615234375,1936.3302001953125,1995.4200439453125,196334141
2014-05-20T00:00:00Z,1918.148681640625,1972.6932373046875,1895.4217529296875,1918.148681640625,224385175
2014-05-21T00:00:00Z,1904.5125732421875,1931.7847900390625,1886.3310546875,1904.5125732421875,113559361
2014-05-22T00:00:00Z,1963.6024169921875,1977.238525390625,1918.148681640625,1963.6024169921875,159253050
2014-05-23T00:00:00Z,1968.1478271484375,1981.783935546875,1959.05712890625,1968.1478271484375,73599521
2014-05-26T00:00:00Z,1940.8756103515625,1986.329345703125,1931.7847900390625,1940.8756103515625,72206347
2014-05-28T00:00:00Z,1945.4208984375,1949.96630859375,1922.694091796875,1945.4208984375,115600996
2014-05-30T00:00:00Z,1854.513427734375,1981.783935546875,1854.513427734375,1854.513427734375,315048191
2014-06-02T00:00:00Z,1872.6949462890625,1890.87646484375,1863.6041259765625,1872.6949462890625,164202586
2014-06-03T00:00:00Z,1881.78564453125,1886.3310546875,1863.6041259765625,1881.78564453125,115929902
2014-06-04T00:00:00Z,1868.1495361328125,1881.78564453125,1854.513427734375,1868.1495361328125,160739726
2014-06-05T00:00:00Z,1859.058837890625,1859.058837890625,1818.150390625,1845.4227294921875,184461086
2014-06-06T00:00:00Z,1831.7864990234375,1845.4227294921875,1822.69580078125,1831.7864990234375,208275397
2014-06-09T00:00:00Z,1795.423583984375,1836.3319091796875,1795.423583984375,1795.423583984375,258611716
2014-06-10T00:00:00Z,1859.058837890625,1859.058837890625,1809.0596923828125,1859.058837890625,259488982
2014-06-11T00:00:00Z,1868.1495361328125,1868.1495361328125,1836.3319091796875,1868.1495361328125,140282123
2014-06-12T00:00:00Z,1845.4227294921875,1868.1495361328125,1827.2412109375,1845.4227294921875,124005141
2014-06-13T00:00:00Z,1849.968017578125,1854.513427734375,1836.3319091796875,1849.968017578125,69381498
2014-06-16T00:00:00Z,1845.4227294921875,1854.513427734375,1822.69580078125,1845.4227294921875,96691670
2014-06-17T00:00:00Z,1849.968017578125,1854.513427734375,1831.7864990234375,1849.968017578125,88185773
2014-06-18T00:00:00Z,1836.3319091796875,1849.968017578125,1827.2412109375,1836.3319091796875,96515667
2014-06-19T00:00:00Z,1827.2412109375,1845.4227294921875,1822.69580078125,1827.2412109375,86615496
2014-06-20T00:00:00Z,1818.150390625,1863.6041259765625,1818.150390625,1818.150390625,131853777
2014-06-23T00:00:00Z,1804.5142822265625,1840.8773193359375,1804.5142822265625,1804.5142822265625,185597405
2014-06-24T00:00:00Z,1818.150390625,1827.2412109375,1790.878173828125,1818.150390625,130516704
2014-06-25T00:00:00Z,1831.7864990234375,1840.8773193359375,1813.60498046875,1831.7864990234375,148129658
2014-06-26T00:00:00Z,1827.2412109375,1845.4227294921875,1822.69580078125,1827.2412109375,191767962
2014-06-27T00:00:00Z,1836.3319091796875,1840.8773193359375,1818.150390625,1836.3319091796875,122130159
2014-06-30T00:00:00Z,1877.2403564453125,1877.2403564453125,1836.3319091796875,1877.2403564453125,202094940
2014-07-01T00:00:00Z,1886.3310546875,1886.3310546875,1863.6041259765625,1886.3310546875,89092188
2014-07-02T00:00:00Z,1872.6949462890625,1895.4217529296875,1863.6041259765625,1872.6949462890625,71485284
2014-07-03T00:00:00Z,1849.968017578125,1877.2403564453125,1849.968017578125,1849.968017578125,211895009
2014-07-04T00:00:00Z,1854.513427734375,1872.6949462890625,1836.3319091796875,1854.513427734375,92172792
2014-07-07T00:00:00Z,1918.148681640625,1922.694091796875,1877.2403564453125,1918.148681640625,295218699
2014-07-08T00:00:00Z,2031.7830810546875,2081.7822265625,1972.6932373046875,2031.7830810546875,354098866
2014-07-10T00:00:00Z,2122.690673828125,2218.1435546875,2090.873046875,2122.690673828125,554321024
2014-07-11T00:00:00Z,2090.873046875,2109.054443359375,2045.419189453125,2090.873046875,258036406
2014-07-14T00:00:00Z,2068.14599609375,2090.873046875,2027.2376708984375,2068.14599609375,238902676
2014-07-15T00:00:00Z,2109.054443359375,2109.054443359375,2068.14599609375,2109.054443359375,136776912
2014-07-16T00:00:00Z,2072.69140625,2140.8720703125,2072.69140625,2072.69140625,190938547
2014-07-17T00:00:00Z,2077.23681640625,2099.963623046875,2054.510009765625,2077.23681640625,149388080
2014-07-18T00:00:00Z,2104.509033203125,2104.509033203125,2063.600830078125,2104.509033203125,87621463
2014-07-21T00:00:00Z,2127.236083984375,2145.41748046875,2104.509033203125,2127.236083984375,192853131
2014-07-22T00:00:00Z,2077.23681640625,2145.41748046875,2059.055419921875,2077.23681640625,336835167
2014-07-23T00:00:00Z,2072.69140625,2113.599853515625,2068.14599609375,2072.69140625,226882768
2014-07-24T00:00:00Z,2068.14599609375,2099.963623046875,2045.419189453125,2068.14599609375,246104500
2014-07-25T00:00:00Z,2036.3284912109375,2086.32763671875,2036.3284912109375,2036.3284912109375,178341680
2014-08-04T00:00:00Z,1995.4200439453125,2068.14599609375,1954.51171875,1995.4200439453125,442724096
2014-08-05T00:00:00Z,1968.1478271484375,1995.4200439453125,1959.05712890625,1968.1478271484375,244880729
2014-08-06T00:00:00Z,1931.7847900390625,1949.96630859375,1927.2393798828125,1931.7847900390625,243311002
2014-08-07T00:00:00Z,1963.6024169921875,1968.1478271484375,1927.2393798828125,1963.6024169921875,177083808
2014-08-08T00:00:00Z,1954.51171875,1963.6024169921875,1940.8756103515625,1954.51171875,121311195
2014-08-11T00:00:00Z,1986.329345703125,1990.874755859375,1968.1478271484375,1986.329345703125,156976561
2014-08-12T00:00:00Z,1981.783935546875,2009.05615234375,1972.6932373046875,1981.783935546875,95192894
2014-08-13T00:00:00Z,1986.329345703125,1986.329345703125,1963.6024169921875,1986.329345703125,143920435
2014-08-14T00:00:00Z,1968.1478271484375,1986.329345703125,1963.6024169921875,1968.1478271484375,156620705
2014-08-15T00:00:00Z,1954.51171875,1972.6932373046875,1954.51171875,1954.51171875,154913475
2014-08-18T00:00:00Z,1963.6024169921875,1972.6932373046875,1949.96630859375,1963.6024169921875,143504078
2014-08-19T00:00:00Z,1972.6932373046875,1986.329345703125,1968.1478271484375,1972.6932373046875,240603855
2014-08-20T00:00:00Z,2004.5108642578125,2009.05615234375,1977.238525390625,2004.5108642578125,243446304
2014-08-21T00:00:00Z,2036.3284912109375,2036.3284912109375,1995.4200439453125,2036.3284912109375,219818996
2014-08-22T00:00:00Z,2049.964599609375,2054.510009765625,2022.6923828125,2049.964599609375,166041267
2014-08-25T00:00:00Z,2054.510009765625,2059.055419921875,2031.7830810546875,2054.510009765625,107005448
2014-08-26T00:00:00Z,2013.6015625,2049.964599609375,2013.6015625,2013.6015625,197038153
2014-08-27T00:00:00Z,2022.6923828125,2031.7830810546875,2013.6015625,2022.6923828125,93320661
2014-08-28T00:00:00Z,2018.14697265625,2031.7830810546875,2018.14697265625,2018.14697265625,77968246
2014-08-29T00:00:00Z,2009.05615234375,2027.2376708984375,2004.5108642578125,2009.05615234375,107936064
2014-09-01T00:00:00Z,2009.05615234375,2022.6923828125,1999.9654541015625,2009.05615234375,30369324
2014-09-02T00:00:00Z,2018.14697265625,2027.2376708984375,2004.5108642578125,2018.14697265625,65922488
2014-09-03T00:00:00Z,2022.6923828125,2031.7830810546875,2013.6015625,2022.6923828125,82468974
2014-09-04T00:00:00Z,2009.05615234375,2031.7830810546875,2009.05615234375,2009.05615234375,95065842
2014-09-05T00:00:00Z,1990.874755859375,2027.2376708984375,1981.783935546875,1990.874755859375,162595458
2014-09-08T00:00:00Z,1990.874755859375,2009.05615234375,1990.874755859375,1990.874755859375,178824038
2014-09-09T00:00:00Z,1968.1478271484375,1990.874755859375,1963.6024169921875,1968.1478271484375,205028691
2014-09-10T00:00:00Z,1954.51171875,1972.6932373046875,1940.8756103515625,1954.51171875,165345505
2014-09-11T00:00:00Z,1949.96630859375,1977.238525390625,1949.96630859375,1949.96630859375,123919340
2014-09-12T00:00:00Z,1922.694091796875,1949.96630859375,1909.0579833984375,1922.694091796875,226718865
2014-09-15T00:00:00Z,1895.4217529296875,1909.0579833984375,1872.6949462890625,1895.4217529296875,216780194
2014-09-16T00:00:00Z,1877.2403564453125,1909.0579833984375,1872.6949462890625,1877.2403564453125,224782282
2014-09-17T00:00:00Z,1890.87646484375,1899.9671630859375,1881.78564453125,1890.87646484375,205312496
2014-09-18T00:00:00Z,1909.0579833984375,1927.2393798828125,1881.78564453125,1909.0579833984375,205835555
2014-09-19T00:00:00Z,1963.6024169921875,1990.874755859375,1922.694091796875,1963.6024169921875,222901800
2014-09-22T00:00:00Z,1963.6024169921875,1977.238525390625,1945.4208984375,1963.6024169921875,114123671
2014-09-23T00:00:00Z,1936.3302001953125,1963.6024169921875,1931.7847900390625,1936.3302001953125,137554075
2014-09-24T00:00:00Z,1927.2393798828125,1945.4208984375,1927.2393798828125,1927.2393798828125,80394338
2014-09-25T00:00:00Z,1959.05712890625,1968.1478271484375,1936.3302001953125,1959.05712890625,127735856
2014-09-26T00:00:00Z,1881.78564453125,1918.148681640625,1881.78564453125,1881.78564453125,302285771
2014-09-29T00:00:00Z,1886.3310546875,1899.9671630859375,1845.4227294921875,1886.3310546875,195186271
2014-09-30T00:00:00Z,1895.4217529296875,1904.5125732421875,1877.2403564453125,1895.4217529296875,272048998
2014-10-01T00:00:00Z,1954.51171875,1963.6024169921875,1909.0579833984375,1954.51171875,251435742
2014-10-02T00:00:00Z,1881.78564453125,1927.2393798828125,1881.78564453125,1881.78564453125,196628946
2014-10-03T00:00:00Z,1822.69580078125,1890.87646484375,1818.150390625,1822.69580078125,310662965
2014-10-06T00:00:00Z,1913.603271484375,1918.148681640625,1827.2412109375,1913.603271484375,159627607
2014-10-07T00:00:00Z,1904.5125732421875,1936.3302001953125,1886.3310546875,1904.5125732421875,107879963
2014-10-08T00:00:00Z,1836.3319091796875,1899.9671630859375,1836.3319091796875,1836.3319091796875,247012566
2014-10-09T00:00:00Z,1863.6041259765625,1877.2403564453125,1859.058837890625,1863.6041259765625,98315848
2014-10-10T00:00:00Z,1836.3319091796875,1849.968017578125,1818.150390625,1836.3319091796875,132756893
2014-10-13T00:00:00Z,1827.2412109375,1840.8773193359375,1818.150390625,1827.2412109375,89335843
2014-10-14T00:00:00Z,1836.3319091796875,1859.058837890625,1818.150390625,1836.3319091796875,147576349
2014-10-15T00:00:00Z,1881.78564453125,1886.3310546875,1836.3319091796875,1881.78564453125,116389710
2014-10-16T00:00:00Z,1859.058837890625,1886.3310546875,1840.8773193359375,1859.058837890625,169907284
2014-10-17T00:00:00Z,1945.4208984375,1954.51171875,1859.058837890625,1945.4208984375,400052709
2014-10-20T00:00:00Z,1945.4208984375,2009.05615234375,1945.4208984375,1945.4208984375,246106700
2014-10-21T00:00:00Z,1922.694091796875,1949.96630859375,1895.4217529296875,1922.694091796875,161867245
2014-10-22T00:00:00Z,1949.96630859375,1959.05712890625,1927.2393798828125,1949.96630859375,121057640
2014-10-23T00:00:00Z,1972.6932373046875,1977.238525390625,1949.96630859375,1972.6932373046875,260147343
2014-10-24T00:00:00Z,1963.6024169921875,1972.6932373046875,1922.694091796875,1963.6024169921875,164000732
2014-10-27T00:00:00Z,1918.148681640625,1977.238525390625,1918.148681640625,1918.148681640625,105666725
2014-10-28T00:00:00Z,1909.0579833984375,1922.694091796875,1904.5125732421875,1909.0579833984375,141338691
2014-10-29T00:00:00Z,1968.1478271484375,1968.1478271484375,1922.694091796875,1968.1478271484375,153552752
2014-10-30T00:00:00Z,1968.1478271484375,1981.783935546875,1949.96630859375,1968.1478271484375,90322560
2014-10-31T00:00:00Z,2013.6015625,2013.6015625,1968.1478271484375,2013.6015625,189503573
2014-11-03T00:00:00Z,2018.14697265625,2022.6923828125,1995.4200439453125,2018.14697265625,112812448
2014-11-04T00:00:00Z,2004.5108642578125,2027.2376708984375,1995.4200439453125,2004.5108642578125,53685877
2014-11-05T00:00:00Z,2013.6015625,2022.6923828125,1986.329345703125,2013.6015625,56774730
2014-11-06T00:00:00Z,1963.6024169921875,2018.14697265625,1945.4208984375,1963.6024169921875,104090947
2014-11-07T00:00:00Z,1936.3302001953125,1963.6024169921875,1927.2393798828125,1936.3302001953125,91080473
2014-11-10T00:00:00Z,1940.8756103515625,1949.96630859375,1931.7847900390625,1940.8756103515625,64480363
2014-11-11T00:00:00Z,1986.329345703125,1990.874755859375,1945.4208984375,1986.329345703125,89264341
2014-11-12T00:00:00Z,1990.874755859375,2009.05615234375,1972.6932373046875,1990.874755859375,110399556
2014-11-13T00:00:00Z,1999.9654541015625,2004.5108642578125,1986.329345703125,1999.9654541015625,91730584
2014-11-14T00:00:00Z,2013.6015625,2022.6923828125,1999.9654541015625,2013.6015625,154882125
2014-11-17T00:00:00Z,2013.6015625,2027.2376708984375,2004.5108642578125,2013.6015625,107177601
2014-11-18T00:00:00Z,2027.2376708984375,2036.3284912109375,2009.05615234375,2027.2376708984375,140453175
2014-11-19T00:00:00Z,2018.14697265625,2036.3284912109375,2018.14697265625,2018.14697265625,117345076
2014-11-20T00:00:00Z,2022.6923828125,2022.6923828125,1995.4200439453125,2022.6923828125,63795051
2014-11-21T00:00:00Z,2031.7830810546875,2036.3284912109375,2009.05615234375,2031.7830810546875,103153181
2014-11-24T00:00:00Z,2045.419189453125,2049.964599609375,2036.3284912109375,2045.419189453125,104831810
2014-11-25T00:00:00Z,2049.964599609375,2072.69140625,2049.964599609375,2049.964599609375,156868209
2014-11-26T00:00:00Z,2086.32763671875,2090.873046875,2059.055419921875,2086.32763671875,96419965
2014-11-27T00:00:00Z,2090.873046875,2095.41845703125,2077.23681640625,2090.873046875,61671465
2014-11-28T00:00:00Z,2095.41845703125,2099.963623046875,2086.32763671875,2095.41845703125,83248337
2014-12-01T00:00:00Z,2090.873046875,2131.78125,2090.873046875,2113.599853515625,123258228
2014-12-02T00:00:00Z,2118.145263671875,2131.78125,2109.054443359375,2118.145263671875,88893635
2014-12-03T00:00:00Z,2118.145263671875,2131.78125,2104.509033203125,2109.054443359375,119154608
2014-12-04T00:00:00Z,2095.41845703125,2099.963623046875,2081.7822265625,2086.32763671875,150795554
2014-12-05T00:00:00Z,2090.873046875,2095.41845703125,2081.7822265625,2086.32763671875,117458928
2014-12-08T00:00:00Z,2072.69140625,2090.873046875,2049.964599609375,2059.055419921875,127174846
2014-12-09T00:00:00Z,2054.510009765625,2063.600830078125,2036.3284912109375,2040.873779296875,158860893
2014-12-10T00:00:00Z,2031.7830810546875,2109.054443359375,2031.7830810546875,2099.963623046875,139640261
2014-12-11T00:00:00Z,2063.600830078125,2104.509033203125,2063.600830078125,2090.873046875,142874317
2014-12-12T00:00:00Z,2090.873046875,2118.145263671875,2081.7822265625,2118.145263671875,111855432
2014-12-15T00:00:00Z,2081.7822265625,2109.054443359375,2072.69140625,2081.7822265625,106262935
2014-12-16T00:00:00Z,2054.510009765625,2054.510009765625,1999.9654541015625,2013.6015625,263685554
2014-12-17T00:00:00Z,1999.9654541015625,2072.69140625,1999.9654541015625,2054.510009765625,197011752
2014-12-18T00:00:00Z,2072.69140625,2109.054443359375,2072.69140625,2109.054443359375,140020318
2014-12-19T00:00:00Z,2109.054443359375,2131.78125,2095.41845703125,2095.41845703125,179722754
2014-12-22T00:00:00Z,2118.145263671875,2122.690673828125,2109.054443359375,2109.054443359375,77788943
2014-12-23T00:00:00Z,2122.690673828125,2131.78125,2113.599853515625,2127.236083984375,67485615
2014-12-24T00:00:00Z,2109.054443359375,2127.236083984375,2109.054443359375,2109.054443359375,44033760
2014-12-29T00:00:00Z,2099.963623046875,2122.690673828125,2099.963623046875,2118.145263671875,50579423
2014-12-30T00:00:00Z,2118.145263671875,2122.690673828125,2109.054443359375,2118.145263671875,83777447
2015-01-02T00:00:00Z,2095.41845703125,2131.78125,2095.41845703125,2118.145263671875,49671357
2015-01-05T00:00:00Z,2109.054443359375,2127.236083984375,2104.509033203125,2109.054443359375,54526841
2015-01-06T00:00:00Z,2099.963623046875,2113.599853515625,2090.873046875,2095.41845703125,71601886
2015-01-07T00:00:00Z,2109.054443359375,2140.8720703125,2104.509033203125,2140.8720703125,160783727
2015-01-08T00:00:00Z,2145.41748046875,2177.235107421875,2145.41748046875,2177.235107421875,161332636
2015-01-09T00:00:00Z,2186.325927734375,2199.9619140625,2172.689697265625,2186.325927734375,147933855
2015-01-12T00:00:00Z,2145.41748046875,2172.689697265625,2131.78125,2136.32666015625,98847157
2015-01-13T00:00:00Z,2127.236083984375,2154.50830078125,2127.236083984375,2149.962890625,86738698
2015-01-14T00:00:00Z,2140.8720703125,2163.598876953125,2136.32666015625,2136.32666015625,88165422
2015-01-15T00:00:00Z,2127.236083984375,2145.41748046875,2122.690673828125,2127.236083984375,163544774
2015-01-16T00:00:00Z,2118.145263671875,2154.50830078125,2099.963623046875,2104.509033203125,160613224
2015-01-19T00:00:00Z,2109.054443359375,2127.236083984375,2104.509033203125,2109.054443359375,102499770
2015-01-20T00:00:00Z,2109.054443359375,2113.599853515625,2059.055419921875,2090.873046875,305800881
2015-01-21T00:00:00Z,2113.599853515625,2118.145263671875,2068.14599609375,2077.23681640625,238037511
2015-01-22T00:00:00Z,2090.873046875,2104.509033203125,2068.14599609375,2086.32763671875,179535751
2015-01-23T00:00:00Z,2109.054443359375,2159.0537109375,2109.054443359375,2159.0537109375,185410952
2015-01-26T00:00:00Z,2145.41748046875,2172.689697265625,2118.145263671875,2159.0537109375,200738617
2015-01-27T00:00:00Z,2168.144287109375,2186.325927734375,2159.0537109375,2168.144287109375,136142751
2015-01-28T00:00:00Z,2168.144287109375,2168.144287109375,2122.690673828125,2127.236083984375,162863863
2015-01-29T00:00:00Z,2136.32666015625,2136.32666015625,2118.145263671875,2127.236083984375,102927127
2015-01-30T00:00:00Z,2127.236083984375,2140.8720703125,2118.145263671875,2122.690673828125,147868954
2015-02-02T00:00:00Z,2122.690673828125,2131.78125,2109.054443359375,2131.78125,74154480
2015-02-03T00:00:00Z,2136.32666015625,2149.962890625,2131.78125,2136.32666015625,102041612
2015-02-04T00:00:00Z,2159.0537109375,2168.144287109375,2131.78125,2140.8720703125,214824910
2015-02-05T00:00:00Z,2136.32666015625,2140.8720703125,2113.599853515625,2127.236083984375,142598763
2015-02-06T00:00:00Z,2140.8720703125,2140.8720703125,2113.599853515625,2118.145263671875,194154453
2015-02-09T00:00:00Z,2109.054443359375,2145.41748046875,2109.054443359375,2122.690673828125,143648731
2015-02-10T00:00:00Z,2113.599853515625,2145.41748046875,2113.599853515625,2118.145263671875,155653238
2015-02-11T00:00:00Z,2131.78125,2136.32666015625,2118.145263671875,2127.236083984375,115794600
2015-02-12T00:00:00Z,2127.236083984375,2163.598876953125,2127.236083984375,2159.0537109375,227360177
2015-02-13T00:00:00Z,2177.235107421875,2186.325927734375,2168.144287109375,2181.780517578125,263997959
2015-02-16T00:00:00Z,2181.780517578125,2190.871337890625,2168.144287109375,2186.325927734375,296563472
2015-02-17T00:00:00Z,2177.235107421875,2186.325927734375,2177.235107421875,2181.780517578125,138546843
2015-02-18T00:00:00Z,2227.234375,2290.86962890625,2222.68896484375,2268.142578125,546873345
2015-02-20T00:00:00Z,2277.2333984375,2327.232421875,2272.68798828125,2313.596435546875,205554500
2015-02-23T00:00:00Z,2313.596435546875,2318.141845703125,2263.59716796875,2309.051025390625,195699430
2015-02-24T00:00:00Z,2309.051025390625,2363.595458984375,2309.051025390625,2327.232421875,238958777
2015-02-25T00:00:00Z,2345.4140625,2349.95947265625,2327.232421875,2349.95947265625,117731733
2015-02-26T00:00:00Z,2349.95947265625,2363.595458984375,2336.3232421875,2354.5048828125,116841818
2015-02-27T00:00:00Z,2372.686279296875,2372.686279296875,2340.86865234375,2340.86865234375,103315434
2015-03-02T00:00:00Z,2340.86865234375,2354.5048828125,2336.3232421875,2354.5048828125,114639580
2015-03-03T00:00:00Z,2318.141845703125,2359.050048828125,2318.141845703125,2340.86865234375,92189292
2015-03-04T00:00:00Z,2336.3232421875,2345.4140625,2327.232421875,2331.77783203125,117220774
2015-03-05T00:00:00Z,2336.3232421875,2340.86865234375,2322.687255859375,2336.3232421875,90490312
2015-03-06T00:00:00Z,2340.86865234375,2377.231689453125,2331.77783203125,2377.231689453125,96560217
2015-03-09T00:00:00Z,2363.595458984375,2363.595458984375,2336.3232421875,2349.95947265625,98470400
2015-03-10T00:00:00Z,2336.3232421875,2381.777099609375,2331.77783203125,2340.86865234375,91844436
2015-03-11T00:00:00Z,2327.232421875,2340.86865234375,2313.596435546875,2336.3232421875,150966057
2015-03-12T00:00:00Z,2336.3232421875,2363.595458984375,2331.77783203125,2345.4140625,75197298
2015-03-13T00:00:00Z,2363.595458984375,2368.140869140625,2318.141845703125,2318.141845703125,135312787
2015-03-16T00:00:00Z,2299.960205078125,2363.595458984375,2299.960205078125,2345.4140625,78571607
2015-03-17T00:00:00Z,2345.4140625,2363.595458984375,2345.4140625,2349.95947265625,66427397
2015-03-18T00:00:00Z,2327.232421875,2359.050048828125,2290.86962890625,2359.050048828125,95450848
2015-03-19T00:00:00Z,2372.686279296875,2381.777099609375,2354.5048828125,2372.686279296875,100387733
2015-03-20T00:00:00Z,2331.77783203125,2368.140869140625,2331.77783203125,2345.4140625,149571783
2015-03-23T00:00:00Z,2345.4140625,2359.050048828125,2340.86865234375,2345.4140625,118939004
2015-03-24T00:00:00Z,2354.5048828125,2372.686279296875,2349.95947265625,2363.595458984375,116933669
2015-03-25T00:00:00Z,2363.595458984375,2409.04931640625,2359.050048828125,2390.86767578125,121217143
2015-03-26T00:00:00Z,2372.686279296875,2413.5947265625,2368.140869140625,2386.322509765625,117552430
2015-03-27T00:00:00Z,2345.4140625,2386.322509765625,2345.4140625,2377.231689453125,136639960
2015-03-30T00:00:00Z,2363.595458984375,2399.95849609375,2359.050048828125,2368.140869140625,144405544
2015-03-31T00:00:00Z,2399.95849609375,2413.5947265625,2386.322509765625,2413.5947265625,211002894
2015-04-01T00:00:00Z,2413.5947265625,2445.412353515625,2359.050048828125,2363.595458984375,212229965
2015-04-02T00:00:00Z,2395.4130859375,2399.95849609375,2359.050048828125,2363.595458984375,125102960
2015-04-06T00:00:00Z,2363.595458984375,2381.777099609375,2359.050048828125,2368.140869140625,102198365
2015-04-07T00:00:00Z,2386.322509765625,2409.04931640625,2377.231689453125,2395.4130859375,126392733
2015-04-08T00:00:00Z,2390.86767578125,2399.95849609375,2372.686279296875,2381.777099609375,105140366
2015-04-09T00:00:00Z,2381.777099609375,2395.4130859375,2368.140869140625,2377.231689453125,43622903
2015-04-10T00:00:00Z,2368.140869140625,2390.86767578125,2363.595458984375,2368.140869140625,60428993
2015-04-13T00:00:00Z,2363.595458984375,2372.686279296875,2354.5048828125,2363.595458984375,136079500
2015-04-14T00:00:00Z,2359.050048828125,2368.140869140625,2354.5048828125,2363.595458984375,94192426
2015-04-15T00:00:00Z,2381.777099609375,2381.777099609375,2354.5048828125,2377.231689453125,80791995
2015-04-16T00:00:00Z,2386.322509765625,2390.86767578125,2372.686279296875,2386.322509765625,75442053
2015-04-17T00:00:00Z,2386.322509765625,2395.4130859375,2359.050048828125,2363.595458984375,99767323
2015-04-20T00:00:00Z,2345.4140625,2390.86767578125,2340.86865234375,2390.86767578125,109599293
2015-04-21T00:00:00Z,2395.4130859375,2399.95849609375,2381.777099609375,2399.95849609375,48140131
2015-04-22T00:00:00Z,2372.686279296875,2395.4130859375,2363.595458984375,2395.4130859375,100332182
2015-04-23T00:00:00Z,2386.322509765625,2386.322509765625,2363.595458984375,2372.686279296875,207800189
2015-04-24T00:00:00Z,2377.231689453125,2381.777099609375,2349.95947265625,2354.5048828125,164811446
2015-04-27T00:00:00Z,2345.4140625,2345.4140625,2181.780517578125,2186.325927734375,497780047
2015-04-28T00:00:00Z,2145.41748046875,2195.41650390625,2127.236083984375,2159.0537109375,342672968
2015-04-29T00:00:00Z,2159.0537109375,2172.689697265625,2045.419189453125,2113.599853515625,376079995
2015-04-30T00:00:00Z,2109.054443359375,2186.325927734375,2095.41845703125,2113.599853515625,258526465
2015-05-04T00:00:00Z,2072.69140625,2163.598876953125,2072.69140625,2113.599853515625,232215660
2015-05-05T00:00:00Z,2140.8720703125,2177.235107421875,2113.599853515625,2127.236083984375,234983858
2015-05-06T00:00:00Z,2122.690673828125,2140.8720703125,2109.054443359375,2136.32666015625,178719536
2015-05-07T00:00:00Z,2122.690673828125,2131.78125,2104.509033203125,2113.599853515625,163944631
2015-05-08T00:00:00Z,2113.599853515625,2131.78125,2113.599853515625,2118.145263671875,147337094
2015-05-11T00:00:00Z,2127.236083984375,2145.41748046875,2127.236083984375,2140.8720703125,94399780
2015-05-12T00:00:00Z,2136.32666015625,2213.59814453125,2131.78125,2186.325927734375,186576422
2015-05-13T00:00:00Z,2204.50732421875,2213.59814453125,2181.780517578125,2213.59814453125,81381055
2015-05-15T00:00:00Z,2227.234375,2231.779541015625,2136.32666015625,2145.41748046875,146280526
2015-05-18T00:00:00Z,2127.236083984375,2181.780517578125,2127.236083984375,2181.780517578125,53435622
2015-05-19T00:00:00Z,2195.41650390625,2231.779541015625,2172.689697265625,2231.779541015625,139255805
2015-05-20T00:00:00Z,2254.506591796875,2281.77880859375,2231.779541015625,2268.142578125,130016195
2015-05-21T00:00:00Z,2281.77880859375,2318.141845703125,2245.415771484375,2318.141845703125,217056849
2015-05-22T00:00:00Z,2318.141845703125,2318.141845703125,2259.052001953125,2290.86962890625,134274919
2015-05-25T00:00:00Z,2268.142578125,2277.2333984375,2236.324951171875,2245.415771484375,120460330
2015-05-26T00:00:00Z,2218.1435546875,2272.68798828125,2218.1435546875,2249.961181640625,81987166
2015-05-27T00:00:00Z,2186.325927734375,2240.870361328125,2172.689697265625,2172.689697265625,160967980
2015-05-28T00:00:00Z,2181.780517578125,2195.41650390625,2149.962890625,2149.962890625,160285968
2015-05-29T00:00:00Z,2127.236083984375,2159.0537109375,2127.236083984375,2140.8720703125,347453101
2015-06-01T00:00:00Z,2131.78125,2140.8720703125,2113.599853515625,2131.78125,180903074
2015-06-03T00:00:00Z,2118.145263671875,2131.78125,2045.419189453125,2045.419189453125,310101956
2015-06-04T00:00:00Z,2049.964599609375,2059.055419921875,2013.6015625,2022.6923828125,208206646
2015-06-05T00:00:00Z,1999.9654541015625,2054.510009765625,1999.9654541015625,2054.510009765625,109962849
2015-06-08T00:00:00Z,2068.14599609375,2068.14599609375,1977.238525390625,1999.9654541015625,183136663
2015-06-09T00:00:00Z,1977.238525390625,1977.238525390625,1872.6949462890625,1904.5125732421875,399282146
2015-06-10T00:00:00Z,1904.5125732421875,1940.8756103515625,1868.1495361328125,1890.87646484375,209898475
2015-06-11T00:00:00Z,1904.5125732421875,1909.0579833984375,1831.7864990234375,1840.8773193359375,232668318
2015-06-12T00:00:00Z,1836.3319091796875,1895.4217529296875,1827.2412109375,1886.3310546875,166243671
2015-06-15T00:00:00Z,1881.78564453125,1881.78564453125,1845.4227294921875,1845.4227294921875,139372957
2015-06-16T00:00:00Z,1863.6041259765625,1927.2393798828125,1840.8773193359375,1918.148681640625,181513585
2015-06-17T00:00:00Z,1936.3302001953125,2004.5108642578125,1927.2393798828125,1999.9654541015625,191224552
2015-06-18T00:00:00Z,1981.783935546875,1995.4200439453125,1936.3302001953125,1959.05712890625,132440637
2015-06-19T00:00:00Z,1968.1478271484375,2009.05615234375,1968.1478271484375,2009.05615234375,142452460
2015-06-22T00:00:00Z,2027.2376708984375,2036.3284912109375,1968.1478271484375,1990.874755859375,104511705
2015-06-23T00:00:00Z,1990.874755859375,1999.9654541015625,1949.96630859375,1963.6024169921875,154971226
2015-06-24T00:00:00Z,1954.51171875,1972.6932373046875,1868.1495361328125,1872.6949462890625,322983178
2015-06-25T00:00:00Z,1863.6041259765625,1872.6949462890625,1831.7864990234375,1854.513427734375,381805594
2015-06-26T00:00:00Z,1845.4227294921875,1904.5125732421875,1845.4227294921875,1904.5125732421875,216146583
2015-06-29T00:00:00Z,1872.6949462890625,1895.4217529296875,1854.513427734375,1886.3310546875,105070514
2015-06-30T00:00:00Z,1877.2403564453125,1899.9671630859375,1868.1495361328125,1881.78564453125,216465588
2015-07-01T00:00:00Z,1881.78564453125,1927.2393798828125,1881.78564453125,1918.148681640625,149727986
2015-07-02T00:00:00Z,1936.3302001953125,1977.238525390625,1918.148681640625,1977.238525390625,179726054
2015-07-03T00:00:00Z,1981.783935546875,1981.783935546875,1936.3302001953125,1968.1478271484375,124158044
2015-07-06T00:00:00Z,1927.2393798828125,1949.96630859375,1881.78564453125,1890.87646484375,115791299
2015-07-07T00:00:00Z,1890.87646484375,1918.148681640625,1890.87646484375,1904.5125732421875,114379425
2015-07-08T00:00:00Z,1881.78564453125,1918.148681640625,1854.513427734375,1859.058837890625,138749796
2015-07-09T00:00:00Z,1840.8773193359375,1881.78564453125,1840.8773193359375,1872.6949462890625,104666807
2015-07-10T00:00:00Z,1890.87646484375,1922.694091796875,1881.78564453125,1904.5125732421875,104557905
2015-07-13T00:00:00Z,1872.6949462890625,1913.603271484375,1872.6949462890625,1904.5125732421875,68977791
2015-07-14T00:00:00Z,1890.87646484375,1913.603271484375,1886.3310546875,1909.0579833984375,136384205
2015-07-15T00:00:00Z,1904.5125732421875,1904.5125732421875,1840.8773193359375,1840.8773193359375,194819965
2015-07-22T00:00:00Z,1877.2403564453125,1886.3310546875,1849.968017578125,1881.78564453125,264081011
2015-07-23T00:00:00Z,1881.78564453125,1890.87646484375,1863.6041259765625,1863.6041259765625,129274782
2015-07-24T00:00:00Z,1854.513427734375,1872.6949462890625,1822.69580078125,1836.3319091796875,249506859
2015-07-27T00:00:00Z,1836.3319091796875,1836.3319091796875,1777.2420654296875,1777.2420654296875,186627573
2015-07-28T00:00:00Z,1763.60595703125,1781.787353515625,1709.0614013671875,1709.0614013671875,198727232
2015-07-29T00:00:00Z,1731.7882080078125,1745.4244384765625,1718.152099609375,1727.242919921875,198551779
2015-07-30T00:00:00Z,1749.9697265625,1763.60595703125,1690.8798828125,1699.9705810546875,189127366
2015-07-31T00:00:00Z,1704.5159912109375,1822.69580078125,1704.5159912109375,1818.150390625,245988448
2015-08-03T00:00:00Z,1840.8773193359375,1899.9671630859375,1818.150390625,1899.9671630859375,275629010
2015-08-04T00:00:00Z,1886.3310546875,1904.5125732421875,1854.513427734375,1890.87646484375,185481353
2015-08-05T00:00:00Z,1872.6949462890625,1963.6024169921875,1872.6949462890625,1963.6024169921875,134355770
2015-08-06T00:00:00Z,1963.6024169921875,1977.238525390625,1945.4208984375,1959.05712890625,195384824
2015-08-07T00:00:00Z,1940.8756103515625,1945.4208984375,1913.603271484375,1918.148681640625,58920317
2015-08-10T00:00:00Z,1881.78564453125,1922.694091796875,1872.6949462890625,1922.694091796875,61042804
2015-08-11T00:00:00Z,1954.51171875,1959.05712890625,1845.4227294921875,1845.4227294921875,89054788
2015-08-12T00:00:00Z,1790.878173828125,1822.69580078125,1754.51513671875,1763.60595703125,255966171
2015-08-13T00:00:00Z,1763.60595703125,1868.1495361328125,1763.60595703125,1822.69580078125,227895886
2015-08-14T00:00:00Z,1840.8773193359375,1859.058837890625,1827.2412109375,1859.058837890625,77277434
2015-08-18T00:00:00Z,1845.4227294921875,1854.513427734375,1781.787353515625,1781.787353515625,128873275
2015-08-19T00:00:00Z,1809.0596923828125,1831.7864990234375,1781.787353515625,1799.9688720703125,85629879
2015-08-20T00:00:00Z,1781.787353515625,1799.9688720703125,1759.060546875,1768.1512451171875,139306956
2015-08-21T00:00:00Z,1727.242919921875,1736.3336181640625,1713.6068115234375,1727.242919921875,177506215
2015-08-24T00:00:00Z,1672.6983642578125,1695.42529296875,1640.8807373046875,1663.607666015625,248510242
2015-08-25T00:00:00Z,1681.7891845703125,1772.6966552734375,1681.7891845703125,1727.242919921875,258717318
2015-08-26T00:00:00Z,1772.6966552734375,1777.2420654296875,1690.8798828125,1772.6966552734375,239235982
2015-08-27T00:00:00Z,1827.2412109375,1909.0579833984375,1822.69580078125,1909.0579833984375,247086817
2015-08-28T00:00:00Z,1936.3302001953125,1963.6024169921875,1890.87646484375,1890.87646484375,234548251
2015-08-31T00:00:00Z,1872.6949462890625,1940.8756103515625,1872.6949462890625,1931.7847900390625,204396730
2015-09-01T00:00:00Z,1890.87646484375,1918.148681640625,1836.3319091796875,1836.3319091796875,128265515
2015-09-02T00:00:00Z,1818.150390625,1868.1495361328125,1795.423583984375,1854.513427734375,120962489
2015-09-03T00:00:00Z,1868.1495361328125,1872.6949462890625,1836.3319091796875,1845.4227294921875,94235877
2015-09-04T00:00:00Z,1818.150390625,1854.513427734375,1809.0596923828125,1831.7864990234375,106662242
2015-09-07T00:00:00Z,1827.2412109375,1831.7864990234375,1777.2420654296875,1777.2420654296875,88421727
2015-09-08T00:00:00Z,1772.6966552734375,1818.150390625,1763.60595703125,1804.5142822265625,87639063
2015-09-09T00:00:00Z,1827.2412109375,1836.3319091796875,1795.423583984375,1804.5142822265625,186908078
2015-09-10T00:00:00Z,1777.2420654296875,1781.787353515625,1749.9697265625,1754.51513671875,136625659
2015-09-11T00:00:00Z,1772.6966552734375,1777.2420654296875,1745.4244384765625,1745.4244384765625,69257196
2015-09-14T00:00:00Z,1768.1512451171875,1768.1512451171875,1731.7882080078125,1749.9697265625,81844163
2015-09-15T00:00:00Z,1740.8790283203125,1749.9697265625,1731.7882080078125,1749.9697265625,83015683
2015-09-16T00:00:00Z,1754.51513671875,1768.1512451171875,1740.8790283203125,1745.4244384765625,55606510
2015-09-17T00:00:00Z,1768.1512451171875,1827.2412109375,1745.4244384765625,1822.69580078125,114613729
2015-09-18T00:00:00Z,1827.2412109375,1831.7864990234375,1777.2420654296875,1777.2420654296875,126506585
2015-09-21T00:00:00Z,1745.4244384765625,1754.51513671875,1727.242919921875,1731.7882080078125,132395536
2015-09-22T00:00:00Z,1731.7882080078125,1745.4244384765625,1686.33447265625,1699.9705810546875,175062523
2015-09-23T00:00:00Z,1672.6983642578125,1672.6983642578125,1595.427001953125,1599.972412109375,379040696
2015-09-25T00:00:00Z,1581.7908935546875,1581.7908935546875,1513.6102294921875,1554.5185546875,456977593
2015-09-28T00:00:00Z,1545.4278564453125,1549.9732666015625,1509.0648193359375,1509.0648193359375,230983639
2015-09-29T00:00:00Z,1463.611083984375,1522.700927734375,1449.9749755859375,1518.1556396484375,333299706
2015-09-30T00:00:00Z,1536.337158203125,1581.7908935546875,1522.700927734375,1572.7000732421875,412974083
2015-10-01T00:00:00Z,1586.336181640625,1599.972412109375,1563.609375,1586.336181640625,169041569
2015-10-02T00:00:00Z,1572.7000732421875,1586.336181640625,1554.5185546875,1577.2454833984375,124785605
2015-10-05T00:00:00Z,1581.7908935546875,1663.607666015625,1581.7908935546875,1659.062255859375,182334199
2015-10-06T00:00:00Z,1686.33447265625,1749.9697265625,1686.33447265625,1718.152099609375,327137950
2015-10-07T00:00:00Z,1749.9697265625,1790.878173828125,1718.152099609375,1790.878173828125,258875171
2015-10-08T00:00:00Z,1818.150390625,1822.69580078125,1790.878173828125,1813.60498046875,219113334
2015-10-09T00:00:00Z,1836.3319091796875,1922.694091796875,1831.7864990234375,1918.148681640625,275471158
2015-10-12T00:00:00Z,1931.7847900390625,1972.6932373046875,1927.2393798828125,1963.6024169921875,189487072
2015-10-13T00:00:00Z,1945.4208984375,1945.4208984375,1822.69580078125,1822.69580078125,224369225
2015-10-15T00:00:00Z,1881.78564453125,1918.148681640625,1836.3319091796875,1840.8773193359375,147112140
2015-10-16T00:00:00Z,1854.513427734375,1895.4217529296875,1849.968017578125,1872.6949462890625,95461298
2015-10-19T00:00:00Z,1895.4217529296875,1904.5125732421875,1881.78564453125,1895.4217529296875,84685512
2015-10-20T00:00:00Z,1886.3310546875,1940.8756103515625,1877.2403564453125,1931.7847900390625,107579108
2015-10-21T00:00:00Z,1945.4208984375,1963.6024169921875,1918.148681640625,1918.148681640625,101230348
2015-10-22T00:00:00Z,1945.4208984375,1945.4208984375,1918.148681640625,1945.4208984375,77972646
2015-10-23T00:00:00Z,1981.783935546875,2036.3284912109375,1972.6932373046875,2036.3284912109375,151021608
2015-10-26T00:00:00Z,2099.963623046875,2127.236083984375,2095.41845703125,2109.054443359375,239808542
2015-10-27T00:00:00Z,2090.873046875,2109.054443359375,2063.600830078125,2109.054443359375,130301100
2015-10-28T00:00:00Z,2081.7822265625,2090.873046875,1990.874755859375,2018.14697265625,152041876
2015-10-29T00:00:00Z,1999.9654541015625,2009.05615234375,1931.7847900390625,1954.51171875,212824525
2015-10-30T00:00:00Z,1909.0579833984375,1963.6024169921875,1899.9671630859375,1913.603271484375,193973500
2015-11-02T00:00:00Z,1881.78564453125,1909.0579833984375,1854.513427734375,1868.1495361328125,164033733
2015-11-03T00:00:00Z,1918.148681640625,1977.238525390625,1899.9671630859375,1945.4208984375,230369279
2015-11-04T00:00:00Z,1999.9654541015625,2018.14697265625,1995.4200439453125,2009.05615234375,164273537
2015-11-05T00:00:00Z,1981.783935546875,1995.4200439453125,1945.4208984375,1949.96630859375,112339440
2015-11-06T00:00:00Z,1986.329345703125,1995.4200439453125,1940.8756103515625,1945.4208984375,62716483
2015-11-09T00:00:00Z,1945.4208984375,1954.51171875,1918.148681640625,1922.694091796875,60820600
2015-11-10T00:00:00Z,1890.87646484375,1936.3302001953125,1881.78564453125,1899.9671630859375,112798148
2015-11-11T00:00:00Z,1890.87646484375,1918.148681640625,1868.1495361328125,1904.5125732421875,91353277
2015-11-12T00:00:00Z,1899.9671630859375,1936.3302001953125,1899.9671630859375,1913.603271484375,106905896
2015-11-13T00:00:00Z,1904.5125732421875,1940.8756103515625,1899.9671630859375,1913.603271484375,91799335
2015-11-16T00:00:00Z,1872.6949462890625,1918.148681640625,1859.058837890625,1913.603271484375,112637545
2015-11-17T00:00:00Z,1936.3302001953125,1986.329345703125,1936.3302001953125,1981.783935546875,109649893
2015-11-18T00:00:00Z,2013.6015625,2013.6015625,1959.05712890625,1990.874755859375,141030685
2015-11-19T00:00:00Z,1990.874755859375,2004.5108642578125,1968.1478271484375,1995.4200439453125,118788301
2015-11-20T00:00:00Z,1909.0579833984375,1999.9654541015625,1909.0579833984375,1999.9654541015625,82598226
2015-11-23T00:00:00Z,1995.4200439453125,2027.2376708984375,1990.874755859375,1999.9654541015625,57231788
2015-11-24T00:00:00Z,1977.238525390625,2013.6015625,1977.238525390625,2009.05615234375,44904425
2015-11-25T00:00:00Z,2031.7830810546875,2086.32763671875,2018.14697265625,2086.32763671875,115113688
2015-11-26T00:00:00Z,2090.873046875,2109.054443359375,2063.600830078125,2086.32763671875,129617438
2015-11-27T00:00:00Z,2072.69140625,2086.32763671875,2045.419189453125,2054.510009765625,106859145
2015-11-30T00:00:00Z,2013.6015625,2063.600830078125,1959.05712890625,1959.05712890625,385544559
2015-12-01T00:00:00Z,2004.5108642578125,2054.510009765625,2004.5108642578125,2045.419189453125,204488582
2015-12-02T00:00:00Z,2049.964599609375,2059.055419921875,2036.3284912109375,2049.964599609375,111897232
2015-12-03T00:00:00Z,2031.7830810546875,2054.510009765625,2031.7830810546875,2049.964599609375,77578839
2015-12-04T00:00:00Z,2027.2376708984375,2054.510009765625,2022.6923828125,2054.510009765625,113487310
2015-12-07T00:00:00Z,2036.3284912109375,2068.14599609375,2004.5108642578125,2009.05615234375,88164322
2015-12-08T00:00:00Z,1981.783935546875,1999.9654541015625,1972.6932373046875,1981.783935546875,129087229
2015-12-10T00:00:00Z,1963.6024169921875,1990.874755859375,1959.05712890625,1977.238525390625,114144021
2015-12-11T00:00:00Z,1977.238525390625,1986.329345703125,1963.6024169921875,1968.1478271484375,114291424
2015-12-14T00:00:00Z,1931.7847900390625,1949.96630859375,1895.4217529296875,1940.8756103515625,160776577
2015-12-15T00:00:00Z,1936.3302001953125,1954.51171875,1922.694091796875,1954.51171875,99525869
2015-12-16T00:00:00Z,1977.238525390625,2063.600830078125,1972.6932373046875,2063.600830078125,163196068
2015-12-17T00:00:00Z,2099.963623046875,2109.054443359375,2090.873046875,2099.963623046875,161731393
2015-12-18T00:00:00Z,2040.873779296875,2059.055419921875,1977.238525390625,1977.238525390625,144885702
2015-12-21T00:00:00Z,1977.238525390625,2022.6923828125,1977.238525390625,2018.14697265625,60442193
2015-12-22T00:00:00Z,2009.05615234375,2018.14697265625,1986.329345703125,2009.05615234375,80111633
2015-12-23T00:00:00Z,2009.05615234375,2022.6923828125,1995.4200439453125,2018.14697265625,35937620
2015-12-28T00:00:00Z,1999.9654541015625,2081.7822265625,1995.4200439453125,2072.69140625,110588210
2015-12-29T00:00:00Z,2063.600830078125,2077.23681640625,2059.055419921875,2072.69140625,64666266
2015-12-30T00:00:00Z,2081.7822265625,2095.41845703125,2077.23681640625,2077.23681640625,145578164
2016-01-04T00:00:00Z,2072.69140625,2109.054443359375,2036.3284912109375,2086.32763671875,110418807
2016-01-05T00:00:00Z,2104.509033203125,2149.962890625,2104.509033203125,2104.509033203125,118849352
2016-01-06T00:00:00Z,2072.69140625,2140.8720703125,2072.69140625,2095.41845703125,115640047
2016-01-07T00:00:00Z,2063.600830078125,2095.41845703125,2045.419189453125,2045.419189453125,78404404
2016-01-08T00:00:00Z,2045.419189453125,2127.236083984375,2045.419189453125,2109.054443359375,117153123
2016-01-11T00:00:00Z,2072.69140625,2095.41845703125,2049.964599609375,2068.14599609375,124503450
2016-01-12T00:00:00Z,2086.32763671875,2131.78125,2077.23681640625,2109.054443359375,128978327
2016-01-13T00:00:00Z,2122.690673828125,2127.236083984375,2104.509033203125,2109.054443359375,75355151
2016-01-14T00:00:00Z,2063.600830078125,2140.8720703125,2063.600830078125,2131.78125,175249526
2016-01-15T00:00:00Z,2090.873046875,2118.145263671875,2081.7822265625,2081.7822265625,112145287
2016-01-18T00:00:00Z,2081.7822265625,2095.41845703125,2063.600830078125,2072.69140625,68989341
2016-01-19T00:00:00Z,2059.055419921875,2090.873046875,2059.055419921875,2090.873046875,67445464
2016-01-20T00:00:00Z,2072.69140625,2086.32763671875,1999.9654541015625,1999.9654541015625,101954711
2016-01-21T00:00:00Z,2036.3284912109375,2049.964599609375,1954.51171875,1968.1478271484375,169901784
2016-01-22T00:00:00Z,2018.14697265625,2049.964599609375,1986.329345703125,2049.964599609375,142360058
2016-01-25T00:00:00Z,2072.69140625,2077.23681640625,2049.964599609375,2077.23681640625,101288099
2016-01-26T00:00:00Z,2072.69140625,2072.69140625,2036.3284912109375,2054.510009765625,72482451
2016-01-27T00:00:00Z,2072.69140625,2081.7822265625,2054.510009765625,2068.14599609375,89068538
2016-01-28T00:00:00Z,2049.964599609375,2063.600830078125,2040.873779296875,2045.419189453125,97870340
2016-01-29T00:00:00Z,2045.419189453125,2063.600830078125,2004.5108642578125,2040.873779296875,256297276
2016-02-01T00:00:00Z,2063.600830078125,2063.600830078125,2022.6923828125,2040.873779296875,91888437
2016-02-02T00:00:00Z,2018.14697265625,2036.3284912109375,2004.5108642578125,2004.5108642578125,66356996
2016-02-03T00:00:00Z,1999.9654541015625,2004.5108642578125,1977.238525390625,1986.329345703125,169675730
2016-02-04T00:00:00Z,2009.05615234375,2072.69140625,2009.05615234375,2072.69140625,165717312
2016-02-05T00:00:00Z,2113.599853515625,2236.324951171875,2109.054443359375,2236.324951171875,512537352
2016-02-09T00:00:00Z,2199.9619140625,2199.9619140625,2145.41748046875,2177.235107421875,135980498
2016-02-10T00:00:00Z,2149.962890625,2181.780517578125,2136.32666015625,2140.8720703125,101815558
2016-02-11T00:00:00Z,2131.78125,2177.235107421875,2131.78125,2159.0537109375,173954254
2016-02-12T00:00:00Z,2154.50830078125,2181.780517578125,2131.78125,2145.41748046875,158189332
2016-02-15T00:00:00Z,2163.598876953125,2172.689697265625,2145.41748046875,2159.0537109375,107813962
2016-02-16T00:00:00Z,2159.0537109375,2177.235107421875,2159.0537109375,2168.144287109375,83554143
2016-02-17T00:00:00Z,2168.144287109375,2172.689697265625,2154.50830078125,2172.689697265625,84647562
2016-02-18T00:00:00Z,2181.780517578125,2190.871337890625,2159.0537109375,2181.780517578125,135121933
2016-02-19T00:00:00Z,2063.600830078125,2113.599853515625,2045.419189453125,2081.7822265625,366381128
2016-02-22T00:00:00Z,2081.7822265625,2081.7822265625,1990.874755859375,1995.4200439453125,284593615
2016-02-23T00:00:00Z,1999.9654541015625,2004.5108642578125,1913.603271484375,1927.2393798828125,300350287
2016-02-24T00:00:00Z,1927.2393798828125,1959.05712890625,1913.603271484375,1940.8756103515625,284699217
2016-02-25T00:00:00Z,1945.4208984375,1949.96630859375,1895.4217529296875,1899.9671630859375,195037218
2016-02-26T00:00:00Z,1913.603271484375,1972.6932373046875,1909.0579833984375,1972.6932373046875,217515007
2016-02-29T00:00:00Z,1972.6932373046875,2013.6015625,1968.1478271484375,2013.6015625,204357679
2016-03-01T00:00:00Z,1999.9654541015625,2018.14697265625,1936.3302001953125,1945.4208984375,162947464
2016-03-02T00:00:00Z,1981.783935546875,2013.6015625,1981.783935546875,1995.4200439453125,177538116
2016-03-03T00:00:00Z,2027.2376708984375,2036.3284912109375,1986.329345703125,2027.2376708984375,145946120
2016-03-04T00:00:00Z,2031.7830810546875,2068.14599609375,2013.6015625,2068.14599609375,105861428
2016-03-07T00:00:00Z,2090.873046875,2090.873046875,2068.14599609375,2072.69140625,110993017
2016-03-08T00:00:00Z,2081.7822265625,2090.873046875,2027.2376708984375,2059.055419921875,151970924
2016-03-10T00:00:00Z,2045.419189453125,2045.419189453125,1986.329345703125,1999.9654541015625,262774188
2016-03-15T00:00:00Z,2022.6923828125,2031.7830810546875,2004.5108642578125,2013.6015625,119004455
2016-03-16T00:00:00Z,1999.9654541015625,2013.6015625,1986.329345703125,2009.05615234375,132047380
2016-03-17T00:00:00Z,2018.14697265625,2031.7830810546875,1999.9654541015625,1999.9654541015625,162228602
2016-03-18T00:00:00Z,2018.14697265625,2036.3284912109375,2009.05615234375,2022.6923828125,259153476
2016-03-21T00:00:00Z,2018.14697265625,2045.419189453125,2013.6015625,2027.2376708984375,130951761
2016-03-22T00:00:00Z,2031.7830810546875,2036.3284912109375,2018.14697265625,2031.7830810546875,151479216
2016-03-23T00:00:00Z,2031.7830810546875,2049.964599609375,2027.2376708984375,2049.964599609375,140720480
2016-03-24T00:00:00Z,2059.055419921875,2059.055419921875,2045.419189453125,2049.964599609375,112620495
2016-03-28T00:00:00Z,2054.510009765625,2054.510009765625,2009.05615234375,2018.14697265625,54560392
2016-03-29T00:00:00Z,2018.14697265625,2022.6923828125,1986.329345703125,1995.4200439453125,104528755
2016-03-30T00:00:00Z,1995.4200439453125,2036.3284912109375,1995.4200439453125,2027.2376708984375,162989815
2016-03-31T00:00:00Z,2009.05615234375,2077.23681640625,2009.05615234375,2077.23681640625,174889820
2016-04-01T00:00:00Z,2054.510009765625,2054.510009765625,1999.9654541015625,2018.14697265625,133941613
2016-04-04T00:00:00Z,1999.9654541015625,2022.6923828125,1999.9654541015625,2018.14697265625,65779486
2016-04-05T00:00:00Z,2018.14697265625,2031.7830810546875,2009.05615234375,2018.14697265625,87672614
2016-04-06T00:00:00Z,2027.2376708984375,2031.7830810546875,2018.14697265625,2027.2376708984375,92484097
2016-04-07T00:00:00Z,2022.6923828125,2031.7830810546875,1999.9654541015625,2018.14697265625,107075849
2016-04-08T00:00:00Z,1999.9654541015625,2013.6015625,1959.05712890625,1963.6024169921875,196905601
2016-04-12T00:00:00Z,1909.0579833984375,1945.4208984375,1890.87646484375,1931.7847900390625,133667708
2016-04-21T00:00:00Z,1949.96630859375,1949.96630859375,1909.0579833984375,1945.4208984375,227710533
2016-04-22T00:00:00Z,1945.4208984375,1986.329345703125,1936.3302001953125,1981.783935546875,221574077
2016-04-25T00:00:00Z,1972.6932373046875,1977.238525390625,1890.87646484375,1909.0579833984375,296180665
2016-04-26T00:00:00Z,1899.9671630859375,1899.9671630859375,1827.2412109375,1854.513427734375,185677707
2016-04-27T00:00:00Z,1845.4227294921875,1877.2403564453125,1840.8773193359375,1854.513427734375,156014044
2016-04-28T00:00:00Z,1872.6949462890625,1904.5125732421875,1859.058837890625,1886.3310546875,171253157
2016-04-29T00:00:00Z,1877.2403564453125,1886.3310546875,1863.6041259765625,1881.78564453125,86244789
2016-05-02T00:00:00Z,1899.9671630859375,1899.9671630859375,1849.968017578125,1868.1495361328125,66241494
2016-05-03T00:00:00Z,1890.87646484375,1918.148681640625,1872.6949462890625,1913.603271484375,160901979
2016-05-04T00:00:00Z,1909.0579833984375,1913.603271484375,1854.513427734375,1881.78564453125,126440583
2016-05-09T00:00:00Z,1881.78564453125,1886.3310546875,1822.69580078125,1822.69580078125,170279091
2016-05-10T00:00:00Z,1818.150390625,1840.8773193359375,1813.60498046875,1827.2412109375,133962513
2016-05-11T00:00:00Z,1818.150390625,1840.8773193359375,1813.60498046875,1818.150390625,175368879
2016-05-12T00:00:00Z,1813.60498046875,1827.2412109375,1790.878173828125,1799.9688720703125,158341134
2016-05-13T00:00:00Z,1799.9688720703125,1809.0596923828125,1772.6966552734375,1795.423583984375,140777131
2016-05-16T00:00:00Z,1790.878173828125,1809.0596923828125,1781.787353515625,1809.0596923828125,90902820
2016-05-17T00:00:00Z,1799.9688720703125,1809.0596923828125,1754.51513671875,1763.60595703125,111727279
2016-05-18T00:00:00Z,1745.4244384765625,1772.6966552734375,1731.7882080078125,1731.7882080078125,238519869
2016-05-19T00:00:00Z,1740.8790283203125,1763.60595703125,1736.3336181640625,1759.060546875,182234647
2016-05-20T00:00:00Z,1745.4244384765625,1790.878173828125,1745.4244384765625,1781.787353515625,183107512
2016-05-23T00:00:00Z,1781.787353515625,1804.5142822265625,1781.787353515625,1804.5142822265625,75637306
2016-05-24T00:00:00Z,1809.0596923828125,1822.69580078125,1786.332763671875,1786.332763671875,106542340
2016-05-25T00:00:00Z,1804.5142822265625,1809.0596923828125,1795.423583984375,1804.5142822265625,78334003
2016-05-26T00:00:00Z,1818.150390625,1872.6949462890625,1813.60498046875,1872.6949462890625,180724321
2016-05-27T00:00:00Z,1863.6041259765625,1890.87646484375,1849.968017578125,1890.87646484375,108998682
2016-05-30T00:00:00Z,1899.9671630859375,1940.8756103515625,1890.87646484375,1931.7847900390625,237301048
2016-05-31T00:00:00Z,1931.7847900390625,1931.7847900390625,1877.2403564453125,1881.78564453125,208615303
2016-06-01T00:00:00Z,1881.78564453125,1909.0579833984375,1877.2403564453125,1899.9671630859375,133323952
2016-06-02T00:00:00Z,1881.78564453125,1890.87646484375,1854.513427734375,1868.1495361328125,97257629
2016-06-03T00:00:00Z,1877.2403564453125,1899.9671630859375,1863.6041259765625,1890.87646484375,67912423
2016-06-06T00:00:00Z,1899.9671630859375,1927.2393798828125,1886.3310546875,1927.2393798828125,107442705
2016-06-07T00:00:00Z,1931.7847900390625,1940.8756103515625,1922.694091796875,1936.3302001953125,128565820
2016-06-08T00:00:00Z,1927.2393798828125,1936.3302001953125,1913.603271484375,1936.3302001953125,124220195
2016-06-09T00:00:00Z,1936.3302001953125,1936.3302001953125,1886.3310546875,1886.3310546875,78021597
2016-06-10T00:00:00Z,1881.78564453125,1899.9671630859375,1877.2403564453125,1877.2403564453125,63123490
2016-06-13T00:00:00Z,1877.2403564453125,1877.2403564453125,1831.7864990234375,1836.3319091796875,106356987
2016-06-14T00:00:00Z,1827.2412109375,1840.8773193359375,1804.5142822265625,1813.60498046875,110417707
2016-06-15T00:00:00Z,1799.9688720703125,1840.8773193359375,1799.9688720703125,1827.2412109375,96543167
2016-06-16T00:00:00Z,1849.968017578125,1859.058837890625,1840.8773193359375,1854.513427734375,161866695
2016-06-17T00:00:00Z,1863.6041259765625,1872.6949462890625,1818.150390625,1863.6041259765625,124721804
2016-06-20T00:00:00Z,1890.87646484375,1895.4217529296875,1849.968017578125,1877.2403564453125,81492707
2016-06-21T00:00:00Z,1872.6949462890625,1890.87646484375,1868.1495361328125,1890.87646484375,104446804
2016-06-22T00:00:00Z,1890.87646484375,1909.0579833984375,1881.78564453125,1909.0579833984375,72391150
2016-06-23T00:00:00Z,1909.0579833984375,1909.0579833984375,1872.6949462890625,1895.4217529296875,52309753
2016-06-24T00:00:00Z,1872.6949462890625,1895.4217529296875,1818.150390625,1872.6949462890625,124718504
2016-06-27T00:00:00Z,1827.2412109375,1868.1495361328125,1827.2412109375,1859.058837890625,39102925
2016-06-28T00:00:00Z,1845.4227294921875,1890.87646484375,1840.8773193359375,1886.3310546875,168497610
2016-06-29T00:00:00Z,1895.4217529296875,1940.8756103515625,1895.4217529296875,1940.8756103515625,206998275
2016-06-30T00:00:00Z,1963.6024169921875,1986.329345703125,1949.96630859375,1963.6024169921875,285078724
2016-07-01T00:00:00Z,1981.783935546875,1990.874755859375,1945.4208984375,1954.51171875,112926300
2016-07-11T00:00:00Z,1990.874755859375,2072.69140625,1981.783935546875,2063.600830078125,370975907
2016-07-12T00:00:00Z,2090.873046875,2109.054443359375,2077.23681640625,2090.873046875,175051523
2016-07-13T00:00:00Z,2099.963623046875,2099.963623046875,2072.69140625,2099.963623046875,118839452
2016-07-14T00:00:00Z,2109.054443359375,2109.054443359375,2059.055419921875,2068.14599609375,117699282
2016-07-15T00:00:00Z,2081.7822265625,2095.41845703125,2081.7822265625,2090.873046875,88819384
2016-07-18T00:00:00Z,2054.510009765625,2109.054443359375,2054.510009765625,2086.32763671875,119466463
2016-07-19T00:00:00Z,2059.055419921875,2154.50830078125,2059.055419921875,2145.41748046875,275160952
2016-07-20T00:00:00Z,2145.41748046875,2181.780517578125,2145.41748046875,2159.0537109375,152558335
2016-07-21T00:00:00Z,2140.8720703125,2159.0537109375,2090.873046875,2090.873046875,115988753
2016-07-22T00:00:00Z,2077.23681640625,2086.32763671875,2045.419189453125,2077.23681640625,107461406
2016-07-25T00:00:00Z,2063.600830078125,2081.7822265625,2031.7830810546875,2063.600830078125,89527246
2016-07-26T00:00:00Z,2054.510009765625,2099.963623046875,2045.419189453125,2099.963623046875,69135644
2016-07-27T00:00:00Z,2109.054443359375,2136.32666015625,2099.963623046875,2109.054443359375,304479759
2016-07-28T00:00:00Z,2072.69140625,2090.873046875,2049.964599609375,2072.69140625,132776693
2016-07-29T00:00:00Z,2081.7822265625,2118.145263671875,2081.7822265625,2095.41845703125,256196075
2016-08-01T00:00:00Z,2109.054443359375,2140.8720703125,2104.509033203125,2131.78125,324829010
2016-08-02T00:00:00Z,2131.78125,2149.962890625,2127.236083984375,2136.32666015625,134250718
2016-08-03T00:00:00Z,2145.41748046875,2145.41748046875,2099.963623046875,2118.145263671875,77617340
2016-08-04T00:00:00Z,2145.41748046875,2159.0537109375,2131.78125,2145.41748046875,186287117
2016-08-05T00:00:00Z,2159.0537109375,2186.325927734375,2154.50830078125,2177.235107421875,282299525
2016-08-08T00:00:00Z,2199.9619140625,2227.234375,2190.871337890625,2209.052734375,227839785
2016-08-09T00:00:00Z,2209.052734375,2222.68896484375,2177.235107421875,2181.780517578125,154562019
2016-08-10T00:00:00Z,2190.871337890625,2213.59814453125,2140.8720703125,2181.780517578125,102617472
2016-08-11T00:00:00Z,2199.9619140625,2199.9619140625,2154.50830078125,2163.598876953125,124912657
2016-08-12T00:00:00Z,2136.32666015625,2209.052734375,2136.32666015625,2172.689697265625,148782519
2016-08-15T00:00:00Z,2181.780517578125,2204.50732421875,2168.144287109375,2181.780517578125,101972311
2016-08-16T00:00:00Z,2209.052734375,2213.59814453125,2190.871337890625,2199.9619140625,197105254
2016-08-18T00:00:00Z,2209.052734375,2213.59814453125,2190.871337890625,2199.9619140625,252765665
2016-08-19T00:00:00Z,2181.780517578125,2204.50732421875,2163.598876953125,2181.780517578125,144417094
2016-08-22T00:00:00Z,2172.689697265625,2172.689697265625,2131.78125,2154.50830078125,151063409
2016-08-23T00:00:00Z,2109.054443359375,2127.236083984375,2090.873046875,2099.963623046875,204825187
2016-08-24T00:00:00Z,2113.599853515625,2140.8720703125,2095.41845703125,2118.145263671875,98438500
2016-08-25T00:00:00Z,2136.32666015625,2163.598876953125,2131.78125,2154.50830078125,140641279
2016-08-26T00:00:00Z,2136.32666015625,2149.962890625,2122.690673828125,2136.32666015625,101596654
2016-08-29T00:00:00Z,2109.054443359375,2113.599853515625,2086.32763671875,2090.873046875,160667675
2016-08-30T00:00:00Z,2109.054443359375,2113.599853515625,2086.32763671875,2095.41845703125,139547310
2016-08-31T00:00:00Z,2118.145263671875,2140.8720703125,2113.599853515625,2118.145263671875,170538145
2016-09-01T00:00:00Z,2099.963623046875,2131.78125,2095.41845703125,2127.236083984375,116693315
2016-09-02T00:00:00Z,2090.873046875,2127.236083984375,2090.873046875,2113.599853515625,122769820
2016-09-05T00:00:00Z,2145.41748046875,2149.962890625,2131.78125,2145.41748046875,137726778
2016-09-06T00:00:00Z,2154.50830078125,2159.0537109375,2136.32666015625,2159.0537109375,80130334
2016-09-07T00:00:00Z,2168.144287109375,2177.235107421875,2149.962890625,2177.235107421875,129184031
2016-09-08T00:00:00Z,2163.598876953125,2181.780517578125,2163.598876953125,2177.235107421875,64527664
2016-09-09T00:00:00Z,2172.689697265625,2177.235107421875,2131.78125,2136.32666015625,109550342
2016-09-13T00:00:00Z,2122.690673828125,2140.8720703125,2109.054443359375,2122.690673828125,119633116
2016-09-14T00:00:00Z,2104.509033203125,2131.78125,2090.873046875,2127.236083984375,100627538
2016-09-15T00:00:00Z,2127.236083984375,2190.871337890625,2122.690673828125,2177.235107421875,155214880
2016-09-16T00:00:00Z,2181.780517578125,2190.871337890625,2163.598876953125,2168.144287109375,151791071
2016-09-19T00:00:00Z,2181.780517578125,2195.41650390625,2154.50830078125,2154.50830078125,75104897
2016-09-20T00:00:00Z,2181.780517578125,2186.325927734375,2168.144287109375,2181.780517578125,135471189
2016-09-21T00:00:00Z,2172.689697265625,2190.871337890625,2163.598876953125,2181.780517578125,171153606
2016-09-22T00:00:00Z,2199.9619140625,2218.1435546875,2190.871337890625,2195.41650390625,148067507
2016-09-23T00:00:00Z,2195.41650390625,2204.50732421875,2177.235107421875,2195.41650390625,122425514
2016-09-26T00:00:00Z,2190.871337890625,2204.50732421875,2186.325927734375,2186.325927734375,79398821
2016-09-27T00:00:00Z,2159.0537109375,2209.052734375,2140.8720703125,2199.9619140625,132320735
2016-09-28T00:00:00Z,2199.9619140625,2213.59814453125,2190.871337890625,2199.9619140625,228429395
2016-09-29T00:00:00Z,2218.1435546875,2227.234375,2204.50732421875,2222.68896484375,142713715
2016-09-30T00:00:00Z,2199.9619140625,2227.234375,2195.41650390625,2218.1435546875,123068475
2016-10-03T00:00:00Z,2218.1435546875,2240.870361328125,2218.1435546875,2231.779541015625,153450450
2016-10-04T00:00:00Z,2231.779541015625,2240.870361328125,2209.052734375,2231.779541015625,75091147
2016-10-05T00:00:00Z,2240.870361328125,2240.870361328125,2222.68896484375,2236.324951171875,151006208
2016-10-06T00:00:00Z,2236.324951171875,2254.506591796875,2231.779541015625,2254.506591796875,115097738
2016-10-07T00:00:00Z,2254.506591796875,2254.506591796875,2172.689697265625,2177.235107421875,142339158
2016-10-10T00:00:00Z,2163.598876953125,2186.325927734375,2149.962890625,2154.50830078125,66738702
2016-10-11T00:00:00Z,2163.598876953125,2181.780517578125,2163.598876953125,2172.689697265625,174577415
2016-10-12T00:00:00Z,2168.144287109375,2204.50732421875,2149.962890625,2181.780517578125,70169662
2016-10-13T00:00:00Z,2190.871337890625,2209.052734375,2154.50830078125,2177.235107421875,98899408
2016-10-14T00:00:00Z,2163.598876953125,2240.870361328125,2154.50830078125,2222.68896484375,96902873
2016-10-17T00:00:00Z,2209.052734375,2231.779541015625,2209.052734375,2209.052734375,110866514
2016-10-18T00:00:00Z,2231.779541015625,2231.779541015625,2209.052734375,2218.1435546875,75698907
2016-10-19T00:00:00Z,2231.779541015625,2231.779541015625,2199.9619140625,2209.052734375,41200111
2016-10-20T00:00:00Z,2195.41650390625,2218.1435546875,2195.41650390625,2204.50732421875,67079708
2016-10-21T00:00:00Z,2213.59814453125,2222.68896484375,2204.50732421875,2222.68896484375,48630189
2016-10-24T00:00:00Z,2222.68896484375,2231.779541015625,2209.052734375,2218.1435546875,55387606
2016-10-25T00:00:00Z,2236.324951171875,2236.324951171875,2209.052734375,2209.052734375,60999353
2016-10-26T00:00:00Z,2181.780517578125,2222.68896484375,2181.780517578125,2195.41650390625,124992408
2016-10-27T00:00:00Z,2195.41650390625,2218.1435546875,2186.325927734375,2218.1435546875,77750442
2016-10-28T00:00:00Z,2181.780517578125,2227.234375,2181.780517578125,2218.1435546875,73928426
2016-10-31T00:00:00Z,2236.324951171875,2236.324951171875,2195.41650390625,2218.1435546875,106301436
2016-11-01T00:00:00Z,2227.234375,2236.324951171875,2218.1435546875,2222.68896484375,77841744
2016-11-02T00:00:00Z,2222.68896484375,2263.59716796875,2213.59814453125,2254.506591796875,107751261
2016-11-03T00:00:00Z,2254.506591796875,2254.506591796875,2227.234375,2240.870361328125,79249218
2016-11-04T00:00:00Z,2218.1435546875,2254.506591796875,2209.052734375,2254.506591796875,52651309
2016-11-07T00:00:00Z,2254.506591796875,2277.2333984375,2236.324951171875,2263.59716796875,107605508
2016-11-08T00:00:00Z,2272.68798828125,2359.050048828125,2272.68798828125,2340.86865234375,141713797
2016-11-09T00:00:00Z,2340.86865234375,2359.050048828125,2263.59716796875,2290.86962890625,154245214
2016-11-10T00:00:00Z,2318.141845703125,2331.77783203125,2299.960205078125,2309.051025390625,96667469
2016-11-11T00:00:00Z,2254.506591796875,2254.506591796875,2168.144287109375,2177.235107421875,327442105
2016-11-14T00:00:00Z,2127.236083984375,2131.78125,2022.6923828125,2022.6923828125,418181573
2016-11-15T00:00:00Z,2036.3284912109375,2072.69140625,2004.5108642578125,2004.5108642578125,245969198
2016-11-16T00:00:00Z,2036.3284912109375,2099.963623046875,2036.3284912109375,2090.873046875,199883902
2016-11-17T00:00:00Z,2090.873046875,2109.054443359375,2068.14599609375,2090.873046875,105917529
2016-11-18T00:00:00Z,2109.054443359375,2109.054443359375,2077.23681640625,2090.873046875,106213984
2016-11-21T00:00:00Z,2077.23681640625,2086.32763671875,2063.600830078125,2081.7822265625,80737544
2016-11-22T00:00:00Z,2063.600830078125,2090.873046875,2063.600830078125,2086.32763671875,112346590
2016-11-23T00:00:00Z,2086.32763671875,2099.963623046875,2072.69140625,2090.873046875,96602568
2016-11-24T00:00:00Z,2063.600830078125,2081.7822265625,2040.873779296875,2054.510009765625,124643702
2016-11-25T00:00:00Z,2009.05615234375,2031.7830810546875,1977.238525390625,1986.329345703125,212318517
2016-11-28T00:00:00Z,1954.51171875,1972.6932373046875,1895.4217529296875,1904.5125732421875,321262748
2016-11-29T00:00:00Z,1895.4217529296875,1940.8756103515625,1895.4217529296875,1918.148681640625,187128632
2016-11-30T00:00:00Z,1940.8756103515625,1995.4200439453125,1936.3302001953125,1981.783935546875,312543448
2016-12-01T00:00:00Z,1981.783935546875,2018.14697265625,1977.238525390625,2009.05615234375,138604594
2016-12-02T00:00:00Z,2009.05615234375,2068.14599609375,1999.9654541015625,2054.510009765625,122104309
2016-12-05T00:00:00Z,2036.3284912109375,2059.055419921875,2022.6923828125,2022.6923828125,98347198
2016-12-06T00:00:00Z,2027.2376708984375,2072.69140625,2018.14697265625,2059.055419921875,110179553
2016-12-07T00:00:00Z,2063.600830078125,2077.23681640625,2049.964599609375,2077.23681640625,55707712
2016-12-08T00:00:00Z,2068.14599609375,2090.873046875,2054.510009765625,2090.873046875,80500490
2016-12-09T00:00:00Z,2086.32763671875,2090.873046875,2072.69140625,2086.32763671875,92402146
2016-12-13T00:00:00Z,2081.7822265625,2131.78125,2072.69140625,2131.78125,102773125
2016-12-14T00:00:00Z,2131.78125,2136.32666015625,2086.32763671875,2090.873046875,114209472
2016-12-15T00:00:00Z,2027.2376708984375,2086.32763671875,1999.9654541015625,2072.69140625,108499274
2016-12-16T00:00:00Z,2072.69140625,2072.69140625,2040.873779296875,2049.964599609375,193178186
2016-12-19T00:00:00Z,2049.964599609375,2068.14599609375,2045.419189453125,2045.419189453125,78321352
2016-12-20T00:00:00Z,2045.419189453125,2054.510009765625,2027.2376708984375,2040.873779296875,83385290
2016-12-21T00:00:00Z,2077.23681640625,2081.7822265625,1999.9654541015625,1999.9654541015625,104368702
2016-12-22T00:00:00Z,2004.5108642578125,2013.6015625,1972.6932373046875,1977.238525390625,143815934
2016-12-23T00:00:00Z,1972.6932373046875,2004.5108642578125,1959.05712890625,1977.238525390625,110680611
2016-12-27T00:00:00Z,1972.6932373046875,2013.6015625,1968.1478271484375,1999.9654541015625,56481575
2016-12-28T00:00:00Z,2018.14697265625,2081.7822265625,2018.14697265625,2068.14599609375,89001987
2016-12-29T00:00:00Z,2086.32763671875,2131.78125,2077.23681640625,2118.145263671875,146719984
2016-12-30T00:00:00Z,2131.78125,2159.0537109375,2113.599853515625,2122.690673828125,213082480
2017-01-03T00:00:00Z,2136.32666015625,2163.598876953125,2104.509033203125,2163.598876953125,74339834
2017-01-04T00:00:00Z,2163.598876953125,2218.1435546875,2136.32666015625,2218.1435546875,87881617
2017-01-05T00:00:00Z,2236.324951171875,2240.870361328125,2186.325927734375,2199.9619140625,159895461
2017-01-06T00:00:00Z,2199.9619140625,2209.052734375,2177.235107421875,2199.9619140625,80566491
2017-01-09T00:00:00Z,2181.780517578125,2209.052734375,2136.32666015625,2136.32666015625,79011614
2017-01-10T00:00:00Z,2154.50830078125,2172.689697265625,2140.8720703125,2145.41748046875,69075143
2017-01-11T00:00:00Z,2136.32666015625,2168.144287109375,2136.32666015625,2145.41748046875,75141197
2017-01-12T00:00:00Z,2163.598876953125,2168.144287109375,2159.0537109375,2159.0537109375,72817407
2017-01-13T00:00:00Z,2172.689697265625,2181.780517578125,2159.0537109375,2172.689697265625,110485908
2017-01-16T00:00:00Z,2181.780517578125,2181.780517578125,2163.598876953125,2163.598876953125,101515803
2017-01-17T00:00:00Z,2159.0537109375,2177.235107421875,2159.0537109375,2168.144287109375,43271447
2017-01-18T00:00:00Z,2163.598876953125,2177.235107421875,2154.50830078125,2172.689697265625,70248313
2017-01-19T00:00:00Z,2172.689697265625,2181.780517578125,2168.144287109375,2181.780517578125,92075440
2017-01-20T00:00:00Z,2177.235107421875,2177.235107421875,2145.41748046875,2145.41748046875,40153443
2017-01-23T00:00:00Z,2136.32666015625,2163.598876953125,2136.32666015625,2145.41748046875,51390687
2017-01-24T00:00:00Z,2149.962890625,2163.598876953125,2145.41748046875,2149.962890625,66106191
2017-01-25T00:00:00Z,2159.0537109375,2159.0537109375,2127.236083984375,2127.236083984375,125776722
2017-01-26T00:00:00Z,2140.8720703125,2149.962890625,2131.78125,2136.32666015625,94049974
2017-01-27T00:00:00Z,2127.236083984375,2136.32666015625,2122.690673828125,2131.78125,54107184
2017-01-30T00:00:00Z,2149.962890625,2154.50830078125,2136.32666015625,2136.32666015625,65218476
2017-01-31T00:00:00Z,2131.78125,2149.962890625,2127.236083984375,2131.78125,75222599
2017-02-01T00:00:00Z,2145.41748046875,2177.235107421875,2140.8720703125,2172.689697265625,178441232
2017-02-02T00:00:00Z,2181.780517578125,2186.325927734375,2168.144287109375,2177.235107421875,129157080
2017-02-03T00:00:00Z,2181.780517578125,2190.871337890625,2177.235107421875,2181.780517578125,135167034
2017-02-06T00:00:00Z,2195.41650390625,2204.50732421875,2181.780517578125,2190.871337890625,250986935
2017-02-07T00:00:00Z,2190.871337890625,2195.41650390625,2181.780517578125,2186.325927734375,85484676
2017-02-08T00:00:00Z,2177.235107421875,2181.780517578125,2149.962890625,2172.689697265625,147025239
2017-02-09T00:00:00Z,2177.235107421875,2186.325927734375,2168.144287109375,2177.235107421875,127802407
2017-02-10T00:00:00Z,2177.235107421875,2190.871337890625,2177.235107421875,2186.325927734375,95515199
2017-02-13T00:00:00Z,2195.41650390625,2204.50732421875,2181.780517578125,2195.41650390625,96346814
2017-02-14T00:00:00Z,2181.780517578125,2195.41650390625,2163.598876953125,2181.780517578125,69135094
2017-02-16T00:00:00Z,2181.780517578125,2181.780517578125,2140.8720703125,2181.780517578125,128769324
2017-02-17T00:00:00Z,2154.50830078125,2168.144287109375,2127.236083984375,2127.236083984375,98121144
2017-02-20T00:00:00Z,2145.41748046875,2154.50830078125,2118.145263671875,2136.32666015625,83084435
2017-02-21T00:00:00Z,2154.50830078125,2181.780517578125,2149.962890625,2163.598876953125,86270090
2017-02-22T00:00:00Z,2181.780517578125,2181.780517578125,2163.598876953125,2181.780517578125,103578889
2017-02-23T00:00:00Z,2168.144287109375,2181.780517578125,2168.144287109375,2168.144287109375,65381829
2017-02-24T00:00:00Z,2159.0537109375,2181.780517578125,2154.50830078125,2172.689697265625,83788997
2017-02-27T00:00:00Z,2181.780517578125,2181.780517578125,2159.0537109375,2159.0537109375,58183854
2017-02-28T00:00:00Z,2168.144287109375,2186.325927734375,2163.598876953125,2172.689697265625,149039374
2017-03-01T00:00:00Z,2154.50830078125,2172.689697265625,2154.50830078125,2172.689697265625,58873566
2017-03-02T00:00:00Z,2177.235107421875,2181.780517578125,2154.50830078125,2154.50830078125,87007102
2017-03-03T00:00:00Z,2163.598876953125,2177.235107421875,2154.50830078125,2154.50830078125,47146264
2017-03-06T00:00:00Z,2163.598876953125,2172.689697265625,2159.0537109375,2172.689697265625,54321138
2017-03-07T00:00:00Z,2181.780517578125,2181.780517578125,2168.144287109375,2181.780517578125,103532138
2017-03-08T00:00:00Z,2190.871337890625,2204.50732421875,2181.780517578125,2181.780517578125,89386993
2017-03-09T00:00:00Z,2195.41650390625,2209.052734375,2186.325927734375,2195.41650390625,80096233
2017-03-10T00:00:00Z,2209.052734375,2209.052734375,2186.325927734375,2195.41650390625,83685045
2017-03-13T00:00:00Z,2209.052734375,2209.052734375,2186.325927734375,2195.41650390625,107761711
2017-03-14T00:00:00Z,2181.780517578125,2204.50732421875,2181.780517578125,2190.871337890625,59510477
2017-03-15T00:00:00Z,2190.871337890625,2222.68896484375,2190.871337890625,2209.052734375,133583557
2017-03-16T00:00:00Z,2236.324951171875,2281.77880859375,2236.324951171875,2277.2333984375,297074431
2017-03-17T00:00:00Z,2309.051025390625,2363.595458984375,2309.051025390625,2363.595458984375,408559706
2017-03-20T00:00:00Z,2381.777099609375,2409.04931640625,2345.4140625,2363.595458984375,119646316
2017-03-21T00:00:00Z,2363.595458984375,2381.777099609375,2354.5048828125,2363.595458984375,117868135
2017-03-22T00:00:00Z,2354.5048828125,2399.95849609375,2327.232421875,2399.95849609375,261472316
2017-03-23T00:00:00Z,2363.595458984375,2395.4130859375,2345.4140625,2390.86767578125,127782607
2017-03-24T00:00:00Z,2386.322509765625,2395.4130859375,2377.231689453125,2390.86767578125,54328838
2017-03-27T00:00:00Z,2322.687255859375,2390.86767578125,2309.051025390625,2322.687255859375,79188167
2017-03-29T00:00:00Z,2345.4140625,2359.050048828125,2327.232421875,2331.77783203125,152638636
2017-03-30T00:00:00Z,2354.5048828125,2354.5048828125,2286.32421875,2354.5048828125,97370381
2017-03-31T00:00:00Z,2336.3232421875,2372.686279296875,2336.3232421875,2359.050048828125,81472907
2017-04-03T00:00:00Z,2359.050048828125,2390.86767578125,2354.5048828125,2368.140869140625,132470888
2017-04-04T00:00:00Z,2327.232421875,2386.322509765625,2327.232421875,2368.140869140625,64004605
2017-04-06T00:00:00Z,2363.595458984375,2399.95849609375,2349.95947265625,2395.4130859375,69225295
2017-04-07T00:00:00Z,2395.4130859375,2404.50390625,2368.140869140625,2372.686279296875,155016877
2017-04-10T00:00:00Z,2381.777099609375,2409.04931640625,2349.95947265625,2381.777099609375,112550094
2017-04-11T00:00:00Z,2381.777099609375,2381.777099609375,2331.77783203125,2345.4140625,43567352
2017-04-12T00:00:00Z,2345.4140625,2354.5048828125,2322.687255859375,2322.687255859375,41581818
2017-04-13T00:00:00Z,2368.140869140625,2377.231689453125,2309.051025390625,2309.051025390625,62858935
2017-04-17T00:00:00Z,2318.141845703125,2318.141845703125,2259.052001953125,2259.052001953125,49219250
2017-04-18T00:00:00Z,2295.414794921875,2354.5048828125,2290.86962890625,2340.86865234375,69504150
2017-04-20T00:00:00Z,2363.595458984375,2363.595458984375,2313.596435546875,2318.141845703125,125882874
2017-04-21T00:00:00Z,2318.141845703125,2359.050048828125,2318.141845703125,2349.95947265625,93732618
2017-04-25T00:00:00Z,2363.595458984375,2390.86767578125,2363.595458984375,2386.322509765625,209825324
2017-04-26T00:00:00Z,2390.86767578125,2404.50390625,2377.231689453125,2404.50390625,174112107
2017-04-27T00:00:00Z,2390.86767578125,2399.95849609375,2349.95947265625,2363.595458984375,74987745
2017-04-28T00:00:00Z,2390.86767578125,2390.86767578125,2345.4140625,2345.4140625,55645011
2017-05-02T00:00:00Z,2386.322509765625,2386.322509765625,2363.595458984375,2372.686279296875,146474679
2017-05-03T00:00:00Z,2386.322509765625,2413.5947265625,2377.231689453125,2399.95849609375,168168154
2017-05-04T00:00:00Z,2413.5947265625,2531.7744140625,2413.5947265625,2531.7744140625,221305122
2017-05-05T00:00:00Z,2545.41064453125,2545.41064453125,2495.411376953125,2531.7744140625,90490862
2017-05-08T00:00:00Z,2518.138427734375,2581.773681640625,2518.138427734375,2563.592041015625,200488362
2017-05-09T00:00:00Z,2563.592041015625,2609.0458984375,2545.41064453125,2545.41064453125,153557152
2017-05-10T00:00:00Z,2581.773681640625,2590.8642578125,2536.31982421875,2540.865234375,113189205
2017-05-12T00:00:00Z,2549.9560546875,2572.682861328125,2495.411376953125,2549.9560546875,132790993
2017-05-15T00:00:00Z,2590.8642578125,2599.955078125,2572.682861328125,2599.955078125,134878279
2017-05-16T00:00:00Z,2609.0458984375,2645.408935546875,2549.9560546875,2549.9560546875,125902674
2017-05-17T00:00:00Z,2572.682861328125,2599.955078125,2527.22900390625,2563.592041015625,139094102
2017-05-18T00:00:00Z,2499.956787109375,2568.137451171875,2486.32080078125,2563.592041015625,158054579
2017-05-19T00:00:00Z,2518.138427734375,2781.77001953125,2509.047607421875,2636.318115234375,199162840
2017-05-22T00:00:00Z,2690.862548828125,2772.679443359375,2654.49951171875,2659.044921875,178052925
2017-05-23T00:00:00Z,2763.588623046875,2763.588623046875,2613.59130859375,2631.772705078125,110151502
2017-05-24T00:00:00Z,2613.59130859375,2613.59130859375,2563.592041015625,2572.682861328125,124781205
2017-05-26T00:00:00Z,2572.682861328125,2599.955078125,2568.137451171875,2586.31884765625,151350514
2017-05-29T00:00:00Z,2599.955078125,2599.955078125,2563.592041015625,2581.773681640625,48242983
2017-05-30T00:00:00Z,2549.9560546875,2599.955078125,2549.9560546875,2581.773681640625,46155147
2017-05-31T00:00:00Z,2590.8642578125,2645.408935546875,2586.31884765625,2631.772705078125,182778607
2017-06-02T00:00:00Z,2645.408935546875,2681.77197265625,2645.408935546875,2681.77197265625,97643186
2017-06-05T00:00:00Z,2686.317138671875,2731.77099609375,2659.044921875,2731.77099609375,98219596
2017-06-06T00:00:00Z,2699.953369140625,2727.2255859375,2654.49951171875,2668.1357421875,90498013
2017-06-07T00:00:00Z,2699.953369140625,2713.589599609375,2681.77197265625,2713.589599609375,95703303
2017-06-08T00:00:00Z,2727.2255859375,2727.2255859375,2663.59033203125,2663.59033203125,73026411
2017-06-09T00:00:00Z,2636.318115234375,2645.408935546875,2599.955078125,2613.59130859375,159540705
2017-06-12T00:00:00Z,2581.773681640625,2699.953369140625,2581.773681640625,2659.044921875,50916029
2017-06-13T00:00:00Z,2636.318115234375,2649.954345703125,2627.227294921875,2631.772705078125,64995172
2017-06-14T00:00:00Z,2636.318115234375,2699.953369140625,2636.318115234375,2699.953369140625,88024620
2017-06-15T00:00:00Z,2654.49951171875,2681.77197265625,2654.49951171875,2668.1357421875,60059387
2017-06-16T00:00:00Z,2672.68115234375,2681.77197265625,2645.408935546875,2668.1357421875,182217047
2017-06-19T00:00:00Z,2654.49951171875,2690.862548828125,2654.49951171875,2690.862548828125,49042147
2017-06-20T00:00:00Z,2690.862548828125,2722.68017578125,2672.68115234375,2722.68017578125,65427480
2017-06-21T00:00:00Z,2713.589599609375,2781.77001953125,2690.862548828125,2781.77001953125,125778922
2017-06-22T00:00:00Z,2754.497802734375,2772.679443359375,2736.31640625,2772.679443359375,142911718
2017-07-03T00:00:00Z,2727.2255859375,2818.133056640625,2722.68017578125,2818.133056640625,244610675
2017-07-04T00:00:00Z,2772.679443359375,2804.4970703125,2772.679443359375,2781.77001953125,160913529
2017-07-05T00:00:00Z,2772.679443359375,2781.77001953125,2749.952392578125,2763.588623046875,130771358
2017-07-06T00:00:00Z,2745.4072265625,2763.588623046875,2736.31640625,2736.31640625,129686189
2017-07-07T00:00:00Z,2727.2255859375,2772.679443359375,2727.2255859375,2736.31640625,112193137
2017-07-10T00:00:00Z,2740.86181640625,2745.4072265625,2677.2265625,2677.2265625,107130300
2017-07-11T00:00:00Z,2659.044921875,2704.498779296875,2659.044921875,2659.044921875,125045759
2017-07-12T00:00:00Z,2659.044921875,2709.044189453125,2654.49951171875,2695.407958984375,81526258
2017-07-13T00:00:00Z,2709.044189453125,2709.044189453125,2686.317138671875,2709.044189453125,91359878
2017-07-14T00:00:00Z,2690.862548828125,2704.498779296875,2659.044921875,2690.862548828125,172757433
2017-07-17T00:00:00Z,2690.862548828125,2727.2255859375,2686.317138671875,2727.2255859375,74671489
2017-07-18T00:00:00Z,2681.77197265625,2709.044189453125,2663.59033203125,2709.044189453125,112101286
2017-07-19T00:00:00Z,2709.044189453125,2709.044189453125,2672.68115234375,2677.2265625,76411169
2017-07-20T00:00:00Z,2677.2265625,2686.317138671875,2668.1357421875,2677.2265625,102125213
2017-07-21T00:00:00Z,2699.953369140625,2699.953369140625,2668.1357421875,2668.1357421875,43555802
2017-07-24T00:00:00Z,2636.318115234375,2690.862548828125,2636.318115234375,2668.1357421875,106487889
2017-07-25T00:00:00Z,2681.77197265625,2699.953369140625,2672.68115234375,2690.862548828125,95088392
2017-07-26T00:00:00Z,2695.407958984375,2709.044189453125,2672.68115234375,2686.317138671875,134958581
2017-07-27T00:00:00Z,2686.317138671875,2686.317138671875,2672.68115234375,2672.68115234375,84358807
2017-07-28T00:00:00Z,2663.59033203125,2677.2265625,2599.955078125,2636.318115234375,250806532
2017-07-31T00:00:00Z,2622.681884765625,2727.2255859375,2622.681884765625,2686.317138671875,246660010
2017-08-01T00:00:00Z,2709.044189453125,2709.044189453125,2686.317138671875,2690.862548828125,95166493
2017-08-02T00:00:00Z,2718.134765625,2718.134765625,2686.317138671875,2718.134765625,58345007
2017-08-03T00:00:00Z,2722.68017578125,2722.68017578125,2690.862548828125,2699.953369140625,111998984
2017-08-04T00:00:00Z,2699.953369140625,2718.134765625,2699.953369140625,2713.589599609375,63645449
2017-08-07T00:00:00Z,2713.589599609375,2722.68017578125,2699.953369140625,2709.044189453125,77243334
2017-08-08T00:00:00Z,2718.134765625,2727.2255859375,2713.589599609375,2718.134765625,83898999
2017-08-09T00:00:00Z,2727.2255859375,2745.4072265625,2718.134765625,2731.77099609375,109413939
2017-08-10T00:00:00Z,2727.2255859375,2736.31640625,2718.134765625,2727.2255859375,92427996
2017-08-11T00:00:00Z,2722.68017578125,2745.4072265625,2709.044189453125,2727.2255859375,165214053
2017-08-14T00:00:00Z,2727.2255859375,2745.4072265625,2722.68017578125,2740.86181640625,89218141
2017-08-15T00:00:00Z,2731.77099609375,2745.4072265625,2727.2255859375,2736.31640625,94434981
2017-08-16T00:00:00Z,2727.2255859375,2772.679443359375,2727.2255859375,2772.679443359375,78198700
2017-08-18T00:00:00Z,2745.4072265625,2772.679443359375,2718.134765625,2754.497802734375,87112154
2017-08-21T00:00:00Z,2727.2255859375,2777.224853515625,2727.2255859375,2777.224853515625,105929629
2017-08-22T00:00:00Z,2754.497802734375,2790.86083984375,2754.497802734375,2781.77001953125,126503835
2017-08-23T00:00:00Z,2790.86083984375,2790.86083984375,2768.134033203125,2781.77001953125,64812019
2017-08-24T00:00:00Z,2777.224853515625,2790.86083984375,2754.497802734375,2768.134033203125,55936516
2017-08-25T00:00:00Z,2790.86083984375,2790.86083984375,2768.134033203125,2781.77001953125,69625152
2017-08-28T00:00:00Z,2781.77001953125,2781.77001953125,2754.497802734375,2768.134033203125,37006289
2017-08-29T00:00:00Z,2754.497802734375,2759.043212890625,2709.044189453125,2722.68017578125,87108854
2017-08-30T00:00:00Z,2722.68017578125,2749.952392578125,2713.589599609375,2740.86181640625,59839933
2017-08-31T00:00:00Z,2749.952392578125,2759.043212890625,2736.31640625,2749.952392578125,63930904
2017-09-04T00:00:00Z,2722.68017578125,2745.4072265625,2704.498779296875,2704.498779296875,71365932
2017-09-05T00:00:00Z,2749.952392578125,2749.952392578125,2690.862548828125,2727.2255859375,34966853
2017-09-06T00:00:00Z,2686.317138671875,2713.589599609375,2677.2265625,2699.953369140625,100974044
2017-09-07T00:00:00Z,2695.407958984375,2727.2255859375,2695.407958984375,2727.2255859375,64340661
2017-09-08T00:00:00Z,2699.953369140625,2727.2255859375,2699.953369140625,2727.2255859375,57494143
2017-09-11T00:00:00Z,2731.77099609375,2736.31640625,2713.589599609375,2718.134765625,91614532
2017-09-12T00:00:00Z,2690.862548828125,2727.2255859375,2690.862548828125,2713.589599609375,108926631
2017-09-13T00:00:00Z,2690.862548828125,2722.68017578125,2690.862548828125,2709.044189453125,47172664
2017-09-14T00:00:00Z,2690.862548828125,2709.044189453125,2690.862548828125,2695.407958984375,53380622
2017-09-15T00:00:00Z,2709.044189453125,2727.2255859375,2690.862548828125,2699.953369140625,168131304
2017-09-18T00:00:00Z,2709.044189453125,2727.2255859375,2704.498779296875,2727.2255859375,93380612
2017-09-19T00:00:00Z,2727.2255859375,2736.31640625,2718.134765625,2731.77099609375,90070105
2017-09-20T00:00:00Z,2727.2255859375,2731.77099609375,2718.134765625,2731.77099609375,64475413
2017-09-22T00:00:00Z,2745.4072265625,2854.49609375,2740.86181640625,2849.95068359375,200934970
2017-09-25T00:00:00Z,2849.95068359375,2863.5869140625,2845.405517578125,2849.95068359375,90188907
2017-09-26T00:00:00Z,2849.95068359375,2859.04150390625,2822.678466796875,2827.223876953125,135448639
2017-09-27T00:00:00Z,2827.223876953125,2827.223876953125,2754.497802734375,2772.679443359375,110312105
2017-09-28T00:00:00Z,2731.77099609375,2763.588623046875,2668.1357421875,2672.68115234375,143143272
2017-09-29T00:00:00Z,2718.134765625,2786.3154296875,2704.498779296875,2777.224853515625,181632387
2017-10-02T00:00:00Z,2777.224853515625,2818.133056640625,2772.679443359375,2772.679443359375,76614673
2017-10-03T00:00:00Z,2790.86083984375,2804.4970703125,2772.679443359375,2786.3154296875,55486608
2017-10-04T00:00:00Z,2799.95166015625,2809.04248046875,2777.224853515625,2777.224853515625,54583492
2017-10-05T00:00:00Z,2799.95166015625,2799.95166015625,2749.952392578125,2786.3154296875,75609255
2017-10-06T00:00:00Z,2818.133056640625,2818.133056640625,2754.497802734375,2795.40625,100901442
2017-10-09T00:00:00Z,2818.133056640625,2818.133056640625,2781.77001953125,2795.40625,110383056
2017-10-10T00:00:00Z,2772.679443359375,2795.40625,2772.679443359375,2777.224853515625,75044946
2017-10-11T00:00:00Z,2772.679443359375,2799.95166015625,2759.043212890625,2777.224853515625,69635052
2017-10-12T00:00:00Z,2781.77001953125,2813.587646484375,2772.679443359375,2795.40625,179268446
2017-10-13T00:00:00Z,2781.77001953125,2813.587646484375,2781.77001953125,2790.86083984375,136602009
2017-10-16T00:00:00Z,2781.77001953125,2818.133056640625,2781.77001953125,2790.86083984375,63029988
2017-10-17T00:00:00Z,2786.3154296875,2809.04248046875,2772.679443359375,2799.95166015625,79215118
2017-10-18T00:00:00Z,2799.95166015625,2813.587646484375,2781.77001953125,2799.95166015625,134680276
2017-10-19T00:00:00Z,2818.133056640625,2818.133056640625,2786.3154296875,2818.133056640625,150718553
2017-10-20T00:00:00Z,2818.133056640625,2849.95068359375,2813.587646484375,2840.860107421875,118719550
2017-10-23T00:00:00Z,2854.49609375,2859.04150390625,2827.223876953125,2840.860107421875,90630565
2017-10-24T00:00:00Z,2854.49609375,2854.49609375,2809.04248046875,2813.587646484375,63772501
2017-10-25T00:00:00Z,2813.587646484375,2854.49609375,2809.04248046875,2836.314697265625,87973469
2017-10-26T00:00:00Z,2854.49609375,2863.5869140625,2836.314697265625,2840.860107421875,124320297
2017-10-27T00:00:00Z,2840.860107421875,2854.49609375,2831.769287109375,2836.314697265625,148027906
2017-10-30T00:00:00Z,2845.405517578125,2854.49609375,2822.678466796875,2827.223876953125,127284848
2017-10-31T00:00:00Z,2854.49609375,2854.49609375,2827.223876953125,2836.314697265625,136784612
2017-11-01T00:00:00Z,2831.769287109375,2854.49609375,2831.769287109375,2854.49609375,53466423
2017-11-02T00:00:00Z,2854.49609375,2899.949951171875,2849.95068359375,2899.949951171875,133842061
2017-11-03T00:00:00Z,2899.949951171875,2918.13134765625,2890.859130859375,2909.040771484375,81419556
2017-11-06T00:00:00Z,2922.6767578125,2986.31201171875,2913.5859375,2954.494384765625,174081306
2017-11-07T00:00:00Z,2954.494384765625,2977.22119140625,2936.31298828125,2945.403564453125,87061553
2017-11-08T00:00:00Z,2963.585205078125,3059.0380859375,2954.494384765625,2990.857421875,218007815
2017-11-09T00:00:00Z,2990.857421875,3013.584228515625,2986.31201171875,2990.857421875,205777254
2017-11-10T00:00:00Z,3018.129638671875,3063.58349609375,2972.676025390625,2981.7666015625,110164042
2017-11-13T00:00:00Z,2981.7666015625,3027.220458984375,2963.585205078125,2963.585205078125,61585773
2017-11-14T00:00:00Z,2954.494384765625,2999.9482421875,2881.768310546875,2881.768310546875,115708028
2017-11-15T00:00:00Z,2890.859130859375,2918.13134765625,2836.314697265625,2854.49609375,86956171
2017-11-16T00:00:00Z,2863.5869140625,2945.403564453125,2863.5869140625,2918.13134765625,85818202
2017-11-17T00:00:00Z,2954.494384765625,3009.038818359375,2918.13134765625,2990.857421875,125462337
2017-11-20T00:00:00Z,2999.9482421875,3072.67431640625,2990.857421875,3036.311279296875,101541653
2017-11-21T00:00:00Z,3009.038818359375,3027.220458984375,2972.676025390625,2981.7666015625,120809256
2017-11-22T00:00:00Z,2990.857421875,3099.946533203125,2981.7666015625,3090.855712890625,162404055
2017-11-23T00:00:00Z,3045.40185546875,3090.855712890625,3045.40185546875,3054.49267578125,54675014
2017-11-24T00:00:00Z,3054.49267578125,3054.49267578125,3036.311279296875,3045.40185546875,90988291
2017-11-27T00:00:00Z,3009.038818359375,3045.40185546875,2981.7666015625,2999.9482421875,117102632
2017-11-28T00:00:00Z,3018.129638671875,3072.67431640625,2981.7666015625,3072.67431640625,151327083
2017-11-29T00:00:00Z,3081.764892578125,3090.855712890625,2999.9482421875,2999.9482421875,114279873
2017-11-30T00:00:00Z,2999.9482421875,3045.40185546875,2918.13134765625,2918.13134765625,221839511
2017-12-04T00:00:00Z,3027.220458984375,3045.40185546875,2963.585205078125,2999.9482421875,146562241
2017-12-05T00:00:00Z,3036.311279296875,3054.49267578125,3009.038818359375,3045.40185546875,71912862
2017-12-06T00:00:00Z,3045.40185546875,3154.490966796875,3036.311279296875,3145.400146484375,183323556
2017-12-07T00:00:00Z,3145.400146484375,3154.490966796875,3072.67431640625,3072.67431640625,62940997
2017-12-08T00:00:00Z,3090.855712890625,3118.1279296875,3063.58349609375,3063.58349609375,72219767
2017-12-11T00:00:00Z,3118.1279296875,3127.21875,3099.946533203125,3127.21875,73592811
2017-12-12T00:00:00Z,3136.3095703125,3145.400146484375,3099.946533203125,3136.3095703125,67555576
2017-12-13T00:00:00Z,3136.3095703125,3136.3095703125,3109.037109375,3136.3095703125,47317867
2017-12-14T00:00:00Z,3118.1279296875,3145.400146484375,3081.764892578125,3145.400146484375,105853068
2017-12-15T00:00:00Z,3145.400146484375,3145.400146484375,3072.67431640625,3081.764892578125,125414486
2017-12-18T00:00:00Z,3081.764892578125,3090.855712890625,3045.40185546875,3081.764892578125,76208216
2017-12-19T00:00:00Z,3118.1279296875,3127.21875,3081.764892578125,3127.21875,99956306
2017-12-20T00:00:00Z,3145.400146484375,3145.400146484375,3081.764892578125,3090.855712890625,82864651
2017-12-21T00:00:00Z,3127.21875,3145.400146484375,3099.946533203125,3109.037109375,75601775
2017-12-22T00:00:00Z,3118.1279296875,3154.490966796875,3099.946533203125,3145.400146484375,72740626
2017-12-27T00:00:00Z,3154.490966796875,3227.217041015625,3145.400146484375,3227.217041015625,92024509
2017-12-28T00:00:00Z,3254.4892578125,3318.12451171875,3236.3076171875,3299.943115234375,102250066
2017-12-29T00:00:00Z,3318.12451171875,3381.759765625,3254.4892578125,3309.03369140625,118481396
2018-01-02T00:00:00Z,3354.487548828125,3381.759765625,3281.761474609375,3299.943115234375,100241541
2018-01-03T00:00:00Z,3299.943115234375,3299.943115234375,3236.3076171875,3281.761474609375,77164902
2018-01-04T00:00:00Z,3281.761474609375,3281.761474609375,3145.400146484375,3227.217041015625,172049901
2018-01-05T00:00:00Z,3227.217041015625,3263.580078125,3199.94482421875,3263.580078125,95806814
2018-01-08T00:00:00Z,3263.580078125,3263.580078125,3236.3076171875,3263.580078125,60016046
2018-01-09T00:00:00Z,3272.670654296875,3272.670654296875,3209.035400390625,3245.3984375,99669091
2018-01-10T00:00:00Z,3254.4892578125,3263.580078125,3181.76318359375,3209.035400390625,128052221
2018-01-11T00:00:00Z,3218.126220703125,3218.126220703125,3163.581787109375,3218.126220703125,125818963
2018-01-12T00:00:00Z,3227.217041015625,3254.4892578125,3181.76318359375,3218.126220703125,146792365
2018-01-15T00:00:00Z,3218.126220703125,3245.3984375,3218.126220703125,3227.217041015625,95279025
2018-01-16T00:00:00Z,3209.035400390625,3281.761474609375,3209.035400390625,3281.761474609375,101318790
2018-01-17T00:00:00Z,3290.852294921875,3299.943115234375,3254.4892578125,3299.943115234375,89613597
2018-01-18T00:00:00Z,3299.943115234375,3318.12451171875,3263.580078125,3290.852294921875,87056383
2018-01-19T00:00:00Z,3290.852294921875,3299.943115234375,3254.4892578125,3290.852294921875,87535331
2018-01-22T00:00:00Z,3290.852294921875,3336.305908203125,3281.761474609375,3318.12451171875,128524019
2018-01-23T00:00:00Z,3345.396728515625,3563.57470703125,3336.305908203125,3563.57470703125,186238386
2018-01-24T00:00:00Z,3545.393310546875,3545.393310546875,3472.667236328125,3481.758056640625,165077211
2018-01-25T00:00:00Z,3509.0302734375,3509.0302734375,3381.759765625,3427.213623046875,155403974
2018-01-26T00:00:00Z,3445.39501953125,3509.0302734375,3436.30419921875,3499.939453125,149193706
2018-01-29T00:00:00Z,3499.939453125,3499.939453125,3418.122802734375,3454.48583984375,134887519
2018-01-30T00:00:00Z,3454.48583984375,3454.48583984375,3372.6689453125,3381.759765625,197268607
2018-01-31T00:00:00Z,3363.578369140625,3381.759765625,3299.943115234375,3363.578369140625,289533250
2018-02-01T00:00:00Z,3390.8505859375,3418.122802734375,3363.578369140625,3363.578369140625,160147366
2018-02-02T00:00:00Z,3399.941162109375,3409.031982421875,3372.6689453125,3399.941162109375,125526688
2018-02-05T00:00:00Z,3318.12451171875,3445.39501953125,3318.12451171875,3436.30419921875,123946840
2018-02-06T00:00:00Z,3354.487548828125,3381.759765625,3327.21533203125,3345.396728515625,286316245
2018-02-07T00:00:00Z,3372.6689453125,3409.031982421875,3363.578369140625,3363.578369140625,151721770
2018-02-08T00:00:00Z,3345.396728515625,3390.8505859375,3345.396728515625,3381.759765625,122222231
2018-02-09T00:00:00Z,3354.487548828125,3390.8505859375,3345.396728515625,3372.6689453125,102455989
2018-02-12T00:00:00Z,3363.578369140625,3454.48583984375,3363.578369140625,3454.48583984375,89670248
2018-02-13T00:00:00Z,3463.576416015625,3536.302490234375,3463.576416015625,3527.2119140625,119062096
2018-02-14T00:00:00Z,3545.393310546875,3554.484130859375,3481.758056640625,3509.0302734375,74433005
2018-02-15T00:00:00Z,3509.0302734375,3518.12109375,3472.667236328125,3490.848876953125,58183854
2018-02-19T00:00:00Z,3499.939453125,3509.0302734375,3472.667236328125,3509.0302734375,69751104
2018-02-20T00:00:00Z,3490.848876953125,3509.0302734375,3436.30419921875,3454.48583984375,100658888
2018-02-21T00:00:00Z,3454.48583984375,3454.48583984375,3409.031982421875,3454.48583984375,120299507
2018-02-22T00:00:00Z,3436.30419921875,3445.39501953125,3418.122802734375,3427.213623046875,114220142
2018-02-23T00:00:00Z,3418.122802734375,3463.576416015625,3418.122802734375,3445.39501953125,118526277
2018-02-26T00:00:00Z,3409.031982421875,3445.39501953125,3390.8505859375,3399.941162109375,107300693
2018-02-27T00:00:00Z,3399.941162109375,3445.39501953125,3390.8505859375,3427.213623046875,84161903
2018-02-28T00:00:00Z,3436.30419921875,3445.39501953125,3399.941162109375,3436.30419921875,138929979
2018-03-01T00:00:00Z,3454.48583984375,3472.667236328125,3436.30419921875,3445.39501953125,118792591
2018-03-02T00:00:00Z,3445.39501953125,3445.39501953125,3399.941162109375,3445.39501953125,68018134
2018-03-05T00:00:00Z,3454.48583984375,3454.48583984375,3427.213623046875,3427.213623046875,60785289
2018-03-06T00:00:00Z,3436.30419921875,3463.576416015625,3363.578369140625,3390.8505859375,100183130
2018-03-07T00:00:00Z,3381.759765625,3390.8505859375,3318.12451171875,3327.21533203125,155776220
2018-03-08T00:00:00Z,3390.8505859375,3427.213623046875,3354.487548828125,3427.213623046875,143707692
2018-03-09T00:00:00Z,3381.759765625,3409.031982421875,3345.396728515625,3354.487548828125,109099004
2018-03-12T00:00:00Z,3363.578369140625,3418.122802734375,3363.578369140625,3418.122802734375,158650900
2018-03-13T00:00:00Z,3418.122802734375,3427.213623046875,3381.759765625,3418.122802734375,140515107
2018-03-14T00:00:00Z,3409.031982421875,3409.031982421875,3363.578369140625,3409.031982421875,64433502
2018-03-15T00:00:00Z,3363.578369140625,3381.759765625,3309.03369140625,3309.03369140625,165019570
2018-03-16T00:00:00Z,3309.03369140625,3345.396728515625,3227.217041015625,3345.396728515625,249097762
2018-03-19T00:00:00Z,3354.487548828125,3381.759765625,3336.305908203125,3354.487548828125,99120072
2018-03-20T00:00:00Z,3381.759765625,3399.941162109375,3327.21533203125,3399.941162109375,115814840
2018-03-21T00:00:00Z,3409.031982421875,3472.667236328125,3399.941162109375,3463.576416015625,147523988
2018-03-22T00:00:00Z,3454.48583984375,3454.48583984375,3327.21533203125,3336.305908203125,159015446
2018-03-23T00:00:00Z,3236.3076171875,3272.670654296875,3136.3095703125,3272.670654296875,216369227
2018-03-26T00:00:00Z,3254.4892578125,3281.761474609375,3218.126220703125,3272.670654296875,98906118
2018-03-27T00:00:00Z,3327.21533203125,3336.305908203125,3245.3984375,3272.670654296875,112691006
2018-03-28T00:00:00Z,3309.03369140625,3318.12451171875,3181.76318359375,3227.217041015625,108206998
2018-03-29T00:00:00Z,3263.580078125,3272.670654296875,3199.94482421875,3272.670654296875,143949036
2018-04-02T00:00:00Z,3181.76318359375,3272.670654296875,3172.67236328125,3272.670654296875,76216686
2018-04-03T00:00:00Z,3209.035400390625,3272.670654296875,3209.035400390625,3272.670654296875,50078034
2018-04-04T00:00:00Z,3272.670654296875,3272.670654296875,3145.400146484375,3172.67236328125,97768588
2018-04-05T00:00:00Z,3190.85400390625,3218.126220703125,3154.490966796875,3154.490966796875,88018240
2018-04-06T00:00:00Z,3154.490966796875,3172.67236328125,3136.3095703125,3163.581787109375,74313983
2018-04-09T00:00:00Z,3209.035400390625,3209.035400390625,3163.581787109375,3209.035400390625,53455753
2018-04-10T00:00:00Z,3218.126220703125,3299.943115234375,3209.035400390625,3254.4892578125,94237087
2018-04-11T00:00:00Z,3318.12451171875,3336.305908203125,3299.943115234375,3318.12451171875,96474306
2018-04-12T00:00:00Z,3336.305908203125,3336.305908203125,3245.3984375,3263.580078125,68189737
2018-04-13T00:00:00Z,3309.03369140625,3318.12451171875,3227.217041015625,3227.217041015625,64579915
2018-04-18T00:00:00Z,3309.03369140625,3327.21533203125,3290.852294921875,3327.21533203125,74694590
2018-04-23T00:00:00Z,3299.943115234375,3309.03369140625,3254.4892578125,3254.4892578125,96494986
2018-04-24T00:00:00Z,3245.3984375,3254.4892578125,3163.581787109375,3172.67236328125,111607927
2018-04-30T00:00:00Z,2899.949951171875,2981.7666015625,2872.677734375,2927.22216796875,143226213
2018-05-02T00:00:00Z,2936.31298828125,2945.403564453125,2899.949951171875,2936.31298828125,130874320
2018-05-03T00:00:00Z,2909.040771484375,2909.040771484375,2854.49609375,2863.5869140625,159331482
2018-05-04T00:00:00Z,2863.5869140625,2881.768310546875,2736.31640625,2754.497802734375,200761167
2018-05-07T00:00:00Z,2799.95166015625,2818.133056640625,2718.134765625,2772.679443359375,202507337
2018-05-08T00:00:00Z,2809.04248046875,2809.04248046875,2745.4072265625,2790.86083984375,121509198
2018-05-09T00:00:00Z,2836.314697265625,2936.31298828125,2790.86083984375,2918.13134765625,203973553
2018-05-11T00:00:00Z,2963.585205078125,2999.9482421875,2872.677734375,2872.677734375,177597297
2018-05-14T00:00:00Z,2863.5869140625,2899.949951171875,2818.133056640625,2899.949951171875,105848998
2018-05-15T00:00:00Z,2927.22216796875,2927.22216796875,2781.77001953125,2790.86083984375,118834392
2018-05-16T00:00:00Z,2736.31640625,2790.86083984375,2681.77197265625,2790.86083984375,328823179
2018-05-17T00:00:00Z,2790.86083984375,2818.133056640625,2718.134765625,2718.134765625,190119473
2018-05-18T00:00:00Z,2727.2255859375,2763.588623046875,2654.49951171875,2672.68115234375,236572616
2018-05-21T00:00:00Z,2636.318115234375,2654.49951171875,2499.956787109375,2509.047607421875,569723380
2018-05-22T00:00:00Z,2518.138427734375,2581.773681640625,2472.6845703125,2472.6845703125,365772377
2018-05-23T00:00:00Z,2527.22900390625,2654.49951171875,2518.138427734375,2618.136474609375,450918248
2018-05-24T00:00:00Z,2663.59033203125,2790.86083984375,2654.49951171875,2781.77001953125,277046605
2018-05-25T00:00:00Z,2809.04248046875,2845.405517578125,2745.4072265625,2836.314697265625,211478322
2018-05-28T00:00:00Z,2845.405517578125,2990.857421875,2836.314697265625,2954.494384765625,204653144
2018-05-30T00:00:00Z,2954.494384765625,2981.7666015625,2854.49609375,2854.49609375,336856508
2018-05-31T00:00:00Z,2881.768310546875,2899.949951171875,2790.86083984375,2799.95166015625,343554524
2018-06-04T00:00:00Z,2863.5869140625,2881.768310546875,2818.133056640625,2845.405517578125,233134066
2018-06-05T00:00:00Z,2863.5869140625,2872.677734375,2809.04248046875,2827.223876953125,149580143
2018-06-06T00:00:00Z,2836.314697265625,2872.677734375,2809.04248046875,2863.5869140625,109462340
2018-06-07T00:00:00Z,2890.859130859375,2972.676025390625,2872.677734375,2972.676025390625,202124311
2018-06-08T00:00:00Z,2918.13134765625,2954.494384765625,2827.223876953125,2854.49609375,289274526
2018-06-20T00:00:00Z,2745.4072265625,2754.497802734375,2681.77197265625,2690.862548828125,391042344
2018-06-21T00:00:00Z,2681.77197265625,2718.134765625,2645.408935546875,2645.408935546875,149165766
2018-06-22T00:00:00Z,2636.318115234375,2709.044189453125,2609.0458984375,2709.044189453125,232759070
2018-06-25T00:00:00Z,2709.044189453125,2727.2255859375,2609.0458984375,2627.227294921875,157345947
2018-06-26T00:00:00Z,2554.501220703125,2645.408935546875,2554.501220703125,2563.592041015625,204397610
2018-06-27T00:00:00Z,2618.136474609375,2618.136474609375,2572.682861328125,2581.773681640625,146981678
2018-06-28T00:00:00Z,2563.592041015625,2590.8642578125,2490.865966796875,2499.956787109375,217214701
2018-06-29T00:00:00Z,2545.41064453125,2636.318115234375,2527.22900390625,2581.773681640625,238570030
2018-07-02T00:00:00Z,2627.227294921875,2645.408935546875,2563.592041015625,2590.8642578125,166470935
2018-07-03T00:00:00Z,2590.8642578125,2599.955078125,2518.138427734375,2572.682861328125,97720407
2018-07-04T00:00:00Z,2572.682861328125,2681.77197265625,2536.31982421875,2663.59033203125,141800039
2018-07-05T00:00:00Z,2627.227294921875,2654.49951171875,2599.955078125,2645.408935546875,69844936
2018-07-06T00:00:00Z,2645.408935546875,2645.408935546875,2581.773681640625,2581.773681640625,84006801
2018-07-09T00:00:00Z,2599.955078125,2754.497802734375,2599.955078125,2736.31640625,140680769
2018-07-10T00:00:00Z,2763.588623046875,2799.95166015625,2709.044189453125,2772.679443359375,144808151
2018-07-11T00:00:00Z,2727.2255859375,2727.2255859375,2681.77197265625,2718.134765625,146347957
2018-07-12T00:00:00Z,2690.862548828125,2727.2255859375,2681.77197265625,2699.953369140625,100852711
2018-07-13T00:00:00Z,2690.862548828125,2754.497802734375,2690.862548828125,2699.953369140625,112109646
2018-07-16T00:00:00Z,2727.2255859375,2736.31640625,2627.227294921875,2699.953369140625,95277155
2018-07-17T00:00:00Z,2663.59033203125,2672.68115234375,2599.955078125,2609.0458984375,150798524
2018-07-18T00:00:00Z,2609.0458984375,2636.318115234375,2590.8642578125,2590.8642578125,125471907
2018-07-19T00:00:00Z,2636.318115234375,2690.862548828125,2609.0458984375,2627.227294921875,156549643
2018-07-20T00:00:00Z,2627.227294921875,2709.044189453125,2609.0458984375,2709.044189453125,79807478
2018-07-23T00:00:00Z,2727.2255859375,2772.679443359375,2718.134765625,2763.588623046875,97874520
2018-07-24T00:00:00Z,2781.77001953125,2790.86083984375,2736.31640625,2736.31640625,80259146
2018-07-25T00:00:00Z,2709.044189453125,2745.4072265625,2681.77197265625,2718.134765625,79152417
2018-07-26T00:00:00Z,2772.679443359375,2790.86083984375,2754.497802734375,2763.588623046875,93167319
2018-07-27T00:00:00Z,2781.77001953125,2809.04248046875,2745.4072265625,2809.04248046875,60176759
2018-07-30T00:00:00Z,2818.133056640625,2827.223876953125,2790.86083984375,2799.95166015625,73543200
2018-07-31T00:00:00Z,2799.95166015625,2799.95166015625,2727.2255859375,2790.86083984375,118206281
2018-08-01T00:00:00Z,2790.86083984375,2909.040771484375,2772.679443359375,2899.949951171875,161810924
2018-08-02T00:00:00Z,2909.040771484375,2963.585205078125,2899.949951171875,2954.494384765625,174250489
2018-08-03T00:00:00Z,2972.676025390625,3045.40185546875,2936.31298828125,3027.220458984375,110650581
2018-08-06T00:00:00Z,3045.40185546875,3109.037109375,3036.311279296875,3099.946533203125,157644712
2018-08-07T00:00:00Z,3045.40185546875,3090.855712890625,3027.220458984375,3045.40185546875,98346098
2018-08-08T00:00:00Z,3090.855712890625,3090.855712890625,3009.038818359375,3027.220458984375,99782943
2018-08-09T00:00:00Z,3027.220458984375,3045.40185546875,2999.9482421875,3027.220458984375,76621053
2018-08-10T00:00:00Z,3045.40185546875,3154.490966796875,3045.40185546875,3081.764892578125,127559853
2018-08-13T00:00:00Z,2999.9482421875,3018.129638671875,2845.405517578125,2854.49609375,197264867
2018-08-14T00:00:00Z,2809.04248046875,2863.5869140625,2763.588623046875,2845.405517578125,170317811
2018-08-15T00:00:00Z,2863.5869140625,2927.22216796875,2745.4072265625,2918.13134765625,152206658
2018-08-16T00:00:00Z,2890.859130859375,2890.859130859375,2772.679443359375,2772.679443359375,180034939
2018-08-20T00:00:00Z,2799.95166015625,2899.949951171875,2799.95166015625,2890.859130859375,111516626
2018-08-21T00:00:00Z,2845.405517578125,2890.859130859375,2836.314697265625,2863.5869140625,65465430
2018-08-23T00:00:00Z,2890.859130859375,2972.676025390625,2845.405517578125,2972.676025390625,171421680
2018-08-24T00:00:00Z,2972.676025390625,2990.857421875,2936.31298828125,2972.676025390625,106494709
2018-08-27T00:00:00Z,3018.129638671875,3072.67431640625,2990.857421875,3072.67431640625,123606274
2018-08-28T00:00:00Z,3027.220458984375,3072.67431640625,2999.9482421875,3027.220458984375,109603913
2018-08-29T00:00:00Z,2963.585205078125,2999.9482421875,2954.494384765625,2990.857421875,87007762
2018-08-30T00:00:00Z,2990.857421875,3009.038818359375,2899.949951171875,2899.949951171875,91898887
2018-08-31T00:00:00Z,2890.859130859375,2890.859130859375,2827.223876953125,2890.859130859375,156934320
2018-09-03T00:00:00Z,2890.859130859375,2927.22216796875,2872.677734375,2881.768310546875,70837593
2018-09-04T00:00:00Z,2909.040771484375,2909.040771484375,2809.04248046875,2827.223876953125,83758086
2018-09-05T00:00:00Z,2790.86083984375,2790.86083984375,2636.318115234375,2663.59033203125,233835878
2018-09-06T00:00:00Z,2645.408935546875,2718.134765625,2645.408935546875,2690.862548828125,226602703
2018-09-07T00:00:00Z,2709.044189453125,2754.497802734375,2690.862548828125,2754.497802734375,155714509
2018-09-10T00:00:00Z,2754.497802734375,2754.497802734375,2690.862548828125,2699.953369140625,95204004
2018-09-12T00:00:00Z,2709.044189453125,2736.31640625,2645.408935546875,2645.408935546875,129887933
2018-09-13T00:00:00Z,2690.862548828125,2736.31640625,2690.862548828125,2727.2255859375,138077684
2018-09-14T00:00:00Z,2754.497802734375,2790.86083984375,2727.2255859375,2790.86083984375,115639387
2018-09-17T00:00:00Z,2781.77001953125,2781.77001953125,2681.77197265625,2699.953369140625,100504005
2018-09-18T00:00:00Z,2699.953369140625,2709.044189453125,2654.49951171875,2672.68115234375,152222609
2018-09-19T00:00:00Z,2699.953369140625,2745.4072265625,2699.953369140625,2727.2255859375,115947612
2018-09-20T00:00:00Z,2772.679443359375,2836.314697265625,2745.4072265625,2809.04248046875,170051827
2018-09-21T00:00:00Z,2863.5869140625,2899.949951171875,2836.314697265625,2836.314697265625,223538491
2018-09-24T00:00:00Z,2836.314697265625,2836.314697265625,2727.2255859375,2736.31640625,104783739
2018-09-25T00:00:00Z,2736.31640625,2754.497802734375,2709.044189453125,2754.497802734375,121129032
2018-09-26T00:00:00Z,2754.497802734375,2781.77001953125,2718.134765625,2718.134765625,73480719
2018-09-27T00:00:00Z,2727.2255859375,2799.95166015625,2727.2255859375,2790.86083984375,135712644
2018-09-28T00:00:00Z,2809.04248046875,2881.768310546875,2799.95166015625,2863.5869140625,170043797
2018-10-01T00:00:00Z,2863.5869140625,2899.949951171875,2863.5869140625,2890.859130859375,100581667
2018-10-02T00:00:00Z,2863.5869140625,2890.859130859375,2799.95166015625,2827.223876953125,145599614
2018-10-03T00:00:00Z,2863.5869140625,2863.5869140625,2799.95166015625,2818.133056640625,77064031
2018-10-04T00:00:00Z,2781.77001953125,2781.77001953125,2709.044189453125,2727.2255859375,161892546
2018-10-05T00:00:00Z,2727.2255859375,2763.588623046875,2690.862548828125,2709.044189453125,160008103
2018-10-08T00:00:00Z,2699.953369140625,2736.31640625,2690.862548828125,2699.953369140625,71328312
2018-10-09T00:00:00Z,2699.953369140625,2754.497802734375,2699.953369140625,2745.4072265625,56325372
2018-10-10T00:00:00Z,2754.497802734375,2763.588623046875,2736.31640625,2736.31640625,67385623
2018-10-11T00:00:00Z,2663.59033203125,2681.77197265625,2609.0458984375,2645.408935546875,193058944
2018-10-12T00:00:00Z,2663.59033203125,2718.134765625,2654.49951171875,2681.77197265625,130162058
2018-10-15T00:00:00Z,2690.862548828125,2754.497802734375,2690.862548828125,2727.2255859375,94319479
2018-10-16T00:00:00Z,2727.2255859375,2745.4072265625,2690.862548828125,2727.2255859375,71567346
2018-10-17T00:00:00Z,2781.77001953125,2799.95166015625,2754.497802734375,2790.86083984375,88091831
2018-10-18T00:00:00Z,2790.86083984375,2818.133056640625,2772.679443359375,2809.04248046875,71647977
2018-10-19T00:00:00Z,2790.86083984375,2809.04248046875,2745.4072265625,2745.4072265625,89090208
2018-10-22T00:00:00Z,2736.31640625,2799.95166015625,2736.31640625,2772.679443359375,53687637
2018-10-23T00:00:00Z,2763.588623046875,2790.86083984375,2736.31640625,2745.4072265625,64410732
2018-10-24T00:00:00Z,2727.2255859375,2763.588623046875,2681.77197265625,2681.77197265625,93019806
2018-10-25T00:00:00Z,2645.408935546875,2727.2255859375,2645.408935546875,2727.2255859375,144333712
2018-10-26T00:00:00Z,2727.2255859375,2745.4072265625,2709.044189453125,2718.134765625,72852718
2018-10-29T00:00:00Z,2727.2255859375,2745.4072265625,2681.77197265625,2681.77197265625,56418764
2018-10-30T00:00:00Z,2690.862548828125,2754.497802734375,2681.77197265625,2754.497802734375,79624985
2018-10-31T00:00:00Z,2772.679443359375,2863.5869140625,2754.497802734375,2863.5869140625,240391992
2018-11-01T00:00:00Z,2899.949951171875,2954.494384765625,2872.677734375,2909.040771484375,216901746
2018-11-02T00:00:00Z,2945.403564453125,2990.857421875,2899.949951171875,2981.7666015625,184006228
2018-11-05T00:00:00Z,2963.585205078125,2981.7666015625,2927.22216796875,2972.676025390625,87555902
2018-11-06T00:00:00Z,2981.7666015625,3027.220458984375,2963.585205078125,3027.220458984375,153414589
2018-11-07T00:00:00Z,3036.311279296875,3063.58349609375,3009.038818359375,3063.58349609375,178995971
2018-11-08T00:00:00Z,3090.855712890625,3172.67236328125,3081.764892578125,3136.3095703125,220276054
2018-11-09T00:00:00Z,3118.1279296875,3118.1279296875,3027.220458984375,3036.311279296875,126597116
2018-11-12T00:00:00Z,3018.129638671875,3054.49267578125,2981.7666015625,2981.7666015625,84809154
2018-11-13T00:00:00Z,2981.7666015625,3054.49267578125,2936.31298828125,3045.40185546875,112074555
2018-11-14T00:00:00Z,3045.40185546875,3109.037109375,3045.40185546875,3045.40185546875,125174682
2018-11-15T00:00:00Z,3063.58349609375,3109.037109375,3027.220458984375,3099.946533203125,117577840
2018-11-16T00:00:00Z,3118.1279296875,3227.217041015625,3109.037109375,3172.67236328125,191148871
2018-11-19T00:00:00Z,3218.126220703125,3218.126220703125,3136.3095703125,3199.94482421875,86540804
2018-11-21T00:00:00Z,3109.037109375,3154.490966796875,3045.40185546875,3118.1279296875,151878633
2018-11-22T00:00:00Z,3118.1279296875,3227.217041015625,3118.1279296875,3227.217041015625,130140277
2018-11-23T00:00:00Z,3209.035400390625,3254.4892578125,3154.490966796875,3163.581787109375,85703360
2018-11-26T00:00:00Z,3136.3095703125,3227.217041015625,3136.3095703125,3218.126220703125,90217398
2018-11-27T00:00:00Z,3163.581787109375,3290.852294921875,3163.581787109375,3272.670654296875,190169964
2018-11-28T00:00:00Z,3318.12451171875,3327.21533203125,3254.4892578125,3318.12451171875,105678495
2018-11-29T00:00:00Z,3363.578369140625,3418.122802734375,3345.396728515625,3372.6689453125,152003595
2018-11-30T00:00:00Z,3327.21533203125,3354.487548828125,3281.761474609375,3290.852294921875,233078735
2018-12-03T00:00:00Z,3381.759765625,3436.30419921875,3354.487548828125,3354.487548828125,150413738
2018-12-04T00:00:00Z,3354.487548828125,3409.031982421875,3345.396728515625,3372.6689453125,147855643
2018-12-05T00:00:00Z,3309.03369140625,3345.396728515625,3281.761474609375,3318.12451171875,154153142
2018-12-06T00:00:00Z,3309.03369140625,3345.396728515625,3281.761474609375,3318.12451171875,119712097
2018-12-07T00:00:00Z,3309.03369140625,3327.21533203125,3281.761474609375,3290.852294921875,122365123
2018-12-10T00:00:00Z,3281.761474609375,3299.943115234375,3245.3984375,3281.761474609375,102384708
2018-12-11T00:00:00Z,3281.761474609375,3299.943115234375,3254.4892578125,3290.852294921875,123936060
2018-12-12T00:00:00Z,3290.852294921875,3309.03369140625,3263.580078125,3290.852294921875,97374011
2018-12-13T00:00:00Z,3354.487548828125,3354.487548828125,3318.12451171875,3345.396728515625,116914199
2018-12-14T00:00:00Z,3336.305908203125,3354.487548828125,3309.03369140625,3345.396728515625,135202785
2018-12-17T00:00:00Z,3318.12451171875,3345.396728515625,3272.670654296875,3272.670654296875,137139148
2018-12-18T00:00:00Z,3227.217041015625,3309.03369140625,3227.217041015625,3299.943115234375,130615046
2018-12-19T00:00:00Z,3272.670654296875,3336.305908203125,3272.670654296875,3336.305908203125,146409778
2018-12-20T00:00:00Z,3281.761474609375,3327.21533203125,3281.761474609375,3318.12451171875,74063179
2018-12-21T00:00:00Z,3281.761474609375,3299.943115234375,3272.670654296875,3290.852294921875,191917014
2018-12-26T00:00:00Z,3227.217041015625,3299.943115234375,3199.94482421875,3272.670654296875,91749064
2018-12-27T00:00:00Z,3318.12451171875,3336.305908203125,3290.852294921875,3327.21533203125,78890942
2018-12-28T00:00:00Z,3345.396728515625,3345.396728515625,3318.12451171875,3327.21533203125,135242605
2019-01-02T00:00:00Z,3281.761474609375,3309.03369140625,3263.580078125,3281.761474609375,82441033
2019-01-03T00:00:00Z,3254.4892578125,3309.03369140625,3254.4892578125,3290.852294921875,102805905
2019-01-04T00:00:00Z,3290.852294921875,3327.21533203125,3281.761474609375,3327.21533203125,125907734
2019-01-07T00:00:00Z,3363.578369140625,3372.6689453125,3327.21533203125,3327.21533203125,82106628
2019-01-08T00:00:00Z,3327.21533203125,3345.396728515625,3299.943115234375,3345.396728515625,89499635
2019-01-09T00:00:00Z,3372.6689453125,3399.941162109375,3354.487548828125,3381.759765625,131331598
2019-01-10T00:00:00Z,3399.941162109375,3409.031982421875,3372.6689453125,3409.031982421875,156122176
2019-01-11T00:00:00Z,3418.122802734375,3427.213623046875,3363.578369140625,3390.8505859375,118649479
2019-01-14T00:00:00Z,3390.8505859375,3445.39501953125,3390.8505859375,3445.39501953125,126576436
2019-01-15T00:00:00Z,3427.213623046875,3445.39501953125,3399.941162109375,3436.30419921875,154948896
2019-01-16T00:00:00Z,3445.39501953125,3454.48583984375,3418.122802734375,3436.30419921875,114151831
2019-01-17T00:00:00Z,3445.39501953125,3490.848876953125,3436.30419921875,3463.576416015625,131847617
2019-01-18T00:00:00Z,3499.939453125,3499.939453125,3445.39501953125,3472.667236328125,105708085
2019-01-21T00:00:00Z,3454.48583984375,3481.758056640625,3454.48583984375,3454.48583984375,89020137
2019-01-22T00:00:00Z,3427.213623046875,3445.39501953125,3399.941162109375,3427.213623046875,131658634
2019-01-23T00:00:00Z,3418.122802734375,3463.576416015625,3390.8505859375,3427.213623046875,179807675
2019-01-24T00:00:00Z,3409.031982421875,3463.576416015625,3409.031982421875,3445.39501953125,193786497
2019-01-25T00:00:00Z,3472.667236328125,3472.667236328125,3436.30419921875,3436.30419921875,139857845
2019-01-28T00:00:00Z,3409.031982421875,3445.39501953125,3409.031982421875,3436.30419921875,102940988
2019-01-29T00:00:00Z,3436.30419921875,3472.667236328125,3318.12451171875,3354.487548828125,206378414
2019-01-30T00:00:00Z,3363.578369140625,3418.122802734375,3363.578369140625,3409.031982421875,159225000
2019-01-31T00:00:00Z,3454.48583984375,3518.12109375,3454.48583984375,3499.939453125,277698146
2019-02-01T00:00:00Z,3527.2119140625,3572.66552734375,3518.12109375,3563.57470703125,154119152
2019-02-04T00:00:00Z,3590.84716796875,3590.84716796875,3536.302490234375,3545.393310546875,83552603
2019-02-06T00:00:00Z,3563.57470703125,3581.75634765625,3554.484130859375,3563.57470703125,85882773
2019-02-07T00:00:00Z,3572.66552734375,3572.66552734375,3536.302490234375,3572.66552734375,91233705
2019-02-08T00:00:00Z,3509.0302734375,3554.484130859375,3499.939453125,3536.302490234375,86321790
2019-02-11T00:00:00Z,3536.302490234375,3563.57470703125,3509.0302734375,3518.12109375,61147416
2019-02-12T00:00:00Z,3545.393310546875,3545.393310546875,3472.667236328125,3499.939453125,104459344
2019-02-13T00:00:00Z,3536.302490234375,3536.302490234375,3436.30419921875,3445.39501953125,119001265
2019-02-14T00:00:00Z,3472.667236328125,3499.939453125,3409.031982421875,3454.48583984375,131498911
2019-02-15T00:00:00Z,3490.848876953125,3490.848876953125,3409.031982421875,3427.213623046875,96513687
2019-02-18T00:00:00Z,3445.39501953125,3509.0302734375,3445.39501953125,3490.848876953125,103030419
2019-02-19T00:00:00Z,3545.393310546875,3636.30078125,3527.2119140625,3554.484130859375,153943258
2019-02-20T00:00:00Z,3554.484130859375,3581.75634765625,3509.0302734375,3536.302490234375,136475507
2019-02-21T00:00:00Z,3481.758056640625,3581.75634765625,3481.758056640625,3554.484130859375,125997166
2019-02-22T00:00:00Z,3509.0302734375,3554.484130859375,3509.0302734375,3545.393310546875,89872212
2019-02-25T00:00:00Z,3581.75634765625,3609.028564453125,3545.393310546875,3599.937744140625,117405577
2019-02-26T00:00:00Z,3599.937744140625,3609.028564453125,3554.484130859375,3581.75634765625,67561846
2019-02-27T00:00:00Z,3554.484130859375,3563.57470703125,3499.939453125,3518.12109375,96869983
2019-02-28T00:00:00Z,3499.939453125,3518.12109375,3490.848876953125,3499.939453125,117143553
2019-03-01T00:00:00Z,3518.12109375,3536.302490234375,3509.0302734375,3518.12109375,78576447
2019-03-04T00:00:00Z,3545.393310546875,3563.57470703125,3527.2119140625,3527.2119140625,62730673
2019-03-05T00:00:00Z,3545.393310546875,3545.393310546875,3509.0302734375,3509.0302734375,77678611
2019-03-06T00:00:00Z,3536.302490234375,3563.57470703125,3509.0302734375,3545.393310546875,62160643
2019-03-08T00:00:00Z,3472.667236328125,3527.2119140625,3463.576416015625,3499.939453125,142765635
2019-03-11T00:00:00Z,3545.393310546875,3545.393310546875,3481.758056640625,3509.0302734375,51418628
2019-03-12T00:00:00Z,3527.2119140625,3536.302490234375,3463.576416015625,3490.848876953125,69851316
2019-03-13T00:00:00Z,3454.48583984375,3463.576416015625,3436.30419921875,3445.39501953125,51432598
2019-03-14T00:00:00Z,3436.30419921875,3499.939453125,3436.30419921875,3490.848876953125,99175072
2019-03-15T00:00:00Z,3545.393310546875,3590.84716796875,3536.302490234375,3590.84716796875,106867285
2019-03-18T00:00:00Z,3627.2099609375,3663.572998046875,3618.119384765625,3636.30078125,102196275
2019-03-19T00:00:00Z,3672.663818359375,3681.754638671875,3609.028564453125,3618.119384765625,63741150
2019-03-20T00:00:00Z,3599.937744140625,3645.3916015625,3599.937744140625,3627.2099609375,94567643
2019-03-21T00:00:00Z,3645.3916015625,3672.663818359375,3609.028564453125,3627.2099609375,121229463
2019-03-22T00:00:00Z,3663.572998046875,3699.93603515625,3636.30078125,3681.754638671875,104102388
2019-03-25T00:00:00Z,3663.572998046875,3672.663818359375,3627.2099609375,3645.3916015625,90384491
2019-03-26T00:00:00Z,3681.754638671875,3709.02685546875,3645.3916015625,3690.845458984375,75475383
2019-03-27T00:00:00Z,3709.02685546875,3709.02685546875,3672.663818359375,3681.754638671875,56170270
2019-03-28T00:00:00Z,3699.93603515625,3709.02685546875,3663.572998046875,3699.93603515625,67263631
2019-03-29T00:00:00Z,3681.754638671875,3763.5712890625,3681.754638671875,3736.299072265625,71215890
2019-04-01T00:00:00Z,3763.5712890625,3781.7529296875,3754.480712890625,3772.662109375,73530330
2019-04-02T00:00:00Z,3790.843505859375,3790.843505859375,3754.480712890625,3772.662109375,48845023
2019-04-04T00:00:00Z,3799.934326171875,3890.841796875,3763.5712890625,3836.29736328125,69303837
2019-04-05T00:00:00Z,3872.660400390625,3899.9326171875,3863.569580078125,3881.751220703125,54041183
2019-04-08T00:00:00Z,3899.9326171875,3899.9326171875,3827.20654296875,3863.569580078125,82999953
2019-04-09T00:00:00Z,3890.841796875,3954.47705078125,3872.660400390625,3909.0234375,80659003
2019-04-10T00:00:00Z,3909.0234375,3927.204833984375,3872.660400390625,3918.1142578125,116840608
2019-04-11T00:00:00Z,3909.0234375,3927.204833984375,3890.841796875,3909.0234375,188618827
2019-04-12T00:00:00Z,3909.0234375,3927.204833984375,3890.841796875,3918.1142578125,84244625
2019-04-15T00:00:00Z,3954.47705078125,3963.56787109375,3918.1142578125,3954.47705078125,70577659
2019-04-16T00:00:00Z,3936.295654296875,3963.56787109375,3927.204833984375,3945.386474609375,99923195
2019-04-18T00:00:00Z,4045.384765625,4299.92578125,3981.74951171875,4054.475341796875,200241958
2019-04-22T00:00:00Z,4054.475341796875,4054.475341796875,4009.021728515625,4036.2939453125,112161787
2019-04-23T00:00:00Z,4009.021728515625,4045.384765625,4009.021728515625,4027.203125,60325921
2019-04-24T00:00:00Z,4009.021728515625,4027.203125,3999.930908203125,3999.930908203125,190094393
2019-04-25T00:00:00Z,3981.74951171875,3990.840087890625,3872.660400390625,3936.295654296875,202913024
2019-04-26T00:00:00Z,3854.478759765625,3963.56787109375,3827.20654296875,3936.295654296875,146163924
2019-04-29T00:00:00Z,3899.9326171875,3954.47705078125,3890.841796875,3945.386474609375,84609831
2019-04-30T00:00:00Z,3990.840087890625,4009.021728515625,3945.386474609375,3972.65869140625,140586828
2019-05-02T00:00:00Z,4018.1123046875,4018.1123046875,3945.386474609375,3972.65869140625,139594281
2019-05-03T00:00:00Z,3936.295654296875,3999.930908203125,3918.1142578125,3981.74951171875,120435690
2019-05-06T00:00:00Z,3909.0234375,3909.0234375,3809.025146484375,3845.38818359375,157313497
2019-05-07T00:00:00Z,3827.20654296875,3890.841796875,3827.20654296875,3863.569580078125,124070152
2019-05-08T00:00:00Z,3863.569580078125,3863.569580078125,3799.934326171875,3836.29736328125,132170032
2019-05-09T00:00:00Z,3763.5712890625,3781.7529296875,3745.389892578125,3745.389892578125,179677103
2019-05-10T00:00:00Z,3727.208251953125,3781.7529296875,3718.11767578125,3745.389892578125,132313475
2019-05-13T00:00:00Z,3754.480712890625,3763.5712890625,3727.208251953125,3727.208251953125,79066285
2019-05-14T00:00:00Z,3636.30078125,3718.11767578125,3609.028564453125,3681.754638671875,126601626
2019-05-15T00:00:00Z,3681.754638671875,3690.845458984375,3536.302490234375,3536.302490234375,184137240
2019-05-16T00:00:00Z,3581.75634765625,3627.2099609375,3472.667236328125,3509.0302734375,158507017
2019-05-17T00:00:00Z,3554.484130859375,3554.484130859375,3427.213623046875,3445.39501953125,170721848
2019-05-20T00:00:00Z,3454.48583984375,3499.939453125,3327.21533203125,3409.031982421875,181806520
2019-05-21T00:00:00Z,3454.48583984375,3490.848876953125,3372.6689453125,3409.031982421875,227189674
2019-05-22T00:00:00Z,3372.6689453125,3481.758056640625,3372.6689453125,3427.213623046875,130499434
2019-05-23T00:00:00Z,3472.667236328125,3536.302490234375,3454.48583984375,3499.939453125,230153565
2019-05-24T00:00:00Z,3436.30419921875,3572.66552734375,3427.213623046875,3499.939453125,165441097
2019-05-27T00:00:00Z,3545.393310546875,3609.028564453125,3509.0302734375,3563.57470703125,135938587
2019-05-28T00:00:00Z,3572.66552734375,3590.84716796875,3463.576416015625,3463.576416015625,414291135
2019-05-29T00:00:00Z,3536.302490234375,3590.84716796875,3509.0302734375,3581.75634765625,153687174
2019-05-31T00:00:00Z,3627.2099609375,3745.389892578125,3618.119384765625,3727.208251953125,287219580
2019-06-10T00:00:00Z,3836.29736328125,3881.751220703125,3818.115966796875,3845.38818359375,216423568
2019-06-11T00:00:00Z,3863.569580078125,3863.569580078125,3772.662109375,3845.38818359375,127900199
2019-06-12T00:00:00Z,3790.843505859375,3827.20654296875,3790.843505859375,3827.20654296875,102196275
2019-06-13T00:00:00Z,3863.569580078125,3863.569580078125,3799.934326171875,3818.115966796875,128510489
2019-06-14T00:00:00Z,3790.843505859375,3854.478759765625,3790.843505859375,3845.38818359375,79530053
2019-06-17T00:00:00Z,3863.569580078125,3863.569580078125,3818.115966796875,3818.115966796875,60714008
2019-06-18T00:00:00Z,3799.934326171875,3872.660400390625,3799.934326171875,3872.660400390625,174179428
2019-06-19T00:00:00Z,3927.204833984375,3945.386474609375,3890.841796875,3899.9326171875,183945837
2019-06-20T00:00:00Z,3936.295654296875,3936.295654296875,3890.841796875,3918.1142578125,118489316
2019-06-21T00:00:00Z,3899.9326171875,3963.56787109375,3872.660400390625,3963.56787109375,187213443
2019-06-24T00:00:00Z,3918.1142578125,3954.47705078125,3899.9326171875,3918.1142578125,90828128
2019-06-25T00:00:00Z,3954.47705078125,3954.47705078125,3899.9326171875,3936.295654296875,65402729
2019-06-26T00:00:00Z,3936.295654296875,3972.65869140625,3927.204833984375,3963.56787109375,113137174
2019-06-27T00:00:00Z,3981.74951171875,3990.840087890625,3954.47705078125,3981.74951171875,89922813
2019-06-28T00:00:00Z,3972.65869140625,3999.930908203125,3954.47705078125,3963.56787109375,112840719
2019-07-01T00:00:00Z,3999.930908203125,4018.1123046875,3981.74951171875,4018.1123046875,115331382
2019-07-02T00:00:00Z,4018.1123046875,4018.1123046875,3963.56787109375,4009.021728515625,147886774
2019-07-03T00:00:00Z,3990.840087890625,4018.1123046875,3963.56787109375,3999.930908203125,81810503
2019-07-04T00:00:00Z,3963.56787109375,3999.930908203125,3963.56787109375,3990.840087890625,42557425
2019-07-05T00:00:00Z,4018.1123046875,4018.1123046875,3981.74951171875,3999.930908203125,59149341
2019-07-08T00:00:00Z,3981.74951171875,4009.021728515625,3972.65869140625,3999.930908203125,50857398
2019-07-09T00:00:00Z,3972.65869140625,4009.021728515625,3972.65869140625,4009.021728515625,71191359
2019-07-10T00:00:00Z,4009.021728515625,4072.656982421875,3999.930908203125,4063.566162109375,89077008
2019-07-11T00:00:00Z,4081.74755859375,4127.20166015625,4072.656982421875,4099.92919921875,100559886
2019-07-12T00:00:00Z,4099.92919921875,4127.20166015625,4081.74755859375,4099.92919921875,71034166
2019-07-15T00:00:00Z,4127.20166015625,4145.3828125,4109.02001953125,4118.11083984375,75851590
2019-07-16T00:00:00Z,4090.83837890625,4136.2919921875,4090.83837890625,4136.2919921875,92926745
2019-07-17T00:00:00Z,4109.02001953125,4136.2919921875,4090.83837890625,4109.02001953125,71834980
2019-07-18T00:00:00Z,4090.83837890625,4099.92919921875,4036.2939453125,4045.384765625,84732483
2019-07-19T00:00:00Z,4045.384765625,4081.74755859375,4036.2939453125,4072.656982421875,70769832
2019-07-22T00:00:00Z,4090.83837890625,4099.92919921875,4054.475341796875,4090.83837890625,46139636
2019-07-23T00:00:00Z,4090.83837890625,4090.83837890625,4063.566162109375,4081.74755859375,47649853
2019-07-24T00:00:00Z,4109.02001953125,4109.02001953125,4036.2939453125,4045.384765625,58359418
2019-07-25T00:00:00Z,4063.566162109375,4072.656982421875,4045.384765625,4054.475341796875,66445547
2019-07-26T00:00:00Z,4009.021728515625,4063.566162109375,3999.930908203125,4036.2939453125,85121120
2019-07-29T00:00:00Z,4072.656982421875,4072.656982421875,4036.2939453125,4054.475341796875,101066445
2019-07-30T00:00:00Z,4090.83837890625,4090.83837890625,4054.475341796875,4090.83837890625,75632686
2019-07-31T00:00:00Z,4090.83837890625,4099.92919921875,4045.384765625,4072.656982421875,116420070
2019-08-01T00:00:00Z,4081.74755859375,4099.92919921875,4009.021728515625,4045.384765625,157991988
2019-08-02T00:00:00Z,3999.930908203125,4063.566162109375,3990.840087890625,4045.384765625,131279017
2019-08-05T00:00:00Z,4009.021728515625,4018.1123046875,3881.751220703125,3881.751220703125,165923785
2019-08-06T00:00:00Z,3727.208251953125,3827.20654296875,3654.482421875,3727.208251953125,272405185
2019-08-07T00:00:00Z,3763.5712890625,3899.9326171875,3763.5712890625,3863.569580078125,161676832
2019-08-08T00:00:00Z,3863.569580078125,3927.204833984375,3863.569580078125,3899.9326171875,102671923
2019-08-09T00:00:00Z,3936.295654296875,3954.47705078125,3909.0234375,3936.295654296875,90719996
2019-08-12T00:00:00Z,3981.74951171875,3981.74951171875,3899.9326171875,3909.0234375,56163890
2019-08-13T00:00:00Z,3936.295654296875,3936.295654296875,3863.569580078125,3890.841796875,88148482
2019-08-14T00:00:00Z,3936.295654296875,3954.47705078125,3918.1142578125,3936.295654296875,102602292
2019-08-15T00:00:00Z,3827.20654296875,3890.841796875,3799.934326171875,3863.569580078125,126758709
2019-08-16T00:00:00Z,3863.569580078125,3872.660400390625,3818.115966796875,3827.20654296875,102969368
2019-08-19T00:00:00Z,3754.480712890625,3836.29736328125,3754.480712890625,3799.934326171875,66407047
2019-08-20T00:00:00Z,3799.934326171875,3818.115966796875,3718.11767578125,3727.208251953125,112883069
2019-08-21T00:00:00Z,3727.208251953125,3790.843505859375,3672.663818359375,3681.754638671875,92826643
2019-08-22T00:00:00Z,3690.845458984375,3763.5712890625,3636.30078125,3699.93603515625,136489697
2019-08-23T00:00:00Z,3663.572998046875,3727.208251953125,3654.482421875,3709.02685546875,64061696
2019-08-26T00:00:00Z,3654.482421875,3699.93603515625,3636.30078125,3699.93603515625,71268030
2019-08-27T00:00:00Z,3754.480712890625,3827.20654296875,3709.02685546875,3818.115966796875,196025365
2019-08-28T00:00:00Z,3836.29736328125,3854.478759765625,3809.025146484375,3809.025146484375,109954819
2019-08-29T00:00:00Z,3836.29736328125,3836.29736328125,3781.7529296875,3818.115966796875,74831102
2019-08-30T00:00:00Z,3809.025146484375,3881.751220703125,3745.389892578125,3881.751220703125,119899980
2019-09-02T00:00:00Z,3881.751220703125,3890.841796875,3827.20654296875,3836.29736328125,75321490
2019-09-03T00:00:00Z,3799.934326171875,3881.751220703125,3754.480712890625,3772.662109375,83772936
2019-09-04T00:00:00Z,3799.934326171875,3799.934326171875,3727.208251953125,3781.7529296875,84356057
2019-09-05T00:00:00Z,3836.29736328125,3845.38818359375,3799.934326171875,3836.29736328125,84846225
2019-09-06T00:00:00Z,3872.660400390625,3899.9326171875,3863.569580078125,3881.751220703125,125869894
2019-09-09T00:00:00Z,3899.9326171875,3899.9326171875,3790.843505859375,3790.843505859375,75150988
2019-09-10T00:00:00Z,3799.934326171875,3809.025146484375,3772.662109375,3809.025146484375,76217016
2019-09-11T00:00:00Z,3772.662109375,3872.660400390625,3772.662109375,3863.569580078125,125741191
2019-09-12T00:00:00Z,3909.0234375,3954.47705078125,3881.751220703125,3890.841796875,95813194
2019-09-13T00:00:00Z,3927.204833984375,3927.204833984375,3890.841796875,3918.1142578125,61703145
2019-09-16T00:00:00Z,3899.9326171875,3899.9326171875,3727.208251953125,3809.025146484375,145880779
2019-09-17T00:00:00Z,3781.7529296875,3863.569580078125,3754.480712890625,3863.569580078125,117840195
2019-09-18T00:00:00Z,3854.478759765625,3872.660400390625,3827.20654296875,3854.478759765625,84048931
2019-09-19T00:00:00Z,3818.115966796875,3845.38818359375,3818.115966796875,3836.29736328125,101320660
2019-09-20T00:00:00Z,3818.115966796875,3836.29736328125,3754.480712890625,3781.7529296875,239258752
2019-09-23T00:00:00Z,3781.7529296875,3818.115966796875,3781.7529296875,3799.934326171875,93391943
2019-09-24T00:00:00Z,3781.7529296875,3781.7529296875,3736.299072265625,3736.299072265625,104585626
2019-09-25T00:00:00Z,3699.93603515625,3745.389892578125,3654.482421875,3709.02685546875,91472409
2019-09-26T00:00:00Z,3736.299072265625,3827.20654296875,3727.208251953125,3827.20654296875,88134402
2019-09-27T00:00:00Z,3827.20654296875,3827.20654296875,3781.7529296875,3799.934326171875,63434135
2019-09-30T00:00:00Z,3818.115966796875,3818.115966796875,3736.299072265625,3745.389892578125,83981500
2019-10-01T00:00:00Z,3745.389892578125,3754.480712890625,3699.93603515625,3699.93603515625,87507501
2019-10-02T00:00:00Z,3681.754638671875,3718.11767578125,3563.57470703125,3572.66552734375,182983980
2019-10-03T00:00:00Z,3518.12109375,3536.302490234375,3463.576416015625,3463.576416015625,195391424
2019-10-04T00:00:00Z,3527.2119140625,3599.937744140625,3509.0302734375,3590.84716796875,103236563
2019-10-07T00:00:00Z,3609.028564453125,3627.2099609375,3509.0302734375,3545.393310546875,139378677
2019-10-08T00:00:00Z,3599.937744140625,3599.937744140625,3536.302490234375,3572.66552734375,131777876
2019-10-09T00:00:00Z,3590.84716796875,3627.2099609375,3563.57470703125,3599.937744140625,129617548
2019-10-10T00:00:00Z,3609.028564453125,3627.2099609375,3527.2119140625,3536.302490234375,118644859
2019-10-11T00:00:00Z,3590.84716796875,3599.937744140625,3554.484130859375,3563.57470703125,112429201
2019-10-14T00:00:00Z,3590.84716796875,3618.119384765625,3554.484130859375,3563.57470703125,120763165
2019-10-15T00:00:00Z,3609.028564453125,3609.028564453125,3536.302490234375,3581.75634765625,140902423
2019-10-16T00:00:00Z,3599.937744140625,3627.2099609375,3581.75634765625,3627.2099609375,90212558
2019-10-17T00:00:00Z,3636.30078125,3681.754638671875,3627.2099609375,3681.754638671875,115003686
2019-10-18T00:00:00Z,3681.754638671875,3809.025146484375,3681.754638671875,3790.843505859375,113976708
2019-10-21T00:00:00Z,3790.843505859375,3809.025146484375,3736.299072265625,3745.389892578125,89234971
2019-10-22T00:00:00Z,3709.02685546875,3763.5712890625,3699.93603515625,3763.5712890625,90846609
2019-10-23T00:00:00Z,3772.662109375,3799.934326171875,3709.02685546875,3799.934326171875,139892606
2019-10-24T00:00:00Z,3799.934326171875,3909.0234375,3799.934326171875,3909.0234375,172727403
2019-10-25T00:00:00Z,3909.0234375,3927.204833984375,3836.29736328125,3845.38818359375,123528393
2019-10-28T00:00:00Z,3845.38818359375,3872.660400390625,3836.29736328125,3845.38818359375,42188588
2019-10-29T00:00:00Z,3854.478759765625,3863.569580078125,3799.934326171875,3845.38818359375,90745077
2019-10-30T00:00:00Z,3872.660400390625,3872.660400390625,3809.025146484375,3863.569580078125,52187101
2019-10-31T00:00:00Z,3827.20654296875,3854.478759765625,3781.7529296875,3827.20654296875,83146256
2019-11-01T00:00:00Z,3836.29736328125,3836.29736328125,3772.662109375,3799.934326171875,69610742
2019-11-04T00:00:00Z,3799.934326171875,3827.20654296875,3772.662109375,3781.7529296875,55300375
2019-11-05T00:00:00Z,3809.025146484375,3909.0234375,3790.843505859375,3909.0234375,145802018
2019-11-06T00:00:00Z,3936.295654296875,3936.295654296875,3781.7529296875,3781.7529296875,145752957
2019-11-07T00:00:00Z,3781.7529296875,3781.7529296875,3599.937744140625,3636.30078125,321561514
2019-11-08T00:00:00Z,3645.3916015625,3663.572998046875,3618.119384765625,3627.2099609375,148082467
2019-11-11T00:00:00Z,3590.84716796875,3636.30078125,3590.84716796875,3636.30078125,125489617
2019-11-12T00:00:00Z,3636.30078125,3663.572998046875,3618.119384765625,3636.30078125,120754695
2019-11-13T00:00:00Z,3636.30078125,3645.3916015625,3563.57470703125,3599.937744140625,165100201
2019-11-14T00:00:00Z,3590.84716796875,3609.028564453125,3545.393310546875,3581.75634765625,129874843
2019-11-15T00:00:00Z,3636.30078125,3727.208251953125,3599.937744140625,3718.11767578125,134210348
2019-11-18T00:00:00Z,3718.11767578125,3763.5712890625,3681.754638671875,3745.389892578125,102464019
2019-11-19T00:00:00Z,3772.662109375,3809.025146484375,3709.02685546875,3809.025146484375,155302002
2019-11-20T00:00:00Z,3790.843505859375,3872.660400390625,3772.662109375,3836.29736328125,170292181
2019-11-21T00:00:00Z,3818.115966796875,3845.38818359375,3763.5712890625,3836.29736328125,125613039
2019-11-22T00:00:00Z,3845.38818359375,3863.569580078125,3781.7529296875,3827.20654296875,82167459
2019-11-25T00:00:00Z,3772.662109375,3799.934326171875,3745.389892578125,3754.480712890625,62254255
2019-11-26T00:00:00Z,3772.662109375,3799.934326171875,3727.208251953125,3772.662109375,244288809
2019-11-27T00:00:00Z,3727.208251953125,3827.20654296875,3727.208251953125,3790.843505859375,72910799
2019-11-28T00:00:00Z,3754.480712890625,3790.843505859375,3681.754638671875,3681.754638671875,67893172
2019-11-29T00:00:00Z,3690.845458984375,3745.389892578125,3645.3916015625,3718.11767578125,70620339
2019-12-02T00:00:00Z,3772.662109375,3827.20654296875,3745.389892578125,3827.20654296875,60937642
2019-12-03T00:00:00Z,3827.20654296875,3836.29736328125,3781.7529296875,3790.843505859375,48090300
2019-12-04T00:00:00Z,3818.115966796875,3818.115966796875,3745.389892578125,3754.480712890625,55684281
2019-12-05T00:00:00Z,3818.115966796875,3845.38818359375,3790.843505859375,3836.29736328125,80063892
2019-12-06T00:00:00Z,3863.569580078125,3863.569580078125,3790.843505859375,3790.843505859375,73924136
2019-12-09T00:00:00Z,3809.025146484375,3827.20654296875,3772.662109375,3799.934326171875,52623808
2019-12-10T00:00:00Z,3763.5712890625,3799.934326171875,3754.480712890625,3790.843505859375,88013950
2019-12-11T00:00:00Z,3809.025146484375,3827.20654296875,3781.7529296875,3827.20654296875,69260056
2019-12-12T00:00:00Z,3845.38818359375,3881.751220703125,3827.20654296875,3863.569580078125,138108485
2019-12-13T00:00:00Z,3890.841796875,3899.9326171875,3854.478759765625,3890.841796875,184381444
2019-12-16T00:00:00Z,3909.0234375,3954.47705078125,3899.9326171875,3936.295654296875,196854450
2019-12-17T00:00:00Z,3963.56787109375,3963.56787109375,3909.0234375,3954.47705078125,155154269
2019-12-18T00:00:00Z,3981.74951171875,3999.930908203125,3954.47705078125,3999.930908203125,174183278
2019-12-19T00:00:00Z,3954.47705078125,3972.65869140625,3927.204833984375,3954.47705078125,103421146
2019-12-20T00:00:00Z,3954.47705078125,3972.65869140625,3927.204833984375,3963.56787109375,171838258
2019-12-23T00:00:00Z,4045.384765625,4063.566162109375,3963.56787109375,4045.384765625,135606712
2019-12-26T00:00:00Z,4018.1123046875,4045.384765625,3999.930908203125,4009.021728515625,55258354
2019-12-27T00:00:00Z,3981.74951171875,4036.2939453125,3981.74951171875,4027.203125,62113562
2019-12-30T00:00:00Z,4045.384765625,4045.384765625,3963.56787109375,3999.930908203125,73085482
2020-01-02T00:00:00Z,3999.930908203125,4009.021728515625,3963.56787109375,4009.021728515625,45886302
2020-01-03T00:00:00Z,4018.1123046875,4036.2939453125,3990.840087890625,4018.1123046875,91189705
2020-01-06T00:00:00Z,3963.56787109375,3990.840087890625,3927.204833984375,3972.65869140625,48648450
2020-01-07T00:00:00Z,4009.021728515625,4009.021728515625,3981.74951171875,3999.930908203125,114344885
2020-01-08T00:00:00Z,3981.74951171875,3999.930908203125,3945.386474609375,3981.74951171875,188929583
2020-01-09T00:00:00Z,3999.930908203125,4018.1123046875,3972.65869140625,3999.930908203125,79280569
2020-01-10T00:00:00Z,4027.203125,4027.203125,3990.840087890625,4009.021728515625,137292491
2020-01-13T00:00:00Z,4027.203125,4099.92919921875,4018.1123046875,4099.92919921875,122488655
2020-01-14T00:00:00Z,4127.20166015625,4181.74609375,4109.02001953125,4154.4736328125,174258629
2020-01-15T00:00:00Z,4154.4736328125,4163.564453125,4118.11083984375,4163.564453125,112825318
2020-01-16T00:00:00Z,4154.4736328125,4172.6552734375,4099.92919921875,4154.4736328125,147387255
2020-01-17T00:00:00Z,4199.92724609375,4218.10888671875,4181.74609375,4209.01806640625,133295352
2020-01-20T00:00:00Z,4263.5625,4263.5625,4209.01806640625,4236.29052734375,90022804
2020-01-21T00:00:00Z,4245.38134765625,4254.47216796875,4218.10888671875,4245.38134765625,81224962
2020-01-22T00:00:00Z,4254.47216796875,4281.744140625,4245.38134765625,4281.744140625,90609115
2020-01-23T00:00:00Z,4290.8349609375,4327.19775390625,4263.5625,4309.0166015625,153849977
2020-01-24T00:00:00Z,4299.92578125,4318.107421875,4254.47216796875,4309.0166015625,105620964
2020-01-27T00:00:00Z,4272.6533203125,4272.6533203125,4218.10888671875,4227.19970703125,103076840
2020-01-28T00:00:00Z,4163.564453125,4218.10888671875,4154.4736328125,4199.92724609375,104935872
2020-01-29T00:00:00Z,4199.92724609375,4236.29052734375,4181.74609375,4199.92724609375,214362682
2020-01-30T00:00:00Z,4272.6533203125,4272.6533203125,4163.564453125,4163.564453125,96500596
2020-01-31T00:00:00Z,4154.4736328125,4163.564453125,4054.475341796875,4054.475341796875,150763654
2020-02-03T00:00:00Z,4054.475341796875,4081.74755859375,4045.384765625,4054.475341796875,144745560
2020-02-04T00:00:00Z,4263.5625,4263.5625,4109.02001953125,4145.3828125,123617275
2020-02-05T00:00:00Z,4154.4736328125,4163.564453125,4099.92919921875,4145.3828125,100395764
2020-02-06T00:00:00Z,4172.6552734375,4172.6552734375,4118.11083984375,4136.2919921875,104342852
2020-02-07T00:00:00Z,4163.564453125,4163.564453125,4127.20166015625,4136.2919921875,146349277
2020-02-10T00:00:00Z,4090.83837890625,4118.11083984375,3999.930908203125,4090.83837890625,187982906
2020-02-11T00:00:00Z,4127.20166015625,4127.20166015625,4072.656982421875,4099.92919921875,93666727
2020-02-12T00:00:00Z,4109.02001953125,4145.3828125,4109.02001953125,4118.11083984375,143167912
2020-02-13T00:00:00Z,4163.564453125,4172.6552734375,4127.20166015625,4154.4736328125,87683284
2020-02-14T00:00:00Z,4118.11083984375,4172.6552734375,4118.11083984375,4136.2919921875,139707803
2020-02-17T00:00:00Z,4072.656982421875,4127.20166015625,4063.566162109375,4063.566162109375,131738165
2020-02-18T00:00:00Z,4063.566162109375,4090.83837890625,3999.930908203125,3999.930908203125,97565635
2020-02-19T00:00:00Z,4054.475341796875,4072.656982421875,4045.384765625,4072.656982421875,110893685
2020-02-20T00:00:00Z,4109.02001953125,4163.564453125,4099.92919921875,4145.3828125,108000305
2020-02-21T00:00:00Z,4145.3828125,4145.3828125,4099.92919921875,4099.92919921875,117658802
2020-02-24T00:00:00Z,4127.20166015625,4127.20166015625,4063.566162109375,4081.74755859375,113200755
2020-02-25T00:00:00Z,4054.475341796875,4136.2919921875,4054.475341796875,4090.83837890625,125324724
2020-02-26T00:00:00Z,4090.83837890625,4099.92919921875,4063.566162109375,4072.656982421875,164120194
2020-02-27T00:00:00Z,3981.74951171875,3981.74951171875,3745.389892578125,3754.480712890625,227877075
2020-02-28T00:00:00Z,3627.2099609375,3809.025146484375,3554.484130859375,3809.025146484375,211162617
2020-03-02T00:00:00Z,3809.025146484375,3818.115966796875,3618.119384765625,3618.119384765625,206428685
2020-03-03T00:00:00Z,3681.754638671875,3799.934326171875,3636.30078125,3727.208251953125,218258509
2020-03-04T00:00:00Z,3763.5712890625,3854.478759765625,3754.480712890625,3836.29736328125,127937929
2020-03-05T00:00:00Z,3899.9326171875,3909.0234375,3754.480712890625,3772.662109375,146949558
2020-03-06T00:00:00Z,3672.663818359375,3681.754638671875,3636.30078125,3645.3916015625,175334118
2020-03-09T00:00:00Z,3545.393310546875,3590.84716796875,3409.031982421875,3409.031982421875,163934401
2020-03-10T00:00:00Z,3436.30419921875,3663.572998046875,3436.30419921875,3554.484130859375,182576203
2020-03-11T00:00:00Z,3590.84716796875,3663.572998046875,3527.2119140625,3554.484130859375,195275262
2020-03-12T00:00:00Z,3472.667236328125,3490.848876953125,3272.670654296875,3281.761474609375,167137546
2020-03-13T00:00:00Z,3281.761474609375,3427.213623046875,3054.49267578125,3381.759765625,295725807
2020-03-16T00:00:00Z,3409.031982421875,3409.031982421875,3145.400146484375,3181.76318359375,196265939
2020-03-17T00:00:00Z,3181.76318359375,3245.3984375,2963.585205078125,2963.585205078125,229429422
2020-03-18T00:00:00Z,2972.676025390625,3127.21875,2809.04248046875,2854.49609375,272919333
2020-03-19T00:00:00Z,2845.405517578125,2854.49609375,2663.59033203125,2663.59033203125,151744210
2020-03-20T00:00:00Z,2663.59033203125,2699.953369140625,2481.775390625,2554.501220703125,658210668
2020-03-23T00:00:00Z,2409.04931640625,2454.503173828125,2381.777099609375,2381.777099609375,180848183
2020-03-24T00:00:00Z,2345.4140625,2499.956787109375,2218.1435546875,2218.1435546875,544651637
2020-03-26T00:00:00Z,2272.68798828125,2727.2255859375,2272.68798828125,2672.68115234375,698059077
2020-03-27T00:00:00Z,2727.2255859375,3336.305908203125,2727.2255859375,2936.31298828125,529032687
2020-03-30T00:00:00Z,2863.5869140625,2863.5869140625,2736.31640625,2736.31640625,239264252
2020-03-31T00:00:00Z,2818.133056640625,2909.040771484375,2699.953369140625,2745.4072265625,346502244
2020-04-01T00:00:00Z,2736.31640625,2799.95166015625,2636.318115234375,2663.59033203125,298923123
2020-04-02T00:00:00Z,2590.8642578125,2636.318115234375,2545.41064453125,2609.0458984375,329876337
2020-04-03T00:00:00Z,2663.59033203125,2681.77197265625,2572.682861328125,2627.227294921875,322467159
2020-04-06T00:00:00Z,2681.77197265625,2754.497802734375,2645.408935546875,2745.4072265625,313615306
2020-04-07T00:00:00Z,2818.133056640625,2945.403564453125,2681.77197265625,2754.497802734375,445935822
2020-04-08T00:00:00Z,2727.2255859375,2763.588623046875,2563.592041015625,2563.592041015625,322246825
2020-04-09T00:00:00Z,2599.955078125,2645.408935546875,2499.956787109375,2536.31982421875,292370749
2020-04-13T00:00:00Z,2536.31982421875,2581.773681640625,2454.503173828125,2518.138427734375,136106890
2020-04-14T00:00:00Z,2536.31982421875,2636.318115234375,2518.138427734375,2636.318115234375,241711574
2020-04-15T00:00:00Z,2636.318115234375,2718.134765625,2481.775390625,2509.047607421875,351010672
2020-04-16T00:00:00Z,2518.138427734375,2518.138427734375,2345.4140625,2372.686279296875,404530667
2020-04-17T00:00:00Z,2427.230712890625,2581.773681640625,2418.14013671875,2572.682861328125,442565694
2020-04-20T00:00:00Z,2618.136474609375,2636.318115234375,2509.047607421875,2527.22900390625,244213568
2020-04-21T00:00:00Z,2499.956787109375,2536.31982421875,2445.412353515625,2472.6845703125,146163154
2020-04-22T00:00:00Z,2454.503173828125,2572.682861328125,2409.04931640625,2536.31982421875,197501041
2020-04-23T00:00:00Z,2572.682861328125,2618.136474609375,2536.31982421875,2545.41064453125,237791877
2020-04-24T00:00:00Z,2545.41064453125,2545.41064453125,2390.86767578125,2390.86767578125,323088010
2020-04-27T00:00:00Z,2436.321533203125,2454.503173828125,2372.686279296875,2418.14013671875,200872709
2020-04-28T00:00:00Z,2436.321533203125,2445.412353515625,2336.3232421875,2354.5048828125,295130807
2020-04-29T00:00:00Z,2363.595458984375,2381.777099609375,2327.232421875,2345.4140625,230054013
2020-04-30T00:00:00Z,2381.777099609375,2490.865966796875,2372.686279296875,2481.775390625,475289499
2020-05-04T00:00:00Z,2427.230712890625,2436.321533203125,2363.595458984375,2390.86767578125,220673601
2020-05-05T00:00:00Z,2390.86767578125,2436.321533203125,2372.686279296875,2390.86767578125,203241160
2020-05-06T00:00:00Z,2390.86767578125,2409.04931640625,2363.595458984375,2381.777099609375,190361478
2020-05-08T00:00:00Z,2399.95849609375,2418.14013671875,2345.4140625,2354.5048828125,226345299
2020-05-11T00:00:00Z,2390.86767578125,2399.95849609375,2363.595458984375,2381.777099609375,170062057
2020-05-12T00:00:00Z,2381.777099609375,2390.86767578125,2245.415771484375,2263.59716796875,405546974
2020-05-13T00:00:00Z,2236.324951171875,2290.86962890625,2218.1435546875,2245.415771484375,372457853
2020-05-14T00:00:00Z,2218.1435546875,2254.506591796875,2118.145263671875,2136.32666015625,517300545
2020-05-15T00:00:00Z,2163.598876953125,2181.780517578125,2009.05615234375,2036.3284912109375,654135428
2020-05-18T00:00:00Z,2045.419189453125,2063.600830078125,1963.6024169921875,1972.6932373046875,501017513
2020-05-19T00:00:00Z,2045.419189453125,2199.9619140625,2045.419189453125,2154.50830078125,584451204
2020-05-20T00:00:00Z,2145.41748046875,2272.68798828125,2109.054443359375,2254.506591796875,433842983
2020-05-26T00:00:00Z,2318.141845703125,2318.141845703125,2245.415771484375,2290.86962890625,444514707
2020-05-27T00:00:00Z,2309.051025390625,2390.86767578125,2290.86962890625,2390.86767578125,476102523
2020-05-28T00:00:00Z,2399.95849609375,2527.22900390625,2399.95849609375,2481.775390625,498739044
2020-05-29T00:00:00Z,2454.503173828125,2681.77197265625,2454.503173828125,2681.77197265625,959884609
2020-06-02T00:00:00Z,2681.77197265625,2990.857421875,2681.77197265625,2890.859130859375,514215761
2020-06-03T00:00:00Z,2909.040771484375,2981.7666015625,2736.31640625,2818.133056640625,481917223
2020-06-04T00:00:00Z,2836.314697265625,2909.040771484375,2754.497802734375,2781.77001953125,275162272
2020-06-05T00:00:00Z,2790.86083984375,2845.405517578125,2690.862548828125,2827.223876953125,294137820
2020-06-08T00:00:00Z,2890.859130859375,3063.58349609375,2881.768310546875,2999.9482421875,422772612
2020-06-09T00:00:00Z,3045.40185546875,3054.49267578125,2918.13134765625,2918.13134765625,279951975
2020-06-10T00:00:00Z,2890.859130859375,2890.859130859375,2727.2255859375,2754.497802734375,487562851
2020-06-11T00:00:00Z,2845.405517578125,2845.405517578125,2636.318115234375,2699.953369140625,409589324
2020-06-12T00:00:00Z,2636.318115234375,2763.588623046875,2545.41064453125,2754.497802734375,519350210
2020-06-15T00:00:00Z,2763.588623046875,2772.679443359375,2627.227294921875,2636.318115234375,253847754
2020-06-16T00:00:00Z,2699.953369140625,2863.5869140625,2690.862548828125,2845.405517578125,372556634
2020-06-17T00:00:00Z,2909.040771484375,2909.040771484375,2799.95166015625,2818.133056640625,240003025
2020-06-18T00:00:00Z,2772.679443359375,2836.314697265625,2763.588623046875,2772.679443359375,144039347
2020-06-19T00:00:00Z,2799.95166015625,2827.223876953125,2781.77001953125,2818.133056640625,183669732
2020-06-22T00:00:00Z,2818.133056640625,2827.223876953125,2754.497802734375,2781.77001953125,104916512
2020-06-23T00:00:00Z,2745.4072265625,2781.77001953125,2709.044189453125,2736.31640625,188566907
2020-06-24T00:00:00Z,2772.679443359375,2854.49609375,2736.31640625,2836.314697265625,339338591
2020-06-25T00:00:00Z,2818.133056640625,2827.223876953125,2763.588623046875,2781.77001953125,174033235
2020-06-26T00:00:00Z,2818.133056640625,2836.314697265625,2745.4072265625,2754.497802734375,162039618
2020-06-29T00:00:00Z,2763.588623046875,2781.77001953125,2709.044189453125,2763.588623046875,130693147
2020-06-30T00:00:00Z,2790.86083984375,2827.223876953125,2754.497802734375,2754.497802734375,147418716
2020-07-01T00:00:00Z,2763.588623046875,2790.86083984375,2754.497802734375,2781.77001953125,111421694
2020-07-02T00:00:00Z,2809.04248046875,2809.04248046875,2763.588623046875,2781.77001953125,186436280
2020-07-03T00:00:00Z,2781.77001953125,2809.04248046875,2763.588623046875,2772.679443359375,54421019
2020-07-06T00:00:00Z,2790.86083984375,2818.133056640625,2754.497802734375,2763.588623046875,148148028
2020-07-07T00:00:00Z,2790.86083984375,2799.95166015625,2754.497802734375,2754.497802734375,228112810
2020-07-08T00:00:00Z,2763.588623046875,2909.040771484375,2754.497802734375,2899.949951171875,373640813
2020-07-09T00:00:00Z,2899.949951171875,2936.31298828125,2854.49609375,2854.49609375,211404181
2020-07-10T00:00:00Z,2845.405517578125,2863.5869140625,2818.133056640625,2827.223876953125,117829855
2020-07-13T00:00:00Z,2845.405517578125,2890.859130859375,2772.679443359375,2872.677734375,105451891
2020-07-14T00:00:00Z,2872.677734375,2954.494384765625,2845.405517578125,2881.768310546875,232365483
2020-07-15T00:00:00Z,2909.040771484375,2945.403564453125,2845.405517578125,2845.405517578125,182296468
2020-07-16T00:00:00Z,2845.405517578125,2872.677734375,2845.405517578125,2854.49609375,128809144
2020-07-17T00:00:00Z,2854.49609375,2863.5869140625,2818.133056640625,2818.133056640625,131548742
2020-07-20T00:00:00Z,2818.133056640625,2845.405517578125,2754.497802734375,2772.679443359375,150206164
2020-07-21T00:00:00Z,2772.679443359375,2890.859130859375,2772.679443359375,2863.5869140625,224576578
2020-07-22T00:00:00Z,2872.677734375,2881.768310546875,2809.04248046875,2818.133056640625,190916547
2020-07-23T00:00:00Z,2836.314697265625,2872.677734375,2818.133056640625,2854.49609375,162646279
2020-07-24T00:00:00Z,2845.405517578125,2854.49609375,2809.04248046875,2809.04248046875,104287961
2020-07-27T00:00:00Z,2809.04248046875,2863.5869140625,2809.04248046875,2863.5869140625,103970385
2020-07-28T00:00:00Z,2872.677734375,2881.768310546875,2818.133056640625,2854.49609375,113763744
2020-07-29T00:00:00Z,2854.49609375,2863.5869140625,2818.133056640625,2836.314697265625,73895646
2020-07-30T00:00:00Z,2845.405517578125,2881.768310546875,2827.223876953125,2872.677734375,86328061
2020-08-03T00:00:00Z,2881.768310546875,2890.859130859375,2699.953369140625,2718.134765625,373214336
2020-08-04T00:00:00Z,2727.2255859375,2799.95166015625,2727.2255859375,2799.95166015625,171919769
2020-08-05T00:00:00Z,2818.133056640625,2827.223876953125,2763.588623046875,2799.95166015625,177648668
2020-08-06T00:00:00Z,2818.133056640625,2845.405517578125,2809.04248046875,2827.223876953125,126064817
2020-08-07T00:00:00Z,2827.223876953125,2845.405517578125,2781.77001953125,2827.223876953125,98910738
2020-08-10T00:00:00Z,2827.223876953125,2863.5869140625,2818.133056640625,2845.405517578125,100613457
2020-08-11T00:00:00Z,2845.405517578125,2927.22216796875,2845.405517578125,2899.949951171875,189708286
2020-08-12T00:00:00Z,2899.949951171875,3063.58349609375,2899.949951171875,3045.40185546875,505369848
2020-08-13T00:00:00Z,3045.40185546875,3136.3095703125,2999.9482421875,3027.220458984375,235648930
2020-08-14T00:00:00Z,3027.220458984375,3045.40185546875,2981.7666015625,3036.311279296875,109069303
2020-08-18T00:00:00Z,3036.311279296875,3209.035400390625,3036.311279296875,3199.94482421875,288206078
2020-08-19T00:00:00Z,3199.94482421875,3309.03369140625,3199.94482421875,3236.3076171875,239290433
2020-08-24T00:00:00Z,3209.035400390625,3318.12451171875,3199.94482421875,3309.03369140625,214473234
2020-08-25T00:00:00Z,3336.305908203125,3454.48583984375,3309.03369140625,3454.48583984375,197233406
2020-08-26T00:00:00Z,3454.48583984375,3472.667236328125,3363.578369140625,3399.941162109375,178162157
2020-08-27T00:00:00Z,3399.941162109375,3436.30419921875,3327.21533203125,3363.578369140625,206786961
2020-08-28T00:00:00Z,3372.6689453125,3399.941162109375,3318.12451171875,3354.487548828125,85678499
2020-08-31T00:00:00Z,3363.578369140625,3399.941162109375,3181.76318359375,3190.85400390625,292651694
2020-09-01T00:00:00Z,3227.217041015625,3299.943115234375,3163.581787109375,3281.761474609375,216658972
2020-09-02T00:00:00Z,3290.852294921875,3327.21533203125,3263.580078125,3327.21533203125,117619091
2020-09-03T00:00:00Z,3327.21533203125,3354.487548828125,3227.217041015625,3254.4892578125,197577052
2020-09-04T00:00:00Z,3281.761474609375,3281.761474609375,3163.581787109375,3227.217041015625,148013826
2020-09-07T00:00:00Z,3227.217041015625,3245.3984375,3181.76318359375,3190.85400390625,104297421
2020-09-08T00:00:00Z,3190.85400390625,3245.3984375,3190.85400390625,3199.94482421875,89521636
2020-09-09T00:00:00Z,3163.581787109375,3172.67236328125,3072.67431640625,3099.946533203125,196282440
2020-09-10T00:00:00Z,2999.9482421875,2999.9482421875,2890.859130859375,2890.859130859375,305637969
2020-09-11T00:00:00Z,2745.4072265625,3009.038818359375,2736.31640625,2954.494384765625,641858446
2020-09-14T00:00:00Z,2999.9482421875,3136.3095703125,2999.9482421875,3127.21875,303482811
2020-09-15T00:00:00Z,3127.21875,3145.400146484375,3009.038818359375,3027.220458984375,215087925
2020-09-16T00:00:00Z,3063.58349609375,3081.764892578125,2945.403564453125,2963.585205078125,152384862
2020-09-17T00:00:00Z,2972.676025390625,3009.038818359375,2881.768310546875,2909.040771484375,184375724
2020-09-18T00:00:00Z,2909.040771484375,2972.676025390625,2899.949951171875,2927.22216796875,223172404
2020-09-21T00:00:00Z,2909.040771484375,2954.494384765625,2863.5869140625,2899.949951171875,125587849
2020-09-22T00:00:00Z,2827.223876953125,2899.949951171875,2818.133056640625,2845.405517578125,148046607
2020-09-23T00:00:00Z,2881.768310546875,2890.859130859375,2772.679443359375,2799.95166015625,132670981
2020-09-24T00:00:00Z,2754.497802734375,2799.95166015625,2736.31640625,2754.497802734375,180569548
2020-09-25T00:00:00Z,2781.77001953125,2890.859130859375,2763.588623046875,2872.677734375,186363128
2020-09-28T00:00:00Z,2890.859130859375,2936.31298828125,2799.95166015625,2809.04248046875,149014953
2020-09-29T00:00:00Z,2836.314697265625,2872.677734375,2745.4072265625,2763.588623046875,200970281
2020-09-30T00:00:00Z,2781.77001953125,2799.95166015625,2727.2255859375,2763.588623046875,184622458
2020-10-01T00:00:00Z,2809.04248046875,2881.768310546875,2781.77001953125,2872.677734375,143036570
2020-10-02T00:00:00Z,2890.859130859375,2918.13134765625,2781.77001953125,2818.133056640625,172772944
2020-10-05T00:00:00Z,2872.677734375,2881.768310546875,2827.223876953125,2872.677734375,101996951
2020-10-06T00:00:00Z,2927.22216796875,2945.403564453125,2890.859130859375,2899.949951171875,132900775
2020-10-07T00:00:00Z,2872.677734375,2881.768310546875,2799.95166015625,2836.314697265625,317619596
2020-10-08T00:00:00Z,2863.5869140625,2881.768310546875,2827.223876953125,2863.5869140625,136318754
2020-10-09T00:00:00Z,2863.5869140625,2881.768310546875,2836.314697265625,2863.5869140625,89241681
2020-10-12T00:00:00Z,2872.677734375,2918.13134765625,2863.5869140625,2899.949951171875,172174643
2020-10-13T00:00:00Z,2899.949951171875,2999.9482421875,2863.5869140625,2981.7666015625,224885904
2020-10-14T00:00:00Z,2999.9482421875,3072.67431640625,2990.857421875,3054.49267578125,213271353
2020-10-15T00:00:00Z,3054.49267578125,3072.67431640625,3009.038818359375,3009.038818359375,201627762
2020-10-16T00:00:00Z,3036.311279296875,3054.49267578125,2918.13134765625,2954.494384765625,154490628
2020-10-19T00:00:00Z,2963.585205078125,2990.857421875,2936.31298828125,2981.7666015625,105821057
2020-10-20T00:00:00Z,2981.7666015625,2990.857421875,2918.13134765625,2954.494384765625,147444676
2020-10-21T00:00:00Z,2981.7666015625,3009.038818359375,2936.31298828125,2945.403564453125,128682202
2020-10-22T00:00:00Z,2927.22216796875,2999.9482421875,2909.040771484375,2999.9482421875,176153302
2020-10-23T00:00:00Z,3045.40185546875,3045.40185546875,2972.676025390625,2990.857421875,128973377
2020-10-26T00:00:00Z,2999.9482421875,3054.49267578125,2990.857421875,3036.311279296875,111346673
2020-10-27T00:00:00Z,3036.311279296875,3090.855712890625,3027.220458984375,3054.49267578125,201640192
2020-11-02T00:00:00Z,3054.49267578125,3081.764892578125,2999.9482421875,3072.67431640625,172465378
2020-11-03T00:00:00Z,3081.764892578125,3090.855712890625,3054.49267578125,3072.67431640625,133604017
2020-11-04T00:00:00Z,3109.037109375,3109.037109375,2990.857421875,2990.857421875,152055736
2020-11-05T00:00:00Z,3063.58349609375,3172.67236328125,3054.49267578125,3172.67236328125,258276321
2020-11-06T00:00:00Z,3190.85400390625,3272.670654296875,3154.490966796875,3236.3076171875,295649686
2020-11-09T00:00:00Z,3345.396728515625,3354.487548828125,3254.4892578125,3354.487548828125,283205831
2020-11-10T00:00:00Z,3454.48583984375,3645.3916015625,3427.213623046875,3636.30078125,622129055
2020-11-11T00:00:00Z,3609.028564453125,3809.025146484375,3590.84716796875,3745.389892578125,392814584
2020-11-12T00:00:00Z,3727.208251953125,3727.208251953125,3563.57470703125,3590.84716796875,366633582
2020-11-13T00:00:00Z,3609.028564453125,3709.02685546875,3599.937744140625,3636.30078125,261115910
2020-11-16T00:00:00Z,3681.754638671875,3699.93603515625,3572.66552734375,3599.937744140625,212327977
2020-11-17T00:00:00Z,3636.30078125,3654.482421875,3572.66552734375,3599.937744140625,198939646
2020-11-18T00:00:00Z,3618.119384765625,3681.754638671875,3609.028564453125,3672.663818359375,200926500
2020-11-19T00:00:00Z,3645.3916015625,3754.480712890625,3618.119384765625,3672.663818359375,219674674
2020-11-20T00:00:00Z,3672.663818359375,3709.02685546875,3627.2099609375,3654.482421875,137266310
2020-11-23T00:00:00Z,3645.3916015625,3727.208251953125,3645.3916015625,3709.02685546875,135864336
2020-11-24T00:00:00Z,3745.389892578125,3845.38818359375,3709.02685546875,3818.115966796875,226784757
2020-11-25T00:00:00Z,3927.204833984375,3990.840087890625,3863.569580078125,3927.204833984375,311676963
2020-11-26T00:00:00Z,3836.29736328125,3927.204833984375,3836.29736328125,3899.9326171875,150181303
2020-11-27T00:00:00Z,3936.295654296875,3972.65869140625,3881.751220703125,3881.751220703125,126437063
2020-11-30T00:00:00Z,3863.569580078125,3890.841796875,3627.2099609375,3718.11767578125,493687757
2020-12-01T00:00:00Z,3754.480712890625,3872.660400390625,3699.93603515625,3854.478759765625,251258199
2020-12-02T00:00:00Z,3927.204833984375,3945.386474609375,3863.569580078125,3909.0234375,149985830
2020-12-03T00:00:00Z,3954.47705078125,3999.930908203125,3909.0234375,3999.930908203125,218887830
2020-12-04T00:00:00Z,3999.930908203125,3999.930908203125,3881.751220703125,3909.0234375,165420527
2020-12-07T00:00:00Z,3954.47705078125,4018.1123046875,3954.47705078125,3999.930908203125,154937236
2020-12-08T00:00:00Z,3999.930908203125,3999.930908203125,3945.386474609375,3999.930908203125,89400744
2020-12-10T00:00:00Z,4045.384765625,4045.384765625,3936.295654296875,3936.295654296875,212997338
2020-12-11T00:00:00Z,3999.930908203125,3999.930908203125,3872.660400390625,3890.841796875,191894904
2020-12-14T00:00:00Z,3909.0234375,3918.1142578125,3881.751220703125,3890.841796875,140126140
2020-12-15T00:00:00Z,3890.841796875,3899.9326171875,3854.478759765625,3890.841796875,147085740
2020-12-16T00:00:00Z,3945.386474609375,3954.47705078125,3909.0234375,3927.204833984375,143051750
2020-12-17T00:00:00Z,3963.56787109375,3963.56787109375,3918.1142578125,3936.295654296875,155902502
2020-12-18T00:00:00Z,3881.751220703125,3909.0234375,3881.751220703125,3890.841796875,228155710
2020-12-21T00:00:00Z,3936.295654296875,3945.386474609375,3827.20654296875,3827.20654296875,240869950
2020-12-22T00:00:00Z,3854.478759765625,3890.841796875,3745.389892578125,3754.480712890625,188635658
2020-12-23T00:00:00Z,3772.662109375,3799.934326171875,3590.84716796875,3781.7529296875,187175822
2020-12-28T00:00:00Z,3863.569580078125,3872.660400390625,3781.7529296875,3863.569580078125,94730336
2020-12-29T00:00:00Z,3863.569580078125,3890.841796875,3790.843505859375,3799.934326171875,82725388
2020-12-30T00:00:00Z,3809.025146484375,3827.20654296875,3754.480712890625,3790.843505859375,99024700
2021-01-04T00:00:00Z,3772.662109375,3927.204833984375,3772.662109375,3918.1142578125,106226854
2021-01-05T00:00:00Z,3909.0234375,3909.0234375,3854.478759765625,3881.751220703125,106964857
2021-01-06T00:00:00Z,3890.841796875,3909.0234375,3781.7529296875,3818.115966796875,128299616
2021-01-07T00:00:00Z,3872.660400390625,3899.9326171875,3827.20654296875,3890.841796875,141798389
2021-01-08T00:00:00Z,3936.295654296875,3990.840087890625,3909.0234375,3990.840087890625,205011531
2021-01-11T00:00:00Z,4018.1123046875,4236.29052734375,4009.021728515625,4227.19970703125,422093240
2021-01-12T00:00:00Z,4254.47216796875,4336.28857421875,4245.38134765625,4290.8349609375,260390447
2021-01-13T00:00:00Z,4336.28857421875,4399.923828125,4318.107421875,4354.47021484375,231181533
2021-01-14T00:00:00Z,4381.74267578125,4390.8330078125,4290.8349609375,4336.28857421875,146980798
2021-01-15T00:00:00Z,4336.28857421875,4336.28857421875,4136.2919921875,4163.564453125,225189839
2021-01-18T00:00:00Z,4163.564453125,4227.19970703125,4127.20166015625,4199.92724609375,182568723
2021-01-19T00:00:00Z,4272.6533203125,4272.6533203125,4190.8369140625,4199.92724609375,152430182
2021-01-20T00:00:00Z,4245.38134765625,4472.64990234375,4227.19970703125,4445.3779296875,277723446
2021-01-21T00:00:00Z,4472.64990234375,4499.92236328125,4336.28857421875,4354.47021484375,177275431
2021-01-22T00:00:00Z,4418.10546875,4418.10546875,4254.47216796875,4290.8349609375,183332136
2021-01-25T00:00:00Z,4354.47021484375,4354.47021484375,4190.8369140625,4345.37939453125,165278734
2021-01-26T00:00:00Z,4345.37939453125,4354.47021484375,4199.92724609375,4227.19970703125,163850580
2021-01-27T00:00:00Z,4227.19970703125,4290.8349609375,4090.83837890625,4199.92724609375,198692361
2021-01-28T00:00:00Z,4163.564453125,4227.19970703125,4018.1123046875,4063.566162109375,176270344
2021-01-29T00:00:00Z,4154.4736328125,4190.8369140625,3799.934326171875,3799.934326171875,308226863
2021-02-01T00:00:00Z,3799.934326171875,4036.2939453125,3599.937744140625,3999.930908203125,355113743
2021-02-02T00:00:00Z,4081.74755859375,4081.74755859375,3872.660400390625,3963.56787109375,167527833
2021-02-03T00:00:00Z,4072.656982421875,4072.656982421875,3963.56787109375,3981.74951171875,124241205
2021-02-04T00:00:00Z,4045.384765625,4163.564453125,3972.65869140625,4081.74755859375,162519997
2021-02-05T00:00:00Z,4127.20166015625,4127.20166015625,4018.1123046875,4063.566162109375,99005120
2021-02-08T00:00:00Z,4118.11083984375,4118.11083984375,4045.384765625,4054.475341796875,120218986
2021-02-09T00:00:00Z,4090.83837890625,4336.28857421875,4090.83837890625,4199.92724609375,464366860
2021-02-10T00:00:00Z,4209.01806640625,4281.744140625,4181.74609375,4227.19970703125,202155881
2021-02-11T00:00:00Z,4272.6533203125,4281.744140625,4209.01806640625,4254.47216796875,99681961
2021-02-15T00:00:00Z,4281.744140625,4345.37939453125,4272.6533203125,4281.744140625,93158189
2021-02-16T00:00:00Z,4309.0166015625,4309.0166015625,4236.29052734375,4245.38134765625,71623667
2021-02-17T00:00:00Z,4281.744140625,4299.92578125,4199.92724609375,4209.01806640625,101529553
2021-02-18T00:00:00Z,4272.6533203125,4336.28857421875,4227.19970703125,4245.38134765625,152089286
2021-02-19T00:00:00Z,4181.74609375,4354.47021484375,4181.74609375,4354.47021484375,109884637
2021-02-22T00:00:00Z,4409.0146484375,4427.1962890625,4327.19775390625,4354.47021484375,157619632
2021-02-23T00:00:00Z,4372.65185546875,4390.8330078125,4309.0166015625,4354.47021484375,107810772
2021-02-24T00:00:00Z,4354.47021484375,4381.74267578125,4281.744140625,4299.92578125,105582023
2021-02-25T00:00:00Z,4336.28857421875,4336.28857421875,4245.38134765625,4299.92578125,131635423
2021-02-26T00:00:00Z,4299.92578125,4318.107421875,4272.6533203125,4281.744140625,161796404
2021-03-01T00:00:00Z,4363.56103515625,4390.8330078125,4290.8349609375,4390.8330078125,127020403
2021-03-02T00:00:00Z,4427.1962890625,4436.287109375,4363.56103515625,4363.56103515625,75195758
2021-03-03T00:00:00Z,4363.56103515625,4409.0146484375,4309.0166015625,4409.0146484375,85026738
2021-03-04T00:00:00Z,4409.0146484375,4409.0146484375,4299.92578125,4327.19775390625,117897176
2021-03-05T00:00:00Z,4309.0166015625,4336.28857421875,4272.6533203125,4336.28857421875,71188389
2021-03-08T00:00:00Z,4363.56103515625,4381.74267578125,4299.92578125,4299.92578125,69917647
2021-03-09T00:00:00Z,4318.107421875,4318.107421875,4145.3828125,4163.564453125,165527119
2021-03-10T00:00:00Z,4227.19970703125,4236.29052734375,4172.6552734375,4209.01806640625,77405916
2021-03-12T00:00:00Z,4263.5625,4263.5625,4127.20166015625,4163.564453125,152360111
2021-03-15T00:00:00Z,4163.564453125,4209.01806640625,4145.3828125,4154.4736328125,95483079
2021-03-16T00:00:00Z,4236.29052734375,4336.28857421875,4190.8369140625,4290.8349609375,151028868
2021-03-17T00:00:00Z,4254.47216796875,4272.6533203125,4181.74609375,4245.38134765625,116245827
2021-03-18T00:00:00Z,4281.744140625,4336.28857421875,4263.5625,4327.19775390625,95635541
2021-03-19T00:00:00Z,4318.107421875,4318.107421875,4245.38134765625,4245.38134765625,166398004
2021-03-22T00:00:00Z,4272.6533203125,4272.6533203125,4199.92724609375,4209.01806640625,67100278
2021-03-23T00:00:00Z,4290.8349609375,4290.8349609375,4227.19970703125,4245.38134765625,115036356
2021-03-24T00:00:00Z,4299.92578125,4299.92578125,4227.19970703125,4245.38134765625,120514341
2021-03-25T00:00:00Z,4272.6533203125,4272.6533203125,4163.564453125,4199.92724609375,95145043
2021-03-26T00:00:00Z,4209.01806640625,4290.8349609375,4199.92724609375,4290.8349609375,106978057
2021-03-29T00:00:00Z,4345.37939453125,4345.37939453125,4290.8349609375,4290.8349609375,106807554
2021-03-30T00:00:00Z,4272.6533203125,4272.6533203125,4072.656982421875,4090.83837890625,214898061
2021-03-31T00:00:00Z,4045.384765625,4072.656982421875,3872.660400390625,3999.930908203125,323139711
2021-04-01T00:00:00Z,3954.47705078125,3972.65869140625,3827.20654296875,3899.9326171875,340183845
2021-04-05T00:00:00Z,3927.204833984375,3936.295654296875,3781.7529296875,3818.115966796875,345533898
2021-04-06T00:00:00Z,3790.843505859375,3845.38818359375,3772.662109375,3818.115966796875,167319270
2021-04-07T00:00:00Z,3845.38818359375,3854.478759765625,3781.7529296875,3818.115966796875,116953800
2021-04-08T00:00:00Z,3863.569580078125,3963.56787109375,3845.38818359375,3954.47705078125,158572578
2021-04-09T00:00:00Z,3981.74951171875,3999.930908203125,3954.47705078125,3954.47705078125,125277643
2021-04-12T00:00:00Z,3990.840087890625,3990.840087890625,3818.115966796875,3827.20654296875,115119078
2021-04-13T00:00:00Z,3827.20654296875,3872.660400390625,3745.389892578125,3781.7529296875,120186645
2021-04-14T00:00:00Z,3890.841796875,3954.47705078125,3836.29736328125,3954.47705078125,113531640
2021-04-15T00:00:00Z,3990.840087890625,4009.021728515625,3890.841796875,4009.021728515625,86272180
2021-04-16T00:00:00Z,4045.384765625,4054.475341796875,3918.1142578125,3945.386474609375,74495706
2021-04-19T00:00:00Z,3963.56787109375,3981.74951171875,3918.1142578125,3981.74951171875,62185614
2021-04-20T00:00:00Z,3899.9326171875,3936.295654296875,3836.29736328125,3918.1142578125,98216076
2021-04-21T00:00:00Z,3854.478759765625,3899.9326171875,3845.38818359375,3845.38818359375,51954007
2021-04-22T00:00:00Z,3845.38818359375,3872.660400390625,3818.115966796875,3818.115966796875,118813822
2021-04-23T00:00:00Z,3818.115966796875,3890.841796875,3809.025146484375,3863.569580078125,120513461
2021-04-26T00:00:00Z,3854.478759765625,3863.569580078125,3754.480712890625,3763.5712890625,157367288
2021-04-27T00:00:00Z,3818.115966796875,3818.115966796875,3772.662109375,3790.843505859375,146082083
2021-04-28T00:00:00Z,3790.843505859375,3836.29736328125,3754.480712890625,3754.480712890625,126586116
2021-04-29T00:00:00Z,3809.025146484375,3818.115966796875,3763.5712890625,3781.7529296875,124711354
2021-04-30T00:00:00Z,3772.662109375,3781.7529296875,3681.754638671875,3681.754638671875,257497837
2021-05-03T00:00:00Z,3690.845458984375,3699.93603515625,3636.30078125,3645.3916015625,124235705
2021-05-04T00:00:00Z,3654.482421875,3699.93603515625,3645.3916015625,3690.845458984375,84287635
2021-05-05T00:00:00Z,3736.299072265625,3754.480712890625,3709.02685546875,3718.11767578125,117321536
2021-05-06T00:00:00Z,3754.480712890625,3754.480712890625,3699.93603515625,3736.299072265625,86226199
2021-05-07T00:00:00Z,3763.5712890625,3763.5712890625,3672.663818359375,3681.754638671875,83358229
2021-05-10T00:00:00Z,3681.754638671875,3718.11767578125,3681.754638671875,3681.754638671875,81377755
2021-05-11T00:00:00Z,3663.572998046875,3672.663818359375,3618.119384765625,3627.2099609375,167031505
2021-05-17T00:00:00Z,3599.937744140625,3636.30078125,3545.393310546875,3545.393310546875,214824800
2021-05-18T00:00:00Z,3599.937744140625,3599.937744140625,3536.302490234375,3545.393310546875,127276708
2021-05-19T00:00:00Z,3499.939453125,3581.75634765625,3499.939453125,3518.12109375,135307947
2021-05-20T00:00:00Z,3490.848876953125,3572.66552734375,3472.667236328125,3527.2119140625,164832677
2021-05-21T00:00:00Z,3563.57470703125,3590.84716796875,3509.0302734375,3536.302490234375,121124632
2021-05-24T00:00:00Z,3609.028564453125,3690.845458984375,3554.484130859375,3672.663818359375,147190132
2021-05-25T00:00:00Z,3699.93603515625,3763.5712890625,3672.663818359375,3690.845458984375,168676803
2021-05-27T00:00:00Z,3763.5712890625,3809.025146484375,3590.84716796875,3590.84716796875,622692705
2021-05-28T00:00:00Z,3672.663818359375,3790.843505859375,3654.482421875,3699.93603515625,274099434
2021-05-31T00:00:00Z,3754.480712890625,3890.841796875,3736.299072265625,3872.660400390625,326538660
2021-06-02T00:00:00Z,3954.47705078125,3981.74951171875,3845.38818359375,3872.660400390625,312257333
2021-06-03T00:00:00Z,3881.751220703125,3963.56787109375,3836.29736328125,3963.56787109375,173444725
2021-06-04T00:00:00Z,3981.74951171875,3990.840087890625,3899.9326171875,3945.386474609375,138144236
2021-06-07T00:00:00Z,3945.386474609375,3954.47705078125,3827.20654296875,3863.569580078125,152755788
2021-06-08T00:00:00Z,3890.841796875,3890.841796875,3809.025146484375,3818.115966796875,108888570
2021-06-09T00:00:00Z,3727.208251953125,3881.751220703125,3727.208251953125,3836.29736328125,107433795
2021-06-10T00:00:00Z,3890.841796875,3927.204833984375,3872.660400390625,3909.0234375,106984877
2021-06-11T00:00:00Z,3954.47705078125,3954.47705078125,3890.841796875,3890.841796875,57809408
2021-06-14T00:00:00Z,3936.295654296875,3954.47705078125,3890.841796875,3954.47705078125,133363443
2021-06-15T00:00:00Z,3954.47705078125,3954.47705078125,3827.20654296875,3845.38818359375,200713646
2021-06-16T00:00:00Z,3772.662109375,3790.843505859375,3645.3916015625,3645.3916015625,481002668
2021-06-17T00:00:00Z,3618.119384765625,3699.93603515625,3572.66552734375,3663.572998046875,336253477
2021-06-18T00:00:00Z,3690.845458984375,3690.845458984375,3554.484130859375,3554.484130859375,325605954
2021-06-21T00:00:00Z,3527.2119140625,3609.028564453125,3509.0302734375,3581.75634765625,159544775
2021-06-22T00:00:00Z,3581.75634765625,3699.93603515625,3563.57470703125,3672.663818359375,132832794
2021-06-23T00:00:00Z,3681.754638671875,3699.93603515625,3581.75634765625,3581.75634765625,178751767
2021-06-24T00:00:00Z,3636.30078125,3645.3916015625,3599.937744140625,3627.2099609375,55421157
2021-06-25T00:00:00Z,3663.572998046875,3672.663818359375,3627.2099609375,3627.2099609375,83150216
2021-06-28T00:00:00Z,3618.119384765625,3627.2099609375,3572.66552734375,3572.66552734375,155357663
2021-06-29T00:00:00Z,3509.0302734375,3554.484130859375,3509.0302734375,3545.393310546875,133952393
2021-06-30T00:00:00Z,3545.393310546875,3609.028564453125,3536.302490234375,3581.75634765625,124133954
2021-07-01T00:00:00Z,3581.75634765625,3609.028564453125,3554.484130859375,3581.75634765625,105240907
2021-07-02T00:00:00Z,3636.30078125,3663.572998046875,3609.028564453125,3627.2099609375,93832940
2021-07-05T00:00:00Z,3572.66552734375,3599.937744140625,3527.2119140625,3545.393310546875,93466744
2021-07-06T00:00:00Z,3590.84716796875,3590.84716796875,3536.302490234375,3536.302490234375,60849751
2021-07-07T00:00:00Z,3563.57470703125,3581.75634765625,3463.576416015625,3472.667236328125,163599005
2021-07-08T00:00:00Z,3536.302490234375,3545.393310546875,3472.667236328125,3518.12109375,162349164
2021-07-09T00:00:00Z,3509.0302734375,3518.12109375,3436.30419921875,3454.48583984375,140611578
2021-07-12T00:00:00Z,3454.48583984375,3472.667236328125,3409.031982421875,3418.122802734375,131702194
2021-07-13T00:00:00Z,3454.48583984375,3454.48583984375,3418.122802734375,3436.30419921875,175683484
2021-07-14T00:00:00Z,3436.30419921875,3454.48583984375,3363.578369140625,3372.6689453125,115704508
2021-07-15T00:00:00Z,3409.031982421875,3490.848876953125,3390.8505859375,3463.576416015625,139855425
2021-07-16T00:00:00Z,3499.939453125,3509.0302734375,3463.576416015625,3490.848876953125,108336691
2021-07-19T00:00:00Z,3499.939453125,3499.939453125,3436.30419921875,3436.30419921875,69326497
2021-07-21T00:00:00Z,3499.939453125,3527.2119140625,3463.576416015625,3472.667236328125,111008747
2021-07-22T00:00:00Z,3518.12109375,3554.484130859375,3490.848876953125,3545.393310546875,93842180
2021-07-23T00:00:00Z,3581.75634765625,3590.84716796875,3481.758056640625,3518.12109375,95960267
2021-07-26T00:00:00Z,3545.393310546875,3545.393310546875,3472.667236328125,3481.758056640625,90198037
2021-07-27T00:00:00Z,3509.0302734375,3509.0302734375,3427.213623046875,3454.48583984375,99741692
2021-07-28T00:00:00Z,3454.48583984375,3463.576416015625,3381.759765625,3390.8505859375,77777283
2021-07-29T00:00:00Z,3418.122802734375,3490.848876953125,3409.031982421875,3427.213623046875,102817895
2021-07-30T00:00:00Z,3481.758056640625,3481.758056640625,3372.6689453125,3372.6689453125,113633172
2021-08-02T00:00:00Z,3427.213623046875,3427.213623046875,3363.578369140625,3399.941162109375,105807637
2021-08-03T00:00:00Z,3399.941162109375,3436.30419921875,3381.759765625,3409.031982421875,87862477
2021-08-04T00:00:00Z,3445.39501953125,3499.939453125,3427.213623046875,3499.939453125,91847406
2021-08-05T00:00:00Z,3545.393310546875,3718.11767578125,3545.393310546875,3681.754638671875,294149590
2021-08-06T00:00:00Z,3681.754638671875,3690.845458984375,3545.393310546875,3572.66552734375,152456913
2021-08-09T00:00:00Z,3581.75634765625,3590.84716796875,3472.667236328125,3499.939453125,102404178
2021-08-10T00:00:00Z,3536.302490234375,3536.302490234375,3463.576416015625,3472.667236328125,94349949
2021-08-12T00:00:00Z,3499.939453125,3499.939453125,3454.48583984375,3463.576416015625,94464021
2021-08-13T00:00:00Z,3472.667236328125,3527.2119140625,3472.667236328125,3518.12109375,104829940
2021-08-16T00:00:00Z,3518.12109375,3572.66552734375,3490.848876953125,3572.66552734375,70083530
2021-08-18T00:00:00Z,3627.2099609375,3718.11767578125,3572.66552734375,3699.93603515625,247351372
2021-08-19T00:00:00Z,3636.30078125,3654.482421875,3509.0302734375,3527.2119140625,218214729
2021-08-20T00:00:00Z,3527.2119140625,3581.75634765625,3481.758056640625,3572.66552734375,88330535
2021-08-23T00:00:00Z,3618.119384765625,3627.2099609375,3572.66552734375,3599.937744140625,68133856
2021-08-24T00:00:00Z,3590.84716796875,3599.937744140625,3481.758056640625,3536.302490234375,150882016
2021-08-25T00:00:00Z,3499.939453125,3545.393310546875,3499.939453125,3536.302490234375,86571495
2021-08-26T00:00:00Z,3536.302490234375,3545.393310546875,3490.848876953125,3518.12109375,69144334
2021-08-27T00:00:00Z,3536.302490234375,3536.302490234375,3481.758056640625,3490.848876953125,79498923
2021-08-30T00:00:00Z,3499.939453125,3581.75634765625,3490.848876953125,3581.75634765625,128539860
2021-08-31T00:00:00Z,3581.75634765625,3590.84716796875,3518.12109375,3572.66552734375,134879489
2021-09-01T00:00:00Z,3572.66552734375,3572.66552734375,3527.2119140625,3536.302490234375,97691477
2021-09-02T00:00:00Z,3509.0302734375,3536.302490234375,3490.848876953125,3518.12109375,81242343
2021-09-03T00:00:00Z,3499.939453125,3572.66552734375,3463.576416015625,3572.66552734375,165056860
2021-09-06T00:00:00Z,3590.84716796875,3618.119384765625,3499.939453125,3499.939453125,188929693
2021-09-07T00:00:00Z,3536.302490234375,3563.57470703125,3518.12109375,3554.484130859375,140380354
2021-09-08T00:00:00Z,3820.0,3880.0,3720.0,3730.0,228087900
2021-09-09T00:00:00Z,3700.0,3770.0,3650.0,3730.0,306319600
2021-09-10T00:00:00Z,3710.0,3790.0,3670.0,3780.0,177033000
2021-09-13T00:00:00Z,3710.0,3750.0,3660.0,3700.0,169825000
2021-09-14T00:00:00Z,3720.0,3730.0,3660.0,3700.0,216363400
2021-09-15T00:00:00Z,3670.0,3670.0,3620.0,3660.0,263544000
2021-09-16T00:00:00Z,3650.0,3660.0,3610.0,3640.0,194782800
2021-09-17T00:00:00Z,3630.0,3640.0,3570.0,3610.0,346529100
2021-09-20T00:00:00Z,3590.0,3590.0,3510.0,3590.0,357971300
2021-09-21T00:00:00Z,3510.0,3580.0,3500.0,3570.0,410533900
2021-09-22T00:00:00Z,3520.0,3650.0,3520.0,3610.0,416087300
2021-09-23T00:00:00Z,3600.0,3770.0,3590.0,3770.0,432390800
2021-09-24T00:00:00Z,3790.0,3860.0,3770.0,3820.0,634549600
2021-09-27T00:00:00Z,3770.0,3800.0,3730.0,3750.0,380151200
2021-09-28T00:00:00Z,3770.0,3770.0,3690.0,3720.0,306827400
2021-09-29T00:00:00Z,3720.0,3750.0,3690.0,3740.0,143081800
2021-09-30T00:00:00Z,3760.0,3870.0,3750.0,3850.0,416099000
2021-10-01T00:00:00Z,3850.0,3920.0,3830.0,3900.0,359864700
2021-10-04T00:00:00Z,3900.0,4010.0,3890.0,3970.0,335762600
2021-10-05T00:00:00Z,3950.0,3980.0,3910.0,3930.0,236562700
2021-10-06T00:00:00Z,3920.0,4150.0,3920.0,4120.0,446708800
2021-10-07T00:00:00Z,4150.0,4170.0,4070.0,4120.0,264905400
2021-10-08T00:00:00Z,4190.0,4240.0,4130.0,4160.0,196631600
2021-10-11T00:00:00Z,4160.0,4200.0,4130.0,4180.0,146720100
2021-10-12T00:00:00Z,4180.0,4240.0,4180.0,4220.0,241196000
2021-10-13T00:00:00Z,4230.0,4300.0,4220.0,4280.0,264629400
2021-10-14T00:00:00Z,4280.0,4350.0,4230.0,4250.0,196989500
2021-10-15T00:00:00Z,4250.0,4330.0,4220.0,4320.0,318189600
2021-10-18T00:00:00Z,4350.0,4410.0,4340.0,4410.0,286829000
2021-10-19T00:00:00Z,4450.0,4450.0,4360.0,4400.0,161256300
2021-10-21T00:00:00Z,4450.0,4460.0,4320.0,4360.0,319230200
2021-10-22T00:00:00Z,4340.0,4400.0,4320.0,4400.0,160459300
2021-10-25T00:00:00Z,4330.0,4370.0,4300.0,4300.0,128240100
2021-10-26T00:00:00Z,4280.0,4370.0,4270.0,4350.0,108782400
2021-10-27T00:00:00Z,4330.0,4340.0,4260.0,4290.0,258038300
2021-10-28T00:00:00Z,4210.0,4300.0,4200.0,4240.0,159645200
2021-10-29T00:00:00Z,4300.0,4300.0,4220.0,4250.0,155011100
2021-11-01T00:00:00Z,4330.0,4330.0,4220.0,4230.0,102079300
2021-11-02T00:00:00Z,4270.0,4270.0,4210.0,4210.0,124799700
2021-11-03T00:00:00Z,4250.0,4300.0,4210.0,4290.0,100486300
2021-11-04T00:00:00Z,4330.0,4340.0,4250.0,4250.0,119591100
2021-11-05T00:00:00Z,4270.0,4270.0,4210.0,4240.0,74347000
2021-11-08T00:00:00Z,4250.0,4260.0,4220.0,4230.0,79465600
2021-11-09T00:00:00Z,4230.0,4250.0,4220.0,4250.0,92453200
2021-11-10T00:00:00Z,4230.0,4260.0,4210.0,4250.0,69475400
2021-11-11T00:00:00Z,4290.0,4300.0,4230.0,4250.0,149637700
2021-11-12T00:00:00Z,4270.0,4290.0,4210.0,4220.0,80234400
2021-11-15T00:00:00Z,4220.0,4220.0,4140.0,4160.0,220142300
2021-11-16T00:00:00Z,4120.0,4170.0,4120.0,4130.0,163555000
2021-11-17T00:00:00Z,4170.0,4200.0,4160.0,4200.0,126523700
2021-11-18T00:00:00Z,4150.0,4190.0,4140.0,4180.0,114881200
2021-11-19T00:00:00Z,4220.0,4290.0,4220.0,4280.0,182167700
2021-11-22T00:00:00Z,4310.0,4310.0,4250.0,4280.0,151514000
2021-11-23T00:00:00Z,4280.0,4280.0,4200.0,4210.0,104294200
2021-11-24T00:00:00Z,4200.0,4230.0,4190.0,4210.0,111072800
2021-11-25T00:00:00Z,4180.0,4250.0,4180.0,4220.0,123609400
2021-11-26T00:00:00Z,4190.0,4220.0,4150.0,4160.0,148652500
2021-11-29T00:00:00Z,4150.0,4190.0,4080.0,4170.0,164312800
2021-11-30T00:00:00Z,4150.0,4220.0,4090.0,4090.0,316653200
2021-12-01T00:00:00Z,4090.0,4180.0,4070.0,4080.0,163457900
2021-12-02T00:00:00Z,4060.0,4220.0,4060.0,4200.0,139281800
2021-12-03T00:00:00Z,4210.0,4220.0,4170.0,4170.0,93227100
2021-12-06T00:00:00Z,4200.0,4220.0,4110.0,4110.0,106610000
2021-12-07T00:00:00Z,4190.0,4230.0,4160.0,4230.0,182048000
2021-12-08T00:00:00Z,4250.0,4250.0,4170.0,4210.0,143230200
2021-12-09T00:00:00Z,4220.0,4220.0,4160.0,4190.0,90471500
2021-12-10T00:00:00Z,4130.0,4160.0,4130.0,4130.0,122999200
2021-12-13T00:00:00Z,4170.0,4200.0,4160.0,4160.0,86848900
2021-12-14T00:00:00Z,4150.0,4160.0,4130.0,4130.0,100110000
2021-12-15T00:00:00Z,4150.0,4230.0,4140.0,4200.0,124522800
2021-12-16T00:00:00Z,4220.0,4220.0,4120.0,4140.0,136646600
2021-12-17T00:00:00Z,4090.0,4140.0,4090.0,4110.0,153165400
2021-12-20T00:00:00Z,4070.0,4130.0,4060.0,4120.0,89198900
2021-12-21T00:00:00Z,4100.0,4120.0,4080.0,4080.0,109561800
2021-12-22T00:00:00Z,4100.0,4110.0,4050.0,4050.0,104738000
2021-12-23T00:00:00Z,4090.0,4110.0,4060.0,4100.0,72736800
2021-12-24T00:00:00Z,4100.0,4120.0,4050.0,4070.0,59795000
2021-12-27T00:00:00Z,4070.0,4110.0,4060.0,4060.0,65491200
2021-12-28T00:00:00Z,4090.0,4110.0,4070.0,4090.0,52952500
2021-12-29T00:00:00Z,4090.0,4100.0,4070.0,4080.0,27676500
2021-12-30T00:00:00Z,4080.0,4140.0,4060.0,4110.0,146989400
2022-01-03T00:00:00Z,4120.0,4190.0,4090.0,4180.0,90842500
2022-01-04T00:00:00Z,4200.0,4210.0,4160.0,4160.0,93950000
2022-01-05T00:00:00Z,4180.0,4230.0,4130.0,4210.0,174376400
2022-01-06T00:00:00Z,4240.0,4240.0,4140.0,4160.0,137280000
2022-01-07T00:00:00Z,4170.0,4200.0,4150.0,4190.0,101275000
2022-01-10T00:00:00Z,4190.0,4210.0,4180.0,4180.0,70722600
2022-01-11T00:00:00Z,4180.0,4180.0,4130.0,4150.0,99404900
2022-01-12T00:00:00Z,4170.0,4180.0,4130.0,4160.0,65907000
2022-01-13T00:00:00Z,4180.0,4190.0,4170.0,4190.0,103522400
2022-01-14T00:00:00Z,4190.0,4210.0,4160.0,4180.0,110213800
2022-01-17T00:00:00Z,4200.0,4210.0,4180.0,4210.0,102957100
2022-01-18T00:00:00Z,4240.0,4240.0,4140.0,4190.0,120275000
2022-01-19T00:00:00Z,4210.0,4210.0,4130.0,4130.0,109954700
2022-01-20T00:00:00Z,4130.0,4160.0,4110.0,4130.0,86394600
2022-01-21T00:00:00Z,4130.0,4170.0,4110.0,4170.0,84972500
2022-01-24T00:00:00Z,4140.0,4160.0,4100.0,4120.0,76709900
2022-01-25T00:00:00Z,4100.0,4110.0,4000.0,4070.0,185007800
2022-01-26T00:00:00Z,4030.0,4100.0,4030.0,4090.0,97589500
2022-01-27T00:00:00Z,4070.0,4140.0,4060.0,4140.0,80682900
2022-01-28T00:00:00Z,4170.0,4170.0,4090.0,4140.0,84812100
2022-01-31T00:00:00Z,4170.0,4170.0,4070.0,4070.0,78498500
2022-02-02T00:00:00Z,4120.0,4120.0,4060.0,4070.0,81546300
2022-02-03T00:00:00Z,4180.0,4180.0,4130.0,4130.0,157898800
2022-02-04T00:00:00Z,4170.0,4210.0,4150.0,4210.0,236602900
2022-02-07T00:00:00Z,4240.0,4410.0,4220.0,4400.0,468016600
2022-02-08T00:00:00Z,4450.0,4550.0,4400.0,4440.0,310878100
2022-02-09T00:00:00Z,4400.0,4500.0,4380.0,4450.0,149000100
2022-02-10T00:00:00Z,4500.0,4500.0,4450.0,4470.0,112521600
2022-02-11T00:00:00Z,4420.0,4450.0,4380.0,4450.0,103418200
2022-02-14T00:00:00Z,4450.0,4450.0,4380.0,4410.0,105260000
2022-02-15T00:00:00Z,4440.0,4450.0,4390.0,4430.0,96658500
2022-02-16T00:00:00Z,4470.0,4470.0,4410.0,4420.0,89636300
2022-02-17T00:00:00Z,4390.0,4410.0,4340.0,4400.0,118305100
2022-02-18T00:00:00Z,4400.0,4440.0,4370.0,4430.0,127058000
2022-02-21T00:00:00Z,4460.0,4490.0,4440.0,4490.0,133717300
2022-02-22T00:00:00Z,4440.0,4470.0,4420.0,4430.0,109060900
2022-02-23T00:00:00Z,4520.0,4520.0,4460.0,4480.0,160827800
2022-02-24T00:00:00Z,4470.0,4470.0,4370.0,4390.0,217523600
2022-02-25T00:00:00Z,4450.0,4550.0,4410.0,4550.0,301346400
2022-03-01T00:00:00Z,4850.0,4860.0,4630.0,4630.0,494657800
2022-03-02T00:00:00Z,4680.0,4690.0,4550.0,4560.0,186635200
2022-03-04T00:00:00Z,4720.0,4730.0,4610.0,4670.0,292022600
2022-03-07T00:00:00Z,4580.0,4630.0,4520.0,4520.0,224515800
2022-03-08T00:00:00Z,4500.0,4560.0,4430.0,4430.0,214870200
2022-03-09T00:00:00Z,4530.0,4590.0,4500.0,4570.0,191967100
2022-03-10T00:00:00Z,4640.0,4640.0,4510.0,4570.0,225575800
2022-03-11T00:00:00Z,4400.0,4440.0,4370.0,4400.0,275965300
2022-03-14T00:00:00Z,4440.0,4540.0,4410.0,4520.0,212052100
2022-03-15T00:00:00Z,4550.0,4640.0,4530.0,4610.0,357755700
2022-03-16T00:00:00Z,4650.0,4660.0,4610.0,4650.0,226817000
2022-03-17T00:00:00Z,4690.0,4700.0,4610.0,4650.0,224068000
2022-03-18T00:00:00Z,4700.0,4700.0,4580.0,4580.0,257863400
2022-03-21T00:00:00Z,4600.0,4630.0,4560.0,4590.0,118791900
2022-03-22T00:00:00Z,4690.0,4710.0,4640.0,4640.0,177758500
2022-03-23T00:00:00Z,4680.0,4690.0,4620.0,4650.0,146545100
2022-03-24T00:00:00Z,4640.0,4730.0,4620.0,4730.0,206271600
2022-03-25T00:00:00Z,4760.0,4760.0,4650.0,4710.0,137104800
2022-03-28T00:00:00Z,4730.0,4740.0,4670.0,4730.0,106801800
2022-03-29T00:00:00Z,4750.0,4750.0,4670.0,4690.0,93155100
2022-03-30T00:00:00Z,4740.0,4740.0,4690.0,4710.0,83364400
2022-03-31T00:00:00Z,4700.0,4750.0,4660.0,4660.0,158650000
2022-04-01T00:00:00Z,4690.0,4730.0,4630.0,4730.0,145105000
2022-04-04T00:00:00Z,4730.0,4730.0,4660.0,4700.0,103902000
2022-04-05T00:00:00Z,4730.0,4740.0,4670.0,4700.0,76154300
2022-04-06T00:00:00Z,4690.0,4690.0,4600.0,4600.0,111009800
2022-04-07T00:00:00Z,4670.0,4670.0,4620.0,4630.0,91942500
2022-04-08T00:00:00Z,4630.0,4650.0,4600.0,4610.0,125657900
2022-04-11T00:00:00Z,4600.0,4620.0,4570.0,4570.0,109861100
2022-04-12T00:00:00Z,4550.0,4610.0,4550.0,4610.0,96961200
2022-04-13T00:00:00Z,4640.0,4640.0,4590.0,4610.0,112327600
2022-04-14T00:00:00Z,4600.0,4610.0,4530.0,4540.0,150659600
2022-04-18T00:00:00Z,4550.0,4580.0,4540.0,4550.0,82795100
2022-04-19T00:00:00Z,4550.0,4600.0,4540.0,4570.0,148475600
2022-04-20T00:00:00Z,4610.0,4870.0,4600.0,4850.0,404383100
2022-04-21T00:00:00Z,4850.0,4850.0,4760.0,4800.0,208253300
2022-04-22T00:00:00Z,4750.0,4850.0,4720.0,4750.0,174349500
2022-04-25T00:00:00Z,4700.0,4850.0,4670.0,4840.0,235752400
2022-04-26T00:00:00Z,4840.0,4980.0,4830.0,4940.0,262734300
2022-04-27T00:00:00Z,4900.0,4930.0,4850.0,4850.0,191955100
2022-04-28T00:00:00Z,4870.0,4930.0,4860.0,4870.0,193821200
2022-05-09T00:00:00Z,4750.0,4760.0,4530.0,4530.0,561600400
2022-05-10T00:00:00Z,4260.0,4530.0,4260.0,4530.0,435782800
2022-05-11T00:00:00Z,4550.0,4580.0,4480.0,4490.0,205233800
2022-05-12T00:00:00Z,4490.0,4490.0,4300.0,4320.0,207373600
2022-05-13T00:00:00Z,4250.0,4360.0,4250.0,4250.0,336711300
2022-05-17T00:00:00Z,4270.0,4520.0,4270.0,4450.0,272650400
2022-05-18T00:00:00Z,4500.0,4530.0,4430.0,4450.0,129716500
2022-05-19T00:00:00Z,4350.0,4460.0,4300.0,4440.0,132614900
2022-05-20T00:00:00Z,4440.0,4490.0,4410.0,4430.0,122101000
2022-05-23T00:00:00Z,4410.0,4440.0,4320.0,4330.0,175709000
2022-05-24T00:00:00Z,4320.0,4500.0,4320.0,4460.0,165758600
2022-05-25T00:00:00Z,4430.0,4450.0,4350.0,4350.0,138961700
2022-05-27T00:00:00Z,4500.0,4540.0,4440.0,4540.0,209962100
2022-05-30T00:00:00Z,4540.0,4540.0,4390.0,4430.0,193724500
2022-05-31T00:00:00Z,4470.0,4630.0,4450.0,4630.0,379626500
2022-06-02T00:00:00Z,4540.0,4600.0,4480.0,4480.0,225697500
2022-06-03T00:00:00Z,4530.0,4570.0,4510.0,4520.0,117643300
2022-06-06T00:00:00Z,4470.0,4510.0,4400.0,4430.0,157277700
2022-06-07T00:00:00Z,4460.0,4460.0,4400.0,4400.0,133318000
2022-06-08T00:00:00Z,4400.0,4470.0,4380.0,4470.0,150604000
2022-06-09T00:00:00Z,4500.0,4520.0,4480.0,4490.0,161768800
2022-06-10T00:00:00Z,4470.0,4470.0,4360.0,4400.0,222410400
2022-06-13T00:00:00Z,4260.0,4350.0,4260.0,4340.0,164017200
2022-06-14T00:00:00Z,4300.0,4410.0,4300.0,4360.0,150381800
2022-06-15T00:00:00Z,4360.0,4450.0,4360.0,4450.0,160729900
2022-06-16T00:00:00Z,4420.0,4530.0,4410.0,4430.0,240023000
2022-06-17T00:00:00Z,4370.0,4400.0,4350.0,4370.0,185763100
2022-06-20T00:00:00Z,4400.0,4410.0,4340.0,4400.0,95058800
2022-06-21T00:00:00Z,4430.0,4430.0,4380.0,4380.0,103964600
2022-06-22T00:00:00Z,4410.0,4410.0,4310.0,4320.0,106208500
2022-06-23T00:00:00Z,4300.0,4360.0,4300.0,4310.0,127600700
2022-06-24T00:00:00Z,4320.0,4350.0,4310.0,4340.0,66083900
2022-06-27T00:00:00Z,4310.0,4330.0,4270.0,4280.0,152306100
2022-06-28T00:00:00Z,4320.0,4330.0,4280.0,4300.0,178535800
2022-06-29T00:00:00Z,4280.0,4310.0,4180.0,4180.0,228536100
2022-06-30T00:00:00Z,4120.0,4220.0,4120.0,4150.0,239939100
2022-07-01T00:00:00Z,4150.0,4200.0,4110.0,4140.0,154659500
2022-07-04T00:00:00Z,4090.0,4120.0,3960.0,4040.0,246853600
2022-07-05T00:00:00Z,4040.0,4160.0,4040.0,4090.0,180648400
2022-07-06T00:00:00Z,4050.0,4100.0,4020.0,4080.0,125309100
2022-07-07T00:00:00Z,4040.0,4110.0,4040.0,4050.0,172127500
2022-07-08T00:00:00Z,4090.0,4200.0,4050.0,4200.0,112914000
2022-07-11T00:00:00Z,4150.0,4170.0,4100.0,4120.0,80867700
2022-07-12T00:00:00Z,4120.0,4140.0,4100.0,4110.0,56085200
2022-07-13T00:00:00Z,4110.0,4130.0,4030.0,4060.0,165745200
2022-07-14T00:00:00Z,4010.0,4090.0,4010.0,4070.0,188729700
2022-07-15T00:00:00Z,4060.0,4120.0,4050.0,4110.0,91362800
2022-07-18T00:00:00Z,4110.0,4140.0,4080.0,4140.0,135284500
2022-07-19T00:00:00Z,4150.0,4150.0,4110.0,4110.0,122905900
2022-07-20T00:00:00Z,4180.0,4300.0,4160.0,4300.0,220223600
2022-07-21T00:00:00Z,4300.0,4310.0,4230.0,4310.0,130405400
2022-07-22T00:00:00Z,4330.0,4330.0,4270.0,4270.0,86561100
2022-07-25T00:00:00Z,4250.0,4300.0,4250.0,4250.0,60952800
2022-07-26T00:00:00Z,4270.0,4350.0,4260.0,4330.0,97709800
2022-07-27T00:00:00Z,4380.0,4380.0,4300.0,4320.0,88570800
2022-07-28T00:00:00Z,4340.0,4400.0,4340.0,4360.0,136421400
2022-07-29T00:00:00Z,4390.0,4430.0,4340.0,4360.0,228669400
2022-08-01T00:00:00Z,4390.0,4410.0,4330.0,4360.0,200791700
2022-08-02T00:00:00Z,4360.0,4400.0,4300.0,4400.0,173931000
2022-08-03T00:00:00Z,4410.0,4420.0,4350.0,4380.0,103412300
2022-08-04T00:00:00Z,4380.0,4390.0,4350.0,4360.0,120175700
2022-08-05T00:00:00Z,4360.0,4400.0,4320.0,4360.0,168879400
2022-08-08T00:00:00Z,4360.0,4400.0,4340.0,4370.0,107242600
2022-08-09T00:00:00Z,4400.0,4470.0,4390.0,4410.0,181747100
2022-08-10T00:00:00Z,4350.0,4370.0,4300.0,4310.0,205341100
2022-08-11T00:00:00Z,4380.0,4410.0,4340.0,4350.0,193329000
2022-08-12T00:00:00Z,4340.0,4350.0,4320.0,4320.0,103916700
2022-08-15T00:00:00Z,4330.0,4350.0,4300.0,4300.0,135099400
2022-08-16T00:00:00Z,4350.0,4350.0,4270.0,4280.0,205432400
2022-08-18T00:00:00Z,4330.0,4340.0,4310.0,4330.0,138795300
2022-08-19T00:00:00Z,4340.0,4340.0,4300.0,4300.0,84552100
2022-08-22T00:00:00Z,4320.0,4330.0,4270.0,4270.0,121124400
2022-08-23T00:00:00Z,4260.0,4310.0,4260.0,4300.0,107799500
2022-08-24T00:00:00Z,4300.0,4330.0,4280.0,4290.0,75055900
2022-08-25T00:00:00Z,4280.0,4300.0,4270.0,4270.0,117653800
2022-08-26T00:00:00Z,4280.0,4290.0,4270.0,4270.0,87375200
2022-08-29T00:00:00Z,4250.0,4270.0,4220.0,4250.0,88409800
2022-08-30T00:00:00Z,4250.0,4300.0,4250.0,4260.0,157219500
2022-08-31T00:00:00Z,4250.0,4350.0,4240.0,4340.0,191475700
2022-09-01T00:00:00Z,4320.0,4390.0,4310.0,4390.0,139929300
2022-09-02T00:00:00Z,4410.0,4450.0,4380.0,4450.0,220616600
2022-09-05T00:00:00Z,4430.0,4600.0,4420.0,4590.0,261126600
2022-09-06T00:00:00Z,4670.0,4690.0,4550.0,4560.0,188042700
2022-09-07T00:00:00Z,4510.0,4550.0,4460.0,4460.0,231936700
2022-09-08T00:00:00Z,4480.0,4620.0,4480.0,4600.0,250373200
2022-09-09T00:00:00Z,4640.0,4640.0,4570.0,4610.0,119286700
2022-09-12T00:00:00Z,4610.0,4630.0,4560.0,4560.0,97988000
2022-09-13T00:00:00Z,4560.0,4640.0,4560.0,4580.0,141828800
2022-09-14T00:00:00Z,4520.0,4610.0,4510.0,4580.0,149960600
2022-09-15T00:00:00Z,4600.0,4700.0,4590.0,4610.0,295664100
2022-09-16T00:00:00Z,4610.0,4620.0,4500.0,4500.0,282492200
2022-09-19T00:00:00Z,4520.0,4600.0,4500.0,4570.0,134432000
2022-09-20T00:00:00Z,4570.0,4600.0,4490.0,4490.0,138695500
2022-09-21T00:00:00Z,4490.0,4550.0,4470.0,4550.0,159976900
2022-09-22T00:00:00Z,4500.0,4580.0,4500.0,4560.0,100425300
2022-09-23T00:00:00Z,4540.0,4560.0,4480.0,4480.0,139074000
2022-09-26T00:00:00Z,4480.0,4540.0,4410.0,4540.0,280747500
2022-09-27T00:00:00Z,4500.0,4550.0,4480.0,4530.0,213704600
2022-09-28T00:00:00Z,4510.0,4560.0,4480.0,4520.0,161815300
2022-09-29T00:00:00Z,4520.0,4540.0,4460.0,4480.0,169368600
2022-09-30T00:00:00Z,4450.0,4510.0,4410.0,4490.0,224229200
2022-10-03T00:00:00Z,4500.0,4550.0,4480.0,4530.0,159559600
2022-10-04T00:00:00Z,4560.0,4650.0,4560.0,4640.0,256367100
2022-10-05T00:00:00Z,4660.0,4660.0,4540.0,4540.0,182246200
2022-10-06T00:00:00Z,4540.0,4570.0,4510.0,4510.0,123346200
2022-10-07T00:00:00Z,4480.0,4490.0,4430.0,4440.0,133678600
2022-10-10T00:00:00Z,4420.0,4430.0,4340.0,4370.0,193923600
2022-10-11T00:00:00Z,4390.0,4430.0,4370.0,4430.0,133742200
2022-10-12T00:00:00Z,4470.0,4470.0,4400.0,4400.0,128741800
2022-10-13T00:00:00Z,4390.0,4420.0,4350.0,4350.0,104269900
2022-10-14T00:00:00Z,4380.0,4390.0,4270.0,4270.0,180841100
2022-10-17T00:00:00Z,4270.0,4320.0,4260.0,4300.0,145506000
2022-10-18T00:00:00Z,4280.0,4340.0,4280.0,4290.0,161444100
2022-10-19T00:00:00Z,4280.0,4340.0,4280.0,4300.0,81682300
2022-10-20T00:00:00Z,4280.0,4400.0,4280.0,4390.0,149521700
2022-10-21T00:00:00Z,4360.0,4460.0,4360.0,4430.0,165052200
2022-10-24T00:00:00Z,4430.0,4540.0,4430.0,4500.0,186997700
2022-10-25T00:00:00Z,4560.0,4610.0,4550.0,4590.0,233948800
2022-10-26T00:00:00Z,4600.0,4610.0,4500.0,4530.0,178298500
2022-10-27T00:00:00Z,4550.0,4600.0,4530.0,4600.0,131385300
2022-10-28T00:00:00Z,4600.0,4630.0,4560.0,4630.0,227256400
2022-10-31T00:00:00Z,4630.0,4680.0,4630.0,4650.0,275184000
2022-11-01T00:00:00Z,4690.0,4700.0,4630.0,4660.0,230590200
2022-11-02T00:00:00Z,4680.0,4680.0,4570.0,4610.0,163816900
2022-11-03T00:00:00Z,4630.0,4660.0,4590.0,4650.0,174423000
2022-11-04T00:00:00Z,4650.0,4660.0,4610.0,4650.0,85292300
2022-11-07T00:00:00Z,4650.0,4690.0,4610.0,4690.0,112070500
2022-11-08T00:00:00Z,4690.0,4690.0,4610.0,4620.0,80916300
2022-11-09T00:00:00Z,4600.0,4650.0,4600.0,4650.0,126493900
2022-11-10T00:00:00Z,4560.0,4580.0,4520.0,4530.0,196277400
2022-11-11T00:00:00Z,4620.0,4650.0,4590.0,4650.0,153238500
2022-11-14T00:00:00Z,4620.0,4640.0,4550.0,4580.0,140187600
2022-11-15T00:00:00Z,4580.0,4610.0,4560.0,4580.0,87986300
2022-11-16T00:00:00Z,4590.0,4610.0,4490.0,4520.0,245789200
2022-11-17T00:00:00Z,4520.0,4670.0,4500.0,4670.0,214514600
2022-11-18T00:00:00Z,4670.0,4680.0,4610.0,4610.0,105313200
2022-11-21T00:00:00Z,4620.0,4630.0,4560.0,4590.0,82279300
2022-11-22T00:00:00Z,4570.0,4670.0,4570.0,4590.0,154866000
2022-11-23T00:00:00Z,4640.0,4670.0,4630.0,4670.0,147280600
2022-11-24T00:00:00Z,4700.0,4740.0,4670.0,4720.0,156735700
2022-11-25T00:00:00Z,4700.0,4750.0,4690.0,4750.0,177861100
2022-11-28T00:00:00Z,4730.0,4830.0,4730.0,4820.0,214611600
2022-11-29T00:00:00Z,4820.0,4860.0,4790.0,4850.0,184916300
2022-11-30T00:00:00Z,4810.0,4980.0,4800.0,4980.0,560639800
2022-12-01T00:00:00Z,5000.0,5025.0,4900.0,4940.0,267382600
2022-12-02T00:00:00Z,4900.0,4930.0,4860.0,4890.0,199981400
2022-12-05T00:00:00Z,4910.0,4930.0,4860.0,4890.0,88463000
2022-12-06T00:00:00Z,4860.0,4890.0,4800.0,4860.0,151325300
2022-12-07T00:00:00Z,4840.0,4840.0,4740.0,4760.0,253330100
2022-12-08T00:00:00Z,4760.0,4840.0,4710.0,4840.0,154313900
2022-12-09T00:00:00Z,4830.0,4840.0,4760.0,4800.0,203573100
2022-12-12T00:00:00Z,4800.0,4850.0,4760.0,4850.0,139582400
2022-12-13T00:00:00Z,4870.0,4980.0,4840.0,4970.0,194233200
2022-12-14T00:00:00Z,5000.0,5000.0,4870.0,4980.0,201275800
2022-12-15T00:00:00Z,4900.0,4940.0,4880.0,4910.0,170702300
2022-12-16T00:00:00Z,4820.0,4980.0,4820.0,4980.0,594601900
2022-12-19T00:00:00Z,4970.0,4980.0,4920.0,4970.0,82959800
2022-12-20T00:00:00Z,4930.0,4970.0,4890.0,4910.0,78671600
2022-12-21T00:00:00Z,4910.0,4940.0,4870.0,4890.0,71277800
2022-12-22T00:00:00Z,4910.0,4970.0,4900.0,4960.0,87321400
2022-12-23T00:00:00Z,4920.0,4940.0,4880.0,4880.0,53350600
2022-12-26T00:00:00Z,4900.0,4930.0,4890.0,4930.0,43581100
2022-12-27T00:00:00Z,4930.0,4950.0,4860.0,4870.0,74123800
2022-12-28T00:00:00Z,4870.0,4880.0,4810.0,4820.0,117912500
2022-12-29T00:00:00Z,4820.0,4870.0,4800.0,4870.0,106690700
2022-12-30T00:00:00Z,4870.0,4950.0,4870.0,4940.0,182091500
2023-01-02T00:00:00Z,4910.0,4920.0,4820.0,4870.0,100200100
2023-01-03T00:00:00Z,4830.0,4900.0,4830.0,4850.0,95136500
2023-01-04T00:00:00Z,4850.0,4850.0,4770.0,4770.0,188071000
2023-01-05T00:00:00Z,4750.0,4760.0,4570.0,4640.0,292142000
2023-01-06T00:00:00Z,4550.0,4640.0,4550.0,4620.0,175932000
2023-01-09T00:00:00Z,4580.0,4640.0,4550.0,4590.0,166164900
2023-01-10T00:00:00Z,4550.0,4570.0,4410.0,4430.0,282510000
2023-01-11T00:00:00Z,4410.0,4430.0,4360.0,4380.0,211610100
2023-01-12T00:00:00Z,4480.0,4520.0,4410.0,4500.0,210887800
2023-01-13T00:00:00Z,4510.0,4530.0,4420.0,4480.0,134592100
2023-01-16T00:00:00Z,4430.0,4530.0,4420.0,4520.0,172170900
2023-01-17T00:00:00Z,4520.0,4580.0,4510.0,4560.0,150577400
2023-01-18T00:00:00Z,4560.0,4620.0,4560.0,4600.0,178026000
2023-01-19T00:00:00Z,4590.0,4630.0,4580.0,4610.0,117204100
2023-01-20T00:00:00Z,4630.0,4670.0,4620.0,4650.0,116038300
2023-01-24T00:00:00Z,4660.0,4680.0,4590.0,4620.0,81964700
2023-01-25T00:00:00Z,4620.0,4620.0,4550.0,4560.0,84009300
2023-01-26T00:00:00Z,4560.0,4620.0,4550.0,4590.0,113840400
2023-01-27T00:00:00Z,4600.0,4680.0,4600.0,4640.0,178282600
2023-01-30T00:00:00Z,4650.0,4680.0,4570.0,4610.0,185972400
2023-01-31T00:00:00Z,4610.0,4620.0,4570.0,4580.0,280039200
2023-02-01T00:00:00Z,4630.0,4690.0,4620.0,4680.0,181849300
2023-02-02T00:00:00Z,4650.0,4680.0,4600.0,4600.0,145413400
2023-02-03T00:00:00Z,4650.0,4780.0,4630.0,4750.0,198479900
2023-02-06T00:00:00Z,4780.0,4810.0,4680.0,4740.0,141366300
2023-02-07T00:00:00Z,4740.0,4790.0,4720.0,4750.0,140923100
2023-02-08T00:00:00Z,4710.0,4790.0,4710.0,4790.0,168599500
2023-02-09T00:00:00Z,4790.0,4840.0,4770.0,4810.0,177400700
2023-02-10T00:00:00Z,4840.0,4880.0,4770.0,4860.0,181146600
2023-02-13T00:00:00Z,4900.0,4900.0,4800.0,4800.0,144569400
2023-02-14T00:00:00Z,4820.0,4870.0,4810.0,4870.0,120995200
2023-02-15T00:00:00Z,4890.0,4890.0,4810.0,4870.0,84568100
2023-02-16T00:00:00Z,4890.0,4890.0,4850.0,4870.0,69966200
2023-02-17T00:00:00Z,4890.0,4890.0,4830.0,4880.0,104019300
2023-02-20T00:00:00Z,4900.0,4900.0,4840.0,4880.0,88432500
2023-02-21T00:00:00Z,4880.0,4880.0,4820.0,4820.0,59319100
2023-02-22T00:00:00Z,4790.0,4810.0,4730.0,4760.0,107327900
2023-02-23T00:00:00Z,4810.0,4810.0,4730.0,4800.0,139144500
2023-02-24T00:00:00Z,4800.0,4840.0,4760.0,4760.0,46409300
2023-02-27T00:00:00Z,4780.0,4810.0,4760.0,4810.0,89918800
2023-02-28T00:00:00Z,4760.0,4790.0,4670.0,4670.0,273125500
2023-03-01T00:00:00Z,4730.0,4750.0,4700.0,4720.0,115578600
2023-03-02T00:00:00Z,4750.0,4780.0,4720.0,4780.0,59377900
2023-03-03T00:00:00Z,4800.0,4800.0,4730.0,4760.0,84777000
2023-03-06T00:00:00Z,4790.0,4800.0,4780.0,4790.0,78292000
2023-03-07T00:00:00Z,4770.0,4850.0,4770.0,4840.0,111953700
2023-03-08T00:00:00Z,4850.0,4850.0,4820.0,4840.0,125766100
2023-03-09T00:00:00Z,4860.0,4870.0,4810.0,4810.0,79549800
2023-03-10T00:00:00Z,4820.0,4830.0,4800.0,4820.0,125140500
2023-03-13T00:00:00Z,4810.0,4870.0,4770.0,4830.0,106769300
2023-03-14T00:00:00Z,4770.0,4790.0,4690.0,4710.0,192444400
2023-03-15T00:00:00Z,4760.0,4770.0,4700.0,4700.0,107761200
2023-03-16T00:00:00Z,4700.0,4750.0,4640.0,4730.0,155984500
2023-03-17T00:00:00Z,4770.0,4900.0,4750.0,4900.0,267753300
2023-03-20T00:00:00Z,4840.0,4880.0,4820.0,4880.0,113829400
2023-03-21T00:00:00Z,4870.0,4920.0,4840.0,4900.0,214639300
2023-03-24T00:00:00Z,4750.0,4820.0,4720.0,4770.0,266103900
2023-03-27T00:00:00Z,4750.0,4790.0,4720.0,4740.0,144925200
2023-03-28T00:00:00Z,4740.0,4780.0,4740.0,4770.0,105217100
2023-03-29T00:00:00Z,4800.0,4820.0,4770.0,4810.0,141800500
2023-03-30T00:00:00Z,4810.0,4810.0,4740.0,4750.0,98847200
2023-03-31T00:00:00Z,4730.0,4750.0,4710.0,4730.0,161561800
2023-04-03T00:00:00Z,4770.0,4800.0,4760.0,4800.0,133511700
2023-04-04T00:00:00Z,4800.0,4820.0,4760.0,4820.0,88097800
2023-04-05T00:00:00Z,4810.0,4880.0,4800.0,4830.0,119316500
2023-04-06T00:00:00Z,4860.0,4860.0,4820.0,4840.0,88012300
2023-04-10T00:00:00Z,4860.0,4860.0,4820.0,4860.0,58886800
2023-04-11T00:00:00Z,4860.0,4890.0,4830.0,4880.0,67275600
2023-04-12T00:00:00Z,4950.0,4950.0,4890.0,4930.0,194839900
2023-04-13T00:00:00Z,4950.0,5000.0,4930.0,4980.0,141279800
2023-04-14T00:00:00Z,5050.0,5100.0,5000.0,5075.0,190097200
2023-04-17T00:00:00Z,5075.0,5075.0,4960.0,4990.0,121231300
2023-04-18T00:00:00Z,4990.0,5025.0,4950.0,4950.0,95747700
2023-04-26T00:00:00Z,5150.0,5150.0,4930.0,5025.0,273336000
2023-04-27T00:00:00Z,4990.0,5150.0,4990.0,5150.0,125947200
2023-04-28T00:00:00Z,5175.0,5275.0,5100.0,5100.0,251912000
2023-05-02T00:00:00Z,5175.0,5175.0,5050.0,5150.0,84246100
2023-05-03T00:00:00Z,5225.0,5225.0,5050.0,5100.0,183524700
2023-05-04T00:00:00Z,5150.0,5175.0,5075.0,5150.0,140482000
2023-05-05T00:00:00Z,5225.0,5250.0,5125.0,5225.0,182599600
2023-05-08T00:00:00Z,5250.0,5250.0,5050.0,5100.0,107804200
2023-05-09T00:00:00Z,5050.0,5125.0,5025.0,5125.0,102987300
2023-05-10T00:00:00Z,5075.0,5150.0,5050.0,5150.0,108369600
2023-05-11T00:00:00Z,5175.0,5175.0,5100.0,5150.0,85618800
2023-05-12T00:00:00Z,5100.0,5175.0,5100.0,5150.0,92625800
2023-05-15T00:00:00Z,5150.0,5175.0,5025.0,5150.0,163732600
2023-05-16T00:00:00Z,5175.0,5200.0,5100.0,5200.0,73611200
2023-05-17T00:00:00Z,5250.0,5250.0,5175.0,5200.0,115834500
2023-05-19T00:00:00Z,5225.0,5450.0,5200.0,5400.0,185672200
2023-05-22T00:00:00Z,5300.0,5500.0,5300.0,5425.0,162655900
2023-05-23T00:00:00Z,5475.0,5600.0,5475.0,5500.0,255251600
2023-05-24T00:00:00Z,5525.0,5600.0,5450.0,5600.0,187436100
2023-05-25T00:00:00Z,5500.0,5575.0,5450.0,5475.0,224391900
2023-05-26T00:00:00Z,5425.0,5600.0,5425.0,5600.0,154003100
2023-05-29T00:00:00Z,5600.0,5625.0,5475.0,5550.0,125049100
2023-05-30T00:00:00Z,5500.0,5600.0,5500.0,5500.0,67363200
2023-05-31T00:00:00Z,5575.0,5575.0,5375.0,5575.0,898453700
2023-06-05T00:00:00Z,5600.0,5600.0,5425.0,5425.0,255472600
2023-06-06T00:00:00Z,5400.0,5500.0,5350.0,5450.0,92019300
2023-06-07T00:00:00Z,5475.0,5475.0,5350.0,5400.0,150377000
2023-06-08T00:00:00Z,5375.0,5475.0,5350.0,5475.0,92794100
2023-06-09T00:00:00Z,5425.0,5450.0,5375.0,5425.0,77251000
2023-06-12T00:00:00Z,5400.0,5400.0,5375.0,5400.0,92314200
2023-06-13T00:00:00Z,5400.0,5550.0,5400.0,5550.0,108831400
2023-06-14T00:00:00Z,5575.0,5575.0,5475.0,5550.0,79137600
2023-06-15T00:00:00Z,5475.0,5525.0,5450.0,5525.0,74388400
2023-06-16T00:00:00Z,5475.0,5550.0,5400.0,5550.0,189062600
2023-06-19T00:00:00Z,5500.0,5525.0,5450.0,5525.0,55144200
2023-06-20T00:00:00Z,5475.0,5550.0,5475.0,5550.0,102926800
2023-06-21T00:00:00Z,5500.0,5575.0,5500.0,5575.0,84605400
2023-06-22T00:00:00Z,5550.0,5600.0,5475.0,5475.0,94143200
2023-06-23T00:00:00Z,5425.0,5475.0,5400.0,5400.0,123350300
2023-06-26T00:00:00Z,5425.0,5475.0,5375.0,5450.0,85472100
2023-06-27T00:00:00Z,5450.0,5500.0,5425.0,5425.0,110716500
2023-07-03T00:00:00Z,5500.0,5550.0,5450.0,5475.0,168559800
2023-07-04T00:00:00Z,5500.0,5500.0,5425.0,5450.0,94462600
2023-07-05T00:00:00Z,5400.0,5450.0,5400.0,5450.0,109632800
2023-07-06T00:00:00Z,5450.0,5475.0,5400.0,5425.0,109446200
2023-07-07T00:00:00Z,5400.0,5425.0,5375.0,5375.0,114043800
2023-07-10T00:00:00Z,5425.0,5500.0,5400.0,5400.0,78972100
2023-07-11T00:00:00Z,5375.0,5450.0,5375.0,5425.0,122094700
2023-07-12T00:00:00Z,5450.0,5475.0,5425.0,5450.0,104993700
2023-07-13T00:00:00Z,5425.0,5475.0,5425.0,5450.0,134905700
2023-07-14T00:00:00Z,5450.0,5525.0,5425.0,5525.0,127814200
2023-07-17T00:00:00Z,5550.0,5625.0,5525.0,5575.0,166951300
2023-07-18T00:00:00Z,5625.0,5700.0,5600.0,5625.0,120810300
2023-07-20T00:00:00Z,5575.0,5650.0,5550.0,5625.0,111117300
2023-07-21T00:00:00Z,5600.0,5625.0,5575.0,5625.0,63094600
2023-07-24T00:00:00Z,5600.0,5650.0,5600.0,5600.0,62962500
2023-07-25T00:00:00Z,5625.0,5700.0,5625.0,5650.0,111248100
2023-07-26T00:00:00Z,5700.0,5700.0,5650.0,5675.0,76200300
2023-07-27T00:00:00Z,5675.0,5750.0,5650.0,5650.0,109859200
2023-07-28T00:00:00Z,5625.0,5700.0,5625.0,5700.0,74036700
2023-07-31T00:00:00Z,5700.0,5700.0,5650.0,5650.0,186727400
2023-08-01T00:00:00Z,5650.0,5750.0,5650.0,5700.0,100137500
2023-08-02T00:00:00Z,5650.0,5725.0,5650.0,5700.0,90611300
2023-08-03T00:00:00Z,5675.0,5750.0,5650.0,5700.0,82775000
2023-08-04T00:00:00Z,5700.0,5725.0,5575.0,5575.0,150738500
2023-08-07T00:00:00Z,5600.0,5725.0,5575.0,5700.0,88104900
2023-08-08T00:00:00Z,5700.0,5750.0,5600.0,5625.0,89189600
2023-08-09T00:00:00Z,5650.0,5725.0,5625.0,5700.0,91930000
2023-08-10T00:00:00Z,5675.0,5725.0,5675.0,5700.0,85474200
2023-08-11T00:00:00Z,5675.0,5700.0,5650.0,5650.0,74321000
2023-08-14T00:00:00Z,5650.0,5675.0,5575.0,5650.0,127358400
2023-08-15T00:00:00Z,5650.0,5675.0,5575.0,5575.0,89597300
2023-08-16T00:00:00Z,5550.0,5575.0,5450.0,5525.0,188191900
2023-08-18T00:00:00Z,5500.0,5600.0,5500.0,5575.0,121561200
2023-08-21T00:00:00Z,5550.0,5575.0,5500.0,5500.0,91640000
2023-08-22T00:00:00Z,5500.0,5625.0,5500.0,5575.0,101221500
2023-08-23T00:00:00Z,5600.0,5625.0,5575.0,5600.0,78686900
2023-08-24T00:00:00Z,5625.0,5625.0,5550.0,5550.0,74407500
2023-08-25T00:00:00Z,5550.0,5600.0,5525.0,5600.0,65096500
2023-08-28T00:00:00Z,5600.0,5625.0,5550.0,5550.0,37126600
2023-08-29T00:00:00Z,5525.0,5600.0,5525.0,5600.0,57547200
2023-08-30T00:00:00Z,5600.0,5600.0,5500.0,5525.0,171282700
2023-08-31T00:00:00Z,5525.0,5550.0,5475.0,5550.0,175088200
2023-09-01T00:00:00Z,5600.0,5600.0,5525.0,5575.0,87366100
2023-09-04T00:00:00Z,5600.0,5625.0,5575.0,5625.0,43898200
2023-09-05T00:00:00Z,5625.0,5650.0,5600.0,5625.0,72464300
2023-09-06T00:00:00Z,5625.0,5650.0,5575.0,5575.0,106367800
2023-09-07T00:00:00Z,5525.0,5550.0,5450.0,5450.0,157998600
2023-09-08T00:00:00Z,5425.0,5450.0,5300.0,5350.0,243324500
2023-09-11T00:00:00Z,5350.0,5425.0,5300.0,5425.0,80474100
2023-09-12T00:00:00Z,5450.0,5475.0,5375.0,5375.0,121654400
2023-09-13T00:00:00Z,5350.0,5425.0,5350.0,5400.0,59408000
2023-09-14T00:00:00Z,5325.0,5425.0,5325.0,5425.0,76831700
2023-09-15T00:00:00Z,5400.0,5450.0,5375.0,5375.0,141455400
2023-09-18T00:00:00Z,5350.0,5400.0,5300.0,5325.0,61329000
2023-09-19T00:00:00Z,5325.0,5375.0,5300.0,5375.0,50612700
2023-09-20T00:00:00Z,5350.0,5450.0,5350.0,5375.0,98710100
2023-09-21T00:00:00Z,5425.0,5425.0,5350.0,5350.0,68584900
2023-09-22T00:00:00Z,5350.0,5425.0,5350.0,5350.0,83184100
2023-09-25T00:00:00Z,5325.0,5350.0,5200.0,5300.0,120196700
2023-09-26T00:00:00Z,5250.0,5275.0,5200.0,5200.0,180280600
2023-09-27T00:00:00Z,5175.0,5300.0,5175.0,5225.0,119774700
2023-09-29T00:00:00Z,5300.0,5325.0,5225.0,5225.0,140331100
2023-10-02T00:00:00Z,5250.0,5300.0,5250.0,5250.0,81674600
2023-10-03T00:00:00Z,5250.0,5300.0,5250.0,5275.0,54462700
2023-10-04T00:00:00Z,5250.0,5275.0,5200.0,5250.0,121445000
2023-10-05T00:00:00Z,5250.0,5275.0,5175.0,5175.0,116814800
2023-10-06T00:00:00Z,5200.0,5250.0,5175.0,5175.0,70202300
2023-10-09T00:00:00Z,5200.0,5225.0,5125.0,5125.0,144477000
2023-10-10T00:00:00Z,5125.0,5250.0,5125.0,5175.0,98457000
2023-10-11T00:00:00Z,5150.0,5275.0,5150.0,5250.0,100394800
2023-10-12T00:00:00Z,5300.0,5375.0,5275.0,5300.0,174022400
2023-10-13T00:00:00Z,5275.0,5325.0,5250.0,5275.0,84648800
2023-10-16T00:00:00Z,5325.0,5325.0,5250.0,5250.0,45782300
2023-10-17T00:00:00Z,5250.0,5275.0,5150.0,5150.0,127287200
2023-10-18T00:00:00Z,5125.0,5225.0,5125.0,5150.0,77217600
2023-10-19T00:00:00Z,5100.0,5150.0,5000.0,5000.0,195831400
2023-10-20T00:00:00Z,4980.0,5100.0,4960.0,5050.0,173353600
2023-10-23T00:00:00Z,5000.0,5075.0,4990.0,5000.0,82756100
2023-10-24T00:00:00Z,5000.0,5100.0,4950.0,5100.0,104021500
2023-10-25T00:00:00Z,5100.0,5200.0,5100.0,5175.0,142215000
2023-10-26T00:00:00Z,5175.0,5175.0,4920.0,4920.0,330618800
2023-10-27T00:00:00Z,4950.0,5050.0,4940.0,5000.0,129599800
2023-10-30T00:00:00Z,4980.0,5025.0,4970.0,5000.0,108523700
2023-10-31T00:00:00Z,4980.0,5000.0,4960.0,4960.0,106760300
2023-11-01T00:00:00Z,4920.0,4960.0,4830.0,4830.0,191567200
2023-11-02T00:00:00Z,4940.0,5075.0,4910.0,5000.0,208075400
2023-11-03T00:00:00Z,5025.0,5175.0,5025.0,5100.0,125504000
2023-11-06T00:00:00Z,5100.0,5200.0,5100.0,5200.0,122333800
2023-11-07T00:00:00Z,5225.0,5275.0,5175.0,5250.0,137039400
2023-11-08T00:00:00Z,5200.0,5250.0,5175.0,5225.0,86713700
2023-11-09T00:00:00Z,5225.0,5275.0,5200.0,5200.0,66236400
2023-11-10T00:00:00Z,5150.0,5150.0,5050.0,5075.0,113811900
2023-11-13T00:00:00Z,5075.0,5125.0,5025.0,5025.0,63126900
2023-11-14T00:00:00Z,5075.0,5125.0,5050.0,5075.0,85419500
2023-11-15T00:00:00Z,5200.0,5300.0,5175.0,5250.0,193790400
2023-11-16T00:00:00Z,5275.0,5275.0,5175.0,5250.0,99488800
2023-11-17T00:00:00Z,5175.0,5250.0,5175.0,5225.0,70727500
2023-11-20T00:00:00Z,5175.0,5275.0,5175.0,5250.0,54123600
2023-11-21T00:00:00Z,5225.0,5250.0,5175.0,5200.0,104110500
2023-11-22T00:00:00Z,5175.0,5300.0,5175.0,5275.0,103585500
2023-11-23T00:00:00Z,5325.0,5400.0,5300.0,5350.0,174572400
2023-11-24T00:00:00Z,5400.0,5450.0,5375.0,5400.0,92571400
2023-11-27T00:00:00Z,5425.0,5450.0,5350.0,5350.0,76019100
2023-11-28T00:00:00Z,5325.0,5425.0,5325.0,5350.0,147993400
2023-11-29T00:00:00Z,5350.0,5375.0,5300.0,5300.0,106197800
2023-11-30T00:00:00Z,5375.0,5375.0,5275.0,5275.0,224426400
2023-12-01T00:00:00Z,5275.0,5375.0,5275.0,5350.0,99499500
2023-12-04T00:00:00Z,5450.0,5575.0,5450.0,5500.0,235595700
2023-12-05T00:00:00Z,5425.0,5500.0,5425.0,5450.0,114689900
2023-12-06T00:00:00Z,5425.0,5450.0,5400.0,5425.0,119716700
2023-12-07T00:00:00Z,5400.0,5475.0,5400.0,5475.0,102126600
2023-12-08T00:00:00Z,5425.0,5450.0,5375.0,5375.0,130542600
2023-12-11T00:00:00Z,5325.0,5375.0,5300.0,5300.0,124468600
2023-12-12T00:00:00Z,5375.0,5400.0,5325.0,5325.0,134501600
2023-12-13T00:00:00Z,5300.0,5350.0,5275.0,5300.0,98881600
2023-12-14T00:00:00Z,5450.0,5550.0,5425.0,5550.0,239261700
2023-12-15T00:00:00Z,5575.0,5600.0,5550.0,5550.0,252448800
2023-12-18T00:00:00Z,5575.0,5575.0,5500.0,5500.0,102780900
2023-12-19T00:00:00Z,5450.0,5550.0,5450.0,5550.0,135207300
2023-12-20T00:00:00Z,5700.0,5700.0,5550.0,5550.0,138470900
2023-12-21T00:00:00Z,5550.0,5600.0,5525.0,5575.0,99049600
2023-12-22T00:00:00Z,5650.0,5700.0,5600.0,5675.0,109411300
2023-12-27T00:00:00Z,5700.0,5725.0,5625.0,5625.0,122236700
2023-12-28T00:00:00Z,5700.0,5750.0,5675.0,5725.0,121434600
2023-12-29T00:00:00Z,5750.0,5750.0,5675.0,5725.0,93126000
2024-01-02T00:00:00Z,5650.0,5675.0,5625.0,5675.0,91143100
2024-01-03T00:00:00Z,5625.0,5650.0,5600.0,5600.0,83659700
2024-01-04T00:00:00Z,5600.0,5700.0,5575.0,5700.0,92683500
2024-01-05T00:00:00Z,5725.0,5850.0,5700.0,5750.0,134929600
2024-01-08T00:00:00Z,5750.0,5800.0,5625.0,5625.0,152015000
2024-01-09T00:00:00Z,5625.0,5700.0,5625.0,5700.0,105666200
2024-01-10T00:00:00Z,5625.0,5700.0,5625.0,5700.0,82626400
2024-01-11T00:00:00Z,5750.0,5800.0,5700.0,5750.0,116804400
2024-01-12T00:00:00Z,5800.0,5850.0,5775.0,5850.0,109715700
2024-01-15T00:00:00Z,5850.0,5900.0,5775.0,5825.0,115126700
2024-01-16T00:00:00Z,5825.0,5875.0,5775.0,5825.0,97074300
2024-01-17T00:00:00Z,5825.0,5825.0,5750.0,5775.0,107941600
2024-01-18T00:00:00Z,5800.0,5800.0,5700.0,5750.0,87259100
2024-01-19T00:00:00Z,5750.0,5800.0,5700.0,5800.0,75370700
2024-01-22T00:00:00Z,5775.0,5800.0,5700.0,5775.0,97545600
2024-01-23T00:00:00Z,5700.0,5750.0,5650.0,5700.0,122999700
2024-01-24T00:00:00Z,5675.0,5700.0,5575.0,5650.0,104225000
2024-01-25T00:00:00Z,5575.0,5650.0,5525.0,5525.0,120478800
2024-01-26T00:00:00Z,5450.0,5475.0,5400.0,5425.0,185244400
2024-01-29T00:00:00Z,5400.0,5575.0,5400.0,5575.0,145629600
2024-01-30T00:00:00Z,5525.0,5650.0,5475.0,5625.0,150513700
2024-01-31T00:00:00Z,5725.0,5775.0,5675.0,5700.0,245117200
2024-02-01T00:00:00Z,5775.0,5800.0,5725.0,5750.0,156633900
2024-02-02T00:00:00Z,5800.0,5850.0,5750.0,5850.0,177209700
2024-02-05T00:00:00Z,5800.0,5825.0,5750.0,5775.0,113760000
2024-02-06T00:00:00Z,5900.0,5900.0,5800.0,5825.0,126704300
2024-02-07T00:00:00Z,5850.0,5900.0,5825.0,5850.0,147005300
2024-02-12T00:00:00Z,5875.0,6025.0,5850.0,6025.0,171514600
2024-02-13T00:00:00Z,6050.0,6050.0,5950.0,6000.0,145852200
2024-02-15T00:00:00Z,6275.0,6275.0,6100.0,6125.0,308685100
2024-02-16T00:00:00Z,6150.0,6200.0,6125.0,6150.0,130814400
2024-02-19T00:00:00Z,6125.0,6175.0,6075.0,6100.0,111382900
2024-02-20T00:00:00Z,6175.0,6300.0,6175.0,6300.0,160872600
2024-02-21T00:00:00Z,6325.0,6375.0,6225.0,6300.0,168423000
2024-02-22T00:00:00Z,6250.0,6300.0,6225.0,6250.0,100256000
2024-02-23T00:00:00Z,6125.0,6175.0,6050.0,6125.0,148643000
2024-02-26T00:00:00Z,6100.0,6200.0,6075.0,6175.0,98920800
2024-02-27T00:00:00Z,6125.0,6200.0,6125.0,6125.0,99187500
2024-02-28T00:00:00Z,6100.0,6225.0,6100.0,6225.0,97236700
2024-02-29T00:00:00Z,6150.0,6200.0,6125.0,6125.0,173774600
2024-03-01T00:00:00Z,6175.0,6175.0,6075.0,6125.0,76286400
2024-03-04T00:00:00Z,6125.0,6125.0,6050.0,6050.0,70354900
2024-03-05T00:00:00Z,6100.0,6175.0,6075.0,6125.0,115084600
2024-03-06T00:00:00Z,6100.0,6200.0,6100.0,6200.0,84108800
2024-03-07T00:00:00Z,6200.0,6275.0,6200.0,6225.0,117724700
2024-03-08T00:00:00Z,6275.0,6400.0,6250.0,6350.0,163060000
2024-03-13T00:00:00Z,6350.0,6450.0,6350.0,6400.0,195173100
2024-03-14T00:00:00Z,6175.0,6200.0,6050.0,6150.0,271254000
2024-03-15T00:00:00Z,6000.0,6075.0,5950.0,5975.0,305995800
2024-03-18T00:00:00Z,6000.0,6100.0,5975.0,6000.0,110564700
2024-03-19T00:00:00Z,6000.0,6050.0,5975.0,6000.0,114338600
2024-03-20T00:00:00Z,6000.0,6100.0,6000.0,6100.0,120885400
2024-03-21T00:00:00Z,6175.0,6200.0,6100.0,6100.0,136020000
2024-03-22T00:00:00Z,6050.0,6125.0,6050.0,6125.0,46529200
2024-03-25T00:00:00Z,6250.0,6250.0,6125.0,6250.0,115729600
2024-03-26T00:00:00Z,6300.0,6300.0,6200.0,6300.0,120748400
2024-03-27T00:00:00Z,6300.0,6325.0,6225.0,6250.0,73308900
2024-03-28T00:00:00Z,6100.0,6200.0,6025.0,6050.0,288926900
2024-04-01T00:00:00Z,6000.0,6025.0,5825.0,5925.0,217207800
2024-04-02T00:00:00Z,5850.0,5950.0,5625.0,5675.0,412180900
2024-04-03T00:00:00Z,5575.0,5675.0,5525.0,5625.0,333518700
2024-04-04T00:00:00Z,5650.0,5750.0,5650.0,5700.0,131936100
2024-04-05T00:00:00Z,5625.0,5700.0,5625.0,5650.0,178817800
2024-04-16T00:00:00Z,5375.0,5575.0,5350.0,5350.0,600717500
2024-04-17T00:00:00Z,5475.0,5500.0,5300.0,5300.0,244002000
2024-04-18T00:00:00Z,5300.0,5500.0,5300.0,5475.0,247410700
2024-04-19T00:00:00Z,5350.0,5375.0,5250.0,5275.0,258211500
2024-04-22T00:00:00Z,5200.0,5325.0,5150.0,5300.0,342282800
2024-04-23T00:00:00Z,5350.0,5400.0,5225.0,5300.0,281403100
2024-04-24T00:00:00Z,5250.0,5350.0,5150.0,5225.0,471241400
2024-04-25T00:00:00Z,5125.0,5200.0,5050.0,5150.0,479170900
2024-04-26T00:00:00Z,5050.0,5100.0,4830.0,4830.0,782589900
2024-04-29T00:00:00Z,4700.0,4890.0,4680.0,4770.0,700644800
2024-04-30T00:00:00Z,4850.0,5050.0,4820.0,4940.0,565609200
2024-05-02T00:00:00Z,4910.0,4920.0,4700.0,4760.0,636922100
2024-05-03T00:00:00Z,4760.0,4830.0,4710.0,4750.0,321697200
2024-05-06T00:00:00Z,4800.0,4840.0,4730.0,4790.0,262707400
2024-05-07T00:00:00Z,4770.0,4780.0,4670.0,4670.0,304013600
2024-05-08T00:00:00Z,4650.0,4740.0,4570.0,4680.0,572275800
2024-05-13T00:00:00Z,4650.0,4700.0,4630.0,4680.0,320067100
2024-05-14T00:00:00Z,4720.0,4810.0,4700.0,4730.0,341458900
2024-05-15T00:00:00Z,4780.0,4870.0,4760.0,4820.0,298990300
2024-05-16T00:00:00Z,4930.0,4960.0,4840.0,4840.0,371295000
2024-05-17T00:00:00Z,4840.0,4960.0,4820.0,4920.0,208991800
2024-05-20T00:00:00Z,4990.0,5050.0,4820.0,4820.0,335150700
2024-05-21T00:00:00Z,4810.0,4870.0,4680.0,4680.0,271568800
2024-05-22T00:00:00Z,4650.0,4770.0,4650.0,4720.0,215066000
2024-05-27T00:00:00Z,4700.0,4720.0,4550.0,4550.0,363719300
2024-05-28T00:00:00Z,4580.0,4630.0,4520.0,4530.0,258070200
2024-05-29T00:00:00Z,4480.0,4500.0,4400.0,4410.0,465008500
2024-05-30T00:00:00Z,4400.0,4480.0,4310.0,4380.0,502927800
2024-05-31T00:00:00Z,4430.0,4470.0,4330.0,4340.0,655144100
2024-06-03T00:00:00Z,4430.0,4560.0,4400.0,4530.0,345770100
2024-06-04T00:00:00Z,4560.0,4590.0,4450.0,4450.0,332902200
2024-06-05T00:00:00Z,4500.0,4500.0,4400.0,4400.0,240788500
2024-06-06T00:00:00Z,4450.0,4500.0,4390.0,4500.0,281534200
2024-06-07T00:00:00Z,4490.0,4500.0,4350.0,4350.0,375439600
2024-06-10T00:00:00Z,4350.0,4430.0,4320.0,4400.0,181387000
2024-06-11T00:00:00Z,4380.0,4440.0,4340.0,4340.0,197854400
2024-06-12T00:00:00Z,4340.0,4360.0,4310.0,4350.0,187332500
2024-06-13T00:00:00Z,4400.0,4420.0,4300.0,4310.0,238349600
2024-06-14T00:00:00Z,4300.0,4320.0,4170.0,4180.0,358893200
2024-06-19T00:00:00Z,4100.0,4240.0,4090.0,4100.0,410338400
2024-06-20T00:00:00Z,4130.0,4270.0,4130.0,4270.0,387133400
2024-06-21T00:00:00Z,4280.0,4490.0,4260.0,4440.0,532713300
2024-06-24T00:00:00Z,4440.0,4510.0,4400.0,4400.0,303830800
2024-06-25T00:00:00Z,4320.0,4400.0,4280.0,4380.0,383572500
2024-06-26T00:00:00Z,4390.0,4430.0,4350.0,4370.0,150303400
2024-06-27T00:00:00Z,4410.0,4500.0,4380.0,4460.0,299430600
2024-06-28T00:00:00Z,4590.0,4640.0,4580.0,4600.0,581319300
2024-07-01T00:00:00Z,4630.0,4670.0,4560.0,4630.0,261421200
2024-07-02T00:00:00Z,4610.0,4630.0,4570.0,4570.0,234403100
2024-07-03T00:00:00Z,4630.0,4640.0,4560.0,4600.0,176310400
2024-07-04T00:00:00Z,4680.0,4830.0,4660.0,4790.0,422261500
2024-07-05T00:00:00Z,4850.0,4870.0,4790.0,4800.0,218278000
2024-07-08T00:00:00Z,4800.0,4830.0,4740.0,4750.0,222042100
2024-07-09T00:00:00Z,4780.0,4930.0,4750.0,4870.0,291320400
2024-07-10T00:00:00Z,4870.0,4920.0,4840.0,4850.0,167619700
2024-07-11T00:00:00Z,4910.0,4920.0,4840.0,4840.0,170461300
2024-07-12T00:00:00Z,4970.0,4980.0,4880.0,4900.0,301125400
2024-07-15T00:00:00Z,4920.0,4930.0,4810.0,4820.0,188713000
2024-07-16T00:00:00Z,4820.0,4840.0,4730.0,4730.0,189271400
2024-07-17T00:00:00Z,4750.0,4810.0,4720.0,4760.0,263325400
2024-07-18T00:00:00Z,4760.0,4890.0,4750.0,4890.0,296614900
2024-07-19T00:00:00Z,4870.0,4910.0,4850.0,4900.0,135104800
2024-07-22T00:00:00Z,4920.0,4940.0,4880.0,4910.0,140128300
2024-07-23T00:00:00Z,4900.0,4910.0,4780.0,4790.0,170919500
2024-07-24T00:00:00Z,4770.0,4800.0,4760.0,4780.0,116037600
2024-07-25T00:00:00Z,4760.0,4760.0,4660.0,4700.0,274397700
2024-07-26T00:00:00Z,4760.0,4810.0,4740.0,4760.0,192267300
2024-07-29T00:00:00Z,4800.0,4800.0,4760.0,4780.0,126109900
2024-07-30T00:00:00Z,4720.0,4740.0,4670.0,4670.0,201835700
2024-07-31T00:00:00Z,4650.0,4710.0,4650.0,4670.0,168490300
2024-08-01T00:00:00Z,4710.0,4750.0,4690.0,4750.0,169636700
2024-08-02T00:00:00Z,4730.0,4750.0,4690.0,4710.0,113328400
2024-08-05T00:00:00Z,4660.0,4670.0,4510.0,4530.0,329430900
2024-08-06T00:00:00Z,4550.0,4650.0,4520.0,4600.0,238051800
2024-08-07T00:00:00Z,4640.0,4640.0,4590.0,4620.0,125937500
2024-08-08T00:00:00Z,4600.0,4690.0,4590.0,4660.0,131343400
2024-08-09T00:00:00Z,4700.0,4730.0,4670.0,4670.0,98730900
2024-08-12T00:00:00Z,4720.0,4720.0,4650.0,4680.0,83552800
2024-08-13T00:00:00Z,4700.0,4750.0,4690.0,4720.0,109533400
2024-08-14T00:00:00Z,4770.0,4840.0,4760.0,4820.0,262716500
2024-08-15T00:00:00Z,4850.0,4870.0,4790.0,4830.0,214394900
2024-08-16T00:00:00Z,4850.0,4870.0,4830.0,4830.0,149701700
2024-08-19T00:00:00Z,4820.0,4820.0,4750.0,4820.0,196203200
2024-08-20T00:00:00Z,4860.0,4950.0,4840.0,4950.0,310085500
2024-08-21T00:00:00Z,4990.0,5100.0,4980.0,5100.0,390307000
2024-08-22T00:00:00Z,5125.0,5150.0,5025.0,5050.0,474043100
2024-08-23T00:00:00Z,5150.0,5200.0,5125.0,5150.0,217759300
2024-08-26T00:00:00Z,5200.0,5325.0,5200.0,5300.0,361169800
2024-08-27T00:00:00Z,5250.0,5275.0,5100.0,5175.0,271088700
2024-08-28T00:00:00Z,5100.0,5175.0,5025.0,5150.0,277561700
2024-08-29T00:00:00Z,5125.0,5175.0,5100.0,5125.0,160041900
2024-08-30T00:00:00Z,5175.0,5175.0,5125.0,5150.0,275298000
2024-09-02T00:00:00Z,5150.0,5225.0,5150.0,5175.0,136717200
2024-09-03T00:00:00Z,5225.0,5250.0,5150.0,5175.0,166033900
2024-09-04T00:00:00Z,5100.0,5175.0,5100.0,5100.0,141890400
2024-09-05T00:00:00Z,5125.0,5150.0,5075.0,5150.0,166436800
2024-09-06T00:00:00Z,5200.0,5250.0,5150.0,5225.0,170520700
2024-09-09T00:00:00Z,5275.0,5300.0,5150.0,5175.0,201448700
2024-09-10T00:00:00Z,5200.0,5250.0,5125.0,5250.0,202326400
2024-09-11T00:00:00Z,5225.0,5250.0,5125.0,5175.0,165284900
2024-09-12T00:00:00Z,5175.0,5225.0,5150.0,5175.0,138542100
2024-09-13T00:00:00Z,5200.0,5300.0,5175.0,5300.0,259722600
2024-09-17T00:00:00Z,5350.0,5350.0,5250.0,5300.0,201331600
2024-09-18T00:00:00Z,5350.0,5375.0,5325.0,5350.0,186877300
2024-09-19T00:00:00Z,5425.0,5500.0,5400.0,5400.0,332941100
2024-09-20T00:00:00Z,5400.0,5450.0,5375.0,5375.0,260437400
2024-09-23T00:00:00Z,5350.0,5500.0,5350.0,5500.0,245292000
2024-09-24T00:00:00Z,5550.0,5575.0,5525.0,5525.0,195415700
2024-09-25T00:00:00Z,5400.0,5425.0,5200.0,5325.0,607065900
2024-09-26T00:00:00Z,5150.0,5200.0,5025.0,5050.0,855266800
2024-09-27T00:00:00Z,5050.0,5150.0,5000.0,5100.0,304694300
2024-09-30T00:00:00Z,5050.0,5050.0,4950.0,4950.0,539169900
2024-10-01T00:00:00Z,4970.0,5075.0,4970.0,5075.0,197069300
2024-10-02T00:00:00Z,5000.0,5075.0,4900.0,4940.0,307487600
2024-10-03T00:00:00Z,4900.0,4960.0,4860.0,4920.0,354814800
2024-10-04T00:00:00Z,4870.0,4920.0,4850.0,4860.0,289960700
2024-10-07T00:00:00Z,4860.0,4930.0,4810.0,4820.0,308452200
2024-10-08T00:00:00Z,4800.0,5050.0,4760.0,5000.0,527474400
2024-10-09T00:00:00Z,5000.0,5075.0,4930.0,4930.0,309336600
2024-10-10T00:00:00Z,4920.0,4970.0,4860.0,4860.0,226564700
2024-10-11T00:00:00Z,4910.0,4940.0,4890.0,4900.0,104875300
2024-10-14T00:00:00Z,4900.0,4930.0,4870.0,4900.0,125414400
2024-10-15T00:00:00Z,4930.0,4990.0,4920.0,4920.0,142372200
2024-10-16T00:00:00Z,4950.0,4970.0,4920.0,4950.0,118014300
2024-10-17T00:00:00Z,4960.0,5050.0,4940.0,4980.0,188127700
2024-10-18T00:00:00Z,5025.0,5050.0,4960.0,4970.0,157113000
2024-10-21T00:00:00Z,4980.0,5025.0,4970.0,4990.0,110708200
2024-10-22T00:00:00Z,4960.0,4970.0,4900.0,4900.0,199707500
2024-10-23T00:00:00Z,4830.0,4890.0,4810.0,4860.0,222147300
2024-10-24T00:00:00Z,4820.0,4900.0,4810.0,4820.0,218162100
2024-10-25T00:00:00Z,4820.0,4860.0,4770.0,4770.0,195647800
2024-10-28T00:00:00Z,4770.0,4800.0,4710.0,4760.0,191211000
2024-10-29T00:00:00Z,4730.0,4780.0,4700.0,4700.0,203658600
2024-10-30T00:00:00Z,4630.0,4750.0,4630.0,4710.0,296314500
2024-10-31T00:00:00Z,4710.0,4870.0,4710.0,4800.0,307110400
2024-11-01T00:00:00Z,4770.0,4820.0,4700.0,4700.0,235656400
2024-11-04T00:00:00Z,4710.0,4770.0,4650.0,4720.0,209831500
2024-11-05T00:00:00Z,4690.0,4740.0,4680.0,4710.0,199499300
2024-11-06T00:00:00Z,4710.0,4730.0,4600.0,4600.0,249059500
2024-11-07T00:00:00Z,4610.0,4640.0,4550.0,4550.0,296218600
2024-11-08T00:00:00Z,4600.0,4640.0,4520.0,4520.0,198589900
2024-11-11T00:00:00Z,4470.0,4540.0,4370.0,4460.0,507192300
2024-11-12T00:00:00Z,4430.0,4520.0,4430.0,4500.0,252380100
2024-11-13T00:00:00Z,4470.0,4610.0,4460.0,4580.0,209627200
2024-11-14T00:00:00Z,4570.0,4590.0,4500.0,4500.0,159871800
2024-11-15T00:00:00Z,4450.0,4510.0,4450.0,4470.0,106365600
2024-11-18T00:00:00Z,4440.0,4460.0,4350.0,4350.0,253272300
2024-11-19T00:00:00Z,4350.0,4410.0,4350.0,4360.0,294838700
2024-11-20T00:00:00Z,4400.0,4440.0,4330.0,4330.0,298734600
2024-11-21T00:00:00Z,4280.0,4320.0,4250.0,4250.0,376788400
2024-11-22T00:00:00Z,4250.0,4420.0,4250.0,4400.0,280188100
2024-11-25T00:00:00Z,4420.0,4530.0,4420.0,4470.0,401446400
2024-11-26T00:00:00Z,4450.0,4470.0,4380.0,4400.0,266677500
2024-11-28T00:00:00Z,4350.0,4390.0,4330.0,4330.0,277081800
2024-11-29T00:00:00Z,4280.0,4300.0,4250.0,4250.0,412519800
2024-12-02T00:00:00Z,4270.0,4280.0,4160.0,4170.0,337188900
2024-12-03T00:00:00Z,4240.0,4250.0,4210.0,4240.0,384146700
2024-12-04T00:00:00Z,4240.0,4370.0,4220.0,4350.0,345762200
2024-12-05T00:00:00Z,4310.0,4340.0,4250.0,4260.0,183249300
2024-12-06T00:00:00Z,4250.0,4310.0,4220.0,4310.0,151433000
2024-12-09T00:00:00Z,4310.0,4390.0,4300.0,4390.0,158897200
2024-12-10T00:00:00Z,4360.0,4380.0,4290.0,4360.0,196160900
2024-12-11T00:00:00Z,4340.0,4430.0,4340.0,4380.0,203980300
2024-12-12T00:00:00Z,4340.0,4360.0,4260.0,4260.0,226698900
2024-12-13T00:00:00Z,4230.0,4280.0,4170.0,4170.0,287838100
2024-12-16T00:00:00Z,4150.0,4280.0,4150.0,4250.0,325441900
2024-12-17T00:00:00Z,4250.0,4290.0,4150.0,4150.0,327919000
2024-12-18T00:00:00Z,4170.0,4210.0,4130.0,4150.0,205055500
2024-12-19T00:00:00Z,4090.0,4110.0,4050.0,4090.0,381986300
2024-12-20T00:00:00Z,4070.0,4120.0,4050.0,4060.0,252689600
2024-12-23T00:00:00Z,4130.0,4210.0,4110.0,4210.0,167689800
2024-12-24T00:00:00Z,4220.0,4250.0,4170.0,4200.0,199536100
2024-12-27T00:00:00Z,4100.0,4120.0,4080.0,4100.0,143104400
2024-12-30T00:00:00Z,4080.0,4120.0,4070.0,4080.0,153934700
2025-01-02T00:00:00Z,4100.0,4220.0,4090.0,4210.0,181361700
2025-01-03T00:00:00Z,4220.0,4240.0,4150.0,4150.0,134632300
2025-01-06T00:00:00Z,4180.0,4180.0,4100.0,4100.0,153048700
2025-01-07T00:00:00Z,4080.0,4090.0,4030.0,4030.0,171997400
2025-01-08T00:00:00Z,4030.0,4100.0,4030.0,4080.0,133655700
2025-01-09T00:00:00Z,4070.0,4100.0,4030.0,4030.0,99300400
2025-01-10T00:00:00Z,4030.0,4060.0,4010.0,4010.0,132774300
2025-01-13T00:00:00Z,3990.0,3990.0,3850.0,3850.0,413408100
2025-01-14T00:00:00Z,3820.0,3920.0,3800.0,3800.0,293621700
2025-01-15T00:00:00Z,3840.0,4090.0,3840.0,4090.0,407813500
2025-01-16T00:00:00Z,4210.0,4240.0,4130.0,4160.0,349387500
2025-01-17T00:00:00Z,4150.0,4190.0,4080.0,4090.0,268758600
2025-01-20T00:00:00Z,4130.0,4220.0,4130.0,4220.0,167348600
2025-01-21T00:00:00Z,4270.0,4380.0,4250.0,4260.0,345223800
2025-01-22T00:00:00Z,4310.0,4320.0,4230.0,4260.0,193218900
2025-01-23T00:00:00Z,4260.0,4340.0,4260.0,4300.0,216018100
2025-01-24T00:00:00Z,4350.0,4350.0,4190.0,4190.0,276421900
2025-01-30T00:00:00Z,4130.0,4170.0,4090.0,4120.0,220222400
2025-01-31T00:00:00Z,4170.0,4280.0,4150.0,4220.0,192622700
2025-02-03T00:00:00Z,4200.0,4270.0,4150.0,4250.0,220285800
2025-02-04T00:00:00Z,4260.0,4300.0,4200.0,4260.0,231917500
2025-02-05T00:00:00Z,4250.0,4250.0,4140.0,4140.0,209834400
2025-02-06T00:00:00Z,4120.0,4160.0,3940.0,3970.0,378545500
2025-02-07T00:00:00Z,3970.0,4030.0,3940.0,4030.0,259636200
2025-02-10T00:00:00Z,4000.0,4050.0,3950.0,3970.0,201999400
2025-02-11T00:00:00Z,3970.0,4040.0,3900.0,4010.0,276382800
2025-02-12T00:00:00Z,3960.0,4060.0,3950.0,4030.0,362571900
2025-02-13T00:00:00Z,4000.0,4030.0,3960.0,3990.0,341640600
2025-02-14T00:00:00Z,4000.0,4010.0,3850.0,3860.0,524909600
2025-02-17T00:00:00Z,3870.0,4030.0,3870.0,4030.0,265737100
2025-02-18T00:00:00Z,4030.0,4180.0,4030.0,4150.0,374350700
2025-02-19T00:00:00Z,4160.0,4180.0,4010.0,4020.0,348358600
2025-02-20T00:00:00Z,3970.0,4020.0,3910.0,3910.0,312753300
2025-02-21T00:00:00Z,3910.0,3930.0,3870.0,3890.0,205268800
2025-02-24T00:00:00Z,3900.0,3940.0,3870.0,3920.0,138610800
2025-02-25T00:00:00Z,3880.0,3920.0,3800.0,3800.0,404555100
2025-02-26T00:00:00Z,3800.0,3860.0,3760.0,3820.0,242834100
2025-02-27T00:00:00Z,3790.0,3800.0,3610.0,3630.0,410928000
2025-02-28T00:00:00Z,3500.0,3540.0,3360.0,3360.0,1000597600
2025-03-03T00:00:00Z,3520.0,3740.0,3470.0,3670.0,744626800
2025-03-04T00:00:00Z,3680.0,3720.0,3600.0,3670.0,338434700
2025-03-05T00:00:00Z,3710.0,3900.0,3710.0,3840.0,441151000
2025-03-06T00:00:00Z,3870.0,3990.0,3870.0,3950.0,434485100
2025-03-07T00:00:00Z,3930.0,3930.0,3810.0,3810.0,243793600
2025-03-10T00:00:00Z,3790.0,3810.0,3730.0,3760.0,232192200
2025-03-11T00:00:00Z,3700.0,3790.0,3660.0,3790.0,273961800
2025-03-12T00:00:00Z,3810.0,3920.0,3810.0,3890.0,271631200
2025-03-13T00:00:00Z,3960.0,3970.0,3800.0,3800.0,209225700
2025-03-14T00:00:00Z,3750.0,3840.0,3750.0,3750.0,156131900
2025-03-17T00:00:00Z,3780.0,3840.0,3730.0,3830.0,162467700
2025-03-18T00:00:00Z,3840.0,3860.0,3500.0,3680.0,416894600
2025-03-19T00:00:00Z,3710.0,3780.0,3680.0,3710.0,352217700
2025-03-20T00:00:00Z,3730.0,3760.0,3640.0,3660.0,313033000
2025-03-21T00:00:00Z,3600.0,3700.0,3550.0,3700.0,627645600
2025-03-24T00:00:00Z,3650.0,3740.0,3520.0,3610.0,342883200
2025-03-25T00:00:00Z,3660.0,3840.0,3660.0,3800.0,331285900
2025-03-26T00:00:00Z,3870.0,4020.0,3860.0,4000.0,540888800
2025-03-27T00:00:00Z,4000.0,4050.0,3930.0,4050.0,322553200
2025-04-08T00:00:00Z,3460.0,3750.0,3450.0,3640.0,734807100
2025-04-09T00:00:00Z,3610.0,3710.0,3600.0,3630.0,366649900
2025-04-10T00:00:00Z,3920.0,3930.0,3770.0,3800.0,417562900
2025-04-11T00:00:00Z,3600.0,3650.0,3590.0,3630.0,301200600
2025-04-14T00:00:00Z,3630.0,3690.0,3620.0,3690.0,169458300
2025-04-15T00:00:00Z,3730.0,3780.0,3680.0,3690.0,254224400
2025-04-16T00:00:00Z,3690.0,3700.0,3600.0,3650.0,233772400
2025-04-17T00:00:00Z,3670.0,3670.0,3610.0,3640.0,121059300
2025-04-21T00:00:00Z,3620.0,3660.0,3570.0,3620.0,107470200
2025-04-22T00:00:00Z,3600.0,3650.0,3600.0,3630.0,147116900
2025-04-23T00:00:00Z,3660.0,3790.0,3640.0,3760.0,432999900
2025-04-24T00:00:00Z,3790.0,3840.0,3720.0,3730.0,272537300
2025-04-25T00:00:00Z,3770.0,3790.0,3730.0,3740.0,136517100
2025-04-28T00:00:00Z,3790.0,3850.0,3780.0,3840.0,212945800
2025-04-29T00:00:00Z,3860.0,3870.0,3820.0,3850.0,160631400
2025-04-30T00:00:00Z,3810.0,3850.0,3770.0,3850.0,226832200
2025-05-02T00:00:00Z,3920.0,3920.0,3850.0,3880.0,205628100
2025-05-05T00:00:00Z,3900.0,3920.0,3860.0,3860.0,196917100
2025-05-06T00:00:00Z,3840.0,3900.0,3840.0,3880.0,111333800
2025-05-07T00:00:00Z,3900.0,3910.0,3870.0,3910.0,119763100
2025-05-08T00:00:00Z,3910.0,3960.0,3780.0,3790.0,224121900
2025-05-09T00:00:00Z,3810.0,3840.0,3760.0,3840.0,147638100
2025-05-14T00:00:00Z,4000.0,4090.0,3960.0,4090.0,461642400
2025-05-15T00:00:00Z,4140.0,4310.0,4130.0,4270.0,537151700
2025-05-16T00:00:00Z,4310.0,4330.0,4160.0,4250.0,289337600
2025-05-19T00:00:00Z,4230.0,4260.0,4200.0,4230.0,145935500
2025-05-20T00:00:00Z,4230.0,4280.0,4170.0,4210.0,209576900
2025-05-21T00:00:00Z,4210.0,4310.0,4210.0,4260.0,256020200
2025-05-22T00:00:00Z,4280.0,4310.0,4240.0,4300.0,208291800
2025-05-23T00:00:00Z,4350.0,4370.0,4330.0,4350.0,108182800
2025-05-26T00:00:00Z,4350.0,4350.0,4260.0,4320.0,149418600
2025-05-27T00:00:00Z,4320.0,4370.0,4280.0,4370.0,180028000
2025-05-28T00:00:00Z,4360.0,4450.0,4320.0,4450.0,466133500
2025-06-02T00:00:00Z,4360.0,4390.0,4200.0,4200.0,389541100
2025-06-03T00:00:00Z,4210.0,4230.0,4120.0,4200.0,277902300
2025-06-04T00:00:00Z,4230.0,4230.0,4080.0,4080.0,279755300
2025-06-05T00:00:00Z,4110.0,4140.0,4050.0,4100.0,230129500
2025-06-10T00:00:00Z,4100.0,4160.0,4100.0,4150.0,179827500
2025-06-11T00:00:00Z,4130.0,4140.0,4060.0,4070.0,196558700
2025-06-12T00:00:00Z,4070.0,4100.0,4060.0,4070.0,113850500
2025-06-13T00:00:00Z,4020.0,4050.0,3980.0,4000.0,283826000
2025-06-16T00:00:00Z,3980.0,4010.0,3960.0,3990.0,155450700
2025-06-17T00:00:00Z,4010.0,4030.0,3960.0,3960.0,125769400
2025-06-18T00:00:00Z,3950.0,3960.0,3900.0,3940.0,140882100
2025-06-19T00:00:00Z,3900.0,3920.0,3800.0,3800.0,355413000
2025-06-20T00:00:00Z,3740.0,3840.0,3740.0,3790.0,516177900
2025-06-23T00:00:00Z,3730.0,3750.0,3660.0,3720.0,222067700
2025-06-24T00:00:00Z,3820.0,3900.0,3770.0,3780.0,281594300
2025-06-25T00:00:00Z,3830.0,3830.0,3730.0,3760.0,164257700
2025-06-26T00:00:00Z,3780.0,3830.0,3750.0,3830.0,171427000
2025-06-30T00:00:00Z,3840.0,3840.0,3730.0,3740.0,271933200
2025-07-01T00:00:00Z,3780.0,3790.0,3670.0,3700.0,212288800
2025-07-02T00:00:00Z,3650.0,3700.0,3640.0,3680.0,220273500
2025-07-03T00:00:00Z,3710.0,3730.0,3680.0,3680.0,119674300
2025-07-04T00:00:00Z,3680.0,3710.0,3650.0,3670.0,91141200
2025-07-07T00:00:00Z,3670.0,3700.0,3650.0,3700.0,78783800
2025-07-08T00:00:00Z,3690.0,3700.0,3650.0,3670.0,115551200
2025-07-09T00:00:00Z,3650.0,3700.0,3650.0,3680.0,92437900
2025-07-10T00:00:00Z,3690.0,3880.0,3680.0,3870.0,290117200
2025-07-11T00:00:00Z,3920.0,3920.0,3870.0,3880.0,255634700
2025-07-14T00:00:00Z,3880.0,3890.0,3750.0,3780.0,167151400
2025-07-15T00:00:00Z,3800.0,3880.0,3780.0,3880.0,183209300
2025-07-16T00:00:00Z,3950.0,3960.0,3880.0,3880.0,241966800
2025-07-17T00:00:00Z,3930.0,3930.0,3880.0,3890.0,111359500
2025-07-18T00:00:00Z,3910.0,3940.0,3860.0,3860.0,111030000
2025-07-21T00:00:00Z,3890.0,3900.0,3830.0,3830.0,89765800
2025-07-22T00:00:00Z,3860.0,3880.0,3830.0,3840.0,84902800
2025-07-23T00:00:00Z,3840.0,3860.0,3790.0,3800.0,132305000
2025-07-24T00:00:00Z,3830.0,3950.0,3820.0,3950.0,206654200
2025-07-25T00:00:00Z,3950.0,3950.0,3870.0,3880.0,86263700
2025-07-28T00:00:00Z,3940.0,3950.0,3920.0,3940.0,94898300
2025-07-29T00:00:00Z,3930.0,3930.0,3900.0,3920.0,98887100
2025-07-30T00:00:00Z,3910.0,3910.0,3770.0,3780.0,206358500
2025-07-31T00:00:00Z,3780.0,3790.0,3700.0,3710.0,163371700
2025-08-01T00:00:00Z,3800.0,3800.0,3740.0,3740.0,134100500
2025-08-04T00:00:00Z,3720.0,3740.0,3690.0,3710.0,104446300
2025-08-05T00:00:00Z,3700.0,3790.0,3700.0,3740.0,184822600
2025-08-06T00:00:00Z,3770.0,3780.0,3710.0,3710.0,100168200
2025-08-07T00:00:00Z,3730.0,3750.0,3700.0,3710.0,92746000
2025-08-08T00:00:00Z,3710.0,3730.0,3700.0,3700.0,133180100
2025-08-11T00:00:00Z,3720.0,3810.0,3720.0,3810.0,143167900
2025-08-12T00:00:00Z,3860.0,4050.0,3830.0,4050.0,404797800
2025-08-13T00:00:00Z,4060.0,4100.0,3990.0,4080.0,292104000
2025-08-14T00:00:00Z,4080.0,4100.0,4040.0,4060.0,164408100
2025-08-15T00:00:00Z,4100.0,4150.0,4070.0,4120.0,269255400
2025-08-19T00:00:00Z,4090.0,4100.0,4010.0,4040.0,208409700
2025-08-20T00:00:00Z,4050.0,4150.0,4050.0,4150.0,173260400
2025-08-21T00:00:00Z,4160.0,4170.0,4090.0,4150.0,112477700
2025-08-22T00:00:00Z,4170.0,4170.0,4100.0,4100.0,71971500
2025-08-25T00:00:00Z,4180.0,4270.0,4170.0,4210.0,195322200
2025-08-26T00:00:00Z,4220.0,4220.0,4170.0,4170.0,267465600
2025-08-27T00:00:00Z,4130.0,4150.0,4070.0,4130.0,123874000
2025-08-28T00:00:00Z,4130.0,4150.0,4110.0,4140.0,60838200
2025-08-29T00:00:00Z,4100.0,4120.0,4020.0,4050.0,217276600
2025-09-01T00:00:00Z,3930.0,4010.0,3860.0,3980.0,234206100
2025-09-02T00:00:00Z,3980.0,4050.0,3960.0,3960.0,111856000
2025-09-03T00:00:00Z,4020.0,4030.0,3950.0,4030.0,112507500
2025-09-04T00:00:00Z,3980.0,4010.0,3960.0,4000.0,87402700
2025-09-08T00:00:00Z,4070.0,4070.0,3890.0,3900.0,143993900
2025-09-09T00:00:00Z,3870.0,3890.0,3750.0,3790.0,327167200
2025-09-10T00:00:00Z,3820.0,3890.0,3820.0,3880.0,117680500
2025-09-11T00:00:00Z,4000.0,4120.0,3980.0,4080.0,281910400
2025-09-12T00:00:00Z,4180.0,4190.0,4110.0,4180.0,235383800
2025-09-15T00:00:00Z,4200.0,4220.0,4120.0,4140.0,157482000
2025-09-16T00:00:00Z,4160.0,4170.0,4080.0,4130.0,167511900
2025-09-17T00:00:00Z,4160.0,4220.0,4120.0,4220.0,245154800
2025-09-18T00:00:00Z,4270.0,4270.0,4210.0,4250.0,332670300
2025-09-19T00:00:00Z,4230.0,4250.0,4180.0,4250.0,211373200
2025-09-22T00:00:00Z,4250.0,4250.0,4110.0,4160.0,157592800
2025-09-23T00:00:00Z,4120.0,4170.0,4110.0,4140.0,110771700
2025-09-24T00:00:00Z,4140.0,4170.0,4100.0,4170.0,124591600
2025-09-25T00:00:00Z,4170.0,4170.0,4050.0,4070.0,129656800
2025-09-26T00:00:00Z,4050.0,4080.0,4000.0,4040.0,146229200
2025-09-29T00:00:00Z,4040.0,4040.0,3960.0,3980.0,126611800
2025-09-30T00:00:00Z,3980.0,3980.0,3900.0,3900.0,217357100
2025-10-01T00:00:00Z,3860.0,3940.0,3800.0,3810.0,223133600
2025-10-02T00:00:00Z,3760.0,3790.0,3710.0,3710.0,379620000
2025-10-03T00:00:00Z,3710.0,3750.0,3680.0,3690.0,214737100
2025-10-06T00:00:00Z,3700.0,3740.0,3640.0,3660.0,190283900
2025-10-07T00:00:00Z,3690.0,3720.0,3670.0,3710.0,155933000
2025-10-08T00:00:00Z,3730.0,3740.0,3670.0,3720.0,148263700
2025-10-09T00:00:00Z,3690.0,3930.0,3640.0,3860.0,479239500
2025-10-10T00:00:00Z,3790.0,3790.0,3690.0,3730.0,277252300
2025-10-13T00:00:00Z,3680.0,3710.0,3660.0,3660.0,181694400
2025-10-14T00:00:00Z,3640.0,3690.0,3550.0,3550.0,278639100
2025-10-15T00:00:00Z,3570.0,3590.0,3450.0,3500.0,468733500
2025-10-16T00:00:00Z,3500.0,3580.0,3480.0,3530.0,227629500
2025-10-17T00:00:00Z,3530.0,3570.0,3490.0,3500.0,244442400
2025-10-20T00:00:00Z,3550.0,3730.0,3540.0,3680.0,391510300
2025-10-21T00:00:00Z,3780.0,3790.0,3710.0,3760.0,293000200
2025-10-22T00:00:00Z,3790.0,3820.0,3680.0,3700.0,329470700
2025-10-23T00:00:00Z,3720.0,3820.0,3700.0,3820.0,225902700
2025-10-24T00:00:00Z,3820.0,3910.0,3820.0,3850.0,313903600
2025-10-27T00:00:00Z,3880.0,3930.0,3750.0,3860.0,332539600
2025-10-28T00:00:00Z,3850.0,3860.0,3780.0,3850.0,239026800
2025-10-29T00:00:00Z,3830.0,3890.0,3790.0,3890.0,215008600
2025-10-30T00:00:00Z,3900.0,3990.0,3870.0,3910.0,287905300
2025-10-31T00:00:00Z,3930.0,4020.0,3920.0,3980.0,348755700
2025-11-03T00:00:00Z,4050.0,4050.0,4010.0,4040.0,163770500
2025-11-04T00:00:00Z,4030.0,4050.0,3970.0,3970.0,241154700
2025-11-05T00:00:00Z,3940.0,3990.0,3910.0,3980.0,139859100
2025-11-06T00:00:00Z,3980.0,4010.0,3950.0,4000.0,130808100
2025-11-07T00:00:00Z,4000.0,4010.0,3980.0,3980.0,87287600
2025-11-10T00:00:00Z,4010.0,4020.0,3930.0,3930.0,148552900
2025-11-11T00:00:00Z,3940.0,3960.0,3860.0,3890.0,179000200
2025-11-12T00:00:00Z,3890.0,3950.0,3890.0,3900.0,111115400
2025-11-13T00:00:00Z,3900.0,3910.0,3870.0,3870.0,99373200
2025-11-14T00:00:00Z,3860.0,3930.0,3860.0,3900.0,100717300
2025-11-17T00:00:00Z,3880.0,3950.0,3880.0,3940.0,140868100
2025-11-18T00:00:00Z,3950.0,3990.0,3930.0,3970.0,205257700
2025-11-19T00:00:00Z,3990.0,4000.0,3970.0,4000.0,107451000
2025-11-20T00:00:00Z,4020.0,4050.0,3990.0,3990.0,183008400
2025-11-21T00:00:00Z,3980.0,4000.0,3940.0,3960.0,112666100
2025-11-24T00:00:00Z,4000.0,4000.0,3940.0,3980.0,262302000
2025-11-25T00:00:00Z,3980.0,3980.0,3830.0,3830.0,396959100
2025-11-26T00:00:00Z,3800.0,3830.0,3780.0,3790.0,288419400
2025-11-27T00:00:00Z,3800.0,3810.0,3720.0,3740.0,283451800
2025-11-28T00:00:00Z,3710.0,3750.0,3680.0,3680.0,353872800
2025-12-01T00:00:00Z,3680.0,3730.0,3660.0,3670.0,299669500
2025-12-02T00:00:00Z,3690.0,3730.0,3670.0,3710.0,277714300
2025-12-03T00:00:00Z,3690.0,3700.0,3660.0,3660.0,225357100
2025-12-04T00:00:00Z,3660.0,3690.0,3650.0,3690.0,221121100
2025-12-05T00:00:00Z,3700.0,3700.0,3650.0,3650.0,156161100
2025-12-08T00:00:00Z,3680.0,3690.0,3660.0,3670.0,124094700
2025-12-09T00:00:00Z,3700.0,3700.0,3650.0,3680.0,201089800
2025-12-10T00:00:00Z,3680.0,3680.0,3650.0,3660.0,172677700
2025-12-11T00:00:00Z,3680.0,3700.0,3580.0,3620.0,327591200
2025-12-12T00:00:00Z,3640.0,3640.0,3580.0,3630.0,169747600
2025-12-15T00:00:00Z,3650.0,3810.0,3630.0,3780.0,312694100
2025-12-16T00:00:00Z,3800.0,3810.0,3680.0,3690.0,237949900
2025-12-17T00:00:00Z,3690.0,3780.0,3680.0,3750.0,273544100
2025-12-18T00:00:00Z,3750.0,3820.0,3750.0,3780.0,262527300
2025-12-19T00:00:00Z,3800.0,3810.0,3760.0,3770.0,228583500
2025-12-22T00:00:00Z,3770.0,3780.0,3750.0,3760.0,161680300
2025-12-23T00:00:00Z,3760.0,3780.0,3730.0,3770.0,138427000
2025-12-24T00:00:00Z,3770.0,3790.0,3750.0,3770.0,121073600
2025-12-29T00:00:00Z,3780.0,3790.0,3760.0,3780.0,238061500
2025-12-30T00:00:00Z,3690.0,3690.0,3650.0,3660.0,274402200
2026-01-02T00:00:00Z,3660.0,3670.0,3620.0,3640.0,191985100
2026-01-05T00:00:00Z,3630.0,3660.0,3590.0,3630.0,230544800
2026-01-06T00:00:00Z,3630.0,3690.0,3630.0,3680.0,175820800
2026-01-07T00:00:00Z,3680.0,3710.0,3660.0,3700.0,195024700
2026-01-08T00:00:00Z,3710.0,3760.0,3700.0,3710.0,182019700
2026-01-09T00:00:00Z,3730.0,3740.0,3670.0,3680.0,143474700
2026-01-12T00:00:00Z,3680.0,3740.0,3660.0,3700.0,215159700
2026-01-13T00:00:00Z,3700.0,3730.0,3670.0,3720.0,227620800
2026-01-14T00:00:00Z,3740.0,3750.0,3700.0,3720.0,170097000
2026-01-15T00:00:00Z,3730.0,3850.0,3730.0,3820.0,407151300
2026-01-19T00:00:00Z,3850.0,3900.0,3810.0,3840.0,359652500
2026-01-20T00:00:00Z,3840.0,3880.0,3820.0,3850.0,170245800
2026-01-21T00:00:00Z,3850.0,3850.0,3800.0,3820.0,273678200
2026-01-22T00:00:00Z,3850.0,3850.0,3790.0,3810.0,153742700
2026-01-23T00:00:00Z,3810.0,3850.0,3760.0,3850.0,164603900
2026-01-26T00:00:00Z,3840.0,3850.0,3800.0,3850.0,120002700
2026-01-27T00:00:00Z,3850.0,3850.0,3780.0,3820.0,157633200
2026-01-28T00:00:00Z,3630.0,3780.0,3540.0,3590.0,726740400
2026-01-29T00:00:00Z,3550.0,3780.0,3290.0,3780.0,781321200
2026-01-30T00:00:00Z,3780.0,3890.0,3740.0,3810.0,532329000
2026-02-02T00:00:00Z,3860.0,3880.0,3750.0,3830.0,334659200
2026-02-03T00:00:00Z,3860.0,3870.0,3760.0,3800.0,201224300
2026-02-04T00:00:00Z,3820.0,3880.0,3800.0,3870.0,251005600
2026-02-05T00:00:00Z,3850.0,3940.0,3840.0,3850.0,342757200
2026-02-06T00:00:00Z,3800.0,3850.0,3770.0,3780.0,279127200
2026-02-09T00:00:00Z,3790.0,3800.0,3710.0,3770.0,215606400
2026-02-10T00:00:00Z,3750.0,3790.0,3730.0,3780.0,181835800
2026-02-11T00:00:00Z,3790.0,3800.0,3740.0,3800.0,147378100
2026-02-12T00:00:00Z,3780.0,3790.0,3760.0,3790.0,185678800
2026-02-13T00:00:00Z,3780.0,3800.0,3750.0,3780.0,144473700
2026-02-18T00:00:00Z,3780.0,3840.0,3760.0,3830.0,135223700
2026-02-19T00:00:00Z,3850.0,3850.0,3770.0,3770.0,154562300
2026-02-20T00:00:00Z,3790.0,3870.0,3780.0,3840.0,191533500
2026-02-23T00:00:00Z,3880.0,3910.0,3860.0,3900.0,189611200
2026-02-24T00:00:00Z,3880.0,3890.0,3860.0,3870.0,191295900
2026-02-25T00:00:00Z,3880.0,3980.0,3880.0,3970.0,263027700
2026-02-26T00:00:00Z,3970.0,3970.0,3920.0,3950.0,146158100
2026-02-27T00:00:00Z,3950.0,3950.0,3880.0,3910.0,263179300
2026-03-02T00:00:00Z,3840.0,3840.0,3800.0,3820.0,204655700
2026-03-03T00:00:00Z,3820.0,3840.0,3770.0,3770.0,113600400
2026-03-04T00:00:00Z,3770.0,3770.0,3660.0,3690.0,215656600
2026-03-05T00:00:00Z,3720.0,3780.0,3720.0,3750.0,96625300
2026-03-06T00:00:00Z,3750.0,3750.0,3670.0,3670.0,136987800
2026-03-09T00:00:00Z,3590.0,3630.0,3560.0,3570.0,215587500
2026-03-10T00:00:00Z,3600.0,3610.0,3560.0,3560.0,175353400
2026-03-11T00:00:00Z,3580.0,3600.0,3560.0,3580.0,100862200
2026-03-12T00:00:00Z,3580.0,3610.0,3570.0,3570.0,141366700
2026-03-13T00:00:00Z,3560.0,3590.0,3510.0,3510.0,159393900
2026-03-16T00:00:00Z,3500.0,3510.0,3430.0,3480.0,160328700
2026-03-17T00:00:00Z,3500.0,3530.0,3480.0,3480.0,204208500
2026-03-25T00:00:00Z,3440.0,3540.0,3410.0,3540.0,379422800
2026-03-26T00:00:00Z,3540.0,3570.0,3480.0,3490.0,162060500
2026-03-27T00:00:00Z,3460.0,3490.0,3420.0,3420.0,207067900
2026-03-30T00:00:00Z,3350.0,3390.0,3330.0,3360.0,317467700
2026-03-31T00:00:00Z,3350.0,3400.0,3330.0,3330.0,298589200
2026-04-01T00:00:00Z,3400.0,3440.0,3330.0,3350.0,279604500
2026-04-02T00:00:00Z,3340.0,3390.0,3320.0,3320.0,242569200
2026-04-06T00:00:00Z,3340.0,3360.0,3290.0,3310.0,184143400
2026-04-07T00:00:00Z,3310.0,3320.0,3220.0,3230.0,273842700
2026-04-08T00:00:00Z,3340.0,3370.0,3330.0,3340.0,416112900
2026-04-09T00:00:00Z,3310.0,3330.0,3260.0,3280.0,319141400
2026-04-10T00:00:00Z,3290.0,3400.0,3290.0,3390.0,353451500
2026-04-13T00:00:00Z,3390.0,3410.0,3350.0,3370.0,176083800
2026-04-14T00:00:00Z,3420.0,3490.0,3420.0,3460.0,280543100
2026-04-15T00:00:00Z,3500.0,3510.0,3400.0,3400.0,332898200
2026-04-16T00:00:00Z,3400.0,3430.0,3380.0,3410.0,228465700
2026-04-17T00:00:00Z,3410.0,3450.0,3410.0,3430.0,209108800
2026-04-20T00:00:00Z,3440.0,3470.0,3420.0,3440.0,354461400
2026-04-21T00:00:00Z,3250.0,3300.0,3230.0,3270.0,398239800
2026-04-22T00:00:00Z,3260.0,3280.0,3240.0,3240.0,223077500
2026-04-23T00:00:00Z,3240.0,3270.0,3150.0,3160.0,352657300
2026-04-24T00:00:00Z,3120.0,3150.0,3060.0,3070.0,428089200
2026-04-27T00:00:00Z,3060.0,3100.0,3050.0,3050.0,216480300
2026-04-28T00:00:00Z,3050.0,3080.0,3020.0,3070.0,232596600
2026-04-29T00:00:00Z,3070.0,3110.0,3050.0,3070.0,180641600
2026-04-30T00:00:00Z,3050.0,3060.0,2980.0,2990.0,382750500
2026-05-04T00:00:00Z,3010.0,3040.0,3000.0,3040.0,190480000
2026-05-05T00:00:00Z,3050.0,3170.0,3040.0,3150.0,253157600
2026-05-06T00:00:00Z,3150.0,3190.0,3130.0,3160.0,185002500
2026-05-07T00:00:00Z,3200.0,3330.0,3190.0,3310.0,312804400
2026-05-08T00:00:00Z,3310.0,3360.0,3260.0,3260.0,335638700
2026-05-11T00:00:00Z,3260.0,3280.0,3200.0,3200.0,196431000
2026-05-12T00:00:00Z,3200.0,3240.0,3170.0,3220.0,151508100
2026-05-13T00:00:00Z,3200.0,3210.0,3120.0,3120.0,155231500
2026-05-18T00:00:00Z,3040.0,3100.0,3010.0,3060.0,348373200
2026-05-19T00:00:00Z,3060.0,3140.0,3040.0,3040.0,224758600
2026-05-20T00:00:00Z,3060.0,3110.0,3030.0,3040.0,273501800
2026-05-21T00:00:00Z,3050.0,3090.0,3020.0,3020.0,173346000
2026-05-22T00:00:00Z,3020.0,3070.0,3000.0,3050.0,158122200
2026-05-25T00:00:00Z,3090.0,3220.0,3080.0,3170.0,242782900
2026-05-26T00:00:00Z,3150.0,3150.0,3070.0,3070.0,185037400
2026-05-29T00:00:00Z,3060.0,3080.0,2950.0,2950.0,1073661600
2026-06-02T00:00:00Z,3000.0,3040.0,2980.0,3040.0,320974000
2026-06-03T00:00:00Z,3050.0,3070.0,2900.0,2900.0,411746000
2026-06-04T00:00:00Z,2900.0,2930.0,2780.0,2810.0,493450500
2026-06-05T00:00:00Z,2780.0,2830.0,2730.0,2740.0,310053600
2026-06-08T00:00:00Z,2700.0,2750.0,2590.0,2590.0,626878600
2026-06-09T00:00:00Z,2540.0,2800.0,2540.0,2790.0,873192700
2026-06-10T00:00:00Z,2790.0,2910.0,2730.0,2880.0,704423000
2026-06-11T00:00:00Z,2880.0,2960.0,2780.0,2850.0,465509700
2026-06-12T00:00:00Z,2880.0,2900.0,2830.0,2850.0,450530000
2026-06-15T00:00:00Z,2890.0,3050.0,2890.0,2990.0,622216400
2026-06-17T00:00:00Z,3020.0,3130.0,3010.0,3080.0,512048000
2026-06-18T00:00:00Z,3040.0,3060.0,2960.0,2960.0,356398400
2026-06-19T00:00:00Z,2960.0,3000.0,2910.0,2930.0,514857200
2026-06-22T00:00:00Z,2930.0,2940.0,2870.0,2870.0,250025400
2026-06-23T00:00:00Z,2870.0,2940.0,2860.0,2910.0,271555000
2026-06-24T00:00:00Z,2930.0,2980.0,2800.0,2810.0,330171300
2026-06-25T00:00:00Z,2800.0,2920.0,2790.0,2850.0,343497900
2026-06-26T00:00:00Z,2850.0,2880.0,2810.0,2870.0,200394100
2026-06-29T00:00:00Z,2880.0,2890.0,2830.0,2840.0,173099600
2026-06-30T00:00:00Z,2810.0,2840.0,2730.0,2730.0,346190100
2026-07-01T00:00:00Z,2700.0,2750.0,2670.0,2670.0,302582100
2026-07-02T00:00:00Z,2680.0,2730.0,2630.0,2690.0,366662800
2026-07-03T00:00:00Z,2710.0,2740.0,2700.0,2710.0,219292600
2026-07-06T00:00:00Z,2710.0,2790.0,2680.0,2790.0,257473000
2026-07-07T00:00:00Z,2810.0,2890.0,2800.0,2860.0,265534600
2026-07-08T00:00:00Z,2860.0,2870.0,2770.0,2790.0,253336100
2026-07-09T00:00:00Z,2770.0,2790.0,2730.0,2780.0,244821900
2026-07-10T00:00:00Z,2790.0,2810.0,2760.0,2790.0,144957900
2026-07-13T00:00:00Z,2790.0,2870.0,2780.0,2870.0,211532100
2026-07-14T00:00:00Z,2880.0,2890.0,2800.0,2800.0,273911200
2026-07-15T00:00:00Z,2840.0,2870.0,2810.0,2830.0,182403300
2026-07-16T00:00:00Z,2840.0,2880.0,2830.0,2860.0,197705800
2026-07-17T00:00:00Z,2860.0,3000.0,2840.0,2970.0,439266600
2026-07-20T00:00:00Z,3000.0,3080.0,2990.0,3020.0,393555500
2026-07-21T00:00:00Z,3080.0,3080.0,3040.0,3070.0,320262200
2026-07-22T00:00:00Z,3080.0,3080.0,3020.0,3020.0,200041000
2026-07-23T00:00:00Z,3030.0,3070.0,2990.0,2990.0,217693500
2026-07-24T00:00:00Z,2970.0,3020.0,2940.0,2960.0,290905700
2026-07-27T00:00:00Z,2930.0,2980.0,2920.0,2950.0,201363300
2026-07-28T00:00:00Z,2930.0,2970.0,2920.0,2930.0,220772100
2026-07-29T00:00:00Z,2930.0,2950.0,2910.0,2920.0,132102100
2026-07-30T00:00:00Z,2930.0,3010.0,2920.0,2990.0,220548900
2026-07-31T00:00:00Z,3000.0,3040.0,2980.0,3040.0,226634400
2026-08-03T00:00:00Z,3030.0,3030.0,2980.0,3020.0,119721600
2026-08-04T00:00:00Z,3020.0,3060.0,3000.0,3060.0,191121700
2026-08-05T00:00:00Z,3060.0,3070.0,3020.0,3020.0,111460100
2026-08-06T00:00:00Z,3030.0,3070.0,3030.0,3040.0,117685400
2026-08-07T00:00:00Z,3050.0,3130.0,3040.0,3130.0,349136300
2026-08-10T00:00:00Z,3140.0,3160.0,3090.0,3090.0,232230700
2026-08-11T00:00:00Z,3100.0,3110.0,3060.0,3090.0,179274900
2026-08-12T00:00:00Z,3090.0,3130.0,3080.0,3130.0,158307500
2026-08-13T00:00:00Z,3130.0,3130.0,3080.0,3110.0,165084600
2026-08-14T00:00:00Z,3110.0,3150.0,3090.0,3120.0,118492200
2026-08-18T00:00:00Z,3120.0,3140.0,3080.0,3080.0,153801000
2026-08-19T00:00:00Z,3080.0,3100.0,3040.0,3080.0,101112000
2026-08-20T00:00:00Z,3100.0,3140.0,3090.0,3140.0,156120300
2026-08-21T00:00:00Z,3170.0,3250.0,3160.0,3230.0,349663900
2026-08-24T00:00:00Z,3230.0,3240.0,3160.0,3180.0,151200300
2026-08-26T00:00:00Z,3170.0,3170.0,3110.0,3130.0,159003300
2026-08-27T00:00:00Z,3110.0,3150.0,3100.0,3150.0,164832300
2026-08-28T00:00:00Z,3180.0,3200.0,3160.0,3190.0,135419900
2026-08-31T00:00:00Z,3180.0,3270.0,3170.0,3250.0,353834000
2026-09-01T00:00:00Z,3250.0,3380.0,3250.0,3380.0,393505600
2026-09-02T00:00:00Z,3390.0,3400.0,3350.0,3390.0,205175100
2026-09-03T00:00:00Z,3400.0,3430.0,3370.0,3410.0,244699100
2026-09-04T00:00:00Z,3430.0,3440.0,3380.0,3390.0,152173900
2026-09-07T00:00:00Z,3400.0,3400.0,3330.0,3370.0,140651200
2026-09-08T00:00:00Z,3380.0,3420.0,3360.0,3410.0,148330400
2026-09-09T00:00:00Z,3420.0,3420.0,3360.0,3420.0,156865000
2026-09-10T00:00:00Z,3420.0,3430.0,3310.0,3320.0,194894800
2026-09-11T00:00:00Z,3320.0,3320.0,3250.0,3270.0,217302800
2026-09-14T00:00:00Z,3270.0,3410.0,3230.0,3400.0,278495400
2026-09-15T00:00:00Z,3400.0,3400.0,3320.0,3320.0,158042700
2026-09-16T00:00:00Z,3310.0,3360.0,3310.0,3330.0,118364900
2026-09-17T00:00:00Z,3350.0,3360.0,3320.0,3330.0,132493900
2026-09-18T00:00:00Z,3310.0,3340.0,3250.0,3310.0,242737200
