date,open,high,low,close,volume
2003-07-14T00:00:00Z,190.5150604248047,215.09764099121094,190.5150604248047,208.95199584960938,2396676086
2003-07-15T00:00:00Z,215.09764099121094,221.2432861328125,208.95199584960938,208.95199584960938,841825534
2003-07-16T00:00:00Z,208.95199584960938,208.95199584960938,202.8063507080078,202.8063507080078,147014628
2003-07-17T00:00:00Z,202.8063507080078,208.95199584960938,202.8063507080078,208.95199584960938,222191824
2003-07-18T00:00:00Z,202.8063507080078,208.95199584960938,202.8063507080078,208.95199584960938,82279783
2003-07-21T00:00:00Z,208.95199584960938,215.09764099121094,202.8063507080078,208.95199584960938,201325428
2003-07-22T00:00:00Z,208.95199584960938,208.95199584960938,202.8063507080078,208.95199584960938,2815000
2003-07-23T00:00:00Z,202.8063507080078,208.95199584960938,202.8063507080078,208.95199584960938,198077194
2003-07-24T00:00:00Z,202.8063507080078,202.8063507080078,190.5150604248047,202.8063507080078,364019855
2003-07-25T00:00:00Z,196.66070556640625,202.8063507080078,196.66070556640625,202.8063507080078,243745698
2003-07-28T00:00:00Z,196.66070556640625,202.8063507080078,190.5150604248047,196.66070556640625,70956728
2003-07-29T00:00:00Z,196.66070556640625,196.66070556640625,190.5150604248047,196.66070556640625,76474862
2003-07-30T00:00:00Z,190.5150604248047,190.5150604248047,178.2237548828125,190.5150604248047,294208246
2003-07-31T00:00:00Z,184.36940002441406,190.5150604248047,184.36940002441406,190.5150604248047,59649944
2003-08-01T00:00:00Z,184.36940002441406,190.5150604248047,184.36940002441406,190.5150604248047,76643680
2003-08-04T00:00:00Z,190.5150604248047,190.5150604248047,178.2237548828125,190.5150604248047,265234485
2003-08-05T00:00:00Z,184.36940002441406,196.66070556640625,178.2237548828125,184.36940002441406,441336776
2003-08-06T00:00:00Z,184.36940002441406,184.36940002441406,172.07810974121094,184.36940002441406,545062634
2003-08-07T00:00:00Z,184.36940002441406,190.5150604248047,184.36940002441406,190.5150604248047,161856434
2003-08-08T00:00:00Z,190.5150604248047,190.5150604248047,184.36940002441406,190.5150604248047,16902207
2003-08-11T00:00:00Z,184.36940002441406,190.5150604248047,184.36940002441406,190.5150604248047,11477636
2003-08-12T00:00:00Z,184.36940002441406,190.5150604248047,184.36940002441406,190.5150604248047,51603599
2003-08-13T00:00:00Z,190.5150604248047,190.5150604248047,184.36940002441406,190.5150604248047,27718806
2003-08-14T00:00:00Z,184.36940002441406,190.5150604248047,184.36940002441406,190.5150604248047,30484992
2003-08-15T00:00:00Z,184.36940002441406,190.5150604248047,184.36940002441406,190.5150604248047,29732427
2003-08-19T00:00:00Z,190.5150604248047,196.66070556640625,184.36940002441406,190.5150604248047,223406098
2003-08-20T00:00:00Z,184.36940002441406,190.5150604248047,184.36940002441406,190.5150604248047,33718988
2003-08-21T00:00:00Z,184.36940002441406,208.95199584960938,184.36940002441406,208.95199584960938,379821690
2003-08-22T00:00:00Z,208.95199584960938,208.95199584960938,202.8063507080078,208.95199584960938,67909856
2003-08-25T00:00:00Z,202.8063507080078,208.95199584960938,196.66070556640625,208.95199584960938,140322900
2003-08-26T00:00:00Z,202.8063507080078,208.95199584960938,196.66070556640625,208.95199584960938,42513831
2003-08-27T00:00:00Z,202.8063507080078,208.95199584960938,202.8063507080078,208.95199584960938,35999058
2003-08-28T00:00:00Z,208.95199584960938,208.95199584960938,202.8063507080078,208.95199584960938,41338203
2003-08-29T00:00:00Z,208.95199584960938,208.95199584960938,196.66070556640625,208.95199584960938,203461086
2003-09-01T00:00:00Z,202.8063507080078,202.8063507080078,196.66070556640625,202.8063507080078,240944935
2003-09-02T00:00:00Z,196.66070556640625,196.66070556640625,190.5150604248047,196.66070556640625,157816990
2003-09-03T00:00:00Z,196.66070556640625,202.8063507080078,190.5150604248047,202.8063507080078,154054164
2003-09-04T00:00:00Z,202.8063507080078,215.09764099121094,202.8063507080078,215.09764099121094,430583230
2003-09-05T00:00:00Z,208.95199584960938,221.2432861328125,208.95199584960938,215.09764099121094,289109108
2003-09-08T00:00:00Z,215.09764099121094,215.09764099121094,202.8063507080078,208.95199584960938,260137382
2003-09-09T00:00:00Z,208.95199584960938,208.95199584960938,202.8063507080078,208.95199584960938,98276879
2003-09-10T00:00:00Z,202.8063507080078,208.95199584960938,202.8063507080078,208.95199584960938,63500231
2003-09-11T00:00:00Z,202.8063507080078,208.95199584960938,202.8063507080078,208.95199584960938,33782041
2003-09-12T00:00:00Z,202.8063507080078,208.95199584960938,202.8063507080078,208.95199584960938,118565630
2003-09-15T00:00:00Z,202.8063507080078,215.09764099121094,202.8063507080078,215.09764099121094,209058544
2003-09-16T00:00:00Z,208.95199584960938,215.09764099121094,202.8063507080078,208.95199584960938,71086902
2003-09-17T00:00:00Z,208.95199584960938,215.09764099121094,208.95199584960938,215.09764099121094,73562231
2003-09-18T00:00:00Z,208.95199584960938,215.09764099121094,208.95199584960938,215.09764099121094,66622359
2003-09-19T00:00:00Z,208.95199584960938,215.09764099121094,208.95199584960938,215.09764099121094,48438757
2003-09-23T00:00:00Z,208.95199584960938,208.95199584960938,202.8063507080078,208.95199584960938,88879984
2003-09-24T00:00:00Z,208.95199584960938,215.09764099121094,208.95199584960938,215.09764099121094,129640542
2003-09-25T00:00:00Z,208.95199584960938,215.09764099121094,208.95199584960938,215.09764099121094,88495565
2003-09-26T00:00:00Z,208.95199584960938,215.09764099121094,208.95199584960938,215.09764099121094,16196423
2003-09-29T00:00:00Z,208.95199584960938,208.95199584960938,202.8063507080078,208.95199584960938,111861698
2003-09-30T00:00:00Z,208.95199584960938,208.95199584960938,202.8063507080078,208.95199584960938,35612605
2003-10-01T00:00:00Z,208.95199584960938,215.09764099121094,202.8063507080078,215.09764099121094,270471932
2003-10-02T00:00:00Z,208.95199584960938,215.09764099121094,208.95199584960938,215.09764099121094,55885084
2003-10-03T00:00:00Z,208.95199584960938,215.09764099121094,208.95199584960938,215.09764099121094,6187306
2003-10-06T00:00:00Z,215.09764099121094,215.09764099121094,208.95199584960938,215.09764099121094,30779916
2003-10-07T00:00:00Z,208.95199584960938,208.95199584960938,202.8063507080078,208.95199584960938,216848611
2003-10-08T00:00:00Z,208.95199584960938,208.95199584960938,202.8063507080078,208.95199584960938,112071196
2003-10-09T00:00:00Z,208.95199584960938,208.95199584960938,202.8063507080078,208.95199584960938,147478371
2003-10-10T00:00:00Z,208.95199584960938,227.38893127441406,208.95199584960938,227.38893127441406,738640709
2003-10-13T00:00:00Z,227.38893127441406,233.53457641601562,221.2432861328125,227.38893127441406,130022926
2003-10-14T00:00:00Z,227.38893127441406,251.97152709960938,227.38893127441406,245.8258819580078,333138240
2003-10-15T00:00:00Z,245.8258819580078,245.8258819580078,233.53457641601562,239.6802215576172,169557007
2003-10-16T00:00:00Z,239.6802215576172,239.6802215576172,227.38893127441406,233.53457641601562,246896302
2003-10-17T00:00:00Z,233.53457641601562,233.53457641601562,227.38893127441406,233.53457641601562,24128867
2003-10-20T00:00:00Z,233.53457641601562,233.53457641601562,227.38893127441406,233.53457641601562,45377647
2003-10-21T00:00:00Z,233.53457641601562,233.53457641601562,221.2432861328125,227.38893127441406,106953752
2003-10-22T00:00:00Z,227.38893127441406,233.53457641601562,221.2432861328125,227.38893127441406,153537538
2003-10-23T00:00:00Z,227.38893127441406,233.53457641601562,215.09764099121094,221.2432861328125,233053170
2003-10-24T00:00:00Z,221.2432861328125,227.38893127441406,221.2432861328125,227.38893127441406,85916504
2003-10-27T00:00:00Z,221.2432861328125,227.38893127441406,221.2432861328125,227.38893127441406,108818893
2003-10-28T00:00:00Z,221.2432861328125,227.38893127441406,221.2432861328125,227.38893127441406,179881388
2003-10-29T00:00:00Z,221.2432861328125,227.38893127441406,221.2432861328125,227.38893127441406,128837128
2003-10-30T00:00:00Z,227.38893127441406,233.53457641601562,221.2432861328125,227.38893127441406,95842229
2003-10-31T00:00:00Z,227.38893127441406,239.6802215576172,221.2432861328125,233.53457641601562,171670291
2003-11-03T00:00:00Z,233.53457641601562,233.53457641601562,227.38893127441406,233.53457641601562,13898048
2003-11-04T00:00:00Z,233.53457641601562,239.6802215576172,233.53457641601562,233.53457641601562,94172348
2003-11-05T00:00:00Z,233.53457641601562,233.53457641601562,227.38893127441406,233.53457641601562,157792582
2003-11-06T00:00:00Z,233.53457641601562,233.53457641601562,221.2432861328125,227.38893127441406,250612347
2003-11-07T00:00:00Z,221.2432861328125,221.2432861328125,215.09764099121094,221.2432861328125,169550905
2003-11-10T00:00:00Z,221.2432861328125,227.38893127441406,208.95199584960938,215.09764099121094,225499043
2003-11-11T00:00:00Z,208.95199584960938,215.09764099121094,202.8063507080078,208.95199584960938,225806171
2003-11-12T00:00:00Z,208.95199584960938,208.95199584960938,202.8063507080078,208.95199584960938,106315089
2003-11-13T00:00:00Z,208.95199584960938,208.95199584960938,196.66070556640625,208.95199584960938,464108992
2003-11-14T00:00:00Z,202.8063507080078,208.95199584960938,202.8063507080078,208.95199584960938,75012444
2003-11-17T00:00:00Z,208.95199584960938,208.95199584960938,196.66070556640625,202.8063507080078,49408956
2003-11-18T00:00:00Z,202.8063507080078,215.09764099121094,202.8063507080078,215.09764099121094,208879556
2003-11-19T00:00:00Z,208.95199584960938,215.09764099121094,202.8063507080078,208.95199584960938,97001586
2003-11-20T00:00:00Z,208.95199584960938,215.09764099121094,208.95199584960938,215.09764099121094,30065996
2003-11-21T00:00:00Z,215.09764099121094,227.38893127441406,208.95199584960938,227.38893127441406,444757897
2003-12-01T00:00:00Z,227.38893127441406,233.53457641601562,221.2432861328125,227.38893127441406,120841631
2003-12-02T00:00:00Z,227.38893127441406,233.53457641601562,227.38893127441406,233.53457641601562,357602711
2003-12-03T00:00:00Z,227.38893127441406,233.53457641601562,227.38893127441406,233.53457641601562,69138368
2003-12-04T00:00:00Z,227.38893127441406,227.38893127441406,221.2432861328125,227.38893127441406,75158889
2003-12-05T00:00:00Z,227.38893127441406,227.38893127441406,221.2432861328125,227.38893127441406,7668029
2003-12-08T00:00:00Z,221.2432861328125,233.53457641601562,221.2432861328125,233.53457641601562,56784095
2003-12-09T00:00:00Z,227.38893127441406,233.53457641601562,227.38893127441406,233.53457641601562,29577846
2003-12-10T00:00:00Z,227.38893127441406,239.6802215576172,227.38893127441406,239.6802215576172,89520681
2003-12-11T00:00:00Z,233.53457641601562,239.6802215576172,233.53457641601562,239.6802215576172,84157128
2003-12-12T00:00:00Z,233.53457641601562,245.8258819580078,233.53457641601562,245.8258819580078,143493844
2003-12-15T00:00:00Z,245.8258819580078,245.8258819580078,233.53457641601562,239.6802215576172,145397630
2003-12-16T00:00:00Z,239.6802215576172,245.8258819580078,233.53457641601562,245.8258819580078,319842243
2003-12-17T00:00:00Z,233.53457641601562,239.6802215576172,227.38893127441406,233.53457641601562,114916706
2003-12-18T00:00:00Z,233.53457641601562,239.6802215576172,233.53457641601562,233.53457641601562,255524360
2003-12-19T00:00:00Z,233.53457641601562,245.8258819580078,233.53457641601562,239.6802215576172,249257730
2003-12-22T00:00:00Z,239.6802215576172,251.97152709960938,239.6802215576172,251.97152709960938,147128530
2003-12-23T00:00:00Z,251.97152709960938,258.1171569824219,245.8258819580078,251.97152709960938,263239171
2003-12-29T00:00:00Z,251.97152709960938,251.97152709960938,245.8258819580078,251.97152709960938,50008974
2003-12-30T00:00:00Z,251.97152709960938,251.97152709960938,239.6802215576172,245.8258819580078,104039087
2004-01-02T00:00:00Z,245.8258819580078,251.97152709960938,239.6802215576172,245.8258819580078,121057231
2004-01-05T00:00:00Z,251.97152709960938,264.2628173828125,245.8258819580078,258.1171569824219,327654684
2004-01-06T00:00:00Z,258.1171569824219,258.1171569824219,251.97152709960938,251.97152709960938,182570283
2004-01-07T00:00:00Z,251.97152709960938,251.97152709960938,245.8258819580078,251.97152709960938,21484719
2004-01-08T00:00:00Z,251.97152709960938,276.5541076660156,251.97152709960938,276.5541076660156,623148393
2004-01-09T00:00:00Z,276.5541076660156,307.2823486328125,276.5541076660156,307.2823486328125,473540465
2004-01-12T00:00:00Z,301.1366882324219,307.2823486328125,288.84539794921875,301.1366882324219,119057848
2004-01-13T00:00:00Z,294.9910583496094,301.1366882324219,288.84539794921875,294.9910583496094,71800821
2004-01-14T00:00:00Z,294.9910583496094,307.2823486328125,282.69976806640625,307.2823486328125,211470821
2004-01-15T00:00:00Z,307.2823486328125,331.86492919921875,307.2823486328125,331.86492919921875,415527858
2004-01-16T00:00:00Z,325.71929931640625,344.1562194824219,325.71929931640625,331.86492919921875,277918260
2004-01-19T00:00:00Z,331.86492919921875,338.0105895996094,319.5736389160156,325.71929931640625,96568352
2004-01-20T00:00:00Z,331.86492919921875,331.86492919921875,325.71929931640625,331.86492919921875,64128724
2004-01-21T00:00:00Z,331.86492919921875,331.86492919921875,319.5736389160156,325.71929931640625,97503974
2004-01-23T00:00:00Z,325.71929931640625,350.3018798828125,325.71929931640625,350.3018798828125,192186846
2004-01-26T00:00:00Z,350.3018798828125,368.7388000488281,344.1562194824219,368.7388000488281,187313478
2004-01-27T00:00:00Z,368.7388000488281,368.7388000488281,319.5736389160156,325.71929931640625,833325615
2004-01-28T00:00:00Z,325.71929931640625,338.0105895996094,319.5736389160156,325.71929931640625,193216030
2004-01-29T00:00:00Z,325.71929931640625,325.71929931640625,313.427978515625,325.71929931640625,335300339
2004-01-30T00:00:00Z,325.71929931640625,325.71929931640625,307.2823486328125,319.5736389160156,292035976
2004-02-03T00:00:00Z,307.2823486328125,319.5736389160156,301.1366882324219,319.5736389160156,264593788
2004-02-04T00:00:00Z,319.5736389160156,325.71929931640625,313.427978515625,325.71929931640625,86404654
2004-02-05T00:00:00Z,319.5736389160156,325.71929931640625,319.5736389160156,319.5736389160156,15885227
2004-02-06T00:00:00Z,325.71929931640625,356.447509765625,325.71929931640625,350.3018798828125,489090089
2004-02-09T00:00:00Z,350.3018798828125,356.447509765625,338.0105895996094,344.1562194824219,107488684
2004-02-10T00:00:00Z,344.1562194824219,350.3018798828125,338.0105895996094,344.1562194824219,66414895
2004-02-11T00:00:00Z,344.1562194824219,344.1562194824219,338.0105895996094,344.1562194824219,61525256
2004-02-12T00:00:00Z,344.1562194824219,344.1562194824219,338.0105895996094,344.1562194824219,259637027
2004-02-13T00:00:00Z,338.0105895996094,344.1562194824219,331.86492919921875,344.1562194824219,118008325
2004-02-16T00:00:00Z,338.0105895996094,344.1562194824219,338.0105895996094,344.1562194824219,61443897
2004-02-17T00:00:00Z,338.0105895996094,350.3018798828125,338.0105895996094,350.3018798828125,124407163
2004-02-18T00:00:00Z,350.3018798828125,356.447509765625,344.1562194824219,356.447509765625,139149305
2004-02-19T00:00:00Z,356.447509765625,387.1757507324219,356.447509765625,381.0301208496094,442575458
2004-02-20T00:00:00Z,381.0301208496094,381.0301208496094,374.88446044921875,381.0301208496094,296897141
2004-02-24T00:00:00Z,374.88446044921875,374.88446044921875,356.447509765625,368.7388000488281,185232737
2004-02-25T00:00:00Z,362.5931701660156,368.7388000488281,356.447509765625,368.7388000488281,199258925
2004-02-26T00:00:00Z,368.7388000488281,374.88446044921875,362.5931701660156,368.7388000488281,181929586
2004-02-27T00:00:00Z,368.7388000488281,368.7388000488281,344.1562194824219,344.1562194824219,227408931
2004-03-01T00:00:00Z,350.3018798828125,350.3018798828125,331.86492919921875,344.1562194824219,70362812
2004-03-02T00:00:00Z,344.1562194824219,368.7388000488281,344.1562194824219,368.7388000488281,310933499
2004-03-03T00:00:00Z,368.7388000488281,381.0301208496094,362.5931701660156,374.88446044921875,241152399
2004-03-04T00:00:00Z,374.88446044921875,374.88446044921875,362.5931701660156,374.88446044921875,86787039
2004-03-05T00:00:00Z,368.7388000488281,368.7388000488281,362.5931701660156,368.7388000488281,60764555
2004-03-08T00:00:00Z,362.5931701660156,362.5931701660156,356.447509765625,362.5931701660156,45965462
2004-03-09T00:00:00Z,362.5931701660156,362.5931701660156,350.3018798828125,362.5931701660156,204504508
2004-03-10T00:00:00Z,362.5931701660156,368.7388000488281,356.447509765625,368.7388000488281,184307285
2004-03-12T00:00:00Z,356.447509765625,356.447509765625,344.1562194824219,344.1562194824219,262401179
2004-03-15T00:00:00Z,350.3018798828125,350.3018798828125,338.0105895996094,338.0105895996094,186619897
2004-03-16T00:00:00Z,338.0105895996094,338.0105895996094,319.5736389160156,338.0105895996094,280340706
2004-03-17T00:00:00Z,338.0105895996094,344.1562194824219,331.86492919921875,344.1562194824219,169420732
2004-03-18T00:00:00Z,344.1562194824219,344.1562194824219,338.0105895996094,344.1562194824219,88058264
2004-03-19T00:00:00Z,338.0105895996094,344.1562194824219,338.0105895996094,344.1562194824219,32584039
2004-03-23T00:00:00Z,331.86492919921875,344.1562194824219,331.86492919921875,338.0105895996094,225257002
2004-03-24T00:00:00Z,331.86492919921875,338.0105895996094,331.86492919921875,338.0105895996094,56015258
2004-03-25T00:00:00Z,338.0105895996094,338.0105895996094,325.71929931640625,331.86492919921875,76853178
2004-03-26T00:00:00Z,331.86492919921875,331.86492919921875,313.427978515625,325.71929931640625,266105020
2004-03-29T00:00:00Z,325.71929931640625,325.71929931640625,307.2823486328125,319.5736389160156,246851555
2004-03-30T00:00:00Z,319.5736389160156,338.0105895996094,313.427978515625,331.86492919921875,270260401
2004-03-31T00:00:00Z,331.86492919921875,344.1562194824219,325.71929931640625,344.1562194824219,201349836
2004-04-01T00:00:00Z,338.0105895996094,338.0105895996094,325.71929931640625,338.0105895996094,233862686
2004-04-02T00:00:00Z,338.0105895996094,344.1562194824219,338.0105895996094,344.1562194824219,271462471
2004-04-06T00:00:00Z,350.3018798828125,362.5931701660156,344.1562194824219,362.5931701660156,408492390
2004-04-07T00:00:00Z,362.5931701660156,362.5931701660156,350.3018798828125,356.447509765625,185639529
2004-04-08T00:00:00Z,350.3018798828125,362.5931701660156,350.3018798828125,356.447509765625,86738224
2004-04-12T00:00:00Z,350.3018798828125,350.3018798828125,344.1562194824219,350.3018798828125,15431654
2004-04-13T00:00:00Z,350.3018798828125,350.3018798828125,344.1562194824219,350.3018798828125,34593591
2004-04-14T00:00:00Z,344.1562194824219,356.447509765625,344.1562194824219,356.447509765625,86669069
2004-04-15T00:00:00Z,356.447509765625,356.447509765625,338.0105895996094,350.3018798828125,234485078
2004-04-16T00:00:00Z,344.1562194824219,350.3018798828125,344.1562194824219,350.3018798828125,147360402
2004-04-19T00:00:00Z,350.3018798828125,368.7388000488281,350.3018798828125,356.447509765625,262209987
2004-04-20T00:00:00Z,356.447509765625,368.7388000488281,356.447509765625,368.7388000488281,391516960
2004-04-21T00:00:00Z,368.7388000488281,381.0301208496094,368.7388000488281,381.0301208496094,671090864
2004-04-22T00:00:00Z,381.0301208496094,381.0301208496094,362.5931701660156,374.88446044921875,174442579
2004-04-23T00:00:00Z,374.88446044921875,381.0301208496094,368.7388000488281,381.0301208496094,200092848
2004-04-26T00:00:00Z,374.88446044921875,381.0301208496094,368.7388000488281,374.88446044921875,261982183
2004-04-27T00:00:00Z,374.88446044921875,381.0301208496094,374.88446044921875,381.0301208496094,96661915
2004-04-28T00:00:00Z,374.88446044921875,374.88446044921875,368.7388000488281,374.88446044921875,270937709
2004-04-29T00:00:00Z,368.7388000488281,368.7388000488281,362.5931701660156,368.7388000488281,145889848
2004-04-30T00:00:00Z,362.5931701660156,362.5931701660156,350.3018798828125,356.447509765625,158138356
2004-05-04T00:00:00Z,356.447509765625,356.447509765625,344.1562194824219,356.447509765625,139633387
2004-05-05T00:00:00Z,350.3018798828125,350.3018798828125,325.71929931640625,338.0105895996094,197916511
2004-05-06T00:00:00Z,338.0105895996094,338.0105895996094,319.5736389160156,325.71929931640625,252530371
2004-05-07T00:00:00Z,325.71929931640625,331.86492919921875,319.5736389160156,331.86492919921875,183491667
2004-05-10T00:00:00Z,319.5736389160156,319.5736389160156,294.9910583496094,294.9910583496094,289513866
2004-05-11T00:00:00Z,294.9910583496094,313.427978515625,294.9910583496094,313.427978515625,202639366
2004-05-12T00:00:00Z,313.427978515625,331.86492919921875,313.427978515625,331.86492919921875,327650616
2004-05-13T00:00:00Z,325.71929931640625,338.0105895996094,319.5736389160156,338.0105895996094,211714896
2004-05-14T00:00:00Z,338.0105895996094,338.0105895996094,307.2823486328125,319.5736389160156,332119226
2004-05-17T00:00:00Z,294.9910583496094,307.2823486328125,276.5541076660156,288.84539794921875,332168041
2004-05-18T00:00:00Z,288.84539794921875,301.1366882324219,276.5541076660156,282.69976806640625,205145205
2004-05-19T00:00:00Z,288.84539794921875,294.9910583496094,288.84539794921875,294.9910583496094,148058050
2004-05-21T00:00:00Z,294.9910583496094,313.427978515625,294.9910583496094,307.2823486328125,205090288
2004-05-24T00:00:00Z,307.2823486328125,307.2823486328125,301.1366882324219,307.2823486328125,82513689
2004-05-25T00:00:00Z,301.1366882324219,301.1366882324219,288.84539794921875,294.9910583496094,208204281
2004-05-26T00:00:00Z,294.9910583496094,307.2823486328125,294.9910583496094,301.1366882324219,149060792
2004-05-27T00:00:00Z,301.1366882324219,307.2823486328125,301.1366882324219,307.2823486328125,60750317
2004-05-28T00:00:00Z,307.2823486328125,313.427978515625,301.1366882324219,313.427978515625,156055581
2004-05-31T00:00:00Z,307.2823486328125,307.2823486328125,301.1366882324219,307.2823486328125,52207685
2004-06-01T00:00:00Z,307.2823486328125,313.427978515625,307.2823486328125,313.427978515625,81057373
2004-06-02T00:00:00Z,307.2823486328125,307.2823486328125,288.84539794921875,294.9910583496094,205509284
2004-06-04T00:00:00Z,288.84539794921875,288.84539794921875,270.4084777832031,276.5541076660156,601083995
2004-06-07T00:00:00Z,276.5541076660156,282.69976806640625,270.4084777832031,276.5541076660156,485886602
2004-06-08T00:00:00Z,276.5541076660156,282.69976806640625,276.5541076660156,282.69976806640625,246936981
2004-06-09T00:00:00Z,282.69976806640625,294.9910583496094,282.69976806640625,294.9910583496094,274940543
2004-06-10T00:00:00Z,288.84539794921875,301.1366882324219,288.84539794921875,294.9910583496094,225964820
2004-06-11T00:00:00Z,294.9910583496094,301.1366882324219,288.84539794921875,294.9910583496094,150484564
2004-06-14T00:00:00Z,282.69976806640625,282.69976806640625,270.4084777832031,276.5541076660156,48613677
2004-06-15T00:00:00Z,276.5541076660156,282.69976806640625,270.4084777832031,282.69976806640625,237767890
2004-06-16T00:00:00Z,282.69976806640625,282.69976806640625,276.5541076660156,282.69976806640625,59151624
2004-06-17T00:00:00Z,276.5541076660156,276.5541076660156,270.4084777832031,276.5541076660156,59188236
2004-06-18T00:00:00Z,270.4084777832031,270.4084777832031,258.1171569824219,264.2628173828125,137491628
2004-06-21T00:00:00Z,264.2628173828125,270.4084777832031,258.1171569824219,270.4084777832031,44913904
2004-06-22T00:00:00Z,270.4084777832031,270.4084777832031,264.2628173828125,270.4084777832031,59936733
2004-06-23T00:00:00Z,270.4084777832031,276.5541076660156,264.2628173828125,270.4084777832031,78266780
2004-06-24T00:00:00Z,270.4084777832031,276.5541076660156,264.2628173828125,276.5541076660156,79196300
2004-06-25T00:00:00Z,276.5541076660156,282.69976806640625,270.4084777832031,282.69976806640625,80174635
2004-06-28T00:00:00Z,282.69976806640625,288.84539794921875,276.5541076660156,288.84539794921875,161006239
2004-06-29T00:00:00Z,282.69976806640625,288.84539794921875,276.5541076660156,288.84539794921875,14225516
2004-06-30T00:00:00Z,288.84539794921875,288.84539794921875,282.69976806640625,288.84539794921875,94514053
2004-07-01T00:00:00Z,288.84539794921875,294.9910583496094,282.69976806640625,294.9910583496094,104490627
2004-07-02T00:00:00Z,288.84539794921875,301.1366882324219,288.84539794921875,294.9910583496094,216567924
2004-07-06T00:00:00Z,301.1366882324219,319.5736389160156,301.1366882324219,319.5736389160156,316295017
2004-07-07T00:00:00Z,313.427978515625,319.5736389160156,307.2823486328125,313.427978515625,89709839
2004-07-08T00:00:00Z,307.2823486328125,313.427978515625,301.1366882324219,307.2823486328125,82879802
2004-07-09T00:00:00Z,301.1366882324219,307.2823486328125,301.1366882324219,307.2823486328125,136871270
2004-07-12T00:00:00Z,307.2823486328125,313.427978515625,301.1366882324219,307.2823486328125,86252107
2004-07-13T00:00:00Z,301.1366882324219,307.2823486328125,301.1366882324219,307.2823486328125,33969165
2004-07-14T00:00:00Z,301.1366882324219,307.2823486328125,288.84539794921875,294.9910583496094,104214008
2004-07-15T00:00:00Z,294.9910583496094,301.1366882324219,288.84539794921875,294.9910583496094,70102465
2004-07-16T00:00:00Z,294.9910583496094,301.1366882324219,288.84539794921875,301.1366882324219,71066562
2004-07-19T00:00:00Z,301.1366882324219,301.1366882324219,288.84539794921875,294.9910583496094,64767388
2004-07-20T00:00:00Z,294.9910583496094,301.1366882324219,294.9910583496094,301.1366882324219,69496345
2004-07-21T00:00:00Z,301.1366882324219,307.2823486328125,294.9910583496094,307.2823486328125,93360797
2004-07-22T00:00:00Z,301.1366882324219,307.2823486328125,301.1366882324219,307.2823486328125,47541781
2004-07-23T00:00:00Z,301.1366882324219,307.2823486328125,301.1366882324219,307.2823486328125,24238701
2004-07-26T00:00:00Z,307.2823486328125,307.2823486328125,294.9910583496094,307.2823486328125,122019294
2004-07-27T00:00:00Z,307.2823486328125,307.2823486328125,301.1366882324219,307.2823486328125,32748789
2004-07-28T00:00:00Z,307.2823486328125,307.2823486328125,301.1366882324219,307.2823486328125,45979699
2004-07-29T00:00:00Z,307.2823486328125,307.2823486328125,301.1366882324219,307.2823486328125,43331483
2004-07-30T00:00:00Z,307.2823486328125,307.2823486328125,301.1366882324219,307.2823486328125,43392502
2004-08-02T00:00:00Z,301.1366882324219,307.2823486328125,301.1366882324219,307.2823486328125,7674131
2004-08-03T00:00:00Z,307.2823486328125,313.427978515625,301.1366882324219,313.427978515625,135986497
2004-08-04T00:00:00Z,307.2823486328125,313.427978515625,307.2823486328125,313.427978515625,67934264
2004-08-05T00:00:00Z,307.2823486328125,313.427978515625,307.2823486328125,307.2823486328125,121714200
2004-08-06T00:00:00Z,307.2823486328125,307.2823486328125,301.1366882324219,307.2823486328125,1234613
2004-08-09T00:00:00Z,301.1366882324219,307.2823486328125,294.9910583496094,301.1366882324219,50964935
2004-08-10T00:00:00Z,301.1366882324219,307.2823486328125,301.1366882324219,307.2823486328125,20260275
2004-08-11T00:00:00Z,301.1366882324219,307.2823486328125,294.9910583496094,307.2823486328125,200259633
2004-08-12T00:00:00Z,307.2823486328125,307.2823486328125,301.1366882324219,307.2823486328125,115634693
2004-08-13T00:00:00Z,301.1366882324219,301.1366882324219,294.9910583496094,301.1366882324219,50108638
2004-08-16T00:00:00Z,294.9910583496094,301.1366882324219,294.9910583496094,301.1366882324219,15437756
2004-08-18T00:00:00Z,301.1366882324219,301.1366882324219,294.9910583496094,301.1366882324219,18482594
2004-08-19T00:00:00Z,294.9910583496094,301.1366882324219,294.9910583496094,301.1366882324219,42680616
2004-08-20T00:00:00Z,301.1366882324219,301.1366882324219,294.9910583496094,301.1366882324219,14306874
2004-08-23T00:00:00Z,294.9910583496094,301.1366882324219,294.9910583496094,294.9910583496094,62957163
2004-08-24T00:00:00Z,294.9910583496094,294.9910583496094,282.69976806640625,288.84539794921875,198288726
2004-08-25T00:00:00Z,288.84539794921875,288.84539794921875,282.69976806640625,288.84539794921875,38478455
2004-08-26T00:00:00Z,288.84539794921875,301.1366882324219,288.84539794921875,301.1366882324219,133840669
2004-08-27T00:00:00Z,294.9910583496094,307.2823486328125,294.9910583496094,307.2823486328125,329560504
2004-08-30T00:00:00Z,301.1366882324219,313.427978515625,301.1366882324219,313.427978515625,59662148
2004-08-31T00:00:00Z,313.427978515625,319.5736389160156,307.2823486328125,307.2823486328125,212369831
2004-09-01T00:00:00Z,307.2823486328125,319.5736389160156,307.2823486328125,319.5736389160156,208847012
2004-09-02T00:00:00Z,319.5736389160156,331.86492919921875,313.427978515625,325.71929931640625,368323714
2004-09-03T00:00:00Z,331.86492919921875,338.0105895996094,325.71929931640625,331.86492919921875,146603768
2004-09-06T00:00:00Z,331.86492919921875,344.1562194824219,331.86492919921875,338.0105895996094,216602502
2004-09-07T00:00:00Z,344.1562194824219,344.1562194824219,338.0105895996094,344.1562194824219,110380975
2004-09-08T00:00:00Z,344.1562194824219,344.1562194824219,331.86492919921875,344.1562194824219,99293859
2004-09-09T00:00:00Z,344.1562194824219,350.3018798828125,319.5736389160156,344.1562194824219,610680218
2004-09-10T00:00:00Z,344.1562194824219,350.3018798828125,338.0105895996094,350.3018798828125,225332258
2004-09-14T00:00:00Z,350.3018798828125,362.5931701660156,344.1562194824219,350.3018798828125,233569796
2004-09-15T00:00:00Z,350.3018798828125,362.5931701660156,344.1562194824219,356.447509765625,287241933
2004-09-16T00:00:00Z,356.447509765625,356.447509765625,344.1562194824219,356.447509765625,77103355
2004-09-17T00:00:00Z,356.447509765625,356.447509765625,344.1562194824219,356.447509765625,208202247
2004-09-21T00:00:00Z,356.447509765625,362.5931701660156,350.3018798828125,362.5931701660156,359976342
2004-09-22T00:00:00Z,362.5931701660156,362.5931701660156,350.3018798828125,356.447509765625,115034675
2004-09-23T00:00:00Z,356.447509765625,362.5931701660156,356.447509765625,362.5931701660156,110159273
2004-09-24T00:00:00Z,356.447509765625,362.5931701660156,356.447509765625,362.5931701660156,84663585
2004-09-27T00:00:00Z,362.5931701660156,362.5931701660156,350.3018798828125,356.447509765625,69431258
2004-09-28T00:00:00Z,350.3018798828125,356.447509765625,344.1562194824219,344.1562194824219,72455757
2004-09-29T00:00:00Z,344.1562194824219,350.3018798828125,344.1562194824219,350.3018798828125,58787545
2004-09-30T00:00:00Z,350.3018798828125,356.447509765625,344.1562194824219,356.447509765625,61309656
2004-10-01T00:00:00Z,350.3018798828125,362.5931701660156,350.3018798828125,356.447509765625,40400547
2004-10-04T00:00:00Z,356.447509765625,381.0301208496094,356.447509765625,374.88446044921875,430286271
2004-10-05T00:00:00Z,374.88446044921875,387.1757507324219,368.7388000488281,387.1757507324219,197178184
2004-10-06T00:00:00Z,387.1757507324219,387.1757507324219,374.88446044921875,381.0301208496094,61441863
2004-10-07T00:00:00Z,374.88446044921875,381.0301208496094,368.7388000488281,381.0301208496094,109699598
2004-10-08T00:00:00Z,374.88446044921875,387.1757507324219,374.88446044921875,387.1757507324219,113480730
2004-10-11T00:00:00Z,381.0301208496094,387.1757507324219,374.88446044921875,381.0301208496094,66054884
2004-10-12T00:00:00Z,374.88446044921875,381.0301208496094,362.5931701660156,362.5931701660156,101671558
2004-10-13T00:00:00Z,368.7388000488281,387.1757507324219,368.7388000488281,387.1757507324219,175557189
2004-10-14T00:00:00Z,387.1757507324219,387.1757507324219,374.88446044921875,381.0301208496094,83823559
2004-10-15T00:00:00Z,374.88446044921875,374.88446044921875,368.7388000488281,374.88446044921875,130061572
2004-10-18T00:00:00Z,374.88446044921875,374.88446044921875,362.5931701660156,368.7388000488281,101722407
2004-10-19T00:00:00Z,368.7388000488281,374.88446044921875,362.5931701660156,362.5931701660156,158970245
2004-10-20T00:00:00Z,362.5931701660156,362.5931701660156,350.3018798828125,356.447509765625,164093790
2004-10-21T00:00:00Z,356.447509765625,356.447509765625,350.3018798828125,356.447509765625,156663735
2004-10-22T00:00:00Z,356.447509765625,368.7388000488281,350.3018798828125,368.7388000488281,137058394
2004-10-25T00:00:00Z,356.447509765625,368.7388000488281,356.447509765625,368.7388000488281,82822851
2004-10-26T00:00:00Z,362.5931701660156,362.5931701660156,356.447509765625,362.5931701660156,34524437
2004-10-27T00:00:00Z,362.5931701660156,374.88446044921875,362.5931701660156,374.88446044921875,96342583
2004-10-28T00:00:00Z,374.88446044921875,387.1757507324219,374.88446044921875,387.1757507324219,325368513
2004-10-29T00:00:00Z,387.1757507324219,393.3214111328125,381.0301208496094,387.1757507324219,120682982
2004-11-01T00:00:00Z,387.1757507324219,399.467041015625,387.1757507324219,399.467041015625,259557703
2004-11-02T00:00:00Z,399.467041015625,411.7583312988281,393.3214111328125,411.7583312988281,190728497
2004-11-03T00:00:00Z,411.7583312988281,424.0496520996094,405.6127014160156,417.90399169921875,225694303
2004-11-04T00:00:00Z,417.90399169921875,424.0496520996094,405.6127014160156,417.90399169921875,150136757
2004-11-05T00:00:00Z,411.7583312988281,417.90399169921875,405.6127014160156,411.7583312988281,43652849
2004-11-08T00:00:00Z,405.6127014160156,405.6127014160156,393.3214111328125,399.467041015625,138683528
2004-11-09T00:00:00Z,399.467041015625,411.7583312988281,393.3214111328125,405.6127014160156,118077479
2004-11-10T00:00:00Z,405.6127014160156,417.90399169921875,405.6127014160156,417.90399169921875,74770403
2004-11-11T00:00:00Z,417.90399169921875,424.0496520996094,411.7583312988281,411.7583312988281,58783477
2004-11-12T00:00:00Z,411.7583312988281,424.0496520996094,411.7583312988281,417.90399169921875,103516360
2004-11-22T00:00:00Z,424.0496520996094,442.486572265625,417.90399169921875,436.3409423828125,185763600
2004-11-23T00:00:00Z,436.3409423828125,479.3604736328125,436.3409423828125,460.92352294921875,352546286
2004-11-24T00:00:00Z,460.92352294921875,460.92352294921875,442.486572265625,448.6322326660156,282333987
2004-11-25T00:00:00Z,448.6322326660156,448.6322326660156,436.3409423828125,442.486572265625,362913380
2004-11-26T00:00:00Z,442.486572265625,454.7778625488281,436.3409423828125,448.6322326660156,209904672
2004-11-29T00:00:00Z,448.6322326660156,448.6322326660156,442.486572265625,442.486572265625,190917655
2004-11-30T00:00:00Z,448.6322326660156,454.7778625488281,448.6322326660156,448.6322326660156,189591513
2004-12-01T00:00:00Z,454.7778625488281,467.06915283203125,448.6322326660156,467.06915283203125,231755504
2004-12-02T00:00:00Z,467.06915283203125,491.6517639160156,467.06915283203125,485.506103515625,325706150
2004-12-03T00:00:00Z,485.506103515625,485.506103515625,467.06915283203125,467.06915283203125,235333239
2004-12-06T00:00:00Z,467.06915283203125,473.2148132324219,460.92352294921875,473.2148132324219,162987316
2004-12-07T00:00:00Z,473.2148132324219,485.506103515625,473.2148132324219,479.3604736328125,138022491
2004-12-08T00:00:00Z,479.3604736328125,485.506103515625,473.2148132324219,479.3604736328125,150266930
2004-12-09T00:00:00Z,479.3604736328125,479.3604736328125,460.92352294921875,467.06915283203125,184803571
2004-12-10T00:00:00Z,460.92352294921875,467.06915283203125,442.486572265625,454.7778625488281,323924401
2004-12-13T00:00:00Z,454.7778625488281,454.7778625488281,436.3409423828125,442.486572265625,131544329
2004-12-14T00:00:00Z,442.486572265625,448.6322326660156,436.3409423828125,436.3409423828125,71668614
2004-12-15T00:00:00Z,442.486572265625,448.6322326660156,430.1952819824219,442.486572265625,156149143
2004-12-16T00:00:00Z,442.486572265625,448.6322326660156,442.486572265625,448.6322326660156,102066146
2004-12-17T00:00:00Z,442.486572265625,460.92352294921875,436.3409423828125,460.92352294921875,230945988
2004-12-20T00:00:00Z,454.7778625488281,454.7778625488281,442.486572265625,448.6322326660156,152685309
2004-12-21T00:00:00Z,454.7778625488281,473.2148132324219,442.486572265625,473.2148132324219,235119674
2004-12-22T00:00:00Z,473.2148132324219,479.3604736328125,467.06915283203125,473.2148132324219,235046451
2004-12-23T00:00:00Z,473.2148132324219,473.2148132324219,467.06915283203125,473.2148132324219,39743578
2004-12-27T00:00:00Z,473.2148132324219,479.3604736328125,467.06915283203125,479.3604736328125,52132428
2004-12-28T00:00:00Z,479.3604736328125,479.3604736328125,473.2148132324219,479.3604736328125,30560249
2004-12-29T00:00:00Z,479.3604736328125,485.506103515625,467.06915283203125,479.3604736328125,206530332
2004-12-30T00:00:00Z,479.3604736328125,479.3604736328125,467.06915283203125,473.2148132324219,74213098
2005-01-03T00:00:00Z,474.4439392089844,474.4439392089844,454.7778625488281,462.15264892578125,95398825
2005-01-04T00:00:00Z,462.15264892578125,491.6517639160156,462.15264892578125,491.6517639160156,380722734
2005-01-05T00:00:00Z,491.6517639160156,503.94305419921875,485.506103515625,491.6517639160156,242069715
2005-01-06T00:00:00Z,485.506103515625,503.94305419921875,485.506103515625,503.94305419921875,158726170
2005-01-07T00:00:00Z,503.94305419921875,503.94305419921875,485.506103515625,491.6517639160156,343273463
2005-01-10T00:00:00Z,485.506103515625,491.6517639160156,467.06915283203125,473.2148132324219,282118387
2005-01-11T00:00:00Z,467.06915283203125,474.4439392089844,464.61090087890625,471.9856872558594,130893461
2005-01-12T00:00:00Z,469.5274353027344,469.5274353027344,464.61090087890625,467.06915283203125,63628370
2005-01-13T00:00:00Z,469.5274353027344,474.4439392089844,469.5274353027344,471.9856872558594,102940749
2005-01-14T00:00:00Z,471.9856872558594,471.9856872558594,459.69439697265625,459.69439697265625,120180594
2005-01-17T00:00:00Z,459.69439697265625,467.06915283203125,459.69439697265625,464.61090087890625,76184005
2005-01-18T00:00:00Z,464.61090087890625,464.61090087890625,452.3196105957031,457.23614501953125,116822526
2005-01-19T00:00:00Z,457.23614501953125,464.61090087890625,457.23614501953125,462.15264892578125,129443248
2005-01-20T00:00:00Z,462.15264892578125,469.5274353027344,457.23614501953125,469.5274353027344,149536739
2005-01-24T00:00:00Z,469.5274353027344,476.9021911621094,467.06915283203125,476.9021911621094,146070871
2005-01-25T00:00:00Z,476.9021911621094,484.2769775390625,474.4439392089844,476.9021911621094,173905613
2005-01-26T00:00:00Z,479.3604736328125,479.3604736328125,474.4439392089844,474.4439392089844,97351427
2005-01-27T00:00:00Z,476.9021911621094,486.7352294921875,474.4439392089844,481.8187255859375,174973442
2005-01-28T00:00:00Z,481.8187255859375,481.8187255859375,474.4439392089844,476.9021911621094,108104974
2005-01-31T00:00:00Z,474.4439392089844,479.3604736328125,474.4439392089844,476.9021911621094,81500777
2005-02-01T00:00:00Z,476.9021911621094,476.9021911621094,471.9856872558594,474.4439392089844,108548377
2005-02-02T00:00:00Z,474.4439392089844,476.9021911621094,471.9856872558594,474.4439392089844,219462250
2005-02-03T00:00:00Z,474.4439392089844,474.4439392089844,457.23614501953125,464.61090087890625,345307423
2005-02-04T00:00:00Z,462.15264892578125,462.15264892578125,444.94482421875,449.8613586425781,483718401
2005-02-07T00:00:00Z,449.8613586425781,452.3196105957031,430.1952819824219,435.1117858886719,491943735
2005-02-08T00:00:00Z,432.6535339355469,447.4031066894531,430.1952819824219,437.570068359375,412100635
2005-02-11T00:00:00Z,442.486572265625,452.3196105957031,437.570068359375,449.8613586425781,349479075
2005-02-14T00:00:00Z,449.8613586425781,457.23614501953125,449.8613586425781,452.3196105957031,238101459
2005-02-15T00:00:00Z,452.3196105957031,454.7778625488281,442.486572265625,447.4031066894531,257411875
2005-02-16T00:00:00Z,447.4031066894531,457.23614501953125,447.4031066894531,452.3196105957031,223617630
2005-02-17T00:00:00Z,452.3196105957031,467.06915283203125,452.3196105957031,459.69439697265625,468260305
2005-02-18T00:00:00Z,454.7778625488281,459.69439697265625,449.8613586425781,459.69439697265625,71794720
2005-02-21T00:00:00Z,457.23614501953125,462.15264892578125,454.7778625488281,459.69439697265625,63363955
2005-02-22T00:00:00Z,459.69439697265625,471.9856872558594,457.23614501953125,471.9856872558594,333162648
2005-02-23T00:00:00Z,467.06915283203125,474.4439392089844,464.61090087890625,467.06915283203125,168027469
2005-02-24T00:00:00Z,467.06915283203125,467.06915283203125,454.7778625488281,454.7778625488281,201128134
2005-02-25T00:00:00Z,457.23614501953125,457.23614501953125,442.486572265625,444.94482421875,341396118
2005-02-28T00:00:00Z,444.94482421875,447.4031066894531,442.486572265625,444.94482421875,54078928
2005-03-01T00:00:00Z,444.94482421875,457.23614501953125,444.94482421875,454.7778625488281,139324226
2005-03-02T00:00:00Z,457.23614501953125,457.23614501953125,444.94482421875,447.4031066894531,79306134
2005-03-03T00:00:00Z,447.4031066894531,457.23614501953125,447.4031066894531,452.3196105957031,150661519
2005-03-04T00:00:00Z,454.7778625488281,462.15264892578125,452.3196105957031,452.3196105957031,222311828
2005-03-07T00:00:00Z,454.7778625488281,462.15264892578125,452.3196105957031,459.69439697265625,178819661
2005-03-08T00:00:00Z,459.69439697265625,459.69439697265625,452.3196105957031,457.23614501953125,123131870
2005-03-09T00:00:00Z,454.7778625488281,454.7778625488281,447.4031066894531,449.8613586425781,104814026
2005-03-10T00:00:00Z,449.8613586425781,452.3196105957031,444.94482421875,447.4031066894531,163634115
2005-03-14T00:00:00Z,447.4031066894531,447.4031066894531,432.6535339355469,437.570068359375,209841619
2005-03-15T00:00:00Z,437.570068359375,437.570068359375,415.44573974609375,420.36224365234375,503071530
2005-03-16T00:00:00Z,422.82049560546875,427.7370300292969,422.82049560546875,425.2787780761719,299228059
2005-03-17T00:00:00Z,425.2787780761719,435.1117858886719,425.2787780761719,432.6535339355469,194544206
2005-03-18T00:00:00Z,432.6535339355469,432.6535339355469,422.82049560546875,425.2787780761719,105548286
2005-03-21T00:00:00Z,427.7370300292969,430.1952819824219,417.90399169921875,420.36224365234375,109606036
2005-03-22T00:00:00Z,425.2787780761719,432.6535339355469,417.90399169921875,432.6535339355469,357537624
2005-03-23T00:00:00Z,430.1952819824219,430.1952819824219,420.36224365234375,422.82049560546875,133124715
2005-03-24T00:00:00Z,422.82049560546875,422.82049560546875,412.9874572753906,415.44573974609375,311496906
2005-03-28T00:00:00Z,415.44573974609375,420.36224365234375,412.9874572753906,415.44573974609375,141634804
2005-03-29T00:00:00Z,412.9874572753906,415.44573974609375,403.1544494628906,410.5292053222656,228173700
2005-03-30T00:00:00Z,403.1544494628906,420.36224365234375,403.1544494628906,415.44573974609375,175819570
2005-03-31T00:00:00Z,417.90399169921875,425.2787780761719,412.9874572753906,420.36224365234375,167834243
2005-04-01T00:00:00Z,420.36224365234375,425.2787780761719,417.90399169921875,420.36224365234375,44324056
2005-04-04T00:00:00Z,417.90399169921875,422.82049560546875,417.90399169921875,417.90399169921875,35726507
2005-04-05T00:00:00Z,417.90399169921875,422.82049560546875,417.90399169921875,422.82049560546875,77026065
2005-04-06T00:00:00Z,422.82049560546875,427.7370300292969,422.82049560546875,427.7370300292969,94286249
2005-04-07T00:00:00Z,427.7370300292969,435.1117858886719,422.82049560546875,430.1952819824219,164742624
2005-04-08T00:00:00Z,432.6535339355469,432.6535339355469,425.2787780761719,427.7370300292969,37786908
2005-04-11T00:00:00Z,422.82049560546875,425.2787780761719,417.90399169921875,422.82049560546875,71308603
2005-04-12T00:00:00Z,420.36224365234375,420.36224365234375,408.0709533691406,415.44573974609375,181394654
2005-04-13T00:00:00Z,412.9874572753906,422.82049560546875,412.9874572753906,422.82049560546875,77170476
2005-04-14T00:00:00Z,422.82049560546875,427.7370300292969,420.36224365234375,425.2787780761719,87049420
2005-04-15T00:00:00Z,422.82049560546875,422.82049560546875,412.9874572753906,415.44573974609375,86231768
2005-04-18T00:00:00Z,410.5292053222656,410.5292053222656,395.7796630859375,398.2379150390625,126851983
2005-04-19T00:00:00Z,400.6961669921875,410.5292053222656,400.6961669921875,408.0709533691406,113924133
2005-04-20T00:00:00Z,410.5292053222656,410.5292053222656,400.6961669921875,408.0709533691406,135032570
2005-04-21T00:00:00Z,400.6961669921875,400.6961669921875,390.8631286621094,390.8631286621094,93458428
2005-04-25T00:00:00Z,390.8631286621094,390.8631286621094,349.07275390625,349.07275390625,289430474
2005-04-26T00:00:00Z,349.07275390625,358.9057922363281,334.32318115234375,349.07275390625,431724281
2005-04-27T00:00:00Z,349.07275390625,363.8222961425781,349.07275390625,361.3640441894531,266113156
2005-04-28T00:00:00Z,363.8222961425781,403.1544494628906,363.8222961425781,400.6961669921875,466446012
2005-04-29T00:00:00Z,395.7796630859375,398.2379150390625,385.9466247558594,393.3214111328125,250026566
2005-05-02T00:00:00Z,393.3214111328125,395.7796630859375,388.4048767089844,390.8631286621094,38362519
2005-05-03T00:00:00Z,390.8631286621094,400.6961669921875,388.4048767089844,398.2379150390625,61653395
2005-05-04T00:00:00Z,398.2379150390625,410.5292053222656,398.2379150390625,405.6127014160156,95911383
2005-05-06T00:00:00Z,408.0709533691406,412.9874572753906,408.0709533691406,410.5292053222656,78069486
2005-05-09T00:00:00Z,410.5292053222656,427.7370300292969,410.5292053222656,427.7370300292969,347980046
2005-05-10T00:00:00Z,427.7370300292969,427.7370300292969,415.44573974609375,417.90399169921875,257826803
2005-05-11T00:00:00Z,412.9874572753906,412.9874572753906,403.1544494628906,408.0709533691406,161142514
2005-05-12T00:00:00Z,408.0709533691406,420.36224365234375,405.6127014160156,415.44573974609375,348683796
2005-05-13T00:00:00Z,412.9874572753906,415.44573974609375,408.0709533691406,412.9874572753906,155707773
2005-05-16T00:00:00Z,415.44573974609375,420.36224365234375,412.9874572753906,415.44573974609375,114847551
2005-05-17T00:00:00Z,417.90399169921875,422.82049560546875,408.0709533691406,417.90399169921875,210494520
2005-05-18T00:00:00Z,417.90399169921875,417.90399169921875,405.6127014160156,410.5292053222656,80225484
2005-05-19T00:00:00Z,412.9874572753906,412.9874572753906,403.1544494628906,403.1544494628906,68007486
2005-05-20T00:00:00Z,403.1544494628906,408.0709533691406,400.6961669921875,408.0709533691406,110134866
2005-05-23T00:00:00Z,405.6127014160156,408.0709533691406,403.1544494628906,408.0709533691406,56599004
2005-05-25T00:00:00Z,408.0709533691406,415.44573974609375,405.6127014160156,415.44573974609375,182968939
2005-05-26T00:00:00Z,412.9874572753906,415.44573974609375,408.0709533691406,415.44573974609375,135752592
2005-05-27T00:00:00Z,415.44573974609375,417.90399169921875,412.9874572753906,415.44573974609375,61334063
2005-05-30T00:00:00Z,415.44573974609375,420.36224365234375,412.9874572753906,417.90399169921875,176775531
2005-05-31T00:00:00Z,410.5292053222656,410.5292053222656,400.6961669921875,408.0709533691406,535978969
2005-06-01T00:00:00Z,405.6127014160156,408.0709533691406,398.2379150390625,403.1544494628906,152333434
2005-06-02T00:00:00Z,403.1544494628906,403.1544494628906,388.4048767089844,390.8631286621094,315532282
2005-06-03T00:00:00Z,388.4048767089844,388.4048767089844,361.3640441894531,363.8222961425781,460881098
2005-06-06T00:00:00Z,358.9057922363281,373.65533447265625,353.9892578125,368.7388000488281,261491999
2005-06-07T00:00:00Z,368.7388000488281,378.57183837890625,363.8222961425781,371.19708251953125,192351597
2005-06-08T00:00:00Z,371.19708251953125,378.57183837890625,366.2805480957031,378.57183837890625,238113663
2005-06-09T00:00:00Z,378.57183837890625,378.57183837890625,371.19708251953125,376.11358642578125,83752370
2005-06-10T00:00:00Z,373.65533447265625,373.65533447265625,368.7388000488281,371.19708251953125,124073593
2005-06-13T00:00:00Z,371.19708251953125,373.65533447265625,366.2805480957031,371.19708251953125,115020438
2005-06-14T00:00:00Z,358.9057922363281,358.9057922363281,353.9892578125,356.447509765625,97255831
2005-06-15T00:00:00Z,356.447509765625,363.8222961425781,356.447509765625,356.447509765625,249601469
2005-06-16T00:00:00Z,356.447509765625,358.9057922363281,351.531005859375,356.447509765625,268415599
2005-06-17T00:00:00Z,356.447509765625,361.3640441894531,356.447509765625,358.9057922363281,170582123
2005-06-20T00:00:00Z,358.9057922363281,363.8222961425781,356.447509765625,363.8222961425781,137131617
2005-06-21T00:00:00Z,363.8222961425781,363.8222961425781,358.9057922363281,361.3640441894531,115036709
2005-06-22T00:00:00Z,361.3640441894531,373.65533447265625,358.9057922363281,373.65533447265625,316449598
2005-06-23T00:00:00Z,373.65533447265625,378.57183837890625,368.7388000488281,371.19708251953125,174770046
2005-06-24T00:00:00Z,366.2805480957031,373.65533447265625,366.2805480957031,373.65533447265625,87551808
2005-06-27T00:00:00Z,373.65533447265625,373.65533447265625,368.7388000488281,371.19708251953125,68540384
2005-06-28T00:00:00Z,368.7388000488281,376.11358642578125,368.7388000488281,373.65533447265625,60823539
2005-06-29T00:00:00Z,373.65533447265625,373.65533447265625,368.7388000488281,371.19708251953125,53297887
2005-06-30T00:00:00Z,371.19708251953125,371.19708251953125,368.7388000488281,368.7388000488281,99523696
2005-07-01T00:00:00Z,368.7388000488281,378.57183837890625,368.7388000488281,378.57183837890625,149650640
2005-07-04T00:00:00Z,378.57183837890625,381.0301208496094,373.65533447265625,378.57183837890625,109819602
2005-07-05T00:00:00Z,376.11358642578125,376.11358642578125,366.2805480957031,368.7388000488281,89235927
2005-07-06T00:00:00Z,368.7388000488281,368.7388000488281,361.3640441894531,366.2805480957031,166424709
2005-07-07T00:00:00Z,363.8222961425781,366.2805480957031,361.3640441894531,363.8222961425781,189524392
2005-07-08T00:00:00Z,363.8222961425781,366.2805480957031,363.8222961425781,363.8222961425781,60640483
2005-07-11T00:00:00Z,366.2805480957031,368.7388000488281,363.8222961425781,368.7388000488281,90678004
2005-07-12T00:00:00Z,368.7388000488281,373.65533447265625,368.7388000488281,371.19708251953125,100782718
2005-07-13T00:00:00Z,368.7388000488281,373.65533447265625,368.7388000488281,373.65533447265625,64265000
2005-07-14T00:00:00Z,371.19708251953125,373.65533447265625,368.7388000488281,368.7388000488281,145989512
2005-07-15T00:00:00Z,368.7388000488281,371.19708251953125,366.2805480957031,368.7388000488281,223808822
2005-07-18T00:00:00Z,366.2805480957031,368.7388000488281,363.8222961425781,366.2805480957031,54420633
2005-07-19T00:00:00Z,363.8222961425781,376.11358642578125,363.8222961425781,376.11358642578125,193218064
2005-07-20T00:00:00Z,376.11358642578125,376.11358642578125,371.19708251953125,376.11358642578125,165641634
2005-07-21T00:00:00Z,376.11358642578125,388.4048767089844,373.65533447265625,388.4048767089844,326293965
2005-07-22T00:00:00Z,388.4048767089844,395.7796630859375,385.9466247558594,390.8631286621094,287752457
2005-07-25T00:00:00Z,390.8631286621094,400.6961669921875,390.8631286621094,400.6961669921875,180534289
2005-07-26T00:00:00Z,398.2379150390625,400.6961669921875,393.3214111328125,395.7796630859375,176854855
2005-07-27T00:00:00Z,395.7796630859375,395.7796630859375,393.3214111328125,393.3214111328125,58773308
2005-07-28T00:00:00Z,393.3214111328125,395.7796630859375,393.3214111328125,395.7796630859375,52205651
2005-07-29T00:00:00Z,395.7796630859375,398.2379150390625,393.3214111328125,395.7796630859375,84873082
2005-08-01T00:00:00Z,393.3214111328125,403.1544494628906,393.3214111328125,400.6961669921875,124016643
2005-08-02T00:00:00Z,398.2379150390625,400.6961669921875,395.7796630859375,400.6961669921875,107132741
2005-08-03T00:00:00Z,398.2379150390625,405.6127014160156,398.2379150390625,405.6127014160156,152449369
2005-08-04T00:00:00Z,405.6127014160156,412.9874572753906,405.6127014160156,410.5292053222656,175685328
2005-08-05T00:00:00Z,410.5292053222656,410.5292053222656,405.6127014160156,408.0709533691406,62513760
2005-08-08T00:00:00Z,405.6127014160156,408.0709533691406,400.6961669921875,405.6127014160156,122381339
2005-08-09T00:00:00Z,405.6127014160156,410.5292053222656,405.6127014160156,410.5292053222656,90372910
2005-08-10T00:00:00Z,410.5292053222656,412.9874572753906,405.6127014160156,412.9874572753906,106191017
2005-08-11T00:00:00Z,412.9874572753906,412.9874572753906,408.0709533691406,410.5292053222656,39218816
2005-08-12T00:00:00Z,408.0709533691406,410.5292053222656,400.6961669921875,405.6127014160156,51084939
2005-08-15T00:00:00Z,403.1544494628906,403.1544494628906,385.9466247558594,388.4048767089844,183969648
2005-08-16T00:00:00Z,390.8631286621094,395.7796630859375,385.9466247558594,390.8631286621094,59914359
2005-08-18T00:00:00Z,390.8631286621094,393.3214111328125,381.0301208496094,390.8631286621094,112907153
2005-08-19T00:00:00Z,385.9466247558594,388.4048767089844,381.0301208496094,383.4883728027344,93525548
2005-08-22T00:00:00Z,383.4883728027344,383.4883728027344,376.11358642578125,381.0301208496094,42932827
2005-08-23T00:00:00Z,381.0301208496094,381.0301208496094,371.19708251953125,371.19708251953125,80170567
2005-08-24T00:00:00Z,368.7388000488281,368.7388000488281,341.6979675292969,346.6144714355469,179582396
2005-08-25T00:00:00Z,346.6144714355469,366.2805480957031,346.6144714355469,366.2805480957031,197176150
2005-08-26T00:00:00Z,366.2805480957031,366.2805480957031,351.531005859375,353.9892578125,99255214
2005-08-29T00:00:00Z,349.07275390625,349.07275390625,317.1153869628906,319.5736389160156,441373387
2005-08-30T00:00:00Z,312.1988525390625,351.531005859375,299.9075622558594,349.07275390625,369818675
2005-08-31T00:00:00Z,341.6979675292969,346.6144714355469,329.40667724609375,336.7814636230469,194674379
2005-09-01T00:00:00Z,331.86492919921875,334.32318115234375,324.4901428222656,334.32318115234375,61411354
2005-09-05T00:00:00Z,331.86492919921875,334.32318115234375,326.94842529296875,326.94842529296875,31194844
2005-09-06T00:00:00Z,326.94842529296875,334.32318115234375,326.94842529296875,334.32318115234375,61348301
2005-09-07T00:00:00Z,334.32318115234375,339.2397155761719,331.86492919921875,334.32318115234375,76857246
2005-09-08T00:00:00Z,334.32318115234375,339.2397155761719,331.86492919921875,331.86492919921875,129054762
2005-09-09T00:00:00Z,331.86492919921875,339.2397155761719,329.40667724609375,329.40667724609375,94992033
2005-09-12T00:00:00Z,331.86492919921875,346.6144714355469,331.86492919921875,346.6144714355469,281386162
2005-09-13T00:00:00Z,346.6144714355469,351.531005859375,344.1562194824219,351.531005859375,242987031
2005-09-14T00:00:00Z,349.07275390625,349.07275390625,339.2397155761719,341.6979675292969,151481204
2005-09-15T00:00:00Z,341.6979675292969,341.6979675292969,336.7814636230469,336.7814636230469,114363468
2005-09-16T00:00:00Z,336.7814636230469,339.2397155761719,334.32318115234375,336.7814636230469,29494453
2005-09-19T00:00:00Z,336.7814636230469,346.6144714355469,336.7814636230469,346.6144714355469,102885832
2005-09-20T00:00:00Z,346.6144714355469,346.6144714355469,336.7814636230469,341.6979675292969,119718885
2005-09-21T00:00:00Z,341.6979675292969,341.6979675292969,334.32318115234375,336.7814636230469,65526055
2005-09-22T00:00:00Z,334.32318115234375,334.32318115234375,324.4901428222656,326.94842529296875,77622015
2005-09-23T00:00:00Z,326.94842529296875,329.40667724609375,324.4901428222656,326.94842529296875,49455737
2005-09-26T00:00:00Z,326.94842529296875,334.32318115234375,326.94842529296875,326.94842529296875,31359595
2005-09-27T00:00:00Z,329.40667724609375,329.40667724609375,326.94842529296875,326.94842529296875,50737132
2005-09-28T00:00:00Z,326.94842529296875,331.86492919921875,326.94842529296875,331.86492919921875,55724402
2005-09-29T00:00:00Z,341.6979675292969,341.6979675292969,329.40667724609375,341.6979675292969,69518718
2005-09-30T00:00:00Z,356.447509765625,358.9057922363281,341.6979675292969,356.447509765625,272044183
2005-10-03T00:00:00Z,363.8222961425781,363.8222961425781,344.1562194824219,363.8222961425781,182962837
2005-10-04T00:00:00Z,363.8222961425781,371.19708251953125,361.3640441894531,363.8222961425781,73672065
2005-10-05T00:00:00Z,363.8222961425781,363.8222961425781,356.447509765625,363.8222961425781,53454502
2005-10-06T00:00:00Z,361.3640441894531,363.8222961425781,353.9892578125,361.3640441894531,119639561
2005-10-07T00:00:00Z,356.447509765625,358.9057922363281,353.9892578125,356.447509765625,148800445
2005-10-10T00:00:00Z,361.3640441894531,361.3640441894531,353.9892578125,361.3640441894531,32903370
2005-10-11T00:00:00Z,358.9057922363281,361.3640441894531,356.447509765625,358.9057922363281,7460565
2005-10-12T00:00:00Z,353.9892578125,356.447509765625,351.531005859375,353.9892578125,77798970
2005-10-13T00:00:00Z,346.6144714355469,351.531005859375,346.6144714355469,346.6144714355469,54264018
2005-10-14T00:00:00Z,346.6144714355469,349.07275390625,341.6979675292969,346.6144714355469,45713251
2005-10-17T00:00:00Z,346.6144714355469,349.07275390625,339.2397155761719,339.2397155761719,61523222
2005-10-18T00:00:00Z,339.2397155761719,341.6979675292969,336.7814636230469,339.2397155761719,59084504
2005-10-19T00:00:00Z,336.7814636230469,341.6979675292969,331.86492919921875,336.7814636230469,121830136
2005-10-20T00:00:00Z,339.2397155761719,339.2397155761719,336.7814636230469,339.2397155761719,41126671
2005-10-21T00:00:00Z,341.6979675292969,341.6979675292969,336.7814636230469,341.6979675292969,37231637
2005-10-24T00:00:00Z,339.2397155761719,346.6144714355469,336.7814636230469,339.2397155761719,22273895
2005-10-25T00:00:00Z,341.6979675292969,341.6979675292969,326.94842529296875,329.40667724609375,60530649
2005-10-26T00:00:00Z,324.4901428222656,329.40667724609375,319.5736389160156,324.4901428222656,131473140
2005-10-27T00:00:00Z,322.0318908691406,324.4901428222656,319.5736389160156,322.0318908691406,14984183
2005-10-28T00:00:00Z,319.5736389160156,319.5736389160156,314.6571350097656,319.5736389160156,42003307
2005-10-31T00:00:00Z,324.4901428222656,324.4901428222656,317.1153869628906,324.4901428222656,38356417
2005-11-01T00:00:00Z,324.4901428222656,329.40667724609375,319.5736389160156,324.4901428222656,124826159
2005-11-09T00:00:00Z,324.4901428222656,324.4901428222656,317.1153869628906,322.0318908691406,73519518
2005-11-10T00:00:00Z,322.0318908691406,322.0318908691406,319.5736389160156,322.0318908691406,65052142
2005-11-11T00:00:00Z,309.7406005859375,322.0318908691406,309.7406005859375,309.7406005859375,157934960
2005-11-14T00:00:00Z,294.9910583496094,309.7406005859375,290.07452392578125,294.9910583496094,65800639
2005-11-15T00:00:00Z,290.07452392578125,292.5328063964844,285.15802001953125,290.07452392578125,84425611
2005-11-16T00:00:00Z,290.07452392578125,292.5328063964844,270.4084777832031,272.8667297363281,190677648
2005-11-17T00:00:00Z,280.2414855957031,282.69976806640625,272.8667297363281,280.2414855957031,159293645
2005-11-18T00:00:00Z,290.07452392578125,290.07452392578125,282.69976806640625,290.07452392578125,193409256
2005-11-21T00:00:00Z,292.5328063964844,297.4493103027344,290.07452392578125,292.5328063964844,142491101
2005-11-22T00:00:00Z,292.5328063964844,292.5328063964844,282.69976806640625,292.5328063964844,70244842
2005-11-23T00:00:00Z,292.5328063964844,292.5328063964844,287.61627197265625,292.5328063964844,55093874
2005-11-24T00:00:00Z,297.4493103027344,299.9075622558594,290.07452392578125,297.4493103027344,159564162
2005-11-25T00:00:00Z,299.9075622558594,299.9075622558594,294.9910583496094,299.9075622558594,134157967
2005-11-28T00:00:00Z,299.9075622558594,304.8240966796875,294.9910583496094,299.9075622558594,57652596
2005-11-29T00:00:00Z,307.2823486328125,307.2823486328125,302.3658142089844,307.2823486328125,217755757
2005-11-30T00:00:00Z,317.1153869628906,317.1153869628906,304.8240966796875,317.1153869628906,191068168
2005-12-01T00:00:00Z,322.0318908691406,329.40667724609375,314.6571350097656,322.0318908691406,284455407
2005-12-02T00:00:00Z,339.2397155761719,339.2397155761719,324.4901428222656,339.2397155761719,175799230
2005-12-05T00:00:00Z,339.2397155761719,344.1562194824219,334.32318115234375,339.2397155761719,122031498
2005-12-06T00:00:00Z,344.1562194824219,351.531005859375,339.2397155761719,344.1562194824219,189977965
2005-12-07T00:00:00Z,346.6144714355469,366.2805480957031,346.6144714355469,366.2805480957031,298192773
2005-12-08T00:00:00Z,368.7388000488281,400.6961669921875,368.7388000488281,395.7796630859375,454575822
2005-12-09T00:00:00Z,390.8631286621094,395.7796630859375,385.9466247558594,390.8631286621094,181793310
2005-12-12T00:00:00Z,405.6127014160156,408.0709533691406,393.3214111328125,405.6127014160156,247002068
2005-12-13T00:00:00Z,408.0709533691406,410.5292053222656,400.6961669921875,408.0709533691406,131094823
2005-12-14T00:00:00Z,398.2379150390625,408.0709533691406,393.3214111328125,398.2379150390625,192378038
2005-12-15T00:00:00Z,395.7796630859375,398.2379150390625,390.8631286621094,395.7796630859375,152022238
2005-12-16T00:00:00Z,395.7796630859375,400.6961669921875,393.3214111328125,395.7796630859375,98276879
2005-12-19T00:00:00Z,388.4048767089844,395.7796630859375,383.4883728027344,388.4048767089844,43435215
2005-12-20T00:00:00Z,383.4883728027344,395.7796630859375,378.57183837890625,383.4883728027344,132400626
2005-12-21T00:00:00Z,373.65533447265625,383.4883728027344,371.19708251953125,373.65533447265625,89689500
2005-12-22T00:00:00Z,373.65533447265625,390.8631286621094,373.65533447265625,390.8631286621094,141069363
2005-12-23T00:00:00Z,393.3214111328125,395.7796630859375,388.4048767089844,393.3214111328125,86215496
2005-12-27T00:00:00Z,393.3214111328125,405.6127014160156,390.8631286621094,403.1544494628906,106066946
2005-12-28T00:00:00Z,403.1544494628906,408.0709533691406,403.1544494628906,405.6127014160156,121789456
2005-12-29T00:00:00Z,405.6127014160156,405.6127014160156,400.6961669921875,403.1544494628906,77607777
2006-01-02T00:00:00Z,403.1544494628906,410.5292053222656,398.2379150390625,410.5292053222656,85660225
2006-01-03T00:00:00Z,408.0709533691406,425.2787780761719,408.0709533691406,420.36224365234375,233431487
2006-01-04T00:00:00Z,425.2787780761719,440.0283203125,425.2787780761719,440.0283203125,397336119
2006-01-05T00:00:00Z,442.486572265625,442.486572265625,432.6535339355469,435.1117858886719,170545512
2006-01-06T00:00:00Z,435.1117858886719,447.4031066894531,432.6535339355469,444.94482421875,290331518
2006-01-09T00:00:00Z,444.94482421875,481.8187255859375,444.94482421875,476.9021911621094,743188644
2006-01-11T00:00:00Z,479.3604736328125,494.1100158691406,474.4439392089844,486.7352294921875,482516330
2006-01-12T00:00:00Z,486.7352294921875,491.6517639160156,474.4439392089844,474.4439392089844,347180700
2006-01-13T00:00:00Z,476.9021911621094,476.9021911621094,459.69439697265625,471.9856872558594,231324304
2006-01-16T00:00:00Z,474.4439392089844,474.4439392089844,457.23614501953125,459.69439697265625,182562147
2006-01-17T00:00:00Z,444.94482421875,459.69439697265625,440.0283203125,444.94482421875,312204724
2006-01-18T00:00:00Z,440.0283203125,444.94482421875,425.2787780761719,427.7370300292969,233384706
2006-01-19T00:00:00Z,425.2787780761719,449.8613586425781,410.5292053222656,449.8613586425781,469232538
2006-01-20T00:00:00Z,454.7778625488281,457.23614501953125,435.1117858886719,442.486572265625,285045256
2006-01-23T00:00:00Z,430.1952819824219,435.1117858886719,427.7370300292969,430.1952819824219,108654143
2006-01-24T00:00:00Z,435.1117858886719,437.570068359375,427.7370300292969,435.1117858886719,66296926
2006-01-25T00:00:00Z,437.570068359375,452.3196105957031,432.6535339355469,452.3196105957031,331675823
2006-01-26T00:00:00Z,454.7778625488281,457.23614501953125,437.570068359375,440.0283203125,110777597
2006-01-27T00:00:00Z,442.486572265625,449.8613586425781,437.570068359375,440.0283203125,124559710
2006-01-30T00:00:00Z,437.570068359375,442.486572265625,432.6535339355469,437.570068359375,46113941
2006-02-01T00:00:00Z,437.570068359375,449.8613586425781,437.570068359375,444.94482421875,237442456
2006-02-02T00:00:00Z,444.94482421875,444.94482421875,437.570068359375,440.0283203125,84303574
2006-02-03T00:00:00Z,437.570068359375,449.8613586425781,435.1117858886719,449.8613586425781,270718042
2006-02-06T00:00:00Z,447.4031066894531,449.8613586425781,440.0283203125,442.486572265625,171072307
2006-02-07T00:00:00Z,442.486572265625,444.94482421875,440.0283203125,442.486572265625,120583318
2006-02-08T00:00:00Z,442.486572265625,442.486572265625,435.1117858886719,440.0283203125,118903267
2006-02-09T00:00:00Z,442.486572265625,442.486572265625,437.570068359375,442.486572265625,26618434
2006-02-10T00:00:00Z,444.94482421875,447.4031066894531,442.486572265625,444.94482421875,110858955
2006-02-13T00:00:00Z,442.486572265625,447.4031066894531,442.486572265625,442.486572265625,50484921
2006-02-14T00:00:00Z,442.486572265625,444.94482421875,440.0283203125,444.94482421875,169166487
2006-02-15T00:00:00Z,444.94482421875,444.94482421875,437.570068359375,444.94482421875,60107585
2006-02-16T00:00:00Z,444.94482421875,444.94482421875,437.570068359375,437.570068359375,69038704
2006-02-17T00:00:00Z,437.570068359375,440.0283203125,432.6535339355469,432.6535339355469,176777565
2006-02-20T00:00:00Z,435.1117858886719,437.570068359375,432.6535339355469,437.570068359375,45336968
2006-02-21T00:00:00Z,437.570068359375,437.570068359375,430.1952819824219,432.6535339355469,110885397
2006-02-22T00:00:00Z,432.6535339355469,432.6535339355469,422.82049560546875,425.2787780761719,155113857
2006-02-23T00:00:00Z,422.82049560546875,427.7370300292969,405.6127014160156,410.5292053222656,130043266
2006-02-24T00:00:00Z,408.0709533691406,410.5292053222656,390.8631286621094,395.7796630859375,174798522
2006-02-27T00:00:00Z,393.3214111328125,408.0709533691406,390.8631286621094,405.6127014160156,156889504
2006-02-28T00:00:00Z,405.6127014160156,408.0709533691406,398.2379150390625,398.2379150390625,102222761
2006-03-01T00:00:00Z,395.7796630859375,415.44573974609375,390.8631286621094,412.9874572753906,167565760
2006-03-02T00:00:00Z,415.44573974609375,420.36224365234375,410.5292053222656,415.44573974609375,168182050
2006-03-03T00:00:00Z,412.9874572753906,417.90399169921875,408.0709533691406,415.44573974609375,57418690
2006-03-06T00:00:00Z,415.44573974609375,422.82049560546875,412.9874572753906,422.82049560546875,135691573
2006-03-07T00:00:00Z,417.90399169921875,420.36224365234375,408.0709533691406,408.0709533691406,100707461
2006-03-08T00:00:00Z,408.0709533691406,408.0709533691406,388.4048767089844,393.3214111328125,348358363
2006-03-09T00:00:00Z,395.7796630859375,398.2379150390625,390.8631286621094,393.3214111328125,178231846
2006-03-10T00:00:00Z,390.8631286621094,390.8631286621094,373.65533447265625,376.11358642578125,395397756
2006-03-13T00:00:00Z,376.11358642578125,381.0301208496094,368.7388000488281,371.19708251953125,151826978
2006-03-15T00:00:00Z,381.0301208496094,390.8631286621094,378.57183837890625,388.4048767089844,238935383
2006-03-16T00:00:00Z,390.8631286621094,408.0709533691406,390.8631286621094,400.6961669921875,426734977
2006-03-17T00:00:00Z,405.6127014160156,410.5292053222656,400.6961669921875,403.1544494628906,258573266
2006-03-20T00:00:00Z,420.36224365234375,420.36224365234375,405.6127014160156,420.36224365234375,414307482
2006-03-21T00:00:00Z,420.36224365234375,442.486572265625,415.44573974609375,432.6535339355469,514183054
2006-03-22T00:00:00Z,412.9874572753906,425.2787780761719,408.0709533691406,412.9874572753906,317458442
2006-03-23T00:00:00Z,412.9874572753906,415.44573974609375,393.3214111328125,405.6127014160156,253775155
2006-03-24T00:00:00Z,420.36224365234375,420.36224365234375,405.6127014160156,420.36224365234375,157853601
2006-03-27T00:00:00Z,420.36224365234375,422.82049560546875,412.9874572753906,420.36224365234375,73126963
2006-03-28T00:00:00Z,427.7370300292969,430.1952819824219,420.36224365234375,427.7370300292969,164614484
2006-03-29T00:00:00Z,415.44573974609375,427.7370300292969,412.9874572753906,415.44573974609375,72295074
2006-04-03T00:00:00Z,408.0709533691406,417.90399169921875,408.0709533691406,408.0709533691406,215925193
2006-04-04T00:00:00Z,412.9874572753906,415.44573974609375,410.5292053222656,412.9874572753906,29872770
2006-04-05T00:00:00Z,427.7370300292969,427.7370300292969,412.9874572753906,427.7370300292969,294733007
2006-04-06T00:00:00Z,430.1952819824219,437.570068359375,425.2787780761719,430.1952819824219,264128011
2006-04-07T00:00:00Z,427.7370300292969,432.6535339355469,425.2787780761719,427.7370300292969,55099976
2006-04-11T00:00:00Z,417.90399169921875,427.7370300292969,415.44573974609375,417.90399169921875,79845133
2006-04-12T00:00:00Z,427.7370300292969,437.570068359375,410.5292053222656,427.7370300292969,199881317
2006-04-13T00:00:00Z,435.1117858886719,440.0283203125,430.1952819824219,435.1117858886719,124923789
2006-04-17T00:00:00Z,440.0283203125,444.94482421875,432.6535339355469,440.0283203125,125564486
2006-04-18T00:00:00Z,452.3196105957031,452.3196105957031,442.486572265625,452.3196105957031,211084368
2006-04-19T00:00:00Z,464.61090087890625,469.5274353027344,454.7778625488281,464.61090087890625,389814535
2006-04-20T00:00:00Z,476.9021911621094,494.1100158691406,467.06915283203125,476.9021911621094,641828281
2006-04-21T00:00:00Z,471.9856872558594,484.2769775390625,469.5274353027344,471.9856872558594,276628729
2006-04-25T00:00:00Z,467.06915283203125,471.9856872558594,459.69439697265625,467.06915283203125,136379051
2006-04-26T00:00:00Z,469.5274353027344,474.4439392089844,464.61090087890625,469.5274353027344,276821956
2006-04-27T00:00:00Z,471.9856872558594,484.2769775390625,469.5274353027344,471.9856872558594,495857074
2006-04-28T00:00:00Z,471.9856872558594,474.4439392089844,467.06915283203125,471.9856872558594,298327015
2006-05-01T00:00:00Z,479.3604736328125,479.3604736328125,469.5274353027344,479.3604736328125,436007801
2006-05-03T00:00:00Z,516.2343139648438,559.2538452148438,516.2343139648438,559.2538452148438,873606159
2006-05-04T00:00:00Z,553.1082153320312,571.545166015625,534.6712646484375,553.1082153320312,531795113
2006-05-05T00:00:00Z,553.1082153320312,559.2538452148438,540.8169555664062,546.9625854492188,158978381
2006-05-08T00:00:00Z,571.545166015625,577.6907958984375,553.1082153320312,571.545166015625,428343840
2006-05-09T00:00:00Z,583.83642578125,583.83642578125,546.9625854492188,553.1082153320312,374016768
2006-05-10T00:00:00Z,553.1082153320312,553.1082153320312,516.2343139648438,522.3800048828125,572248544
2006-05-11T00:00:00Z,553.1082153320312,559.2538452148438,528.525634765625,553.1082153320312,805560027
2006-05-12T00:00:00Z,522.3800048828125,540.8169555664062,516.2343139648438,522.3800048828125,600250071
2006-05-15T00:00:00Z,510.08868408203125,510.08868408203125,448.6322326660156,454.7778625488281,1031451625
2006-05-16T00:00:00Z,459.69439697265625,462.15264892578125,432.6535339355469,459.69439697265625,1264346147
2006-05-17T00:00:00Z,467.06915283203125,511.31781005859375,467.06915283203125,506.40130615234375,1200782863
2006-05-18T00:00:00Z,473.2148132324219,485.506103515625,448.6322326660156,473.2148132324219,714678627
2006-05-19T00:00:00Z,467.06915283203125,476.9021911621094,457.23614501953125,459.69439697265625,452230666
2006-05-22T00:00:00Z,462.15264892578125,467.06915283203125,415.44573974609375,415.44573974609375,822907672
2006-05-23T00:00:00Z,432.6535339355469,432.6535339355469,395.7796630859375,432.6535339355469,879610409
2006-05-24T00:00:00Z,415.44573974609375,437.570068359375,410.5292053222656,415.44573974609375,919907225
2006-05-29T00:00:00Z,422.82049560546875,430.1952819824219,415.44573974609375,417.90399169921875,405406873
2006-05-30T00:00:00Z,432.6535339355469,435.1117858886719,422.82049560546875,432.6535339355469,422660955
2006-05-31T00:00:00Z,415.44573974609375,422.82049560546875,412.9874572753906,415.44573974609375,410455161
2006-06-01T00:00:00Z,403.1544494628906,422.82049560546875,400.6961669921875,403.1544494628906,313280689
2006-06-02T00:00:00Z,417.90399169921875,420.36224365234375,398.2379150390625,417.90399169921875,388695857
2006-06-05T00:00:00Z,412.9874572753906,422.82049560546875,412.9874572753906,412.9874572753906,114422453
2006-06-06T00:00:00Z,408.0709533691406,408.0709533691406,398.2379150390625,408.0709533691406,243873837
2006-06-07T00:00:00Z,395.7796630859375,405.6127014160156,395.7796630859375,395.7796630859375,151005258
2006-06-08T00:00:00Z,383.4883728027344,390.8631286621094,376.11358642578125,383.4883728027344,265271097
2006-06-09T00:00:00Z,398.2379150390625,398.2379150390625,378.57183837890625,398.2379150390625,265431780
2006-06-12T00:00:00Z,390.8631286621094,395.7796630859375,388.4048767089844,390.8631286621094,113370896
2006-06-13T00:00:00Z,376.11358642578125,383.4883728027344,373.65533447265625,376.11358642578125,139846953
2006-06-14T00:00:00Z,381.0301208496094,385.9466247558594,373.65533447265625,381.0301208496094,130490737
2006-06-15T00:00:00Z,378.57183837890625,390.8631286621094,376.11358642578125,378.57183837890625,245462360
2006-06-16T00:00:00Z,395.7796630859375,398.2379150390625,388.4048767089844,395.7796630859375,358330869
2006-06-19T00:00:00Z,405.6127014160156,408.0709533691406,390.8631286621094,405.6127014160156,222718620
2006-06-20T00:00:00Z,412.9874572753906,412.9874572753906,395.7796630859375,412.9874572753906,346725093
2006-06-21T00:00:00Z,403.1544494628906,415.44573974609375,400.6961669921875,403.1544494628906,186099204
2006-06-22T00:00:00Z,412.9874572753906,415.44573974609375,403.1544494628906,412.9874572753906,698199483
2006-06-23T00:00:00Z,415.44573974609375,415.44573974609375,403.1544494628906,415.44573974609375,175241925
2006-06-26T00:00:00Z,412.9874572753906,425.2787780761719,400.6961669921875,412.9874572753906,650358710
2006-06-27T00:00:00Z,412.9874572753906,415.44573974609375,408.0709533691406,412.9874572753906,200070475
2006-06-28T00:00:00Z,410.5292053222656,410.5292053222656,403.1544494628906,410.5292053222656,97918902
2006-06-29T00:00:00Z,410.5292053222656,417.90399169921875,410.5292053222656,410.5292053222656,125055996
2006-06-30T00:00:00Z,422.82049560546875,430.1952819824219,415.44573974609375,422.82049560546875,655618530
2006-07-03T00:00:00Z,430.1952819824219,432.6535339355469,415.44573974609375,430.1952819824219,409753445
2006-07-04T00:00:00Z,425.2787780761719,437.570068359375,422.82049560546875,425.2787780761719,403275283
2006-07-05T00:00:00Z,442.486572265625,452.3196105957031,422.82049560546875,442.486572265625,789985996
2006-07-06T00:00:00Z,420.36224365234375,440.0283203125,408.0709533691406,420.36224365234375,1899751183
2006-07-07T00:00:00Z,422.82049560546875,430.1952819824219,420.36224365234375,422.82049560546875,172125898
2006-07-10T00:00:00Z,425.2787780761719,430.1952819824219,417.90399169921875,425.2787780761719,97447023
2006-07-11T00:00:00Z,422.82049560546875,427.7370300292969,417.90399169921875,422.82049560546875,115681475
2006-07-12T00:00:00Z,422.82049560546875,427.7370300292969,420.36224365234375,422.82049560546875,36952985
2006-07-13T00:00:00Z,417.90399169921875,422.82049560546875,415.44573974609375,417.90399169921875,110637254
2006-07-14T00:00:00Z,410.5292053222656,415.44573974609375,405.6127014160156,410.5292053222656,207457818
2006-07-18T00:00:00Z,403.1544494628906,405.6127014160156,393.3214111328125,403.1544494628906,143359602
2006-07-19T00:00:00Z,408.0709533691406,408.0709533691406,398.2379150390625,400.6961669921875,84618837
2006-07-20T00:00:00Z,410.5292053222656,412.9874572753906,405.6127014160156,410.5292053222656,114497710
2006-07-21T00:00:00Z,403.1544494628906,408.0709533691406,400.6961669921875,403.1544494628906,74788709
2006-07-24T00:00:00Z,405.6127014160156,405.6127014160156,400.6961669921875,405.6127014160156,93309948
2006-07-25T00:00:00Z,400.6961669921875,410.5292053222656,398.2379150390625,400.6961669921875,187903326
2006-07-26T00:00:00Z,400.6961669921875,405.6127014160156,400.6961669921875,403.1544494628906,70549936
2006-07-27T00:00:00Z,408.0709533691406,420.36224365234375,405.6127014160156,417.90399169921875,330896816
2006-07-28T00:00:00Z,427.7370300292969,427.7370300292969,420.36224365234375,427.7370300292969,213152906
2006-07-31T00:00:00Z,432.6535339355469,435.1117858886719,430.1952819824219,432.6535339355469,250077415
2006-08-01T00:00:00Z,442.486572265625,442.486572265625,430.1952819824219,442.486572265625,292086825
2006-08-02T00:00:00Z,464.61090087890625,467.06915283203125,442.486572265625,464.61090087890625,755052733
2006-08-03T00:00:00Z,459.69439697265625,474.4439392089844,459.69439697265625,459.69439697265625,923425975
2006-08-04T00:00:00Z,486.7352294921875,486.7352294921875,467.06915283203125,486.7352294921875,485961859
2006-08-07T00:00:00Z,486.7352294921875,528.525634765625,486.7352294921875,521.15087890625,746359588
2006-08-08T00:00:00Z,497.7973937988281,522.3800048828125,485.506103515625,497.7973937988281,708835060
2006-08-09T00:00:00Z,503.94305419921875,503.94305419921875,485.506103515625,503.94305419921875,162851041
2006-08-10T00:00:00Z,485.506103515625,503.94305419921875,479.3604736328125,485.506103515625,206892377
2006-08-11T00:00:00Z,499.0265197753906,501.48480224609375,491.6517639160156,499.0265197753906,280143412
2006-08-14T00:00:00Z,503.94305419921875,510.08868408203125,491.6517639160156,503.94305419921875,122497274
2006-08-15T00:00:00Z,516.2343139648438,516.2343139648438,497.7973937988281,516.2343139648438,367748103
2006-08-16T00:00:00Z,516.2343139648438,528.525634765625,510.08868408203125,516.2343139648438,163752085
2006-08-22T00:00:00Z,510.08868408203125,516.2343139648438,497.7973937988281,510.08868408203125,164311424
2006-08-23T00:00:00Z,528.525634765625,540.8169555664062,510.08868408203125,528.525634765625,496261832
2006-08-24T00:00:00Z,528.525634765625,546.9625854492188,522.3800048828125,528.525634765625,566868719
2006-08-25T00:00:00Z,510.08868408203125,534.6712646484375,503.94305419921875,510.08868408203125,163402244
2006-08-28T00:00:00Z,510.08868408203125,522.3800048828125,503.94305419921875,510.08868408203125,144291156
2006-08-29T00:00:00Z,528.525634765625,528.525634765625,503.94305419921875,528.525634765625,133850839
2006-08-30T00:00:00Z,510.08868408203125,528.525634765625,503.94305419921875,510.08868408203125,169174623
2006-08-31T00:00:00Z,516.2343139648438,522.3800048828125,503.94305419921875,516.2343139648438,170185501
2006-09-01T00:00:00Z,528.525634765625,534.6712646484375,516.2343139648438,528.525634765625,259626858
2006-09-04T00:00:00Z,540.8169555664062,540.8169555664062,528.525634765625,540.8169555664062,150175402
2006-09-05T00:00:00Z,534.6712646484375,546.9625854492188,528.525634765625,534.6712646484375,232406371
2006-09-06T00:00:00Z,534.6712646484375,534.6712646484375,522.3800048828125,534.6712646484375,135974293
2006-09-07T00:00:00Z,534.6712646484375,534.6712646484375,522.3800048828125,534.6712646484375,90816314
2006-09-08T00:00:00Z,528.525634765625,540.8169555664062,522.3800048828125,528.525634765625,177546402
2006-09-11T00:00:00Z,516.2343139648438,528.525634765625,510.08868408203125,516.2343139648438,244351818
2006-09-12T00:00:00Z,510.08868408203125,516.2343139648438,503.94305419921875,510.08868408203125,193645195
2006-09-13T00:00:00Z,516.2343139648438,522.3800048828125,510.08868408203125,516.2343139648438,175075140
2006-09-14T00:00:00Z,528.525634765625,534.6712646484375,522.3800048828125,528.525634765625,154605367
2006-09-15T00:00:00Z,528.525634765625,528.525634765625,522.3800048828125,528.525634765625,75962304
2006-09-18T00:00:00Z,528.525634765625,534.6712646484375,522.3800048828125,528.525634765625,81035000
2006-09-19T00:00:00Z,522.3800048828125,528.525634765625,516.2343139648438,522.3800048828125,68308512
2006-09-20T00:00:00Z,522.3800048828125,528.525634765625,516.2343139648438,522.3800048828125,92050927
2006-09-21T00:00:00Z,528.525634765625,565.3995361328125,522.3800048828125,565.3995361328125,587639519
2006-09-22T00:00:00Z,583.83642578125,589.9821166992188,559.2538452148438,583.83642578125,668761980
2006-09-25T00:00:00Z,565.3995361328125,577.6907958984375,559.2538452148438,565.3995361328125,176826380
2006-09-26T00:00:00Z,553.1082153320312,565.3995361328125,540.8169555664062,553.1082153320312,400966738
2006-09-27T00:00:00Z,565.3995361328125,565.3995361328125,553.1082153320312,565.3995361328125,223825094
2006-09-28T00:00:00Z,565.3995361328125,571.545166015625,559.2538452148438,565.3995361328125,168401718
2006-09-29T00:00:00Z,571.545166015625,583.83642578125,559.2538452148438,571.545166015625,274812403
2006-10-02T00:00:00Z,565.3995361328125,577.6907958984375,559.2538452148438,565.3995361328125,94080819
2006-10-03T00:00:00Z,565.3995361328125,571.545166015625,559.2538452148438,565.3995361328125,186485656
2006-10-04T00:00:00Z,571.545166015625,571.545166015625,546.9625854492188,571.545166015625,218921216
2006-10-05T00:00:00Z,577.6907958984375,583.83642578125,565.3995361328125,577.6907958984375,362872701
2006-10-06T00:00:00Z,589.9821166992188,596.1277465820312,577.6907958984375,589.9821166992188,462565217
2006-10-09T00:00:00Z,602.2733764648438,602.2733764648438,583.83642578125,602.2733764648438,363391361
2006-10-10T00:00:00Z,614.564697265625,614.564697265625,596.1277465820312,614.564697265625,253911430
2006-10-11T00:00:00Z,633.0016479492188,645.2929077148438,614.564697265625,633.0016479492188,467953177
2006-10-12T00:00:00Z,663.7298583984375,663.7298583984375,626.85595703125,663.7298583984375,518100461
2006-10-13T00:00:00Z,688.3124389648438,688.3124389648438,669.87548828125,688.3124389648438,241459527
2006-10-16T00:00:00Z,676.0211791992188,694.4581298828125,669.87548828125,676.0211791992188,215648575
2006-10-17T00:00:00Z,663.7298583984375,676.0211791992188,651.4385986328125,663.7298583984375,130586333
2006-10-18T00:00:00Z,657.584228515625,657.584228515625,645.2929077148438,657.584228515625,100705427
2006-10-19T00:00:00Z,663.7298583984375,669.87548828125,657.584228515625,663.7298583984375,75463983
2006-10-20T00:00:00Z,657.584228515625,663.7298583984375,651.4385986328125,657.584228515625,92937734
2006-10-30T00:00:00Z,663.7298583984375,676.0211791992188,651.4385986328125,663.7298583984375,113543783
2006-10-31T00:00:00Z,669.87548828125,669.87548828125,663.7298583984375,669.87548828125,84531377
2006-11-01T00:00:00Z,663.7298583984375,669.87548828125,657.584228515625,663.7298583984375,55372527
2006-11-02T00:00:00Z,663.7298583984375,706.7493896484375,663.7298583984375,700.603759765625,215095337
2006-11-03T00:00:00Z,688.3124389648438,700.603759765625,669.87548828125,688.3124389648438,101234257
2006-11-06T00:00:00Z,706.7493896484375,712.89501953125,688.3124389648438,706.7493896484375,110354533
2006-11-07T00:00:00Z,694.4581298828125,719.0407104492188,688.3124389648438,694.4581298828125,153903651
2006-11-08T00:00:00Z,694.4581298828125,700.603759765625,682.1668090820312,688.3124389648438,91843463
2006-11-09T00:00:00Z,682.1668090820312,694.4581298828125,676.0211791992188,682.1668090820312,118618513
2006-11-10T00:00:00Z,682.1668090820312,688.3124389648438,676.0211791992188,682.1668090820312,152479879
2006-11-13T00:00:00Z,651.4385986328125,682.1668090820312,639.1472778320312,651.4385986328125,348453959
2006-11-14T00:00:00Z,663.7298583984375,676.0211791992188,651.4385986328125,663.7298583984375,431508681
2006-11-15T00:00:00Z,657.584228515625,669.87548828125,657.584228515625,657.584228515625,128711022
2006-11-16T00:00:00Z,657.584228515625,663.7298583984375,651.4385986328125,657.584228515625,50021178
2006-11-17T00:00:00Z,657.584228515625,688.3124389648438,657.584228515625,657.584228515625,270331589
2006-11-20T00:00:00Z,669.87548828125,676.0211791992188,657.584228515625,669.87548828125,105082509
2006-11-21T00:00:00Z,663.7298583984375,669.87548828125,651.4385986328125,663.7298583984375,137568918
2006-11-22T00:00:00Z,669.87548828125,669.87548828125,657.584228515625,669.87548828125,129868346
2006-11-23T00:00:00Z,669.87548828125,682.1668090820312,663.7298583984375,669.87548828125,140424598
2006-11-24T00:00:00Z,663.7298583984375,676.0211791992188,663.7298583984375,663.7298583984375,127541495
2006-11-27T00:00:00Z,669.87548828125,676.0211791992188,651.4385986328125,669.87548828125,182645540
2006-11-28T00:00:00Z,645.2929077148438,663.7298583984375,645.2929077148438,645.2929077148438,215107541
2006-11-29T00:00:00Z,657.584228515625,694.4581298828125,651.4385986328125,694.4581298828125,326712960
2006-11-30T00:00:00Z,682.1668090820312,712.89501953125,682.1668090820312,682.1668090820312,393312947
2006-12-01T00:00:00Z,712.89501953125,719.0407104492188,682.1668090820312,712.89501953125,292265814
2006-12-04T00:00:00Z,706.7493896484375,719.0407104492188,694.4581298828125,706.7493896484375,205000794
2006-12-05T00:00:00Z,712.89501953125,712.89501953125,700.603759765625,706.7493896484375,157928858
2006-12-06T00:00:00Z,706.7493896484375,725.1863403320312,706.7493896484375,706.7493896484375,225525484
2006-12-07T00:00:00Z,700.603759765625,706.7493896484375,694.4581298828125,700.603759765625,144270816
2006-12-08T00:00:00Z,700.603759765625,700.603759765625,694.4581298828125,700.603759765625,80849910
2006-12-11T00:00:00Z,682.1668090820312,706.7493896484375,682.1668090820312,682.1668090820312,214957028
2006-12-12T00:00:00Z,712.89501953125,719.0407104492188,682.1668090820312,712.89501953125,411301289
2006-12-13T00:00:00Z,706.7493896484375,719.0407104492188,700.603759765625,706.7493896484375,144319631
2006-12-14T00:00:00Z,700.603759765625,706.7493896484375,694.4581298828125,700.603759765625,123249840
2006-12-15T00:00:00Z,700.603759765625,706.7493896484375,694.4581298828125,706.7493896484375,78754931
2006-12-18T00:00:00Z,706.7493896484375,712.89501953125,700.603759765625,706.7493896484375,94945252
2006-12-19T00:00:00Z,682.1668090820312,706.7493896484375,669.87548828125,682.1668090820312,306054029
2006-12-20T00:00:00Z,700.603759765625,700.603759765625,688.3124389648438,700.603759765625,186556845
2006-12-21T00:00:00Z,706.7493896484375,706.7493896484375,700.603759765625,706.7493896484375,74697181
2006-12-22T00:00:00Z,700.603759765625,712.89501953125,700.603759765625,700.603759765625,49535061
2006-12-26T00:00:00Z,706.7493896484375,706.7493896484375,700.603759765625,706.7493896484375,18537511
2006-12-27T00:00:00Z,706.7493896484375,719.0407104492188,700.603759765625,719.0407104492188,83245914
2006-12-28T00:00:00Z,719.0407104492188,725.1863403320312,706.7493896484375,712.89501953125,82993703
2007-01-02T00:00:00Z,725.1863403320312,725.1863403320312,712.89501953125,725.1863403320312,95766972
2007-01-03T00:00:00Z,712.89501953125,719.0407104492188,712.89501953125,712.89501953125,90574272
2007-01-04T00:00:00Z,719.0407104492188,719.0407104492188,706.7493896484375,719.0407104492188,150748979
2007-01-05T00:00:00Z,712.89501953125,719.0407104492188,706.7493896484375,712.89501953125,147462100
2007-01-08T00:00:00Z,700.603759765625,706.7493896484375,688.3124389648438,700.603759765625,141539208
2007-01-09T00:00:00Z,700.603759765625,700.603759765625,651.4385986328125,657.584228515625,556538237
2007-01-10T00:00:00Z,645.2929077148438,645.2929077148438,608.4190673828125,626.85595703125,563329629
2007-01-11T00:00:00Z,626.85595703125,639.1472778320312,620.7103271484375,626.85595703125,258146135
2007-01-12T00:00:00Z,608.4190673828125,639.1472778320312,577.6907958984375,608.4190673828125,491166762
2007-01-15T00:00:00Z,614.564697265625,657.584228515625,614.564697265625,651.4385986328125,381672594
2007-01-16T00:00:00Z,663.7298583984375,669.87548828125,651.4385986328125,663.7298583984375,204994692
2007-01-17T00:00:00Z,663.7298583984375,669.87548828125,657.584228515625,663.7298583984375,122283709
2007-01-18T00:00:00Z,663.7298583984375,676.0211791992188,657.584228515625,663.7298583984375,74272083
2007-01-19T00:00:00Z,663.7298583984375,669.87548828125,651.4385986328125,663.7298583984375,175980253
2007-01-22T00:00:00Z,688.3124389648438,694.4581298828125,676.0211791992188,688.3124389648438,393725840
2007-01-23T00:00:00Z,688.3124389648438,688.3124389648438,676.0211791992188,688.3124389648438,99316232
2007-01-24T00:00:00Z,676.0211791992188,694.4581298828125,663.7298583984375,676.0211791992188,193098060
2007-01-25T00:00:00Z,663.7298583984375,676.0211791992188,651.4385986328125,663.7298583984375,174043923
2007-01-26T00:00:00Z,651.4385986328125,657.584228515625,639.1472778320312,651.4385986328125,203107177
2007-01-29T00:00:00Z,633.0016479492188,657.584228515625,633.0016479492188,633.0016479492188,208503273
2007-01-30T00:00:00Z,639.1472778320312,645.2929077148438,633.0016479492188,639.1472778320312,197143606
2007-01-31T00:00:00Z,633.0016479492188,645.2929077148438,633.0016479492188,633.0016479492188,122961017
2007-02-01T00:00:00Z,633.0016479492188,639.1472778320312,620.7103271484375,633.0016479492188,202309865
2007-02-02T00:00:00Z,639.1472778320312,639.1472778320312,639.1472778320312,639.1472778320312,135142404
2007-02-05T00:00:00Z,633.0016479492188,639.1472778320312,626.85595703125,633.0016479492188,80361759
2007-02-06T00:00:00Z,639.1472778320312,645.2929077148438,626.85595703125,639.1472778320312,162045593
2007-02-07T00:00:00Z,633.0016479492188,639.1472778320312,626.85595703125,633.0016479492188,70537732
2007-02-08T00:00:00Z,602.2733764648438,626.85595703125,596.1277465820312,602.2733764648438,271328230
2007-02-09T00:00:00Z,596.1277465820312,608.4190673828125,583.83642578125,596.1277465820312,232373828
2007-02-12T00:00:00Z,602.2733764648438,608.4190673828125,583.83642578125,602.2733764648438,235526466
2007-02-13T00:00:00Z,602.2733764648438,614.564697265625,596.1277465820312,602.2733764648438,148952992
2007-02-14T00:00:00Z,620.7103271484375,626.85595703125,608.4190673828125,620.7103271484375,190659342
2007-02-15T00:00:00Z,633.0016479492188,639.1472778320312,620.7103271484375,633.0016479492188,217440493
2007-02-16T00:00:00Z,620.7103271484375,633.0016479492188,614.564697265625,620.7103271484375,83180828
2007-02-19T00:00:00Z,626.85595703125,626.85595703125,620.7103271484375,626.85595703125,13830928
2007-02-20T00:00:00Z,620.7103271484375,626.85595703125,614.564697265625,620.7103271484375,25153983
2007-02-21T00:00:00Z,620.7103271484375,626.85595703125,614.564697265625,620.7103271484375,82552334
2007-02-22T00:00:00Z,614.564697265625,626.85595703125,608.4190673828125,614.564697265625,150130655
2007-02-23T00:00:00Z,620.7103271484375,620.7103271484375,608.4190673828125,620.7103271484375,70525529
2007-02-26T00:00:00Z,602.2733764648438,608.4190673828125,596.1277465820312,602.2733764648438,57487845
2007-02-27T00:00:00Z,583.83642578125,608.4190673828125,577.6907958984375,583.83642578125,131465004
2007-02-28T00:00:00Z,540.8169555664062,571.545166015625,528.525634765625,571.545166015625,648991888
2007-03-01T00:00:00Z,571.545166015625,589.9821166992188,565.3995361328125,571.545166015625,281142087
2007-03-02T00:00:00Z,577.6907958984375,583.83642578125,565.3995361328125,577.6907958984375,163078844
2007-03-05T00:00:00Z,553.1082153320312,571.545166015625,540.8169555664062,553.1082153320312,323690496
2007-03-06T00:00:00Z,565.3995361328125,571.545166015625,559.2538452148438,565.3995361328125,225836680
2007-03-07T00:00:00Z,565.3995361328125,577.6907958984375,559.2538452148438,565.3995361328125,223149819
2007-03-08T00:00:00Z,577.6907958984375,596.1277465820312,571.545166015625,577.6907958984375,592685774
2007-03-09T00:00:00Z,596.1277465820312,602.2733764648438,583.83642578125,596.1277465820312,1014193474
2007-03-12T00:00:00Z,596.1277465820312,633.0016479492188,596.1277465820312,626.85595703125,1010414377
2007-03-13T00:00:00Z,626.85595703125,633.0016479492188,614.564697265625,626.85595703125,282962481
2007-03-14T00:00:00Z,596.1277465820312,608.4190673828125,596.1277465820312,596.1277465820312,273122182
2007-03-15T00:00:00Z,608.4190673828125,614.564697265625,602.2733764648438,608.4190673828125,108381592
2007-03-16T00:00:00Z,602.2733764648438,608.4190673828125,596.1277465820312,602.2733764648438,104002476
2007-03-20T00:00:00Z,589.9821166992188,608.4190673828125,583.83642578125,589.9821166992188,127950321
2007-03-21T00:00:00Z,596.1277465820312,602.2733764648438,583.83642578125,596.1277465820312,105979485
2007-03-22T00:00:00Z,608.4190673828125,608.4190673828125,596.1277465820312,608.4190673828125,182820460
2007-03-23T00:00:00Z,614.564697265625,614.564697265625,602.2733764648438,614.564697265625,125202441
2007-03-26T00:00:00Z,620.7103271484375,626.85595703125,614.564697265625,620.7103271484375,209703309
2007-03-27T00:00:00Z,626.85595703125,626.85595703125,614.564697265625,626.85595703125,122651855
2007-03-28T00:00:00Z,614.564697265625,626.85595703125,608.4190673828125,614.564697265625,111985769
2007-03-29T00:00:00Z,608.4190673828125,614.564697265625,602.2733764648438,608.4190673828125,214293957
2007-03-30T00:00:00Z,614.564697265625,614.564697265625,602.2733764648438,614.564697265625,81521116
2007-04-02T00:00:00Z,620.7103271484375,626.85595703125,608.4190673828125,620.7103271484375,274159502
2007-04-03T00:00:00Z,620.7103271484375,657.584228515625,620.7103271484375,657.584228515625,670818313
2007-04-04T00:00:00Z,669.87548828125,676.0211791992188,663.7298583984375,669.87548828125,480744751
2007-04-05T00:00:00Z,657.584228515625,669.87548828125,651.4385986328125,657.584228515625,229341193
2007-04-09T00:00:00Z,669.87548828125,669.87548828125,657.584228515625,669.87548828125,153972805
2007-04-10T00:00:00Z,688.3124389648438,688.3124389648438,663.7298583984375,688.3124389648438,299795534
2007-04-11T00:00:00Z,676.0211791992188,694.4581298828125,669.87548828125,676.0211791992188,458114912
2007-04-12T00:00:00Z,669.87548828125,712.89501953125,669.87548828125,706.7493896484375,825507073
2007-04-13T00:00:00Z,737.4776000976562,743.623291015625,719.0407104492188,737.4776000976562,768240929
2007-04-16T00:00:00Z,743.623291015625,762.0602416992188,731.3319702148438,743.623291015625,533629745
2007-04-17T00:00:00Z,731.3319702148438,749.7689208984375,725.1863403320312,731.3319702148438,304915011
2007-04-18T00:00:00Z,743.623291015625,743.623291015625,731.3319702148438,743.623291015625,360562123
2007-04-19T00:00:00Z,719.0407104492188,737.4776000976562,712.89501953125,719.0407104492188,322209773
2007-04-20T00:00:00Z,737.4776000976562,774.3515014648438,731.3319702148438,774.3515014648438,857881614
2007-04-23T00:00:00Z,805.0797729492188,817.3710327148438,786.642822265625,805.0797729492188,786227238
2007-04-24T00:00:00Z,780.4971313476562,805.0797729492188,774.3515014648438,780.4971313476562,488138196
2007-04-25T00:00:00Z,780.4971313476562,780.4971313476562,768.2058715820312,780.4971313476562,277106710
2007-04-26T00:00:00Z,780.4971313476562,792.7884521484375,768.2058715820312,780.4971313476562,474010310
2007-04-27T00:00:00Z,774.3515014648438,774.3515014648438,762.0602416992188,774.3515014648438,143920975
2007-04-30T00:00:00Z,755.91455078125,774.3515014648438,749.7689208984375,755.91455078125,207484259
2007-05-01T00:00:00Z,749.7689208984375,755.91455078125,743.623291015625,749.7689208984375,156376946
2007-05-02T00:00:00Z,755.91455078125,755.91455078125,731.3319702148438,755.91455078125,331448019
2007-05-03T00:00:00Z,780.4971313476562,786.642822265625,755.91455078125,780.4971313476562,599434453
2007-05-04T00:00:00Z,755.91455078125,786.642822265625,749.7689208984375,755.91455078125,275245637
2007-05-07T00:00:00Z,774.3515014648438,780.4971313476562,755.91455078125,774.3515014648438,179071872
2007-05-08T00:00:00Z,762.0602416992188,774.3515014648438,755.91455078125,762.0602416992188,64191777
2007-05-09T00:00:00Z,768.2058715820312,774.3515014648438,749.7689208984375,768.2058715820312,136381085
2007-05-10T00:00:00Z,774.3515014648438,780.4971313476562,762.0602416992188,774.3515014648438,173362546
2007-05-11T00:00:00Z,762.0602416992188,768.2058715820312,749.7689208984375,762.0602416992188,154894189
2007-05-14T00:00:00Z,768.2058715820312,774.3515014648438,755.91455078125,768.2058715820312,98793505
2007-05-15T00:00:00Z,792.7884521484375,792.7884521484375,768.2058715820312,792.7884521484375,446865079
2007-05-16T00:00:00Z,811.2254028320312,811.2254028320312,786.642822265625,811.2254028320312,403948523
2007-05-21T00:00:00Z,805.0797729492188,823.5166625976562,798.93408203125,805.0797729492188,554465631
2007-05-22T00:00:00Z,798.93408203125,805.0797729492188,792.7884521484375,798.93408203125,138347925
2007-05-23T00:00:00Z,798.93408203125,811.2254028320312,792.7884521484375,798.93408203125,228905926
2007-05-24T00:00:00Z,774.3515014648438,798.93408203125,768.2058715820312,774.3515014648438,148385517
2007-05-25T00:00:00Z,762.0602416992188,768.2058715820312,749.7689208984375,762.0602416992188,305340109
2007-05-28T00:00:00Z,774.3515014648438,780.4971313476562,762.0602416992188,774.3515014648438,161911351
2007-05-29T00:00:00Z,755.91455078125,780.4971313476562,755.91455078125,755.91455078125,38325908
2007-05-30T00:00:00Z,755.91455078125,768.2058715820312,749.7689208984375,755.91455078125,91981773
2007-05-31T00:00:00Z,768.2058715820312,798.93408203125,768.2058715820312,798.93408203125,299537221
2007-06-04T00:00:00Z,792.7884521484375,805.0797729492188,786.642822265625,792.7884521484375,140276119
2007-06-05T00:00:00Z,774.3515014648438,798.93408203125,768.2058715820312,774.3515014648438,83428971
2007-06-06T00:00:00Z,786.642822265625,811.2254028320312,780.4971313476562,786.642822265625,311057570
2007-06-07T00:00:00Z,774.3515014648438,786.642822265625,768.2058715820312,774.3515014648438,167270836
2007-06-08T00:00:00Z,762.0602416992188,768.2058715820312,749.7689208984375,762.0602416992188,226579076
2007-06-11T00:00:00Z,768.2058715820312,774.3515014648438,762.0602416992188,768.2058715820312,157607492
2007-06-12T00:00:00Z,768.2058715820312,774.3515014648438,762.0602416992188,768.2058715820312,84325947
2007-06-13T00:00:00Z,768.2058715820312,774.3515014648438,755.91455078125,768.2058715820312,94251672
2007-06-14T00:00:00Z,786.642822265625,792.7884521484375,774.3515014648438,786.642822265625,161809653
2007-06-15T00:00:00Z,792.7884521484375,798.93408203125,780.4971313476562,792.7884521484375,148558404
2007-06-18T00:00:00Z,798.93408203125,805.0797729492188,786.642822265625,798.93408203125,68406142
2007-06-19T00:00:00Z,798.93408203125,798.93408203125,786.642822265625,798.93408203125,76458590
2007-06-20T00:00:00Z,792.7884521484375,798.93408203125,786.642822265625,792.7884521484375,131058212
2007-06-21T00:00:00Z,780.4971313476562,792.7884521484375,774.3515014648438,780.4971313476562,69205489
2007-06-22T00:00:00Z,774.3515014648438,780.4971313476562,762.0602416992188,774.3515014648438,108497528
2007-06-25T00:00:00Z,774.3515014648438,774.3515014648438,762.0602416992188,774.3515014648438,49565571
2007-06-26T00:00:00Z,774.3515014648438,780.4971313476562,768.2058715820312,774.3515014648438,28591375
2007-06-27T00:00:00Z,755.91455078125,768.2058715820312,749.7689208984375,755.91455078125,190681716
2007-06-28T00:00:00Z,755.91455078125,768.2058715820312,743.623291015625,755.91455078125,135776999
2007-06-29T00:00:00Z,755.91455078125,774.3515014648438,755.91455078125,768.2058715820312,141366321
2007-07-02T00:00:00Z,786.642822265625,786.642822265625,768.2058715820312,786.642822265625,110958619
2007-07-03T00:00:00Z,798.93408203125,805.0797729492188,792.7884521484375,798.93408203125,372426211
2007-07-04T00:00:00Z,792.7884521484375,805.0797729492188,786.642822265625,792.7884521484375,98270777
2007-07-05T00:00:00Z,798.93408203125,805.0797729492188,786.642822265625,798.93408203125,143207055
2007-07-06T00:00:00Z,792.7884521484375,798.93408203125,786.642822265625,792.7884521484375,98699942
2007-07-09T00:00:00Z,798.93408203125,854.2449340820312,798.93408203125,848.0993041992188,1162505770
2007-07-10T00:00:00Z,866.5361938476562,866.5361938476562,835.8079833984375,866.5361938476562,593462746
2007-07-11T00:00:00Z,835.8079833984375,854.2449340820312,829.662353515625,835.8079833984375,311877256
2007-07-12T00:00:00Z,835.8079833984375,854.2449340820312,823.5166625976562,835.8079833984375,850374268
2007-07-13T00:00:00Z,829.662353515625,860.3905639648438,823.5166625976562,829.662353515625,537591899
2007-07-16T00:00:00Z,835.8079833984375,860.3905639648438,829.662353515625,835.8079833984375,1018391568
2007-07-17T00:00:00Z,854.2449340820312,854.2449340820312,841.95361328125,854.2449340820312,348696000
2007-07-18T00:00:00Z,860.3905639648438,866.5361938476562,848.0993041992188,860.3905639648438,341046276
2007-07-19T00:00:00Z,891.1187744140625,891.1187744140625,860.3905639648438,891.1187744140625,428905213
2007-07-20T00:00:00Z,915.701416015625,921.8470458984375,897.2644653320312,915.701416015625,387788711
2007-07-23T00:00:00Z,903.4100952148438,921.8470458984375,897.2644653320312,915.701416015625,291124762
2007-07-24T00:00:00Z,921.8470458984375,927.99267578125,903.4100952148438,921.8470458984375,335526109
2007-07-25T00:00:00Z,909.5557250976562,921.8470458984375,909.5557250976562,921.8470458984375,291381041
2007-07-26T00:00:00Z,921.8470458984375,934.1383056640625,909.5557250976562,915.701416015625,468345731
2007-07-27T00:00:00Z,884.97314453125,897.2644653320312,854.2449340820312,866.5361938476562,917423759
2007-07-30T00:00:00Z,860.3905639648438,866.5361938476562,835.8079833984375,854.2449340820312,417020784
2007-07-31T00:00:00Z,866.5361938476562,866.5361938476562,854.2449340820312,866.5361938476562,262722545
2007-08-01T00:00:00Z,854.2449340820312,854.2449340820312,805.0797729492188,811.2254028320312,642857465
2007-08-02T00:00:00Z,817.3710327148438,835.8079833984375,798.93408203125,817.3710327148438,439516382
2007-08-03T00:00:00Z,811.2254028320312,823.5166625976562,798.93408203125,811.2254028320312,174729367
2007-08-06T00:00:00Z,786.642822265625,786.642822265625,762.0602416992188,786.642822265625,428356043
2007-08-07T00:00:00Z,774.3515014648438,798.93408203125,768.2058715820312,774.3515014648438,305161120
2007-08-08T00:00:00Z,786.642822265625,811.2254028320312,780.4971313476562,805.0797729492188,413947471
2007-08-09T00:00:00Z,798.93408203125,823.5166625976562,792.7884521484375,798.93408203125,198176858
2007-08-10T00:00:00Z,780.4971313476562,780.4971313476562,755.91455078125,780.4971313476562,322246384
2007-08-13T00:00:00Z,792.7884521484375,792.7884521484375,768.2058715820312,792.7884521484375,12
2007-08-14T00:00:00Z,774.3515014648438,786.642822265625,768.2058715820312,774.3515014648438,93938442
2007-08-15T00:00:00Z,719.0407104492188,762.0602416992188,712.89501953125,719.0407104492188,491219645
2007-08-16T00:00:00Z,682.1668090820312,682.1668090820312,645.2929077148438,663.7298583984375,499300568
2007-08-20T00:00:00Z,719.0407104492188,725.1863403320312,700.603759765625,719.0407104492188,412938627
2007-08-21T00:00:00Z,719.0407104492188,731.3319702148438,676.0211791992188,682.1668090820312,265974847
2007-08-22T00:00:00Z,700.603759765625,706.7493896484375,676.0211791992188,700.603759765625,286479198
2007-08-23T00:00:00Z,731.3319702148438,737.4776000976562,719.0407104492188,731.3319702148438,444875867
2007-08-24T00:00:00Z,743.623291015625,743.623291015625,706.7493896484375,743.623291015625,148995705
2007-08-27T00:00:00Z,749.7689208984375,774.3515014648438,749.7689208984375,774.3515014648438,264614128
2007-08-28T00:00:00Z,774.3515014648438,780.4971313476562,762.0602416992188,774.3515014648438,153228376
2007-08-29T00:00:00Z,762.0602416992188,762.0602416992188,737.4776000976562,762.0602416992188,195095409
2007-08-30T00:00:00Z,768.2058715820312,780.4971313476562,762.0602416992188,768.2058715820312,169754301
2007-08-31T00:00:00Z,798.93408203125,798.93408203125,768.2058715820312,798.93408203125,261695395
2007-09-03T00:00:00Z,792.7884521484375,798.93408203125,780.4971313476562,792.7884521484375,166479626
2007-09-04T00:00:00Z,780.4971313476562,792.7884521484375,774.3515014648438,780.4971313476562,95522897
2007-09-05T00:00:00Z,792.7884521484375,792.7884521484375,774.3515014648438,792.7884521484375,118962252
2007-09-06T00:00:00Z,780.4971313476562,792.7884521484375,774.3515014648438,780.4971313476562,122582701
2007-09-07T00:00:00Z,786.642822265625,798.93408203125,780.4971313476562,786.642822265625,96865311
2007-09-10T00:00:00Z,762.0602416992188,774.3515014648438,762.0602416992188,768.2058715820312,187799594
2007-09-11T00:00:00Z,768.2058715820312,774.3515014648438,762.0602416992188,768.2058715820312,57638358
2007-09-12T00:00:00Z,768.2058715820312,774.3515014648438,755.91455078125,768.2058715820312,91697018
2007-09-13T00:00:00Z,768.2058715820312,768.2058715820312,755.91455078125,768.2058715820312,39627642
2007-09-14T00:00:00Z,774.3515014648438,780.4971313476562,762.0602416992188,774.3515014648438,69565499
2007-09-17T00:00:00Z,780.4971313476562,792.7884521484375,774.3515014648438,780.4971313476562,196694101
2007-09-18T00:00:00Z,786.642822265625,792.7884521484375,774.3515014648438,786.642822265625,64411445
2007-09-19T00:00:00Z,835.8079833984375,835.8079833984375,798.93408203125,835.8079833984375,682780032
2007-09-20T00:00:00Z,823.5166625976562,841.95361328125,817.3710327148438,823.5166625976562,331389034
2007-09-21T00:00:00Z,841.95361328125,841.95361328125,817.3710327148438,841.95361328125,132644701
2007-09-24T00:00:00Z,841.95361328125,866.5361938476562,835.8079833984375,866.5361938476562,301827460
2007-09-25T00:00:00Z,854.2449340820312,860.3905639648438,841.95361328125,848.0993041992188,128747634
2007-09-26T00:00:00Z,878.8275146484375,878.8275146484375,848.0993041992188,878.8275146484375,310241952
2007-09-27T00:00:00Z,878.8275146484375,891.1187744140625,872.681884765625,878.8275146484375,186455147
2007-09-28T00:00:00Z,866.5361938476562,884.97314453125,860.3905639648438,866.5361938476562,153639236
2007-10-01T00:00:00Z,878.8275146484375,884.97314453125,866.5361938476562,878.8275146484375,112240014
2007-10-02T00:00:00Z,897.2644653320312,903.4100952148438,884.97314453125,897.2644653320312,366448403
2007-10-03T00:00:00Z,878.8275146484375,909.5557250976562,872.681884765625,878.8275146484375,305543505
2007-10-04T00:00:00Z,903.4100952148438,909.5557250976562,878.8275146484375,903.4100952148438,265169399
2007-10-05T00:00:00Z,897.2644653320312,903.4100952148438,891.1187744140625,897.2644653320312,142635512
2007-10-08T00:00:00Z,903.4100952148438,952.5752563476562,903.4100952148438,952.5752563476562,622816857
2007-10-09T00:00:00Z,946.4296264648438,952.5752563476562,940.2839965820312,952.5752563476562,123882401
2007-10-10T00:00:00Z,958.720947265625,971.01220703125,952.5752563476562,958.720947265625,195660850
2007-10-11T00:00:00Z,971.01220703125,971.01220703125,952.5752563476562,971.01220703125,97048367
2007-10-17T00:00:00Z,964.8665771484375,964.8665771484375,940.2839965820312,952.5752563476562,187270765
2007-10-18T00:00:00Z,934.1383056640625,964.8665771484375,934.1383056640625,934.1383056640625,80015986
2007-10-19T00:00:00Z,891.1187744140625,927.99267578125,891.1187744140625,891.1187744140625,165950796
2007-10-22T00:00:00Z,860.3905639648438,872.681884765625,841.95361328125,848.0993041992188,196382905
2007-10-23T00:00:00Z,860.3905639648438,903.4100952148438,860.3905639648438,897.2644653320312,186859905
2007-10-24T00:00:00Z,909.5557250976562,921.8470458984375,872.681884765625,884.97314453125,196687999
2007-10-25T00:00:00Z,897.2644653320312,946.4296264648438,884.97314453125,946.4296264648438,299990794
2007-10-26T00:00:00Z,952.5752563476562,971.01220703125,940.2839965820312,952.5752563476562,332347030
2007-10-29T00:00:00Z,958.720947265625,995.5947875976562,958.720947265625,983.3035278320312,483222114
2007-10-30T00:00:00Z,983.3035278320312,989.4491577148438,952.5752563476562,964.8665771484375,294122819
2007-10-31T00:00:00Z,958.720947265625,958.720947265625,921.8470458984375,927.99267578125,240910358
2007-11-01T00:00:00Z,946.4296264648438,958.720947265625,921.8470458984375,934.1383056640625,305934025
2007-11-02T00:00:00Z,903.4100952148438,927.99267578125,903.4100952148438,915.701416015625,198628397
2007-11-05T00:00:00Z,915.701416015625,921.8470458984375,878.8275146484375,891.1187744140625,151686634
2007-11-06T00:00:00Z,878.8275146484375,903.4100952148438,878.8275146484375,897.2644653320312,174243251
2007-11-07T00:00:00Z,903.4100952148438,909.5557250976562,878.8275146484375,878.8275146484375,229084914
2007-11-08T00:00:00Z,860.3905639648438,860.3905639648438,823.5166625976562,835.8079833984375,771369160
2007-11-09T00:00:00Z,835.8079833984375,848.0993041992188,798.93408203125,835.8079833984375,1162603400
2007-11-12T00:00:00Z,823.5166625976562,835.8079833984375,805.0797729492188,817.3710327148438,468425055
2007-11-13T00:00:00Z,817.3710327148438,872.681884765625,817.3710327148438,866.5361938476562,1025990442
2007-11-14T00:00:00Z,891.1187744140625,903.4100952148438,878.8275146484375,891.1187744140625,644252762
2007-11-15T00:00:00Z,884.97314453125,891.1187744140625,866.5361938476562,872.681884765625,404334976
2007-11-16T00:00:00Z,854.2449340820312,860.3905639648438,835.8079833984375,854.2449340820312,193364509
2007-11-19T00:00:00Z,854.2449340820312,878.8275146484375,848.0993041992188,854.2449340820312,163015792
2007-11-20T00:00:00Z,854.2449340820312,866.5361938476562,811.2254028320312,860.3905639648438,461975368
2007-11-21T00:00:00Z,854.2449340820312,854.2449340820312,817.3710327148438,823.5166625976562,259100062
2007-11-22T00:00:00Z,805.0797729492188,835.8079833984375,805.0797729492188,823.5166625976562,159572297
2007-11-23T00:00:00Z,835.8079833984375,835.8079833984375,817.3710327148438,823.5166625976562,64594501
2007-11-26T00:00:00Z,835.8079833984375,860.3905639648438,829.662353515625,860.3905639648438,186731765
2007-11-27T00:00:00Z,835.8079833984375,854.2449340820312,829.662353515625,848.0993041992188,149274358
2007-11-28T00:00:00Z,854.2449340820312,860.3905639648438,841.95361328125,848.0993041992188,181099730
2007-11-29T00:00:00Z,866.5361938476562,897.2644653320312,860.3905639648438,866.5361938476562,419437129
2007-11-30T00:00:00Z,872.681884765625,884.97314453125,872.681884765625,872.681884765625,190293229
2007-12-03T00:00:00Z,884.97314453125,897.2644653320312,878.8275146484375,897.2644653320312,159745184
2007-12-04T00:00:00Z,891.1187744140625,903.4100952148438,884.97314453125,897.2644653320312,151542223
2007-12-05T00:00:00Z,891.1187744140625,909.5557250976562,878.8275146484375,909.5557250976562,294875384
2007-12-06T00:00:00Z,915.701416015625,927.99267578125,903.4100952148438,909.5557250976562,472472636
2007-12-07T00:00:00Z,921.8470458984375,921.8470458984375,872.681884765625,872.681884765625,242555831
2007-12-10T00:00:00Z,872.681884765625,891.1187744140625,872.681884765625,878.8275146484375,179863082
2007-12-11T00:00:00Z,884.97314453125,891.1187744140625,878.8275146484375,884.97314453125,142891791
2007-12-12T00:00:00Z,866.5361938476562,878.8275146484375,860.3905639648438,872.681884765625,164732454
2007-12-13T00:00:00Z,872.681884765625,872.681884765625,841.95361328125,848.0993041992188,110692171
2007-12-14T00:00:00Z,848.0993041992188,854.2449340820312,835.8079833984375,841.95361328125,76373164
2007-12-17T00:00:00Z,835.8079833984375,841.95361328125,792.7884521484375,811.2254028320312,320946684
2007-12-18T00:00:00Z,811.2254028320312,817.3710327148438,792.7884521484375,811.2254028320312,300720986
2007-12-19T00:00:00Z,811.2254028320312,817.3710327148438,805.0797729492188,817.3710327148438,100556948
2007-12-26T00:00:00Z,829.662353515625,854.2449340820312,823.5166625976562,854.2449340820312,109024323
2007-12-27T00:00:00Z,854.2449340820312,872.681884765625,841.95361328125,866.5361938476562,141606329
2007-12-28T00:00:00Z,866.5361938476562,866.5361938476562,848.0993041992188,860.3905639648438,87903683
2008-01-02T00:00:00Z,860.3905639648438,872.681884765625,841.95361328125,860.3905639648438,113454288
2008-01-03T00:00:00Z,848.0993041992188,848.0993041992188,823.5166625976562,829.662353515625,87901649
2008-01-04T00:00:00Z,829.662353515625,841.95361328125,823.5166625976562,835.8079833984375,125493298
2008-01-07T00:00:00Z,811.2254028320312,841.95361328125,811.2254028320312,835.8079833984375,63101575
2008-01-08T00:00:00Z,835.8079833984375,841.95361328125,823.5166625976562,829.662353515625,54959633
2008-01-09T00:00:00Z,823.5166625976562,841.95361328125,823.5166625976562,835.8079833984375,123597647
2008-01-14T00:00:00Z,829.662353515625,829.662353515625,811.2254028320312,817.3710327148438,162954773
2008-01-15T00:00:00Z,823.5166625976562,829.662353515625,780.4971313476562,786.642822265625,201028470
2008-01-16T00:00:00Z,768.2058715820312,768.2058715820312,719.0407104492188,743.623291015625,392973275
2008-01-17T00:00:00Z,743.623291015625,774.3515014648438,731.3319702148438,768.2058715820312,216203846
2008-01-18T00:00:00Z,737.4776000976562,762.0602416992188,725.1863403320312,749.7689208984375,202777676
2008-01-21T00:00:00Z,737.4776000976562,743.623291015625,688.3124389648438,700.603759765625,255904711
2008-01-22T00:00:00Z,645.2929077148438,663.7298583984375,626.85595703125,645.2929077148438,368712200
2008-01-23T00:00:00Z,700.603759765625,743.623291015625,688.3124389648438,731.3319702148438,378692842
2008-01-24T00:00:00Z,755.91455078125,780.4971313476562,749.7689208984375,762.0602416992188,363419836
2008-01-25T00:00:00Z,774.3515014648438,811.2254028320312,774.3515014648438,811.2254028320312,374730688
2008-01-28T00:00:00Z,780.4971313476562,792.7884521484375,768.2058715820312,774.3515014648438,176716546
2008-01-29T00:00:00Z,792.7884521484375,811.2254028320312,792.7884521484375,805.0797729492188,290319314
2008-01-30T00:00:00Z,823.5166625976562,823.5166625976562,792.7884521484375,798.93408203125,261654716
2008-01-31T00:00:00Z,811.2254028320312,823.5166625976562,798.93408203125,817.3710327148438,358725457
2008-02-01T00:00:00Z,829.662353515625,841.95361328125,811.2254028320312,823.5166625976562,270095650
2008-02-04T00:00:00Z,835.8079833984375,848.0993041992188,817.3710327148438,835.8079833984375,216925901
2008-02-05T00:00:00Z,829.662353515625,854.2449340820312,823.5166625976562,848.0993041992188,285297467
2008-02-11T00:00:00Z,817.3710327148438,823.5166625976562,792.7884521484375,798.93408203125,160320795
2008-02-12T00:00:00Z,811.2254028320312,817.3710327148438,780.4971313476562,792.7884521484375,109555187
2008-02-13T00:00:00Z,811.2254028320312,811.2254028320312,792.7884521484375,798.93408203125,97697200
2008-02-14T00:00:00Z,817.3710327148438,823.5166625976562,805.0797729492188,811.2254028320312,95189328
2008-02-15T00:00:00Z,798.93408203125,823.5166625976562,792.7884521484375,817.3710327148438,120861971
2008-02-18T00:00:00Z,805.0797729492188,823.5166625976562,798.93408203125,805.0797729492188,117080839
2008-02-19T00:00:00Z,817.3710327148438,835.8079833984375,811.2254028320312,829.662353515625,281369890
2008-02-20T00:00:00Z,829.662353515625,829.662353515625,811.2254028320312,823.5166625976562,199301638
2008-02-21T00:00:00Z,829.662353515625,835.8079833984375,817.3710327148438,823.5166625976562,114070578
2008-02-22T00:00:00Z,817.3710327148438,829.662353515625,811.2254028320312,829.662353515625,70987237
2008-02-25T00:00:00Z,835.8079833984375,835.8079833984375,817.3710327148438,823.5166625976562,81207886
2008-02-26T00:00:00Z,829.662353515625,829.662353515625,805.0797729492188,805.0797729492188,80866181
2008-02-27T00:00:00Z,817.3710327148438,817.3710327148438,792.7884521484375,798.93408203125,102361070
2008-02-28T00:00:00Z,798.93408203125,817.3710327148438,798.93408203125,817.3710327148438,124952264
2008-02-29T00:00:00Z,811.2254028320312,817.3710327148438,798.93408203125,805.0797729492188,85955149
2008-03-03T00:00:00Z,786.642822265625,798.93408203125,774.3515014648438,786.642822265625,140032044
2008-03-04T00:00:00Z,786.642822265625,798.93408203125,768.2058715820312,768.2058715820312,116411666
2008-03-05T00:00:00Z,774.3515014648438,780.4971313476562,762.0602416992188,774.3515014648438,47419743
2008-03-06T00:00:00Z,780.4971313476562,792.7884521484375,774.3515014648438,780.4971313476562,79196300
2008-03-10T00:00:00Z,768.2058715820312,768.2058715820312,731.3319702148438,737.4776000976562,203876014
2008-03-11T00:00:00Z,737.4776000976562,774.3515014648438,719.0407104492188,768.2058715820312,134540352
2008-03-12T00:00:00Z,792.7884521484375,805.0797729492188,774.3515014648438,774.3515014648438,207827998
2008-03-13T00:00:00Z,774.3515014648438,798.93408203125,737.4776000976562,743.623291015625,363759508
2008-03-14T00:00:00Z,755.91455078125,768.2058715820312,737.4776000976562,737.4776000976562,159787897
2008-03-17T00:00:00Z,700.603759765625,755.91455078125,676.0211791992188,755.91455078125,257812565
2008-03-18T00:00:00Z,762.0602416992188,768.2058715820312,725.1863403320312,743.623291015625,248541776
2008-03-19T00:00:00Z,762.0602416992188,762.0602416992188,731.3319702148438,737.4776000976562,225438024
2008-03-24T00:00:00Z,737.4776000976562,768.2058715820312,737.4776000976562,768.2058715820312,138132325
2008-03-25T00:00:00Z,774.3515014648438,792.7884521484375,762.0602416992188,774.3515014648438,181701782
2008-03-26T00:00:00Z,762.0602416992188,798.93408203125,762.0602416992188,786.642822265625,117074737
2008-03-27T00:00:00Z,780.4971313476562,780.4971313476562,762.0602416992188,780.4971313476562,87547740
2008-03-28T00:00:00Z,780.4971313476562,786.642822265625,768.2058715820312,774.3515014648438,82883870
2008-03-31T00:00:00Z,768.2058715820312,780.4971313476562,762.0602416992188,774.3515014648438,95274754
2008-04-01T00:00:00Z,774.3515014648438,786.642822265625,743.623291015625,755.91455078125,226422461
2008-04-02T00:00:00Z,768.2058715820312,792.7884521484375,768.2058715820312,774.3515014648438,301615928
2008-04-03T00:00:00Z,780.4971313476562,780.4971313476562,737.4776000976562,743.623291015625,517732314
2008-04-04T00:00:00Z,743.623291015625,749.7689208984375,731.3319702148438,743.623291015625,126862153
2008-04-07T00:00:00Z,762.0602416992188,762.0602416992188,731.3319702148438,731.3319702148438,64092113
2008-04-08T00:00:00Z,737.4776000976562,737.4776000976562,682.1668090820312,688.3124389648438,134587133
2008-04-09T00:00:00Z,682.1668090820312,694.4581298828125,639.1472778320312,651.4385986328125,237910267
2008-04-10T00:00:00Z,651.4385986328125,676.0211791992188,651.4385986328125,676.0211791992188,262982892
2008-04-11T00:00:00Z,688.3124389648438,719.0407104492188,682.1668090820312,719.0407104492188,202747166
2008-04-14T00:00:00Z,700.603759765625,700.603759765625,676.0211791992188,688.3124389648438,104868943
2008-04-15T00:00:00Z,688.3124389648438,694.4581298828125,676.0211791992188,682.1668090820312,117890355
2008-04-16T00:00:00Z,688.3124389648438,700.603759765625,682.1668090820312,682.1668090820312,218585613
2008-04-17T00:00:00Z,694.4581298828125,700.603759765625,676.0211791992188,688.3124389648438,215858072
2008-04-18T00:00:00Z,682.1668090820312,700.603759765625,676.0211791992188,694.4581298828125,286900227
2008-04-21T00:00:00Z,700.603759765625,706.7493896484375,682.1668090820312,682.1668090820312,179832573
2008-04-22T00:00:00Z,682.1668090820312,682.1668090820312,669.87548828125,676.0211791992188,161679480
2008-04-23T00:00:00Z,676.0211791992188,676.0211791992188,657.584228515625,669.87548828125,105426248
2008-04-24T00:00:00Z,676.0211791992188,676.0211791992188,651.4385986328125,651.4385986328125,239456076
2008-04-25T00:00:00Z,657.584228515625,663.7298583984375,639.1472778320312,645.2929077148438,185519525
2008-04-28T00:00:00Z,651.4385986328125,663.7298583984375,639.1472778320312,663.7298583984375,134652219
2008-04-29T00:00:00Z,676.0211791992188,706.7493896484375,676.0211791992188,694.4581298828125,367735900
2008-04-30T00:00:00Z,694.4581298828125,712.89501953125,694.4581298828125,706.7493896484375,239397092
2008-05-05T00:00:00Z,768.2058715820312,768.2058715820312,743.623291015625,755.91455078125,236490563
2008-05-06T00:00:00Z,755.91455078125,755.91455078125,731.3319702148438,743.623291015625,157873941
2008-05-07T00:00:00Z,743.623291015625,743.623291015625,712.89501953125,712.89501953125,171475031
2008-05-08T00:00:00Z,706.7493896484375,712.89501953125,682.1668090820312,700.603759765625,156631191
2008-05-09T00:00:00Z,700.603759765625,712.89501953125,688.3124389648438,706.7493896484375,70226536
2008-05-12T00:00:00Z,700.603759765625,706.7493896484375,688.3124389648438,706.7493896484375,65129433
2008-05-13T00:00:00Z,712.89501953125,719.0407104492188,694.4581298828125,712.89501953125,178164726
2008-05-14T00:00:00Z,712.89501953125,737.4776000976562,712.89501953125,737.4776000976562,218744262
2008-05-15T00:00:00Z,743.623291015625,755.91455078125,731.3319702148438,737.4776000976562,175443287
2008-05-16T00:00:00Z,749.7689208984375,749.7689208984375,731.3319702148438,731.3319702148438,38748971
2008-05-21T00:00:00Z,719.0407104492188,725.1863403320312,700.603759765625,719.0407104492188,76053832
2008-05-22T00:00:00Z,694.4581298828125,706.7493896484375,694.4581298828125,706.7493896484375,61547629
2008-05-23T00:00:00Z,706.7493896484375,712.89501953125,688.3124389648438,694.4581298828125,70053650
2008-05-26T00:00:00Z,682.1668090820312,688.3124389648438,676.0211791992188,682.1668090820312,27212350
2008-05-27T00:00:00Z,676.0211791992188,706.7493896484375,669.87548828125,676.0211791992188,157347145
2008-05-28T00:00:00Z,682.1668090820312,700.603759765625,663.7298583984375,694.4581298828125,175880589
2008-05-29T00:00:00Z,706.7493896484375,719.0407104492188,676.0211791992188,712.89501953125,414394942
2008-05-30T00:00:00Z,719.0407104492188,731.3319702148438,700.603759765625,712.89501953125,127679805
2008-06-02T00:00:00Z,712.89501953125,719.0407104492188,694.4581298828125,700.603759765625,69006160
2008-06-03T00:00:00Z,688.3124389648438,700.603759765625,688.3124389648438,694.4581298828125,72476096
2008-06-04T00:00:00Z,694.4581298828125,694.4581298828125,682.1668090820312,688.3124389648438,50706622
2008-06-05T00:00:00Z,688.3124389648438,706.7493896484375,682.1668090820312,700.603759765625,116842866
2008-06-06T00:00:00Z,712.89501953125,712.89501953125,688.3124389648438,694.4581298828125,85515814
2008-06-09T00:00:00Z,669.87548828125,694.4581298828125,669.87548828125,682.1668090820312,144543367
2008-06-10T00:00:00Z,682.1668090820312,682.1668090820312,657.584228515625,663.7298583984375,219553778
2008-06-11T00:00:00Z,663.7298583984375,694.4581298828125,663.7298583984375,688.3124389648438,139572369
2008-06-12T00:00:00Z,682.1668090820312,694.4581298828125,676.0211791992188,694.4581298828125,93397409
2008-06-13T00:00:00Z,694.4581298828125,694.4581298828125,676.0211791992188,688.3124389648438,78038977
2008-06-16T00:00:00Z,694.4581298828125,700.603759765625,688.3124389648438,694.4581298828125,117697129
2008-06-17T00:00:00Z,694.4581298828125,700.603759765625,688.3124389648438,694.4581298828125,51329014
2008-06-18T00:00:00Z,700.603759765625,706.7493896484375,694.4581298828125,700.603759765625,70708585
2008-06-19T00:00:00Z,694.4581298828125,706.7493896484375,688.3124389648438,694.4581298828125,120957567
2008-06-20T00:00:00Z,657.584228515625,663.7298583984375,651.4385986328125,657.584228515625,118956150
2008-06-23T00:00:00Z,645.2929077148438,651.4385986328125,633.0016479492188,645.2929077148438,96680220
2008-06-24T00:00:00Z,663.7298583984375,663.7298583984375,633.0016479492188,663.7298583984375,148029574
2008-06-25T00:00:00Z,657.584228515625,663.7298583984375,651.4385986328125,657.584228515625,74524294
2008-06-26T00:00:00Z,663.7298583984375,676.0211791992188,657.584228515625,663.7298583984375,81655358
2008-06-27T00:00:00Z,639.1472778320312,657.584228515625,633.0016479492188,639.1472778320312,57390215
2008-06-30T00:00:00Z,639.1472778320312,651.4385986328125,633.0016479492188,639.1472778320312,44952549
2008-07-01T00:00:00Z,651.4385986328125,657.584228515625,645.2929077148438,651.4385986328125,51739874
2008-07-02T00:00:00Z,669.87548828125,688.3124389648438,651.4385986328125,669.87548828125,257007117
2008-07-03T00:00:00Z,645.2929077148438,663.7298583984375,645.2929077148438,645.2929077148438,134387805
2008-07-04T00:00:00Z,651.4385986328125,663.7298583984375,645.2929077148438,651.4385986328125,26215710
2008-07-07T00:00:00Z,651.4385986328125,657.584228515625,645.2929077148438,651.4385986328125,19001254
2008-07-08T00:00:00Z,663.7298583984375,663.7298583984375,645.2929077148438,663.7298583984375,80526510
2008-07-09T00:00:00Z,682.1668090820312,688.3124389648438,669.87548828125,682.1668090820312,135559366
2008-07-10T00:00:00Z,688.3124389648438,688.3124389648438,669.87548828125,688.3124389648438,125310241
2008-07-11T00:00:00Z,700.603759765625,706.7493896484375,688.3124389648438,700.603759765625,189835588
2008-07-14T00:00:00Z,694.4581298828125,712.89501953125,694.4581298828125,694.4581298828125,88465056
2008-07-15T00:00:00Z,663.7298583984375,688.3124389648438,657.584228515625,663.7298583984375,46219707
2008-07-16T00:00:00Z,645.2929077148438,676.0211791992188,645.2929077148438,645.2929077148438,124994977
2008-07-17T00:00:00Z,651.4385986328125,669.87548828125,645.2929077148438,651.4385986328125,129132052
2008-07-18T00:00:00Z,663.7298583984375,669.87548828125,657.584228515625,663.7298583984375,175372099
2008-07-21T00:00:00Z,682.1668090820312,688.3124389648438,663.7298583984375,682.1668090820312,96440213
2008-07-22T00:00:00Z,682.1668090820312,688.3124389648438,669.87548828125,682.1668090820312,34083067
2008-07-23T00:00:00Z,712.89501953125,712.89501953125,682.1668090820312,712.89501953125,399394487
2008-07-24T00:00:00Z,737.4776000976562,737.4776000976562,700.603759765625,737.4776000976562,435594907
2008-07-25T00:00:00Z,712.89501953125,725.1863403320312,706.7493896484375,712.89501953125,100504065
2008-07-28T00:00:00Z,712.89501953125,731.3319702148438,706.7493896484375,712.89501953125,103780775
2008-07-29T00:00:00Z,719.0407104492188,719.0407104492188,700.603759765625,719.0407104492188,80994321
2008-07-31T00:00:00Z,731.3319702148438,749.7689208984375,725.1863403320312,731.3319702148438,183666588
2008-08-01T00:00:00Z,731.3319702148438,743.623291015625,719.0407104492188,731.3319702148438,139741187
2008-08-04T00:00:00Z,719.0407104492188,755.91455078125,719.0407104492188,755.91455078125,200418282
2008-08-05T00:00:00Z,755.91455078125,774.3515014648438,737.4776000976562,755.91455078125,155492174
2008-08-06T00:00:00Z,743.623291015625,768.2058715820312,737.4776000976562,743.623291015625,175010054
2008-08-07T00:00:00Z,737.4776000976562,743.623291015625,725.1863403320312,737.4776000976562,62812752
2008-08-08T00:00:00Z,719.0407104492188,737.4776000976562,712.89501953125,719.0407104492188,44730848
2008-08-11T00:00:00Z,694.4581298828125,731.3319702148438,688.3124389648438,694.4581298828125,60266234
2008-08-12T00:00:00Z,676.0211791992188,700.603759765625,651.4385986328125,676.0211791992188,183593365
2008-08-13T00:00:00Z,657.584228515625,712.89501953125,657.584228515625,706.7493896484375,125481094
2008-08-14T00:00:00Z,706.7493896484375,712.89501953125,694.4581298828125,706.7493896484375,37398422
2008-08-15T00:00:00Z,712.89501953125,725.1863403320312,700.603759765625,712.89501953125,89813571
2008-08-19T00:00:00Z,688.3124389648438,719.0407104492188,688.3124389648438,688.3124389648438,65806741
2008-08-20T00:00:00Z,719.0407104492188,725.1863403320312,688.3124389648438,719.0407104492188,51605633
2008-08-21T00:00:00Z,694.4581298828125,712.89501953125,694.4581298828125,694.4581298828125,52319553
2008-08-22T00:00:00Z,700.603759765625,706.7493896484375,682.1668090820312,700.603759765625,98217894
2008-08-25T00:00:00Z,700.603759765625,712.89501953125,682.1668090820312,700.603759765625,52236160
2008-08-26T00:00:00Z,688.3124389648438,694.4581298828125,676.0211791992188,688.3124389648438,27474731
2008-08-27T00:00:00Z,688.3124389648438,694.4581298828125,682.1668090820312,688.3124389648438,50074061
2008-08-28T00:00:00Z,688.3124389648438,700.603759765625,682.1668090820312,688.3124389648438,69213624
2008-08-29T00:00:00Z,694.4581298828125,700.603759765625,682.1668090820312,694.4581298828125,42137549
2008-09-01T00:00:00Z,688.3124389648438,694.4581298828125,676.0211791992188,688.3124389648438,114845517
2008-09-02T00:00:00Z,719.0407104492188,719.0407104492188,682.1668090820312,719.0407104492188,184984594
2008-09-03T00:00:00Z,700.603759765625,719.0407104492188,700.603759765625,700.603759765625,114922807
2008-09-04T00:00:00Z,688.3124389648438,700.603759765625,682.1668090820312,688.3124389648438,61346267
2008-09-05T00:00:00Z,669.87548828125,676.0211791992188,651.4385986328125,669.87548828125,139303886
2008-09-08T00:00:00Z,669.87548828125,694.4581298828125,663.7298583984375,669.87548828125,109054833
2008-09-09T00:00:00Z,651.4385986328125,669.87548828125,651.4385986328125,651.4385986328125,61334063
2008-09-10T00:00:00Z,657.584228515625,663.7298583984375,645.2929077148438,657.584228515625,167529149
2008-09-11T00:00:00Z,645.2929077148438,657.584228515625,633.0016479492188,645.2929077148438,58492621
2008-09-12T00:00:00Z,639.1472778320312,639.1472778320312,571.545166015625,602.2733764648438,180833281
2008-09-15T00:00:00Z,596.1277465820312,596.1277465820312,540.8169555664062,553.1082153320312,92337716
2008-09-16T00:00:00Z,528.525634765625,602.2733764648438,485.506103515625,596.1277465820312,220737542
2008-09-17T00:00:00Z,626.85595703125,633.0016479492188,608.4190673828125,626.85595703125,277206374
2008-09-18T00:00:00Z,620.7103271484375,639.1472778320312,577.6907958984375,620.7103271484375,196149000
2008-09-19T00:00:00Z,657.584228515625,669.87548828125,645.2929077148438,657.584228515625,119517523
2008-09-22T00:00:00Z,688.3124389648438,688.3124389648438,663.7298583984375,688.3124389648438,145674249
2008-09-23T00:00:00Z,682.1668090820312,688.3124389648438,663.7298583984375,682.1668090820312,163432753
2008-09-24T00:00:00Z,663.7298583984375,688.3124389648438,657.584228515625,663.7298583984375,88735572
2008-09-25T00:00:00Z,645.2929077148438,657.584228515625,639.1472778320312,645.2929077148438,125609233
2008-09-26T00:00:00Z,645.2929077148438,657.584228515625,633.0016479492188,645.2929077148438,39410008
2008-10-06T00:00:00Z,614.564697265625,626.85595703125,596.1277465820312,614.564697265625,257627475
2008-10-07T00:00:00Z,614.564697265625,620.7103271484375,602.2733764648438,614.564697265625,162698494
2008-10-08T00:00:00Z,565.3995361328125,596.1277465820312,559.2538452148438,565.3995361328125,100483725
2008-10-13T00:00:00Z,534.6712646484375,571.545166015625,510.08868408203125,534.6712646484375,4
2008-10-14T00:00:00Z,577.6907958984375,583.83642578125,553.1082153320312,577.6907958984375,383175690
2008-10-15T00:00:00Z,534.6712646484375,583.83642578125,522.3800048828125,534.6712646484375,143087052
2008-10-16T00:00:00Z,485.506103515625,510.08868408203125,485.506103515625,510.08868408203125,121565721
2008-10-17T00:00:00Z,516.2343139648438,516.2343139648438,460.92352294921875,460.92352294921875,206945260
2008-10-20T00:00:00Z,437.570068359375,486.7352294921875,422.82049560546875,469.5274353027344,134450857
2008-10-21T00:00:00Z,484.2769775390625,496.5682678222656,471.9856872558594,484.2769775390625,112514599
2008-10-22T00:00:00Z,479.3604736328125,479.3604736328125,437.570068359375,437.570068359375,93739114
2008-10-23T00:00:00Z,403.1544494628906,410.5292053222656,395.7796630859375,403.1544494628906,102733285
2008-10-24T00:00:00Z,393.3214111328125,393.3214111328125,363.8222961425781,363.8222961425781,115756731
2008-10-27T00:00:00Z,329.40667724609375,339.2397155761719,329.40667724609375,329.40667724609375,48135697
2008-10-28T00:00:00Z,297.4493103027344,317.1153869628906,297.4493103027344,297.4493103027344,155467766
2008-10-29T00:00:00Z,312.1988525390625,319.5736389160156,280.2414855957031,292.5328063964844,158844140
2008-10-30T00:00:00Z,294.9910583496094,319.5736389160156,294.9910583496094,319.5736389160156,320838884
2008-10-31T00:00:00Z,329.40667724609375,383.4883728027344,319.5736389160156,383.4883728027344,356303010
2008-11-03T00:00:00Z,393.3214111328125,459.69439697265625,393.3214111328125,459.69439697265625,89884760
2008-11-04T00:00:00Z,462.15264892578125,499.0265197753906,452.3196105957031,462.15264892578125,113842775
2008-11-05T00:00:00Z,467.06915283203125,503.94305419921875,454.7778625488281,467.06915283203125,108544309
2008-11-06T00:00:00Z,422.82049560546875,440.0283203125,420.36224365234375,422.82049560546875,79456647
2008-11-07T00:00:00Z,417.90399169921875,454.7778625488281,400.6961669921875,454.7778625488281,72587964
2008-11-10T00:00:00Z,469.5274353027344,484.2769775390625,457.23614501953125,469.5274353027344,63567351
2008-11-11T00:00:00Z,471.9856872558594,474.4439392089844,457.23614501953125,471.9856872558594,45524092
2008-11-12T00:00:00Z,476.9021911621094,484.2769775390625,462.15264892578125,476.9021911621094,39216782
2008-11-13T00:00:00Z,442.486572265625,464.61090087890625,435.1117858886719,442.486572265625,56062039
2008-11-14T00:00:00Z,459.69439697265625,474.4439392089844,430.1952819824219,430.1952819824219,41889406
2008-11-17T00:00:00Z,415.44573974609375,435.1117858886719,405.6127014160156,415.44573974609375,39070337
2008-11-18T00:00:00Z,405.6127014160156,405.6127014160156,376.11358642578125,378.57183837890625,109951809
2008-11-19T00:00:00Z,363.8222961425781,376.11358642578125,349.07275390625,363.8222961425781,86992469
2008-11-20T00:00:00Z,356.447509765625,356.447509765625,329.40667724609375,329.40667724609375,172256072
2008-11-21T00:00:00Z,326.94842529296875,334.32318115234375,304.8240966796875,326.94842529296875,134835276
2008-11-24T00:00:00Z,336.7814636230469,336.7814636230469,307.2823486328125,312.1988525390625,89813571
2008-11-25T00:00:00Z,317.1153869628906,334.32318115234375,314.6571350097656,317.1153869628906,211537941
2008-11-26T00:00:00Z,329.40667724609375,334.32318115234375,317.1153869628906,329.40667724609375,731855419
2008-11-27T00:00:00Z,336.7814636230469,361.3640441894531,334.32318115234375,361.3640441894531,948895222
2008-11-28T00:00:00Z,368.7388000488281,378.57183837890625,353.9892578125,366.2805480957031,773043109
2008-12-01T00:00:00Z,361.3640441894531,376.11358642578125,358.9057922363281,361.3640441894531,307374069
2008-12-02T00:00:00Z,351.531005859375,356.447509765625,339.2397155761719,351.531005859375,238408587
2008-12-03T00:00:00Z,366.2805480957031,368.7388000488281,356.447509765625,366.2805480957031,212864083
2008-12-04T00:00:00Z,371.19708251953125,400.6961669921875,371.19708251953125,393.3214111328125,289959303
2008-12-05T00:00:00Z,403.1544494628906,412.9874572753906,390.8631286621094,403.1544494628906,157375621
2008-12-09T00:00:00Z,420.36224365234375,454.7778625488281,420.36224365234375,454.7778625488281,188301982
2008-12-10T00:00:00Z,476.9021911621094,486.7352294921875,457.23614501953125,476.9021911621094,142149396
2008-12-11T00:00:00Z,494.1100158691406,528.525634765625,476.9021911621094,494.1100158691406,269105111
2008-12-12T00:00:00Z,491.6517639160156,503.94305419921875,448.6322326660156,448.6322326660156,98567735
2008-12-15T00:00:00Z,467.06915283203125,530.98388671875,467.06915283203125,530.98388671875,179515275
2008-12-16T00:00:00Z,522.3800048828125,540.8169555664062,510.08868408203125,522.3800048828125,155520649
2008-12-17T00:00:00Z,528.525634765625,553.1082153320312,503.94305419921875,528.525634765625,220133456
2008-12-18T00:00:00Z,522.3800048828125,534.6712646484375,503.94305419921875,522.3800048828125,56066107
2008-12-19T00:00:00Z,503.94305419921875,528.525634765625,491.6517639160156,503.94305419921875,142104649
2008-12-22T00:00:00Z,503.94305419921875,510.08868408203125,485.506103515625,503.94305419921875,80355657
2008-12-23T00:00:00Z,491.6517639160156,497.7973937988281,485.506103515625,491.6517639160156,26132318
2008-12-24T00:00:00Z,491.6517639160156,503.94305419921875,473.2148132324219,491.6517639160156,48147901
2008-12-30T00:00:00Z,497.7973937988281,516.2343139648438,497.7973937988281,497.7973937988281,56135262
2009-01-05T00:00:00Z,540.8169555664062,546.9625854492188,510.08868408203125,540.8169555664062,152235804
2009-01-06T00:00:00Z,540.8169555664062,559.2538452148438,522.3800048828125,534.6712646484375,116649639
2009-01-07T00:00:00Z,553.1082153320312,553.1082153320312,510.08868408203125,516.2343139648438,361912672
2009-01-08T00:00:00Z,491.6517639160156,510.08868408203125,485.506103515625,491.6517639160156,90873264
2009-01-09T00:00:00Z,479.3604736328125,491.6517639160156,473.2148132324219,479.3604736328125,159381105
2009-01-12T00:00:00Z,474.4439392089844,474.4439392089844,462.15264892578125,474.4439392089844,153273123
2009-01-13T00:00:00Z,474.4439392089844,516.2343139648438,464.61090087890625,511.31781005859375,293500428
2009-01-14T00:00:00Z,522.3800048828125,522.3800048828125,485.506103515625,491.6517639160156,95195429
2009-01-15T00:00:00Z,479.3604736328125,485.506103515625,454.7778625488281,479.3604736328125,60917102
2009-01-16T00:00:00Z,479.3604736328125,484.2769775390625,469.5274353027344,479.3604736328125,90399352
2009-01-19T00:00:00Z,469.5274353027344,486.7352294921875,464.61090087890625,469.5274353027344,72347957
2009-01-20T00:00:00Z,471.9856872558594,471.9856872558594,457.23614501953125,471.9856872558594,49919480
2009-01-21T00:00:00Z,462.15264892578125,469.5274353027344,437.570068359375,437.570068359375,224606134
2009-01-22T00:00:00Z,442.486572265625,457.23614501953125,437.570068359375,442.486572265625,133029119
2009-01-23T00:00:00Z,437.570068359375,444.94482421875,435.1117858886719,437.570068359375,28809009
2009-01-27T00:00:00Z,440.0283203125,447.4031066894531,437.570068359375,440.0283203125,118734448
2009-01-28T00:00:00Z,442.486572265625,444.94482421875,440.0283203125,442.486572265625,70547902
2009-01-29T00:00:00Z,449.8613586425781,452.3196105957031,442.486572265625,449.8613586425781,233069442
2009-01-30T00:00:00Z,447.4031066894531,452.3196105957031,444.94482421875,447.4031066894531,53405687
2009-02-02T00:00:00Z,437.570068359375,449.8613586425781,432.6535339355469,437.570068359375,105485233
2009-02-03T00:00:00Z,437.570068359375,444.94482421875,437.570068359375,437.570068359375,82212663
2009-02-04T00:00:00Z,437.570068359375,447.4031066894531,435.1117858886719,437.570068359375,79531903
2009-02-05T00:00:00Z,440.0283203125,440.0283203125,435.1117858886719,440.0283203125,25715356
2009-02-06T00:00:00Z,442.486572265625,449.8613586425781,437.570068359375,442.486572265625,147173277
2009-02-09T00:00:00Z,435.1117858886719,447.4031066894531,435.1117858886719,435.1117858886719,43994554
2009-02-10T00:00:00Z,430.1952819824219,437.570068359375,425.2787780761719,430.1952819824219,71786584
2009-02-11T00:00:00Z,427.7370300292969,430.1952819824219,417.90399169921875,427.7370300292969,40736150
2009-02-12T00:00:00Z,437.570068359375,440.0283203125,427.7370300292969,437.570068359375,94080819
2009-02-13T00:00:00Z,427.7370300292969,442.486572265625,422.82049560546875,427.7370300292969,330630367
2009-02-16T00:00:00Z,425.2787780761719,430.1952819824219,422.82049560546875,425.2787780761719,100176597
2009-02-17T00:00:00Z,420.36224365234375,425.2787780761719,415.44573974609375,420.36224365234375,69164809
2009-02-18T00:00:00Z,435.1117858886719,437.570068359375,415.44573974609375,435.1117858886719,126550957
2009-02-19T00:00:00Z,449.8613586425781,449.8613586425781,432.6535339355469,449.8613586425781,239285224
2009-02-20T00:00:00Z,435.1117858886719,447.4031066894531,427.7370300292969,435.1117858886719,97682962
2009-02-23T00:00:00Z,437.570068359375,440.0283203125,430.1952819824219,437.570068359375,32687771
2009-02-24T00:00:00Z,427.7370300292969,432.6535339355469,427.7370300292969,427.7370300292969,25227205
2009-02-25T00:00:00Z,437.570068359375,440.0283203125,432.6535339355469,437.570068359375,61740855
2009-02-26T00:00:00Z,432.6535339355469,437.570068359375,425.2787780761719,432.6535339355469,43526744
2009-02-27T00:00:00Z,427.7370300292969,432.6535339355469,422.82049560546875,427.7370300292969,39064235
2009-03-02T00:00:00Z,417.90399169921875,430.1952819824219,417.90399169921875,417.90399169921875,74819218
2009-03-03T00:00:00Z,430.1952819824219,430.1952819824219,412.9874572753906,430.1952819824219,39102881
2009-03-04T00:00:00Z,442.486572265625,442.486572265625,427.7370300292969,442.486572265625,63683287
2009-03-05T00:00:00Z,432.6535339355469,444.94482421875,430.1952819824219,432.6535339355469,62599186
2009-03-06T00:00:00Z,432.6535339355469,435.1117858886719,427.7370300292969,432.6535339355469,38427606
2009-03-10T00:00:00Z,442.486572265625,442.486572265625,430.1952819824219,442.486572265625,42654175
2009-03-11T00:00:00Z,454.7778625488281,462.15264892578125,444.94482421875,454.7778625488281,329194392
2009-03-12T00:00:00Z,449.8613586425781,454.7778625488281,444.94482421875,449.8613586425781,149174694
2009-03-13T00:00:00Z,452.3196105957031,457.23614501953125,449.8613586425781,452.3196105957031,116383191
2009-03-16T00:00:00Z,457.23614501953125,459.69439697265625,447.4031066894531,457.23614501953125,56261367
2009-03-17T00:00:00Z,457.23614501953125,462.15264892578125,447.4031066894531,457.23614501953125,127179450
2009-03-18T00:00:00Z,467.06915283203125,469.5274353027344,454.7778625488281,467.06915283203125,103213300
2009-03-19T00:00:00Z,467.06915283203125,471.9856872558594,464.61090087890625,469.5274353027344,76432148
2009-03-20T00:00:00Z,476.9021911621094,481.8187255859375,467.06915283203125,476.9021911621094,125714999
2009-03-23T00:00:00Z,479.3604736328125,528.525634765625,479.3604736328125,528.525634765625,289300300
2009-03-24T00:00:00Z,534.6712646484375,553.1082153320312,516.2343139648438,534.6712646484375,256498627
2009-03-25T00:00:00Z,516.2343139648438,540.8169555664062,516.2343139648438,516.2343139648438,52962284
2009-03-27T00:00:00Z,528.525634765625,540.8169555664062,528.525634765625,528.525634765625,47673988
2009-03-30T00:00:00Z,503.94305419921875,528.525634765625,489.1934814453125,503.94305419921875,94137770
2009-03-31T00:00:00Z,503.94305419921875,559.2538452148438,503.94305419921875,534.6712646484375,216195710
2009-04-01T00:00:00Z,553.1082153320312,565.3995361328125,540.8169555664062,553.1082153320312,124667510
2009-04-02T00:00:00Z,589.9821166992188,589.9821166992188,559.2538452148438,589.9821166992188,130273104
2009-04-03T00:00:00Z,583.83642578125,608.4190673828125,565.3995361328125,583.83642578125,159387207
2009-04-06T00:00:00Z,571.545166015625,596.1277465820312,559.2538452148438,571.545166015625,94276079
2009-04-07T00:00:00Z,553.1082153320312,565.3995361328125,528.525634765625,553.1082153320312,90854959
2009-04-08T00:00:00Z,528.525634765625,540.8169555664062,522.3800048828125,528.525634765625,74019872
2009-04-13T00:00:00Z,565.3995361328125,577.6907958984375,540.8169555664062,565.3995361328125,153602625
2009-04-14T00:00:00Z,583.83642578125,589.9821166992188,559.2538452148438,583.83642578125,275833451
2009-04-15T00:00:00Z,577.6907958984375,589.9821166992188,565.3995361328125,577.6907958984375,88164030
2009-04-16T00:00:00Z,559.2538452148438,602.2733764648438,546.9625854492188,559.2538452148438,301007774
2009-04-17T00:00:00Z,571.545166015625,620.7103271484375,571.545166015625,608.4190673828125,442256126
2009-04-20T00:00:00Z,602.2733764648438,639.1472778320312,602.2733764648438,639.1472778320312,148106865
2009-04-22T00:00:00Z,608.4190673828125,633.0016479492188,608.4190673828125,608.4190673828125,93527582
2009-04-23T00:00:00Z,602.2733764648438,608.4190673828125,589.9821166992188,602.2733764648438,46608193
2009-04-24T00:00:00Z,602.2733764648438,614.564697265625,589.9821166992188,602.2733764648438,78333901
2009-04-27T00:00:00Z,614.564697265625,614.564697265625,589.9821166992188,614.564697265625,40919207
2009-04-28T00:00:00Z,608.4190673828125,626.85595703125,602.2733764648438,608.4190673828125,49455737
2009-04-29T00:00:00Z,639.1472778320312,645.2929077148438,608.4190673828125,639.1472778320312,90454269
2009-04-30T00:00:00Z,682.1668090820312,706.7493896484375,645.2929077148438,682.1668090820312,226985868
2009-05-01T00:00:00Z,700.603759765625,700.603759765625,651.4385986328125,700.603759765625,143447062
2009-05-04T00:00:00Z,725.1863403320312,731.3319702148438,694.4581298828125,725.1863403320312,270876690
2009-05-05T00:00:00Z,706.7493896484375,737.4776000976562,688.3124389648438,706.7493896484375,198949763
2009-05-06T00:00:00Z,676.0211791992188,700.603759765625,663.7298583984375,676.0211791992188,198193130
2009-05-07T00:00:00Z,694.4581298828125,706.7493896484375,682.1668090820312,694.4581298828125,190864772
2009-05-08T00:00:00Z,694.4581298828125,706.7493896484375,682.1668090820312,694.4581298828125,139547961
2009-05-11T00:00:00Z,669.87548828125,712.89501953125,669.87548828125,669.87548828125,152479879
2009-05-12T00:00:00Z,657.584228515625,663.7298583984375,639.1472778320312,657.584228515625,91607524
2009-05-13T00:00:00Z,669.87548828125,676.0211791992188,657.584228515625,669.87548828125,104846570
2009-05-14T00:00:00Z,639.1472778320312,663.7298583984375,639.1472778320312,639.1472778320312,47655682
2009-05-15T00:00:00Z,651.4385986328125,694.4581298828125,626.85595703125,651.4385986328125,152241906
2009-05-18T00:00:00Z,633.0016479492188,651.4385986328125,596.1277465820312,633.0016479492188,206168287
2009-05-19T00:00:00Z,682.1668090820312,688.3124389648438,639.1472778320312,682.1668090820312,472159406
2009-05-20T00:00:00Z,694.4581298828125,749.7689208984375,682.1668090820312,694.4581298828125,763497735
2009-05-22T00:00:00Z,688.3124389648438,712.89501953125,663.7298583984375,688.3124389648438,215900786
2009-05-25T00:00:00Z,688.3124389648438,694.4581298828125,676.0211791992188,688.3124389648438,75689753
2009-05-26T00:00:00Z,676.0211791992188,706.7493896484375,669.87548828125,676.0211791992188,211377259
2009-05-27T00:00:00Z,700.603759765625,700.603759765625,669.87548828125,700.603759765625,336301048
2009-05-28T00:00:00Z,694.4581298828125,700.603759765625,688.3124389648438,694.4581298828125,124785479
2009-05-29T00:00:00Z,731.3319702148438,755.91455078125,706.7493896484375,731.3319702148438,471587863
2009-06-01T00:00:00Z,743.623291015625,805.0797729492188,743.623291015625,805.0797729492188,507304201
2009-06-02T00:00:00Z,805.0797729492188,817.3710327148438,798.93408203125,805.0797729492188,163017826
2009-06-03T00:00:00Z,811.2254028320312,823.5166625976562,792.7884521484375,811.2254028320312,165851132
2009-06-04T00:00:00Z,829.662353515625,835.8079833984375,805.0797729492188,829.662353515625,125609233
2009-06-05T00:00:00Z,878.8275146484375,884.97314453125,841.95361328125,878.8275146484375,346397625
2009-06-08T00:00:00Z,848.0993041992188,878.8275146484375,841.95361328125,848.0993041992188,67793920
2009-06-09T00:00:00Z,891.1187744140625,921.8470458984375,860.3905639648438,891.1187744140625,180385810
2009-06-10T00:00:00Z,854.2449340820312,891.1187744140625,848.0993041992188,854.2449340820312,104272993
2009-06-11T00:00:00Z,841.95361328125,860.3905639648438,829.662353515625,841.95361328125,112921391
2009-06-12T00:00:00Z,811.2254028320312,841.95361328125,798.93408203125,811.2254028320312,143007727
2009-06-15T00:00:00Z,805.0797729492188,829.662353515625,792.7884521484375,805.0797729492188,120259918
2009-06-16T00:00:00Z,786.642822265625,792.7884521484375,755.91455078125,786.642822265625,132343675
2009-06-17T00:00:00Z,780.4971313476562,786.642822265625,762.0602416992188,780.4971313476562,143205021
2009-06-18T00:00:00Z,780.4971313476562,786.642822265625,725.1863403320312,737.4776000976562,97528382
2009-06-19T00:00:00Z,749.7689208984375,792.7884521484375,731.3319702148438,792.7884521484375,130549722
2009-06-22T00:00:00Z,792.7884521484375,823.5166625976562,774.3515014648438,792.7884521484375,155683366
2009-06-23T00:00:00Z,768.2058715820312,774.3515014648438,737.4776000976562,768.2058715820312,146371897
2009-06-24T00:00:00Z,792.7884521484375,805.0797729492188,762.0602416992188,792.7884521484375,81771293
2009-06-25T00:00:00Z,811.2254028320312,817.3710327148438,798.93408203125,811.2254028320312,118720211
2009-06-26T00:00:00Z,798.93408203125,829.662353515625,774.3515014648438,798.93408203125,79119010
2009-06-29T00:00:00Z,792.7884521484375,798.93408203125,774.3515014648438,792.7884521484375,72380500
2009-06-30T00:00:00Z,780.4971313476562,811.2254028320312,768.2058715820312,780.4971313476562,76196209
2009-07-01T00:00:00Z,798.93408203125,811.2254028320312,774.3515014648438,798.93408203125,148316363
2009-07-02T00:00:00Z,805.0797729492188,817.3710327148438,786.642822265625,798.93408203125,68186475
2009-07-03T00:00:00Z,798.93408203125,805.0797729492188,774.3515014648438,798.93408203125,55506768
2009-07-06T00:00:00Z,786.642822265625,798.93408203125,768.2058715820312,786.642822265625,56218654
2009-07-07T00:00:00Z,811.2254028320312,823.5166625976562,786.642822265625,811.2254028320312,225588537
2009-07-09T00:00:00Z,811.2254028320312,835.8079833984375,774.3515014648438,811.2254028320312,575057442
2009-07-10T00:00:00Z,817.3710327148438,835.8079833984375,805.0797729492188,811.2254028320312,240495430
2009-07-13T00:00:00Z,792.7884521484375,805.0797729492188,768.2058715820312,792.7884521484375,103526530
2009-07-14T00:00:00Z,811.2254028320312,823.5166625976562,798.93408203125,811.2254028320312,102481074
2009-07-15T00:00:00Z,811.2254028320312,811.2254028320312,792.7884521484375,811.2254028320312,183003517
2009-07-16T00:00:00Z,829.662353515625,841.95361328125,817.3710327148438,829.662353515625,437500728
2009-07-17T00:00:00Z,829.662353515625,835.8079833984375,792.7884521484375,829.662353515625,218243908
2009-07-21T00:00:00Z,872.681884765625,884.97314453125,841.95361328125,872.681884765625,424562708
2009-07-22T00:00:00Z,878.8275146484375,878.8275146484375,860.3905639648438,878.8275146484375,158593963
2009-07-23T00:00:00Z,878.8275146484375,897.2644653320312,866.5361938476562,878.8275146484375,206125574
2009-07-24T00:00:00Z,897.2644653320312,903.4100952148438,878.8275146484375,897.2644653320312,137865876
2009-07-27T00:00:00Z,884.97314453125,915.701416015625,866.5361938476562,884.97314453125,120168390
2009-07-28T00:00:00Z,903.4100952148438,909.5557250976562,884.97314453125,903.4100952148438,176657561
2009-07-29T00:00:00Z,909.5557250976562,915.701416015625,891.1187744140625,909.5557250976562,156901708
2009-07-30T00:00:00Z,909.5557250976562,971.01220703125,909.5557250976562,964.8665771484375,290494235
2009-07-31T00:00:00Z,971.01220703125,1050.9056396484375,971.01220703125,1026.322998046875,316120097
2009-08-03T00:00:00Z,1044.760009765625,1050.9056396484375,1014.03173828125,1044.760009765625,119019203
2009-08-04T00:00:00Z,1038.6143798828125,1063.1968994140625,1032.4686279296875,1038.6143798828125,123251874
2009-08-05T00:00:00Z,983.3035278320312,1032.4686279296875,977.1578369140625,983.3035278320312,153269055
2009-08-06T00:00:00Z,971.01220703125,995.5947875976562,946.4296264648438,971.01220703125,140536466
2009-08-07T00:00:00Z,958.720947265625,1001.7404174804688,952.5752563476562,958.720947265625,156439999
2009-08-10T00:00:00Z,971.01220703125,977.1578369140625,958.720947265625,971.01220703125,107626993
2009-08-11T00:00:00Z,971.01220703125,983.3035278320312,946.4296264648438,971.01220703125,155579634
2009-08-12T00:00:00Z,964.8665771484375,964.8665771484375,927.99267578125,940.2839965820312,164067349
2009-08-13T00:00:00Z,983.3035278320312,989.4491577148438,952.5752563476562,983.3035278320312,259877035
2009-08-14T00:00:00Z,964.8665771484375,989.4491577148438,952.5752563476562,964.8665771484375,157863771
2009-08-18T00:00:00Z,946.4296264648438,946.4296264648438,909.5557250976562,946.4296264648438,139893734
2009-08-19T00:00:00Z,940.2839965820312,977.1578369140625,940.2839965820312,940.2839965820312,140152047
2009-08-20T00:00:00Z,983.3035278320312,989.4491577148438,946.4296264648438,983.3035278320312,180540391
2009-08-21T00:00:00Z,1001.7404174804688,1001.7404174804688,971.01220703125,1001.7404174804688,133199972
2009-08-24T00:00:00Z,1032.4686279296875,1032.4686279296875,1014.03173828125,1032.4686279296875,106711711
2009-08-25T00:00:00Z,1026.322998046875,1032.4686279296875,1001.7404174804688,1026.322998046875,86587711
2009-08-26T00:00:00Z,1020.1773681640625,1032.4686279296875,1007.8861083984375,1020.1773681640625,48961485
2009-08-27T00:00:00Z,1001.7404174804688,1014.03173828125,995.5947875976562,1001.7404174804688,36312287
2009-08-28T00:00:00Z,1020.1773681640625,1026.322998046875,1001.7404174804688,1020.1773681640625,35864816
2009-08-31T00:00:00Z,1007.8861083984375,1014.03173828125,995.5947875976562,1007.8861083984375,49486246
2009-09-01T00:00:00Z,977.1578369140625,1020.1773681640625,977.1578369140625,977.1578369140625,57205125
2009-09-02T00:00:00Z,983.3035278320312,983.3035278320312,952.5752563476562,983.3035278320312,95240177
2009-09-03T00:00:00Z,995.5947875976562,1014.03173828125,971.01220703125,995.5947875976562,45369511
2009-09-04T00:00:00Z,1014.03173828125,1032.4686279296875,1001.7404174804688,1014.03173828125,87543672
2009-09-07T00:00:00Z,1020.1773681640625,1026.322998046875,1001.7404174804688,1020.1773681640625,38338112
2009-09-08T00:00:00Z,1020.1773681640625,1032.4686279296875,1007.8861083984375,1020.1773681640625,51817164
2009-09-09T00:00:00Z,1020.1773681640625,1087.779541015625,1014.03173828125,1075.4881591796875,198829759
2009-09-10T00:00:00Z,1112.362060546875,1118.5076904296875,1087.779541015625,1112.362060546875,214348874
2009-09-11T00:00:00Z,1112.362060546875,1118.5076904296875,1100.07080078125,1112.362060546875,54536569
2009-09-14T00:00:00Z,1093.9251708984375,1130.799072265625,1087.779541015625,1093.9251708984375,102037671
2009-09-15T00:00:00Z,1100.07080078125,1124.6534423828125,1093.9251708984375,1100.07080078125,81533320
2009-09-16T00:00:00Z,1118.5076904296875,1143.09033203125,1112.362060546875,1118.5076904296875,66355911
2009-09-17T00:00:00Z,1161.5272216796875,1216.838134765625,1130.799072265625,1161.5272216796875,171936740
2009-09-24T00:00:00Z,1118.5076904296875,1161.5272216796875,1112.362060546875,1118.5076904296875,155130129
2009-09-25T00:00:00Z,1112.362060546875,1112.362060546875,1087.779541015625,1112.362060546875,67425774
2009-09-28T00:00:00Z,1075.4881591796875,1093.9251708984375,1057.05126953125,1075.4881591796875,72691696
2009-09-29T00:00:00Z,1100.07080078125,1106.2164306640625,1081.6339111328125,1100.07080078125,92067199
2009-09-30T00:00:00Z,1155.381591796875,1161.5272216796875,1106.2164306640625,1155.381591796875,183774387
2009-10-01T00:00:00Z,1149.2359619140625,1186.10986328125,1136.9447021484375,1149.2359619140625,126902832
2009-10-02T00:00:00Z,1186.10986328125,1216.838134765625,1130.799072265625,1186.10986328125,127598446
2009-10-05T00:00:00Z,1198.401123046875,1204.5467529296875,1167.6729736328125,1198.401123046875,137609597
2009-10-06T00:00:00Z,1266.0032958984375,1266.0032958984375,1192.2554931640625,1266.0032958984375,114377706
2009-10-07T00:00:00Z,1241.420654296875,1302.877197265625,1204.5467529296875,1241.420654296875,133917960
2009-10-08T00:00:00Z,1222.9837646484375,1266.0032958984375,1210.6923828125,1222.9837646484375,87151118
2009-10-09T00:00:00Z,1198.401123046875,1222.9837646484375,1186.10986328125,1198.401123046875,59729269
2009-10-12T00:00:00Z,1179.9642333984375,1198.401123046875,1167.6729736328125,1179.9642333984375,40612079
2009-10-13T00:00:00Z,1179.9642333984375,1198.401123046875,1167.6729736328125,1179.9642333984375,67106442
2009-10-14T00:00:00Z,1216.838134765625,1216.838134765625,1192.2554931640625,1216.838134765625,66136243
2009-10-15T00:00:00Z,1204.5467529296875,1241.420654296875,1192.2554931640625,1204.5467529296875,70084159
2009-10-16T00:00:00Z,1198.401123046875,1210.6923828125,1179.9642333984375,1198.401123046875,26980479
2009-10-19T00:00:00Z,1179.9642333984375,1192.2554931640625,1173.818603515625,1179.9642333984375,94725585
2009-10-20T00:00:00Z,1167.6729736328125,1186.10986328125,1155.381591796875,1167.6729736328125,140438836
2009-10-21T00:00:00Z,1143.09033203125,1155.381591796875,1136.9447021484375,1143.09033203125,110637254
2009-10-22T00:00:00Z,1124.6534423828125,1155.381591796875,1118.5076904296875,1124.6534423828125,62568677
2009-10-23T00:00:00Z,1155.381591796875,1161.5272216796875,1118.5076904296875,1155.381591796875,128159819
2009-10-26T00:00:00Z,1167.6729736328125,1179.9642333984375,1136.9447021484375,1167.6729736328125,105267599
2009-10-27T00:00:00Z,1130.799072265625,1155.381591796875,1118.5076904296875,1130.799072265625,112006109
2009-10-28T00:00:00Z,1112.362060546875,1149.2359619140625,1087.779541015625,1112.362060546875,121297238
2009-10-29T00:00:00Z,1124.6534423828125,1124.6534423828125,1050.9056396484375,1124.6534423828125,203265826
2009-10-30T00:00:00Z,1149.2359619140625,1192.2554931640625,1143.09033203125,1149.2359619140625,190612561
2009-11-02T00:00:00Z,1155.381591796875,1161.5272216796875,1093.9251708984375,1155.381591796875,113863114
2009-11-03T00:00:00Z,1130.799072265625,1167.6729736328125,1130.799072265625,1130.799072265625,57351570
2009-11-04T00:00:00Z,1143.09033203125,1155.381591796875,1118.5076904296875,1143.09033203125,43748445
2009-11-05T00:00:00Z,1118.5076904296875,1149.2359619140625,1112.362060546875,1118.5076904296875,78940021
2009-11-06T00:00:00Z,1136.9447021484375,1143.09033203125,1124.6534423828125,1136.9447021484375,62155783
2009-11-09T00:00:00Z,1155.381591796875,1161.5272216796875,1136.9447021484375,1155.381591796875,56153567
2009-11-10T00:00:00Z,1136.9447021484375,1173.818603515625,1136.9447021484375,1136.9447021484375,96493096
2009-11-11T00:00:00Z,1143.09033203125,1149.2359619140625,1124.6534423828125,1143.09033203125,76501303
2009-11-12T00:00:00Z,1155.381591796875,1167.6729736328125,1130.799072265625,1155.381591796875,123481711
2009-11-13T00:00:00Z,1155.381591796875,1167.6729736328125,1143.09033203125,1155.381591796875,42304334
2009-11-16T00:00:00Z,1210.6923828125,1210.6923828125,1167.6729736328125,1210.6923828125,270057005
2009-11-17T00:00:00Z,1198.401123046875,1216.838134765625,1186.10986328125,1198.401123046875,71082834
2009-11-18T00:00:00Z,1179.9642333984375,1204.5467529296875,1167.6729736328125,1179.9642333984375,55006414
2009-11-19T00:00:00Z,1161.5272216796875,1192.2554931640625,1155.381591796875,1161.5272216796875,52055138
2009-11-20T00:00:00Z,1161.5272216796875,1167.6729736328125,1149.2359619140625,1161.5272216796875,82037742
2009-11-23T00:00:00Z,1155.381591796875,1167.6729736328125,1136.9447021484375,1155.381591796875,76236888
2009-11-24T00:00:00Z,1124.6534423828125,1161.5272216796875,1124.6534423828125,1124.6534423828125,80746178
2009-11-25T00:00:00Z,1112.362060546875,1136.9447021484375,1106.2164306640625,1112.362060546875,125324479
2009-11-26T00:00:00Z,1075.4881591796875,1112.362060546875,1057.05126953125,1075.4881591796875,269021719
2009-11-30T00:00:00Z,1093.9251708984375,1100.07080078125,1075.4881591796875,1093.9251708984375,183202845
2009-12-01T00:00:00Z,1118.5076904296875,1118.5076904296875,1075.4881591796875,1118.5076904296875,121073502
2009-12-02T00:00:00Z,1124.6534423828125,1149.2359619140625,1124.6534423828125,1136.9447021484375,151290012
2009-12-03T00:00:00Z,1136.9447021484375,1149.2359619140625,1124.6534423828125,1136.9447021484375,104704192
2009-12-04T00:00:00Z,1130.799072265625,1136.9447021484375,1118.5076904296875,1130.799072265625,55403036
2009-12-07T00:00:00Z,1130.799072265625,1136.9447021484375,1112.362060546875,1124.6534423828125,73084250
2009-12-08T00:00:00Z,1124.6534423828125,1136.9447021484375,1112.362060546875,1130.799072265625,65269776
2009-12-09T00:00:00Z,1124.6534423828125,1130.799072265625,1106.2164306640625,1124.6534423828125,93991325
2009-12-10T00:00:00Z,1136.9447021484375,1143.09033203125,1124.6534423828125,1136.9447021484375,78824085
2009-12-11T00:00:00Z,1149.2359619140625,1149.2359619140625,1136.9447021484375,1149.2359619140625,39188307
2009-12-14T00:00:00Z,1149.2359619140625,1149.2359619140625,1130.799072265625,1149.2359619140625,45147810
2009-12-15T00:00:00Z,1124.6534423828125,1143.09033203125,1100.07080078125,1124.6534423828125,119568372
2009-12-16T00:00:00Z,1118.5076904296875,1130.799072265625,1106.2164306640625,1118.5076904296875,96482926
2009-12-17T00:00:00Z,1118.5076904296875,1130.799072265625,1112.362060546875,1118.5076904296875,94613717
2009-12-21T00:00:00Z,1093.9251708984375,1118.5076904296875,1075.4881591796875,1093.9251708984375,172727951
2009-12-22T00:00:00Z,1100.07080078125,1106.2164306640625,1087.779541015625,1100.07080078125,50989343
2009-12-23T00:00:00Z,1118.5076904296875,1124.6534423828125,1093.9251708984375,1118.5076904296875,60142163
2009-12-28T00:00:00Z,1112.362060546875,1149.2359619140625,1112.362060546875,1136.9447021484375,66852197
2009-12-29T00:00:00Z,1130.799072265625,1149.2359619140625,1130.799072265625,1130.799072265625,23266468
2009-12-30T00:00:00Z,1155.381591796875,1161.5272216796875,1136.9447021484375,1155.381591796875,67411536
2010-01-04T00:00:00Z,1210.6923828125,1210.6923828125,1161.5272216796875,1210.6923828125,212406442
2010-01-05T00:00:00Z,1198.401123046875,1216.838134765625,1179.9642333984375,1198.401123046875,111068453
2010-01-06T00:00:00Z,1179.9642333984375,1204.5467529296875,1167.6729736328125,1179.9642333984375,69937714
2010-01-07T00:00:00Z,1161.5272216796875,1173.818603515625,1143.09033203125,1161.5272216796875,118305283
2010-01-08T00:00:00Z,1173.818603515625,1179.9642333984375,1161.5272216796875,1173.818603515625,52838212
2010-01-11T00:00:00Z,1167.6729736328125,1192.2554931640625,1155.381591796875,1167.6729736328125,77135899
2010-01-12T00:00:00Z,1179.9642333984375,1192.2554931640625,1161.5272216796875,1179.9642333984375,123784771
2010-01-13T00:00:00Z,1179.9642333984375,1186.10986328125,1167.6729736328125,1179.9642333984375,39078473
2010-01-14T00:00:00Z,1186.10986328125,1198.401123046875,1179.9642333984375,1186.10986328125,72240157
2010-01-15T00:00:00Z,1186.10986328125,1192.2554931640625,1179.9642333984375,1186.10986328125,51125618
2010-01-18T00:00:00Z,1179.9642333984375,1186.10986328125,1173.818603515625,1179.9642333984375,15750986
2010-01-19T00:00:00Z,1192.2554931640625,1204.5467529296875,1179.9642333984375,1192.2554931640625,93905899
2010-01-20T00:00:00Z,1192.2554931640625,1204.5467529296875,1179.9642333984375,1192.2554931640625,79013244
2010-01-21T00:00:00Z,1155.381591796875,1179.9642333984375,1143.09033203125,1155.381591796875,158063099
2010-01-22T00:00:00Z,1149.2359619140625,1149.2359619140625,1124.6534423828125,1149.2359619140625,116499126
2010-01-25T00:00:00Z,1155.381591796875,1155.381591796875,1130.799072265625,1155.381591796875,66695582
2010-01-26T00:00:00Z,1155.381591796875,1155.381591796875,1118.5076904296875,1130.799072265625,109528746
2010-01-27T00:00:00Z,1118.5076904296875,1136.9447021484375,1106.2164306640625,1118.5076904296875,87450110
2010-01-28T00:00:00Z,1149.2359619140625,1149.2359619140625,1130.799072265625,1149.2359619140625,39611371
2010-01-29T00:00:00Z,1149.2359619140625,1149.2359619140625,1124.6534423828125,1149.2359619140625,126522481
2010-02-01T00:00:00Z,1149.2359619140625,1161.5272216796875,1136.9447021484375,1149.2359619140625,87531468
2010-02-02T00:00:00Z,1143.09033203125,1161.5272216796875,1143.09033203125,1143.09033203125,62210700
2010-02-03T00:00:00Z,1149.2359619140625,1161.5272216796875,1143.09033203125,1149.2359619140625,31815202
2010-02-04T00:00:00Z,1136.9447021484375,1155.381591796875,1130.799072265625,1136.9447021484375,60758453
2010-02-05T00:00:00Z,1087.779541015625,1112.362060546875,1081.6339111328125,1087.779541015625,184378474
2010-02-08T00:00:00Z,1063.1968994140625,1081.6339111328125,1044.760009765625,1063.1968994140625,158201408
2010-02-09T00:00:00Z,1075.4881591796875,1075.4881591796875,1020.1773681640625,1075.4881591796875,170372625
2010-02-10T00:00:00Z,1069.342529296875,1081.6339111328125,1063.1968994140625,1069.342529296875,129764614
2010-02-11T00:00:00Z,1081.6339111328125,1087.779541015625,1063.1968994140625,1081.6339111328125,64596535
2010-02-12T00:00:00Z,1081.6339111328125,1093.9251708984375,1069.342529296875,1081.6339111328125,115081456
2010-02-15T00:00:00Z,1075.4881591796875,1081.6339111328125,1063.1968994140625,1075.4881591796875,39527978
2010-02-16T00:00:00Z,1087.779541015625,1087.779541015625,1069.342529296875,1087.779541015625,20492147
2010-02-17T00:00:00Z,1106.2164306640625,1106.2164306640625,1081.6339111328125,1106.2164306640625,123003731
2010-02-18T00:00:00Z,1100.07080078125,1118.5076904296875,1093.9251708984375,1100.07080078125,96076134
2010-02-19T00:00:00Z,1112.362060546875,1118.5076904296875,1087.779541015625,1112.362060546875,180528187
2010-02-22T00:00:00Z,1112.362060546875,1124.6534423828125,1106.2164306640625,1112.362060546875,83593722
2010-02-23T00:00:00Z,1130.799072265625,1130.799072265625,1093.9251708984375,1130.799072265625,131296185
2010-02-24T00:00:00Z,1118.5076904296875,1124.6534423828125,1112.362060546875,1118.5076904296875,108019547
2010-02-25T00:00:00Z,1100.07080078125,1124.6534423828125,1087.779541015625,1100.07080078125,76952842
2010-03-01T00:00:00Z,1100.07080078125,1118.5076904296875,1093.9251708984375,1100.07080078125,40138166
2010-03-02T00:00:00Z,1106.2164306640625,1124.6534423828125,1100.07080078125,1106.2164306640625,63054793
2010-03-03T00:00:00Z,1100.07080078125,1118.5076904296875,1093.9251708984375,1100.07080078125,55860677
2010-03-04T00:00:00Z,1093.9251708984375,1106.2164306640625,1081.6339111328125,1093.9251708984375,110606744
2010-03-05T00:00:00Z,1093.9251708984375,1112.362060546875,1093.9251708984375,1093.9251708984375,37961829
2010-03-08T00:00:00Z,1124.6534423828125,1130.799072265625,1106.2164306640625,1124.6534423828125,115740459
2010-03-09T00:00:00Z,1136.9447021484375,1143.09033203125,1118.5076904296875,1136.9447021484375,144366412
2010-03-10T00:00:00Z,1149.2359619140625,1149.2359619140625,1130.799072265625,1149.2359619140625,122279641
2010-03-11T00:00:00Z,1179.9642333984375,1179.9642333984375,1149.2359619140625,1179.9642333984375,239311665
2010-03-12T00:00:00Z,1167.6729736328125,1179.9642333984375,1161.5272216796875,1167.6729736328125,61950353
2010-03-15T00:00:00Z,1179.9642333984375,1186.10986328125,1161.5272216796875,1179.9642333984375,73846985
2010-03-17T00:00:00Z,1216.838134765625,1216.838134765625,1186.10986328125,1216.838134765625,258235629
2010-03-18T00:00:00Z,1278.2945556640625,1278.2945556640625,1216.838134765625,1278.2945556640625,404945164
2010-03-19T00:00:00Z,1278.2945556640625,1278.2945556640625,1229.12939453125,1278.2945556640625,121219948
2010-03-22T00:00:00Z,1229.12939453125,1266.0032958984375,1222.9837646484375,1229.12939453125,75303301
2010-03-23T00:00:00Z,1266.0032958984375,1290.5858154296875,1253.7119140625,1266.0032958984375,131993834
2010-03-24T00:00:00Z,1327.459716796875,1327.459716796875,1278.2945556640625,1327.459716796875,176566033
2010-03-25T00:00:00Z,1327.459716796875,1388.916259765625,1315.16845703125,1327.459716796875,157497658
2010-03-26T00:00:00Z,1339.7509765625,1352.0423583984375,1327.459716796875,1339.7509765625,49347937
2010-03-29T00:00:00Z,1327.459716796875,1339.7509765625,1302.877197265625,1327.459716796875,76472828
2010-03-30T00:00:00Z,1352.0423583984375,1376.6248779296875,1327.459716796875,1352.0423583984375,100428808
2010-03-31T00:00:00Z,1315.16845703125,1352.0423583984375,1266.0032958984375,1315.16845703125,123359674
2010-04-01T00:00:00Z,1290.5858154296875,1327.459716796875,1278.2945556640625,1290.5858154296875,161531001
2010-04-05T00:00:00Z,1302.877197265625,1315.16845703125,1290.5858154296875,1302.877197265625,90633257
2010-04-06T00:00:00Z,1302.877197265625,1315.16845703125,1266.0032958984375,1302.877197265625,120282292
2010-04-07T00:00:00Z,1290.5858154296875,1327.459716796875,1278.2945556640625,1290.5858154296875,104185533
2010-04-08T00:00:00Z,1241.420654296875,1290.5858154296875,1229.12939453125,1241.420654296875,140048315
2010-04-09T00:00:00Z,1241.420654296875,1266.0032958984375,1216.838134765625,1241.420654296875,178945766
2010-04-12T00:00:00Z,1302.877197265625,1302.877197265625,1253.7119140625,1302.877197265625,182920124
2010-04-13T00:00:00Z,1290.5858154296875,1302.877197265625,1266.0032958984375,1290.5858154296875,83937461
2010-04-14T00:00:00Z,1290.5858154296875,1302.877197265625,1278.2945556640625,1290.5858154296875,81470267
2010-04-15T00:00:00Z,1290.5858154296875,1302.877197265625,1278.2945556640625,1290.5858154296875,62497488
2010-04-16T00:00:00Z,1253.7119140625,1290.5858154296875,1241.420654296875,1253.7119140625,86819582
2010-04-19T00:00:00Z,1253.7119140625,1253.7119140625,1222.9837646484375,1253.7119140625,62243243
2010-04-20T00:00:00Z,1278.2945556640625,1278.2945556640625,1229.12939453125,1278.2945556640625,208897861
2010-04-21T00:00:00Z,1315.16845703125,1327.459716796875,1266.0032958984375,1315.16845703125,265340251
2010-04-22T00:00:00Z,1315.16845703125,1315.16845703125,1290.5858154296875,1315.16845703125,103866201
2010-04-23T00:00:00Z,1302.877197265625,1315.16845703125,1290.5858154296875,1302.877197265625,65432493
2010-04-26T00:00:00Z,1290.5858154296875,1315.16845703125,1278.2945556640625,1290.5858154296875,130022926
2010-04-27T00:00:00Z,1302.877197265625,1315.16845703125,1278.2945556640625,1302.877197265625,83003873
2010-04-28T00:00:00Z,1302.877197265625,1302.877197265625,1266.0032958984375,1302.877197265625,107631061
2010-04-29T00:00:00Z,1364.3336181640625,1364.3336181640625,1302.877197265625,1364.3336181640625,283019432
2010-04-30T00:00:00Z,1425.7900390625,1425.7900390625,1352.0423583984375,1425.7900390625,267758630
2010-05-03T00:00:00Z,1413.498779296875,1438.0814208984375,1388.916259765625,1413.498779296875,84417475
2010-05-04T00:00:00Z,1401.20751953125,1438.0814208984375,1388.916259765625,1401.20751953125,113675990
2010-05-05T00:00:00Z,1302.877197265625,1376.6248779296875,1278.2945556640625,1302.877197265625,215555012
2010-05-06T00:00:00Z,1302.877197265625,1339.7509765625,1253.7119140625,1302.877197265625,228314043
2010-05-07T00:00:00Z,1266.0032958984375,1278.2945556640625,1241.420654296875,1266.0032958984375,256010477
2010-05-10T00:00:00Z,1278.2945556640625,1339.7509765625,1266.0032958984375,1339.7509765625,163461229
2010-05-11T00:00:00Z,1278.2945556640625,1352.0423583984375,1266.0032958984375,1278.2945556640625,104382827
2010-05-12T00:00:00Z,1302.877197265625,1315.16845703125,1266.0032958984375,1302.877197265625,126542821
2010-05-14T00:00:00Z,1327.459716796875,1339.7509765625,1290.5858154296875,1327.459716796875,72423213
2010-05-17T00:00:00Z,1327.459716796875,1327.459716796875,1266.0032958984375,1327.459716796875,149192999
2010-05-18T00:00:00Z,1364.3336181640625,1376.6248779296875,1327.459716796875,1364.3336181640625,156527459
2010-05-19T00:00:00Z,1290.5858154296875,1364.3336181640625,1278.2945556640625,1290.5858154296875,159198049
2010-05-20T00:00:00Z,1278.2945556640625,1290.5858154296875,1229.12939453125,1278.2945556640625,201634590
2010-05-21T00:00:00Z,1229.12939453125,1241.420654296875,1198.401123046875,1229.12939453125,169095298
2010-05-24T00:00:00Z,1229.12939453125,1266.0032958984375,1222.9837646484375,1229.12939453125,89144398
2010-05-25T00:00:00Z,1192.2554931640625,1222.9837646484375,1155.381591796875,1192.2554931640625,89229825
2010-05-26T00:00:00Z,1253.7119140625,1253.7119140625,1192.2554931640625,1253.7119140625,161295061
2010-05-27T00:00:00Z,1241.420654296875,1253.7119140625,1198.401123046875,1241.420654296875,140469345
2010-05-31T00:00:00Z,1315.16845703125,1315.16845703125,1241.420654296875,1315.16845703125,179917999
2010-06-01T00:00:00Z,1266.0032958984375,1302.877197265625,1253.7119140625,1266.0032958984375,56078311
2010-06-02T00:00:00Z,1290.5858154296875,1302.877197265625,1266.0032958984375,1290.5858154296875,56877657
2010-06-03T00:00:00Z,1339.7509765625,1352.0423583984375,1315.16845703125,1339.7509765625,77953550
2010-06-04T00:00:00Z,1364.3336181640625,1401.20751953125,1327.459716796875,1364.3336181640625,205973027
2010-06-07T00:00:00Z,1302.877197265625,1339.7509765625,1290.5858154296875,1302.877197265625,143066712
2010-06-08T00:00:00Z,1327.459716796875,1339.7509765625,1302.877197265625,1327.459716796875,32687771
2010-06-09T00:00:00Z,1339.7509765625,1352.0423583984375,1315.16845703125,1339.7509765625,59747575
2010-06-10T00:00:00Z,1302.877197265625,1327.459716796875,1290.5858154296875,1302.877197265625,55319644
2010-06-11T00:00:00Z,1339.7509765625,1339.7509765625,1315.16845703125,1339.7509765625,120786714
2010-06-14T00:00:00Z,1339.7509765625,1352.0423583984375,1327.459716796875,1339.7509765625,46282759
2010-06-15T00:00:00Z,1364.3336181640625,1364.3336181640625,1327.459716796875,1364.3336181640625,57316992
2010-06-16T00:00:00Z,1376.6248779296875,1413.498779296875,1376.6248779296875,1376.6248779296875,120845699
2010-06-17T00:00:00Z,1413.498779296875,1438.0814208984375,1376.6248779296875,1413.498779296875,139663897
2010-06-18T00:00:00Z,1462.6639404296875,1499.537841796875,1425.7900390625,1462.6639404296875,111839324
2010-06-21T00:00:00Z,1438.0814208984375,1474.9552001953125,1413.498779296875,1438.0814208984375,143760292
2010-06-22T00:00:00Z,1413.498779296875,1450.3726806640625,1401.20751953125,1413.498779296875,52813805
2010-06-23T00:00:00Z,1388.916259765625,1413.498779296875,1364.3336181640625,1388.916259765625,57325128
2010-06-24T00:00:00Z,1425.7900390625,1450.3726806640625,1376.6248779296875,1425.7900390625,56692567
2010-06-25T00:00:00Z,1474.9552001953125,1499.537841796875,1413.498779296875,1474.9552001953125,107848695
2010-06-28T00:00:00Z,1499.537841796875,1499.537841796875,1462.6639404296875,1499.537841796875,31752149
2010-06-29T00:00:00Z,1450.3726806640625,1487.24658203125,1425.7900390625,1450.3726806640625,70293657
2010-06-30T00:00:00Z,1474.9552001953125,1487.24658203125,1425.7900390625,1474.9552001953125,83162522
2010-07-01T00:00:00Z,1438.0814208984375,1487.24658203125,1425.7900390625,1438.0814208984375,70600785
2010-07-02T00:00:00Z,1413.498779296875,1474.9552001953125,1388.916259765625,1413.498779296875,63575487
2010-07-05T00:00:00Z,1425.7900390625,1438.0814208984375,1401.20751953125,1425.7900390625,24200056
2010-07-06T00:00:00Z,1425.7900390625,1438.0814208984375,1401.20751953125,1425.7900390625,36234997
2010-07-07T00:00:00Z,1401.20751953125,1425.7900390625,1376.6248779296875,1401.20751953125,36084484
2010-07-08T00:00:00Z,1413.498779296875,1425.7900390625,1388.916259765625,1413.498779296875,58466180
2010-07-09T00:00:00Z,1450.3726806640625,1450.3726806640625,1376.6248779296875,1450.3726806640625,125428211
2010-07-12T00:00:00Z,1511.8291015625,1511.8291015625,1462.6639404296875,1511.8291015625,85936843
2010-07-13T00:00:00Z,1499.537841796875,1524.1204833984375,1474.9552001953125,1499.537841796875,49492348
2010-07-14T00:00:00Z,1499.537841796875,1524.1204833984375,1462.6639404296875,1499.537841796875,89667126
2010-07-15T00:00:00Z,1548.7030029296875,1548.7030029296875,1474.9552001953125,1548.7030029296875,106343564
2010-07-16T00:00:00Z,1499.537841796875,1524.1204833984375,1474.9552001953125,1499.537841796875,77154204
2010-07-19T00:00:00Z,1474.9552001953125,1474.9552001953125,1450.3726806640625,1474.9552001953125,87352480
2010-07-20T00:00:00Z,1499.537841796875,1499.537841796875,1450.3726806640625,1499.537841796875,46445476
2010-07-21T00:00:00Z,1487.24658203125,1511.8291015625,1462.6639404296875,1487.24658203125,61262875
2010-07-22T00:00:00Z,1474.9552001953125,1499.537841796875,1450.3726806640625,1474.9552001953125,73775797
2010-07-23T00:00:00Z,1499.537841796875,1511.8291015625,1487.24658203125,1499.537841796875,62379519
2010-07-26T00:00:00Z,1511.8291015625,1524.1204833984375,1487.24658203125,1511.8291015625,78226101
2010-07-27T00:00:00Z,1474.9552001953125,1511.8291015625,1450.3726806640625,1474.9552001953125,133647443
2010-07-28T00:00:00Z,1474.9552001953125,1487.24658203125,1462.6639404296875,1474.9552001953125,97609740
2010-07-29T00:00:00Z,1487.24658203125,1487.24658203125,1450.3726806640625,1487.24658203125,77768460
2010-07-30T00:00:00Z,1474.9552001953125,1499.537841796875,1462.6639404296875,1474.9552001953125,45902409
2010-08-02T00:00:00Z,1438.0814208984375,1499.537841796875,1425.7900390625,1438.0814208984375,81921806
2010-08-03T00:00:00Z,1388.916259765625,1474.9552001953125,1364.3336181640625,1388.916259765625,185989370
2010-08-04T00:00:00Z,1425.7900390625,1438.0814208984375,1339.7509765625,1425.7900390625,167411179
2010-08-05T00:00:00Z,1450.3726806640625,1450.3726806640625,1413.498779296875,1450.3726806640625,84702230
2010-08-06T00:00:00Z,1474.9552001953125,1474.9552001953125,1425.7900390625,1474.9552001953125,65121297
2010-08-09T00:00:00Z,1487.24658203125,1487.24658203125,1450.3726806640625,1487.24658203125,48562828
2010-08-10T00:00:00Z,1487.24658203125,1487.24658203125,1450.3726806640625,1487.24658203125,44673897
2010-08-11T00:00:00Z,1450.3726806640625,1487.24658203125,1438.0814208984375,1450.3726806640625,56830876
2010-08-12T00:00:00Z,1450.3726806640625,1450.3726806640625,1413.498779296875,1450.3726806640625,64000585
2010-08-13T00:00:00Z,1450.3726806640625,1474.9552001953125,1438.0814208984375,1450.3726806640625,55754911
2010-08-16T00:00:00Z,1474.9552001953125,1474.9552001953125,1438.0814208984375,1474.9552001953125,28955454
2010-08-18T00:00:00Z,1450.3726806640625,1487.24658203125,1450.3726806640625,1450.3726806640625,33963064
2010-08-19T00:00:00Z,1487.24658203125,1487.24658203125,1450.3726806640625,1487.24658203125,94471340
2010-08-20T00:00:00Z,1474.9552001953125,1487.24658203125,1462.6639404296875,1474.9552001953125,19090748
2010-08-23T00:00:00Z,1487.24658203125,1487.24658203125,1462.6639404296875,1487.24658203125,56068141
2010-08-24T00:00:00Z,1487.24658203125,1499.537841796875,1474.9552001953125,1487.24658203125,72689662
2010-08-25T00:00:00Z,1474.9552001953125,1487.24658203125,1462.6639404296875,1474.9552001953125,65363338
2010-08-26T00:00:00Z,1474.9552001953125,1487.24658203125,1450.3726806640625,1474.9552001953125,23978354
2010-08-27T00:00:00Z,1450.3726806640625,1474.9552001953125,1425.7900390625,1450.3726806640625,46130212
2010-08-30T00:00:00Z,1425.7900390625,1462.6639404296875,1413.498779296875,1425.7900390625,75889081
2010-08-31T00:00:00Z,1450.3726806640625,1450.3726806640625,1401.20751953125,1450.3726806640625,44629150
2010-09-01T00:00:00Z,1474.9552001953125,1487.24658203125,1425.7900390625,1474.9552001953125,83744235
2010-09-02T00:00:00Z,1450.3726806640625,1499.537841796875,1438.0814208984375,1450.3726806640625,29736495
2010-09-03T00:00:00Z,1487.24658203125,1487.24658203125,1450.3726806640625,1487.24658203125,61720516
2010-09-06T00:00:00Z,1524.1204833984375,1524.1204833984375,1487.24658203125,1524.1204833984375,116324206
2010-09-07T00:00:00Z,1548.7030029296875,1548.7030029296875,1511.8291015625,1548.7030029296875,60412679
2010-09-15T00:00:00Z,1573.28564453125,1708.4898681640625,1573.28564453125,1659.32470703125,181972299
2010-09-16T00:00:00Z,1634.7420654296875,1659.32470703125,1610.1595458984375,1634.7420654296875,65432493
2010-09-17T00:00:00Z,1696.1986083984375,1708.4898681640625,1659.32470703125,1696.1986083984375,57471573
2010-09-20T00:00:00Z,1622.4508056640625,1671.615966796875,1610.1595458984375,1622.4508056640625,56422050
2010-09-21T00:00:00Z,1560.9942626953125,1634.7420654296875,1536.4117431640625,1560.9942626953125,168236967
2010-09-22T00:00:00Z,1536.4117431640625,1573.28564453125,1511.8291015625,1536.4117431640625,179338321
2010-09-23T00:00:00Z,1548.7030029296875,1560.9942626953125,1524.1204833984375,1548.7030029296875,58877040
2010-09-24T00:00:00Z,1622.4508056640625,1622.4508056640625,1524.1204833984375,1622.4508056640625,149182830
2010-09-27T00:00:00Z,1634.7420654296875,1659.32470703125,1610.1595458984375,1634.7420654296875,92746542
2010-09-28T00:00:00Z,1659.32470703125,1683.9072265625,1622.4508056640625,1659.32470703125,156627123
2010-09-29T00:00:00Z,1720.7811279296875,1720.7811279296875,1659.32470703125,1720.7811279296875,91745833
2010-09-30T00:00:00Z,1769.9462890625,1782.237548828125,1696.1986083984375,1769.9462890625,83290662
2010-10-01T00:00:00Z,1683.9072265625,1769.9462890625,1671.615966796875,1683.9072265625,90016967
2010-10-04T00:00:00Z,1720.7811279296875,1745.36376953125,1708.4898681640625,1720.7811279296875,109327383
2010-10-05T00:00:00Z,1708.4898681640625,1733.0723876953125,1696.1986083984375,1708.4898681640625,50572381
2010-10-06T00:00:00Z,1720.7811279296875,1733.0723876953125,1683.9072265625,1720.7811279296875,42239247
2010-10-07T00:00:00Z,1720.7811279296875,1720.7811279296875,1671.615966796875,1720.7811279296875,51231384
2010-10-08T00:00:00Z,1647.0333251953125,1720.7811279296875,1622.4508056640625,1647.0333251953125,164970427
2010-10-11T00:00:00Z,1671.615966796875,1683.9072265625,1634.7420654296875,1671.615966796875,142922301
2010-10-12T00:00:00Z,1671.615966796875,1683.9072265625,1647.0333251953125,1671.615966796875,103784842
2010-10-13T00:00:00Z,1696.1986083984375,1696.1986083984375,1659.32470703125,1696.1986083984375,144085726
2010-10-14T00:00:00Z,1696.1986083984375,1720.7811279296875,1683.9072265625,1696.1986083984375,110856921
2010-10-15T00:00:00Z,1708.4898681640625,1708.4898681640625,1671.615966796875,1708.4898681640625,94221163
2010-10-18T00:00:00Z,1696.1986083984375,1708.4898681640625,1683.9072265625,1696.1986083984375,39532046
2010-10-19T00:00:00Z,1683.9072265625,1696.1986083984375,1671.615966796875,1683.9072265625,52685665
2010-10-20T00:00:00Z,1659.32470703125,1671.615966796875,1647.0333251953125,1659.32470703125,80801094
2010-10-21T00:00:00Z,1671.615966796875,1683.9072265625,1647.0333251953125,1671.615966796875,43638611
2010-10-22T00:00:00Z,1683.9072265625,1683.9072265625,1647.0333251953125,1683.9072265625,60207249
2010-10-25T00:00:00Z,1696.1986083984375,1708.4898681640625,1671.615966796875,1696.1986083984375,82403855
2010-10-26T00:00:00Z,1757.655029296875,1757.655029296875,1696.1986083984375,1757.655029296875,153269055
2010-10-27T00:00:00Z,1708.4898681640625,1757.655029296875,1696.1986083984375,1708.4898681640625,65993866
2010-10-28T00:00:00Z,1708.4898681640625,1720.7811279296875,1696.1986083984375,1708.4898681640625,42166024
2010-10-29T00:00:00Z,1720.7811279296875,1733.0723876953125,1696.1986083984375,1720.7811279296875,47167532
2010-11-01T00:00:00Z,1745.36376953125,1757.655029296875,1720.7811279296875,1745.36376953125,57335298
2010-11-02T00:00:00Z,1733.0723876953125,1733.0723876953125,1696.1986083984375,1733.0723876953125,90920045
2010-11-03T00:00:00Z,1720.7811279296875,1757.655029296875,1708.4898681640625,1720.7811279296875,50234744
2010-11-04T00:00:00Z,1745.36376953125,1757.655029296875,1733.0723876953125,1745.36376953125,75758908
2010-11-05T00:00:00Z,1769.9462890625,1769.9462890625,1757.655029296875,1769.9462890625,67098306
2010-11-08T00:00:00Z,1757.655029296875,1782.237548828125,1733.0723876953125,1757.655029296875,42942997
2010-11-09T00:00:00Z,1757.655029296875,1769.9462890625,1720.7811279296875,1757.655029296875,69980427
2010-11-10T00:00:00Z,1757.655029296875,1769.9462890625,1720.7811279296875,1757.655029296875,38665579
2010-11-11T00:00:00Z,1745.36376953125,1769.9462890625,1720.7811279296875,1745.36376953125,44027098
2010-11-12T00:00:00Z,1696.1986083984375,1745.36376953125,1671.615966796875,1696.1986083984375,83756438
2010-11-15T00:00:00Z,1708.4898681640625,1720.7811279296875,1683.9072265625,1708.4898681640625,35885156
2010-11-16T00:00:00Z,1733.0723876953125,1745.36376953125,1696.1986083984375,1733.0723876953125,49905242
2010-11-18T00:00:00Z,1720.7811279296875,1745.36376953125,1708.4898681640625,1720.7811279296875,50458479
2010-11-19T00:00:00Z,1745.36376953125,1769.9462890625,1720.7811279296875,1745.36376953125,56448491
2010-11-22T00:00:00Z,1782.237548828125,1782.237548828125,1745.36376953125,1782.237548828125,57672935
2010-11-23T00:00:00Z,1720.7811279296875,1782.237548828125,1708.4898681640625,1720.7811279296875,43498268
2010-11-24T00:00:00Z,1696.1986083984375,1733.0723876953125,1659.32470703125,1696.1986083984375,86286685
2010-11-25T00:00:00Z,1708.4898681640625,1733.0723876953125,1696.1986083984375,1708.4898681640625,48227225
2010-11-26T00:00:00Z,1659.32470703125,1708.4898681640625,1647.0333251953125,1659.32470703125,50419834
2010-11-29T00:00:00Z,1671.615966796875,1671.615966796875,1610.1595458984375,1671.615966796875,33476947
2010-11-30T00:00:00Z,1573.28564453125,1671.615966796875,1560.9942626953125,1573.28564453125,182501128
2010-12-01T00:00:00Z,1647.0333251953125,1659.32470703125,1573.28564453125,1647.0333251953125,183924900
2010-12-02T00:00:00Z,1671.615966796875,1696.1986083984375,1647.0333251953125,1671.615966796875,112227810
2010-12-03T00:00:00Z,1647.0333251953125,1671.615966796875,1634.7420654296875,1647.0333251953125,86522624
2010-12-06T00:00:00Z,1671.615966796875,1683.9072265625,1634.7420654296875,1671.615966796875,70193993
2010-12-08T00:00:00Z,1659.32470703125,1696.1986083984375,1647.0333251953125,1659.32470703125,91011574
2010-12-09T00:00:00Z,1659.32470703125,1683.9072265625,1634.7420654296875,1659.32470703125,68534282
2010-12-10T00:00:00Z,1647.0333251953125,1659.32470703125,1634.7420654296875,1647.0333251953125,68941074
2010-12-13T00:00:00Z,1597.8681640625,1659.32470703125,1585.576904296875,1597.8681640625,87413498
2010-12-14T00:00:00Z,1647.0333251953125,1671.615966796875,1597.8681640625,1647.0333251953125,100870178
2010-12-15T00:00:00Z,1622.4508056640625,1659.32470703125,1610.1595458984375,1622.4508056640625,88064366
2010-12-16T00:00:00Z,1585.576904296875,1622.4508056640625,1573.28564453125,1585.576904296875,85589036
2010-12-17T00:00:00Z,1573.28564453125,1597.8681640625,1560.9942626953125,1573.28564453125,74345305
2010-12-20T00:00:00Z,1536.4117431640625,1573.28564453125,1499.537841796875,1536.4117431640625,166963708
2010-12-21T00:00:00Z,1585.576904296875,1597.8681640625,1536.4117431640625,1585.576904296875,85454795
2010-12-22T00:00:00Z,1573.28564453125,1610.1595458984375,1573.28564453125,1573.28564453125,62338840
2010-12-23T00:00:00Z,1560.9942626953125,1585.576904296875,1548.7030029296875,1560.9942626953125,36475004
2010-12-27T00:00:00Z,1597.8681640625,1622.4508056640625,1573.28564453125,1597.8681640625,89858318
2010-12-28T00:00:00Z,1585.576904296875,1610.1595458984375,1573.28564453125,1585.576904296875,44812206
2010-12-29T00:00:00Z,1622.4508056640625,1634.7420654296875,1597.8681640625,1622.4508056640625,71237415
2010-12-30T00:00:00Z,1597.8681640625,1647.0333251953125,1573.28564453125,1597.8681640625,47891622
2011-01-03T00:00:00Z,1585.576904296875,1634.7420654296875,1560.9942626953125,1585.576904296875,95150682
2011-01-04T00:00:00Z,1622.4508056640625,1634.7420654296875,1573.28564453125,1622.4508056640625,110279277
2011-01-05T00:00:00Z,1683.9072265625,1696.1986083984375,1610.1595458984375,1683.9072265625,152404622
2011-01-06T00:00:00Z,1647.0333251953125,1696.1986083984375,1622.4508056640625,1647.0333251953125,152925316
2011-01-07T00:00:00Z,1573.28564453125,1659.32470703125,1548.7030029296875,1573.28564453125,216718438
2011-01-10T00:00:00Z,1474.9552001953125,1548.7030029296875,1425.7900390625,1474.9552001953125,304050578
2011-01-11T00:00:00Z,1425.7900390625,1487.24658203125,1388.916259765625,1425.7900390625,348651253
2011-01-12T00:00:00Z,1450.3726806640625,1462.6639404296875,1401.20751953125,1450.3726806640625,270158703
2011-01-13T00:00:00Z,1438.0814208984375,1474.9552001953125,1425.7900390625,1438.0814208984375,260812656
2011-01-14T00:00:00Z,1413.498779296875,1450.3726806640625,1388.916259765625,1413.498779296875,202789879
2011-01-17T00:00:00Z,1388.916259765625,1425.7900390625,1376.6248779296875,1388.916259765625,141899219
2011-01-18T00:00:00Z,1376.6248779296875,1401.20751953125,1339.7509765625,1376.6248779296875,274916135
2011-01-19T00:00:00Z,1413.498779296875,1438.0814208984375,1364.3336181640625,1413.498779296875,233647087
2011-01-20T00:00:00Z,1425.7900390625,1450.3726806640625,1388.916259765625,1425.7900390625,265401270
2011-01-21T00:00:00Z,1376.6248779296875,1401.20751953125,1315.16845703125,1376.6248779296875,284522528
2011-01-24T00:00:00Z,1352.0423583984375,1376.6248779296875,1327.459716796875,1352.0423583984375,117286269
2011-01-25T00:00:00Z,1388.916259765625,1401.20751953125,1339.7509765625,1388.916259765625,242061579
2011-01-26T00:00:00Z,1462.6639404296875,1474.9552001953125,1364.3336181640625,1462.6639404296875,317964898
2011-01-27T00:00:00Z,1474.9552001953125,1499.537841796875,1450.3726806640625,1474.9552001953125,266066375
2011-01-28T00:00:00Z,1487.24658203125,1487.24658203125,1450.3726806640625,1487.24658203125,195030322
2011-01-31T00:00:00Z,1462.6639404296875,1487.24658203125,1413.498779296875,1462.6639404296875,292221067
2011-02-01T00:00:00Z,1499.537841796875,1524.1204833984375,1474.9552001953125,1499.537841796875,217489308
2011-02-02T00:00:00Z,1499.537841796875,1536.4117431640625,1487.24658203125,1499.537841796875,140406292
2011-02-04T00:00:00Z,1462.6639404296875,1499.537841796875,1462.6639404296875,1462.6639404296875,120914854
2011-02-07T00:00:00Z,1474.9552001953125,1499.537841796875,1450.3726806640625,1474.9552001953125,132939625
2011-02-08T00:00:00Z,1487.5,1512.5,1450.0,1487.5,358712000
2011-02-09T00:00:00Z,1425.0,1462.5,1387.5,1425.0,294540000
2011-02-10T00:00:00Z,1400.0,1400.0,1350.0,1400.0,220698000
2011-02-11T00:00:00Z,1387.5,1400.0,1350.0,1387.5,135396000
2011-02-14T00:00:00Z,1400.0,1400.0,1375.0,1400.0,187544000
2011-02-16T00:00:00Z,1400.0,1400.0,1337.5,1400.0,293026000
2011-02-17T00:00:00Z,1387.5,1400.0,1362.5,1387.5,177038000
2011-02-18T00:00:00Z,1475.0,1487.5,1375.0,1475.0,547086000
2011-02-21T00:00:00Z,1500.0,1512.5,1462.5,1500.0,390874000
2011-02-22T00:00:00Z,1487.5,1487.5,1437.5,1487.5,233138000
2011-02-23T00:00:00Z,1450.0,1475.0,1450.0,1450.0,146254000
2011-02-24T00:00:00Z,1412.5,1462.5,1387.5,1412.5,199266000
2011-02-25T00:00:00Z,1437.5,1437.5,1387.5,1437.5,155624000
2011-02-28T00:00:00Z,1450.0,1450.0,1412.5,1450.0,135008000
2011-03-01T00:00:00Z,1475.0,1475.0,1425.0,1475.0,169524000
2011-03-02T00:00:00Z,1487.5,1487.5,1437.5,1487.5,159902000
2011-03-03T00:00:00Z,1475.0,1500.0,1462.5,1475.0,154538000
2011-03-04T00:00:00Z,1550.0,1550.0,1487.5,1550.0,346090000
2011-03-07T00:00:00Z,1587.5,1600.0,1512.5,1587.5,300574000
2011-03-08T00:00:00Z,1600.0,1612.5,1575.0,1600.0,159952000
2011-03-09T00:00:00Z,1600.0,1612.5,1562.5,1600.0,200842000
2011-03-10T00:00:00Z,1587.5,1587.5,1562.5,1587.5,101850000
2011-03-11T00:00:00Z,1537.5,1562.5,1512.5,1537.5,142716000
2011-03-14T00:00:00Z,1537.5,1550.0,1512.5,1537.5,118040000
2011-03-15T00:00:00Z,1500.0,1512.5,1475.0,1500.0,140100000
2011-03-16T00:00:00Z,1525.0,1525.0,1487.5,1525.0,179124000
2011-03-17T00:00:00Z,1487.5,1500.0,1475.0,1487.5,127068000
2011-03-18T00:00:00Z,1500.0,1500.0,1475.0,1500.0,115816000
2011-03-21T00:00:00Z,1500.0,1512.5,1475.0,1500.0,120318000
2011-03-22T00:00:00Z,1500.0,1512.5,1487.5,1500.0,127502000
2011-03-23T00:00:00Z,1487.5,1512.5,1475.0,1487.5,434872000
2011-03-24T00:00:00Z,1537.5,1537.5,1487.5,1537.5,249126000
2011-03-25T00:00:00Z,1575.0,1575.0,1537.5,1575.0,311256000
2011-03-28T00:00:00Z,1550.0,1587.5,1537.5,1550.0,133052000
2011-03-29T00:00:00Z,1600.0,1600.0,1537.5,1600.0,185728000
2011-03-30T00:00:00Z,1625.0,1625.0,1587.5,1625.0,156632000
2011-03-31T00:00:00Z,1700.0,1700.0,1625.0,1700.0,335866000
2011-04-01T00:00:00Z,1712.5,1712.5,1675.0,1712.5,136062000
2011-04-04T00:00:00Z,1712.5,1737.5,1700.0,1712.5,236652000
2011-04-05T00:00:00Z,1662.5,1725.0,1650.0,1662.5,105876000
2011-04-06T00:00:00Z,1700.0,1712.5,1650.0,1700.0,204864000
2011-04-07T00:00:00Z,1700.0,1725.0,1687.5,1700.0,114000000
2011-04-08T00:00:00Z,1750.0,1750.0,1700.0,1750.0,228924000
2011-04-11T00:00:00Z,1737.5,1762.5,1712.5,1737.5,82458000
2011-04-12T00:00:00Z,1712.5,1725.0,1700.0,1712.5,51890000
2011-04-13T00:00:00Z,1700.0,1712.5,1687.5,1700.0,106062000
2011-04-14T00:00:00Z,1675.0,1700.0,1662.5,1675.0,88770000
2011-04-15T00:00:00Z,1700.0,1700.0,1675.0,1700.0,71234000
2011-04-18T00:00:00Z,1675.0,1700.0,1662.5,1675.0,81782000
2011-04-19T00:00:00Z,1675.0,1687.5,1637.5,1675.0,68724000
2011-04-20T00:00:00Z,1775.0,1775.0,1687.5,1775.0,355208000
2011-04-21T00:00:00Z,1775.0,1787.5,1737.5,1775.0,133534000
2011-04-25T00:00:00Z,1762.5,1787.5,1750.0,1762.5,63496000
2011-04-26T00:00:00Z,1750.0,1762.5,1725.0,1750.0,50610000
2011-04-27T00:00:00Z,1787.5,1787.5,1750.0,1787.5,144352000
2011-04-28T00:00:00Z,1762.5,1812.5,1750.0,1762.5,86680000
2011-04-29T00:00:00Z,1787.5,1787.5,1750.0,1787.5,131152000
2011-05-02T00:00:00Z,1837.5,1837.5,1787.5,1837.5,175864000
2011-05-03T00:00:00Z,1825.0,1837.5,1800.0,1825.0,86486000
2011-05-04T00:00:00Z,1800.0,1812.5,1775.0,1800.0,134974000
2011-05-05T00:00:00Z,1800.0,1800.0,1762.5,1800.0,122802000
2011-05-06T00:00:00Z,1750.0,1787.5,1737.5,1750.0,195296000
2011-05-09T00:00:00Z,1725.0,1750.0,1725.0,1725.0,120748000
2011-05-10T00:00:00Z,1762.5,1775.0,1700.0,1762.5,293226000
2011-05-11T00:00:00Z,1787.5,1787.5,1762.5,1787.5,135602000
2011-05-12T00:00:00Z,1762.5,1787.5,1750.0,1762.5,91356000
2011-05-13T00:00:00Z,1787.5,1787.5,1775.0,1787.5,83126000
2011-05-16T00:00:00Z,1762.5,1787.5,1737.5,1762.5,118688000
2011-05-18T00:00:00Z,1775.0,1787.5,1762.5,1775.0,86030000
2011-05-19T00:00:00Z,1812.5,1812.5,1775.0,1812.5,220650000
2011-05-20T00:00:00Z,1812.5,1825.0,1800.0,1812.5,99646000
2011-05-23T00:00:00Z,1775.0,1800.0,1750.0,1775.0,95004000
2011-05-24T00:00:00Z,1775.0,1775.0,1750.0,1775.0,78786000
2011-05-25T00:00:00Z,1737.5,1762.5,1725.0,1737.5,115124000
2011-05-26T00:00:00Z,1750.0,1762.5,1737.5,1750.0,95060000
2011-05-27T00:00:00Z,1787.5,1787.5,1725.0,1787.5,93642000
2011-05-30T00:00:00Z,1800.0,1812.5,1775.0,1800.0,174292000
2011-05-31T00:00:00Z,1800.0,1812.5,1775.0,1800.0,129632000
2011-06-01T00:00:00Z,1787.5,1812.5,1787.5,1787.5,74528000
2011-06-03T00:00:00Z,1775.0,1775.0,1750.0,1775.0,150558000
2011-06-06T00:00:00Z,1750.0,1762.5,1750.0,1750.0,63178000
2011-06-07T00:00:00Z,1762.5,1762.5,1737.5,1762.5,68208000
2011-06-08T00:00:00Z,1750.0,1762.5,1725.0,1750.0,142582000
2011-06-09T00:00:00Z,1737.5,1750.0,1725.0,1737.5,90362000
2011-06-10T00:00:00Z,1750.0,1750.0,1725.0,1750.0,107274000
2011-06-13T00:00:00Z,1725.0,1737.5,1712.5,1725.0,43116000
2011-06-14T00:00:00Z,1737.5,1750.0,1725.0,1737.5,93508000
2011-06-15T00:00:00Z,1737.5,1762.5,1737.5,1737.5,89452000
2011-06-16T00:00:00Z,1687.5,1712.5,1675.0,1687.5,159672000
2011-06-17T00:00:00Z,1700.0,1725.0,1675.0,1700.0,104982000
2011-06-20T00:00:00Z,1712.5,1725.0,1687.5,1712.5,62898000
2011-06-21T00:00:00Z,1737.5,1750.0,1712.5,1737.5,117296000
2011-06-22T00:00:00Z,1762.5,1762.5,1725.0,1762.5,74004000
2011-06-23T00:00:00Z,1750.0,1762.5,1737.5,1750.0,69678000
2011-06-24T00:00:00Z,1762.5,1775.0,1725.0,1762.5,71970000
2011-06-27T00:00:00Z,1762.5,1775.0,1750.0,1762.5,75246000
2011-06-28T00:00:00Z,1762.5,1775.0,1750.0,1762.5,44444000
2011-06-30T00:00:00Z,1800.0,1800.0,1762.5,1800.0,212514000
2011-07-01T00:00:00Z,1825.0,1825.0,1800.0,1825.0,168476000
2011-07-05T00:00:00Z,1800.0,1825.0,1787.5,1800.0,80348000
2011-07-06T00:00:00Z,1812.5,1812.5,1787.5,1812.5,56692000
2011-07-07T00:00:00Z,1837.5,1850.0,1812.5,1837.5,133404000
2011-07-08T00:00:00Z,1900.0,1925.0,1850.0,1900.0,264506000
2011-07-11T00:00:00Z,1925.0,1937.5,1900.0,1925.0,113930000
2011-07-12T00:00:00Z,1887.5,1912.5,1875.0,1887.5,99342000
2011-07-13T00:00:00Z,1900.0,1900.0,1887.5,1900.0,102364000
2011-07-14T00:00:00Z,1950.0,1950.0,1900.0,1950.0,109870000
2011-07-15T00:00:00Z,1975.0,2000.0,1950.0,1975.0,154924000
2011-07-18T00:00:00Z,1962.5,1975.0,1937.5,1962.5,112922000
2011-07-19T00:00:00Z,1912.5,1937.5,1900.0,1912.5,122816000
2011-07-20T00:00:00Z,1900.0,1925.0,1875.0,1900.0,147348000
2011-07-21T00:00:00Z,1887.5,1900.0,1875.0,1887.5,54120000
2011-07-22T00:00:00Z,1900.0,1912.5,1887.5,1900.0,80884000
2011-07-25T00:00:00Z,1925.0,1937.5,1875.0,1925.0,137620000
2011-07-26T00:00:00Z,1962.5,1987.5,1912.5,1962.5,125750000
2011-07-27T00:00:00Z,2012.5,2037.5,1962.5,2012.5,121794000
2011-07-28T00:00:00Z,1975.0,2000.0,1962.5,1975.0,111238000
2011-07-29T00:00:00Z,1962.5,2000.0,1925.0,1962.5,87778000
2011-08-01T00:00:00Z,2012.5,2012.5,1962.5,2012.5,127378000
2011-08-02T00:00:00Z,1975.0,2025.0,1950.0,1975.0,74740000
2011-08-03T00:00:00Z,1912.5,1950.0,1900.0,1912.5,148372000
2011-08-04T00:00:00Z,1925.0,1950.0,1887.5,1925.0,114532000
2011-08-05T00:00:00Z,1837.5,1850.0,1775.0,1837.5,357224000
2011-08-08T00:00:00Z,1837.5,1837.5,1700.0,1837.5,318090000
2011-08-09T00:00:00Z,1800.0,1875.0,1700.0,1800.0,318848000
2011-08-10T00:00:00Z,1875.0,1875.0,1825.0,1875.0,200796000
2011-08-11T00:00:00Z,1825.0,1850.0,1787.5,1825.0,232042000
2011-08-12T00:00:00Z,1800.0,1850.0,1775.0,1800.0,212256000
2011-08-15T00:00:00Z,1825.0,1837.5,1787.5,1825.0,123276000
2011-08-16T00:00:00Z,1812.5,1850.0,1812.5,1812.5,183544000
2011-08-18T00:00:00Z,1837.5,1850.0,1825.0,1837.5,155114000
2011-08-19T00:00:00Z,1737.5,1812.5,1725.0,1737.5,251334000
2011-08-22T00:00:00Z,1700.0,1750.0,1662.5,1700.0,235396000
2011-08-23T00:00:00Z,1725.0,1725.0,1675.0,1725.0,118624000
2011-08-24T00:00:00Z,1712.5,1737.5,1700.0,1712.5,100662000
2011-08-25T00:00:00Z,1725.0,1737.5,1712.5,1725.0,47494000
2011-08-26T00:00:00Z,1712.5,1725.0,1687.5,1712.5,109488000
2011-09-05T00:00:00Z,1712.5,1762.5,1687.5,1712.5,250270000
2011-09-06T00:00:00Z,1700.0,1712.5,1675.0,1700.0,133624000
2011-09-07T00:00:00Z,1775.0,1775.0,1700.0,1775.0,131706000
2011-09-08T00:00:00Z,1800.0,1812.5,1762.5,1800.0,170834000
2011-09-09T00:00:00Z,1800.0,1825.0,1787.5,1800.0,66380000
2011-09-12T00:00:00Z,1725.0,1762.5,1712.5,1725.0,72240000
2011-09-13T00:00:00Z,1712.5,1750.0,1687.5,1712.5,130498000
2011-09-14T00:00:00Z,1612.5,1737.5,1600.0,1612.5,319996000
2011-09-15T00:00:00Z,1587.5,1650.0,1537.5,1587.5,374908000
2011-09-16T00:00:00Z,1662.5,1675.0,1587.5,1662.5,189240000
2011-09-19T00:00:00Z,1587.5,1650.0,1575.0,1587.5,148766000
2011-09-20T00:00:00Z,1575.0,1587.5,1525.0,1575.0,254226000
2011-09-21T00:00:00Z,1550.0,1575.0,1537.5,1550.0,158884000
2011-09-22T00:00:00Z,1325.0,1500.0,1325.0,1325.0,621956000
2011-09-23T00:00:00Z,1400.0,1425.0,1275.0,1400.0,297904000
2011-09-26T00:00:00Z,1375.0,1437.5,1325.0,1375.0,356050000
2011-09-27T00:00:00Z,1487.5,1512.5,1425.0,1487.5,342592000
2011-09-28T00:00:00Z,1550.0,1562.5,1450.0,1550.0,243296000
2011-09-29T00:00:00Z,1612.5,1625.0,1512.5,1612.5,196364000
2011-09-30T00:00:00Z,1575.0,1637.5,1525.0,1575.0,175722000
2011-10-03T00:00:00Z,1437.5,1537.5,1425.0,1437.5,262414000
2011-10-04T00:00:00Z,1387.5,1450.0,1375.0,1387.5,229678000
2011-10-05T00:00:00Z,1412.5,1425.0,1387.5,1412.5,136972000
2011-10-06T00:00:00Z,1512.5,1525.0,1437.5,1512.5,321610000
2011-10-07T00:00:00Z,1500.0,1575.0,1487.5,1500.0,217104000
2011-10-10T00:00:00Z,1562.5,1562.5,1487.5,1562.5,105504000
2011-10-11T00:00:00Z,1612.5,1637.5,1600.0,1612.5,221116000
2011-10-12T00:00:00Z,1662.5,1662.5,1612.5,1662.5,181582000
2011-10-13T00:00:00Z,1662.5,1700.0,1650.0,1662.5,167560000
2011-10-14T00:00:00Z,1650.0,1687.5,1637.5,1650.0,69786000
2011-10-17T00:00:00Z,1687.5,1700.0,1675.0,1687.5,97824000
2011-10-18T00:00:00Z,1600.0,1650.0,1575.0,1600.0,161532000
2011-10-19T00:00:00Z,1650.0,1662.5,1625.0,1650.0,142872000
2011-10-20T00:00:00Z,1600.0,1650.0,1575.0,1600.0,96424000
2011-10-21T00:00:00Z,1612.5,1625.0,1575.0,1612.5,88630000
2011-10-24T00:00:00Z,1725.0,1725.0,1650.0,1725.0,262158000
2011-10-25T00:00:00Z,1700.0,1737.5,1675.0,1700.0,166610000
2011-10-26T00:00:00Z,1712.5,1725.0,1662.5,1712.5,103664000
2011-10-27T00:00:00Z,1787.5,1787.5,1712.5,1787.5,311728000
2011-10-28T00:00:00Z,1800.0,1825.0,1775.0,1800.0,121272000
2011-10-31T00:00:00Z,1787.5,1812.5,1762.5,1787.5,61520000
2011-11-01T00:00:00Z,1700.0,1800.0,1700.0,1700.0,107020000
2011-11-02T00:00:00Z,1775.0,1775.0,1637.5,1775.0,170550000
2011-11-03T00:00:00Z,1725.0,1750.0,1700.0,1725.0,131896000
2011-11-04T00:00:00Z,1800.0,1812.5,1762.5,1800.0,224756000
2011-11-07T00:00:00Z,1800.0,1812.5,1787.5,1800.0,48128000
2011-11-08T00:00:00Z,1812.5,1825.0,1787.5,1812.5,50784000
2011-11-09T00:00:00Z,1850.0,1850.0,1800.0,1850.0,272700000
2011-11-10T00:00:00Z,1787.5,1800.0,1762.5,1787.5,150672000
2011-11-11T00:00:00Z,1787.5,1800.0,1775.0,1787.5,52110000
2011-11-14T00:00:00Z,1825.0,1825.0,1800.0,1825.0,109126000
2011-11-15T00:00:00Z,1787.5,1812.5,1775.0,1787.5,98484000
2011-11-16T00:00:00Z,1775.0,1787.5,1737.5,1775.0,183398000
2011-11-17T00:00:00Z,1750.0,1762.5,1737.5,1750.0,79648000
2011-11-18T00:00:00Z,1700.0,1725.0,1687.5,1700.0,190088000
2011-11-21T00:00:00Z,1637.5,1675.0,1612.5,1637.5,213606000
2011-11-22T00:00:00Z,1700.0,1700.0,1625.0,1700.0,187050000
2011-11-23T00:00:00Z,1662.5,1675.0,1637.5,1662.5,143220000
2011-11-24T00:00:00Z,1675.0,1675.0,1625.0,1675.0,195352000
2011-11-25T00:00:00Z,1612.5,1650.0,1600.0,1612.5,178982000
2011-11-28T00:00:00Z,1600.0,1650.0,1575.0,1600.0,229610000
2011-11-29T00:00:00Z,1637.5,1637.5,1600.0,1637.5,160424000
2011-11-30T00:00:00Z,1600.0,1650.0,1587.5,1600.0,156862000
2011-12-02T00:00:00Z,1675.0,1675.0,1637.5,1675.0,69344000
2011-12-05T00:00:00Z,1675.0,1687.5,1662.5,1675.0,109838000
2011-12-06T00:00:00Z,1650.0,1675.0,1625.0,1650.0,135832000
2011-12-07T00:00:00Z,1675.0,1675.0,1637.5,1675.0,124994000
2011-12-08T00:00:00Z,1662.5,1675.0,1637.5,1662.5,97252000
2011-12-09T00:00:00Z,1650.0,1650.0,1612.5,1650.0,128002000
2011-12-12T00:00:00Z,1650.0,1675.0,1637.5,1650.0,117784000
2011-12-13T00:00:00Z,1625.0,1650.0,1612.5,1625.0,99904000
2011-12-14T00:00:00Z,1612.5,1637.5,1600.0,1612.5,57108000
2011-12-15T00:00:00Z,1612.5,1612.5,1550.0,1612.5,151492000
2011-12-16T00:00:00Z,1675.0,1687.5,1625.0,1675.0,269764000
2011-12-20T00:00:00Z,1712.5,1725.0,1687.5,1712.5,119386000
2011-12-21T00:00:00Z,1712.5,1750.0,1700.0,1712.5,135358000
2011-12-22T00:00:00Z,1687.5,1712.5,1675.0,1687.5,55388000
2011-12-23T00:00:00Z,1700.0,1700.0,1662.5,1700.0,63326000
2011-12-27T00:00:00Z,1687.5,1700.0,1675.0,1687.5,29122000
2011-12-28T00:00:00Z,1650.0,1687.5,1637.5,1650.0,47962000
2011-12-29T00:00:00Z,1675.0,1700.0,1625.0,1675.0,75836000
2011-12-30T00:00:00Z,1687.5,1700.0,1662.5,1687.5,67870000
2012-01-02T00:00:00Z,1675.0,1687.5,1662.5,1675.0,20576000
2012-01-03T00:00:00Z,1700.0,1700.0,1675.0,1700.0,88456000
2012-01-04T00:00:00Z,1712.5,1725.0,1700.0,1712.5,157654000
2012-01-05T00:00:00Z,1687.5,1712.5,1687.5,1687.5,81464000
2012-01-06T00:00:00Z,1675.0,1700.0,1662.5,1675.0,55242000
2012-01-09T00:00:00Z,1675.0,1675.0,1650.0,1675.0,80856000
2012-01-10T00:00:00Z,1712.5,1725.0,1675.0,1712.5,153398000
2012-01-11T00:00:00Z,1712.5,1725.0,1700.0,1712.5,98174000
2012-01-12T00:00:00Z,1700.0,1712.5,1687.5,1700.0,101036000
2012-01-13T00:00:00Z,1712.5,1712.5,1687.5,1712.5,12
2012-01-16T00:00:00Z,1675.0,1700.0,1675.0,1675.0,69254000
2012-01-17T00:00:00Z,1700.0,1700.0,1675.0,1700.0,101060000
2012-01-18T00:00:00Z,1737.5,1737.5,1687.5,1737.5,318012000
2012-01-19T00:00:00Z,1775.0,1775.0,1750.0,1775.0,214506000
2012-01-20T00:00:00Z,1762.5,1787.5,1750.0,1762.5,155028000
2012-01-24T00:00:00Z,1762.5,1775.0,1750.0,1762.5,56778000
2012-01-25T00:00:00Z,1737.5,1762.5,1725.0,1737.5,86000000
2012-01-26T00:00:00Z,1737.5,1750.0,1725.0,1737.5,55824000
2012-01-27T00:00:00Z,1712.5,1737.5,1700.0,1712.5,224142000
2012-01-30T00:00:00Z,1662.5,1712.5,1650.0,1662.5,253748000
2012-01-31T00:00:00Z,1675.0,1687.5,1650.0,1675.0,152764000
2012-02-01T00:00:00Z,1687.5,1687.5,1650.0,1687.5,130686000
2012-02-02T00:00:00Z,1662.5,1687.5,1650.0,1662.5,316664000
2012-02-03T00:00:00Z,1637.5,1662.5,1625.0,1637.5,199068000
2012-02-06T00:00:00Z,1600.0,1650.0,1587.5,1600.0,390820000
2012-02-07T00:00:00Z,1600.0,1612.5,1562.5,1600.0,509792000
2012-02-08T00:00:00Z,1600.0,1625.0,1587.5,1600.0,623440000
2012-02-09T00:00:00Z,1575.0,1612.5,1575.0,1575.0,336542000
2012-02-10T00:00:00Z,1537.5,1587.5,1500.0,1537.5,534820000
2012-02-13T00:00:00Z,1587.5,1587.5,1525.0,1587.5,216596000
2012-02-14T00:00:00Z,1562.5,1575.0,1550.0,1562.5,171738000
2012-02-15T00:00:00Z,1550.0,1575.0,1537.5,1550.0,155344000
2012-02-16T00:00:00Z,1562.5,1575.0,1537.5,1562.5,179946000
2012-02-17T00:00:00Z,1587.5,1600.0,1562.5,1587.5,115016000
2012-02-20T00:00:00Z,1600.0,1612.5,1575.0,1600.0,136918000
2012-02-21T00:00:00Z,1612.5,1625.0,1587.5,1612.5,189596000
2012-02-22T00:00:00Z,1612.5,1612.5,1600.0,1612.5,95554000
2012-02-23T00:00:00Z,1575.0,1612.5,1575.0,1575.0,132310000
2012-02-24T00:00:00Z,1525.0,1575.0,1512.5,1525.0,311540000
2012-02-27T00:00:00Z,1512.5,1525.0,1500.0,1512.5,204518000
2012-02-28T00:00:00Z,1562.5,1575.0,1500.0,1562.5,171576000
2012-02-29T00:00:00Z,1612.5,1612.5,1562.5,1612.5,238236000
2012-03-01T00:00:00Z,1587.5,1612.5,1587.5,1587.5,83688000
2012-03-02T00:00:00Z,1625.0,1625.0,1587.5,1625.0,133378000
2012-03-05T00:00:00Z,1625.0,1625.0,1600.0,1625.0,141866000
2012-03-06T00:00:00Z,1625.0,1625.0,1600.0,1625.0,159860000
2012-03-07T00:00:00Z,1600.0,1612.5,1587.5,1600.0,107660000
2012-03-08T00:00:00Z,1637.5,1650.0,1612.5,1637.5,335230000
2012-03-09T00:00:00Z,1675.0,1675.0,1650.0,1650.0,8
2012-03-12T00:00:00Z,1675.0,1675.0,1662.5,1675.0,181608000
2012-03-13T00:00:00Z,1687.5,1687.5,1662.5,1687.5,231880000
2012-03-14T00:00:00Z,1712.5,1725.0,1687.5,1712.5,316392000
2012-03-15T00:00:00Z,1700.0,1725.0,1687.5,1700.0,100206000
2012-03-16T00:00:00Z,1725.0,1725.0,1687.5,1725.0,115342000
2012-03-19T00:00:00Z,1725.0,1737.5,1712.5,1725.0,115592000
2012-03-20T00:00:00Z,1725.0,1737.5,1712.5,1725.0,107660000
2012-03-21T00:00:00Z,1725.0,1737.5,1712.5,1725.0,53032000
2012-03-22T00:00:00Z,1712.5,1725.0,1700.0,1712.5,56508000
2012-03-26T00:00:00Z,1687.5,1725.0,1662.5,1687.5,85886000
2012-03-27T00:00:00Z,1675.0,1687.5,1662.5,1675.0,126050000
2012-03-28T00:00:00Z,1712.5,1725.0,1662.5,1712.5,185368000
2012-03-29T00:00:00Z,1700.0,1712.5,1675.0,1700.0,119652000
2012-03-30T00:00:00Z,1712.5,1737.5,1700.0,1712.5,175820000
2012-04-02T00:00:00Z,1737.5,1737.5,1700.0,1737.5,218148000
2012-04-04T00:00:00Z,1737.5,1762.5,1725.0,1737.5,75018000
2012-04-05T00:00:00Z,1762.5,1762.5,1725.0,1762.5,68012000
2012-04-09T00:00:00Z,1737.5,1750.0,1725.0,1737.5,63572000
2012-04-10T00:00:00Z,1725.0,1750.0,1725.0,1725.0,46020000
2012-04-11T00:00:00Z,1737.5,1762.5,1712.5,1737.5,107388000
2012-04-12T00:00:00Z,1737.5,1750.0,1725.0,1737.5,90252000
2012-04-13T00:00:00Z,1750.0,1775.0,1737.5,1750.0,115154000
2012-04-16T00:00:00Z,1737.5,1762.5,1725.0,1737.5,38452000
2012-04-17T00:00:00Z,1762.5,1762.5,1737.5,1762.5,98274000
2012-04-18T00:00:00Z,1775.0,1775.0,1750.0,1775.0,122790000
2012-04-19T00:00:00Z,1762.5,1775.0,1750.0,1762.5,32544000
2012-04-20T00:00:00Z,1787.5,1787.5,1762.5,1787.5,121880000
2012-04-23T00:00:00Z,1737.5,1787.5,1737.5,1737.5,30148000
2012-04-24T00:00:00Z,1762.5,1775.0,1737.5,1762.5,56380000
2012-04-25T00:00:00Z,1750.0,1787.5,1750.0,1750.0,89700000
2012-04-26T00:00:00Z,1825.0,1837.5,1762.5,1825.0,329282000
2012-04-27T00:00:00Z,1825.0,1837.5,1800.0,1825.0,65398000
2012-04-30T00:00:00Z,1850.0,1850.0,1812.5,1850.0,185266000
2012-05-01T00:00:00Z,1850.0,1862.5,1837.5,1850.0,109770000
2012-05-02T00:00:00Z,1850.0,1862.5,1837.5,1850.0,104584000
2012-05-03T00:00:00Z,1812.5,1850.0,1787.5,1812.5,78770000
2012-05-04T00:00:00Z,1837.5,1862.5,1825.0,1837.5,69772000
2012-05-07T00:00:00Z,1787.5,1837.5,1787.5,1787.5,91148000
2012-05-08T00:00:00Z,1812.5,1825.0,1800.0,1812.5,68952000
2012-05-09T00:00:00Z,1800.0,1812.5,1775.0,1800.0,129510000
2012-05-10T00:00:00Z,1812.5,1825.0,1787.5,1812.5,55656000
2012-05-11T00:00:00Z,1800.0,1812.5,1787.5,1800.0,50144000
2012-05-14T00:00:00Z,1800.0,1825.0,1800.0,1800.0,75928000
2012-05-15T00:00:00Z,1787.5,1812.5,1775.0,1787.5,142510000
2012-05-16T00:00:00Z,1775.0,1775.0,1737.5,1775.0,101772000
2012-05-21T00:00:00Z,1737.5,1775.0,1737.5,1737.5,152474000
2012-05-22T00:00:00Z,1787.5,1800.0,1762.5,1787.5,72610000
2012-05-23T00:00:00Z,1762.5,1775.0,1737.5,1762.5,98926000
2012-05-24T00:00:00Z,1775.0,1775.0,1750.0,1775.0,31074000
2012-05-25T00:00:00Z,1725.0,1762.5,1687.5,1725.0,186808000
2012-05-28T00:00:00Z,1762.5,1800.0,1662.5,1762.5,59798000
2012-05-29T00:00:00Z,1725.0,1762.5,1725.0,1725.0,46608000
2012-05-30T00:00:00Z,1762.5,1775.0,1712.5,1762.5,59206000
2012-05-31T00:00:00Z,1725.0,1737.5,1700.0,1725.0,116730000
2012-06-01T00:00:00Z,1725.0,1737.5,1712.5,1725.0,55894000
2012-06-04T00:00:00Z,1650.0,1687.5,1637.5,1650.0,144560000
2012-06-05T00:00:00Z,1662.5,1700.0,1650.0,1662.5,46436000
2012-06-06T00:00:00Z,1725.0,1737.5,1700.0,1725.0,60230000
2012-06-07T00:00:00Z,1725.0,1775.0,1712.5,1725.0,73322000
2012-06-08T00:00:00Z,1737.5,1750.0,1687.5,1737.5,45112000
2012-06-11T00:00:00Z,1750.0,1762.5,1737.5,1750.0,35418000
2012-06-12T00:00:00Z,1737.5,1750.0,1712.5,1737.5,21304000
2012-06-13T00:00:00Z,1750.0,1762.5,1737.5,1750.0,36798000
2012-06-14T00:00:00Z,1700.0,1750.0,1687.5,1700.0,59076000
2012-06-15T00:00:00Z,1750.0,1750.0,1700.0,1750.0,34414000
2012-06-18T00:00:00Z,1775.0,1800.0,1737.5,1775.0,81260000
2012-06-19T00:00:00Z,1787.5,1800.0,1737.5,1787.5,44946000
2012-06-20T00:00:00Z,1812.5,1812.5,1775.0,1812.5,33010000
2012-06-21T00:00:00Z,1812.5,1837.5,1787.5,1812.5,70396000
2012-06-22T00:00:00Z,1800.0,1800.0,1762.5,1800.0,63514000
2012-06-25T00:00:00Z,1800.0,1812.5,1750.0,1750.0,43656000
2012-06-26T00:00:00Z,1750.0,1775.0,1737.5,1737.5,43266000
2012-06-28T00:00:00Z,1787.5,1812.5,1775.0,1775.0,86218000
2012-07-02T00:00:00Z,1812.5,1850.0,1812.5,1812.5,116884000
2012-07-03T00:00:00Z,1837.5,1850.0,1800.0,1837.5,59330000
2012-07-04T00:00:00Z,1837.5,1850.0,1825.0,1837.5,57796000
2012-07-05T00:00:00Z,1800.0,1837.5,1800.0,1800.0,36462000
2012-07-06T00:00:00Z,1775.0,1787.5,1750.0,1775.0,120330000
2012-07-09T00:00:00Z,1725.0,1750.0,1712.5,1725.0,126480000
2012-07-10T00:00:00Z,1737.5,1750.0,1725.0,1737.5,96092000
2012-07-11T00:00:00Z,1762.5,1775.0,1725.0,1762.5,89474000
2012-07-12T00:00:00Z,1762.5,1762.5,1737.5,1762.5,105400000
2012-07-13T00:00:00Z,1775.0,1775.0,1737.5,1775.0,56926000
2012-07-16T00:00:00Z,1775.0,1800.0,1775.0,1775.0,74170000
2012-07-17T00:00:00Z,1812.5,1812.5,1787.5,1812.5,26128000
2012-07-18T00:00:00Z,1850.0,1850.0,1800.0,1850.0,81694000
2012-07-19T00:00:00Z,1900.0,1900.0,1837.5,1900.0,216376000
2012-07-20T00:00:00Z,1925.0,1937.5,1900.0,1925.0,138854000
2012-07-23T00:00:00Z,1850.0,1887.5,1837.5,1850.0,59808000
2012-07-24T00:00:00Z,1850.0,1887.5,1837.5,1850.0,68678000
2012-07-25T00:00:00Z,1875.0,1875.0,1800.0,1875.0,56258000
2012-07-26T00:00:00Z,1862.5,1862.5,1825.0,1862.5,53822000
2012-07-27T00:00:00Z,1912.5,1950.0,1875.0,1912.5,151672000
2012-07-30T00:00:00Z,1962.5,1987.5,1950.0,1962.5,154062000
2012-07-31T00:00:00Z,2075.0,2075.0,1987.5,2075.0,220348000
2012-08-01T00:00:00Z,2075.0,2075.0,2025.0,2075.0,81752000
2012-08-02T00:00:00Z,2062.5,2112.5,2050.0,2062.5,53948000
2012-08-03T00:00:00Z,2075.0,2075.0,2012.5,2075.0,56292000
2012-08-06T00:00:00Z,2025.0,2087.5,2000.0,2025.0,76438000
2012-08-07T00:00:00Z,2012.5,2050.0,2012.5,2012.5,42818000
2012-08-08T00:00:00Z,2000.0,2025.0,1962.5,2000.0,49672000
2012-08-09T00:00:00Z,2075.0,2075.0,2000.0,2075.0,86606000
2012-08-10T00:00:00Z,2087.5,2087.5,2062.5,2087.5,50776000
2012-08-13T00:00:00Z,2062.5,2100.0,2037.5,2062.5,27070000
2012-08-14T00:00:00Z,2075.0,2075.0,2025.0,2075.0,27726000
2012-08-15T00:00:00Z,2075.0,2075.0,2025.0,2075.0,41008000
2012-08-16T00:00:00Z,2087.5,2100.0,2062.5,2087.5,44038000
2012-08-23T00:00:00Z,2087.5,2150.0,2050.0,2087.5,126050000
2012-08-24T00:00:00Z,2050.0,2075.0,2025.0,2050.0,39022000
2012-08-27T00:00:00Z,2050.0,2062.5,2037.5,2050.0,7194000
2012-08-28T00:00:00Z,2037.5,2050.0,2000.0,2037.5,88200000
2012-08-29T00:00:00Z,1950.0,2025.0,1937.5,1950.0,133384000
2012-08-30T00:00:00Z,1862.5,1925.0,1850.0,1862.5,195946000
2012-08-31T00:00:00Z,1950.0,1950.0,1837.5,1950.0,123922000
2012-09-03T00:00:00Z,1975.0,1987.5,1937.5,1975.0,37762000
2012-09-04T00:00:00Z,1987.5,2000.0,1975.0,1987.5,48688000
2012-09-05T00:00:00Z,1962.5,1975.0,1950.0,1962.5,58672000
2012-09-06T00:00:00Z,1962.5,1975.0,1950.0,1962.5,95790000
2012-09-07T00:00:00Z,1975.0,2000.0,1962.5,1975.0,55522000
2012-09-10T00:00:00Z,1975.0,1987.5,1950.0,1975.0,60120000
2012-09-11T00:00:00Z,1937.5,1975.0,1925.0,1937.5,89630000
2012-09-12T00:00:00Z,1912.5,1950.0,1900.0,1912.5,148264000
2012-09-13T00:00:00Z,1925.0,1937.5,1900.0,1925.0,107748000
2012-09-14T00:00:00Z,1987.5,1987.5,1950.0,1987.5,186550000
2012-09-17T00:00:00Z,2012.5,2012.5,1987.5,2012.5,117310000
2012-09-18T00:00:00Z,2012.5,2012.5,2000.0,2012.5,57568000
2012-09-19T00:00:00Z,2000.0,2012.5,1987.5,2000.0,46502000
2012-09-20T00:00:00Z,1975.0,1987.5,1962.5,1975.0,63284000
2012-09-21T00:00:00Z,1987.5,1987.5,1962.5,1987.5,57360000
2012-09-24T00:00:00Z,2000.0,2012.5,1962.5,2000.0,80146000
2012-09-25T00:00:00Z,2025.0,2025.0,1987.5,2025.0,107264000
2012-09-26T00:00:00Z,2050.0,2062.5,2025.0,2050.0,124964000
2012-09-27T00:00:00Z,2062.5,2062.5,2037.5,2062.5,56704000
2012-09-28T00:00:00Z,2050.0,2075.0,2037.5,2050.0,80982000
2012-10-01T00:00:00Z,2012.5,2037.5,2012.5,2012.5,65874000
2012-10-02T00:00:00Z,2012.5,2025.0,2000.0,2012.5,70340000
2012-10-03T00:00:00Z,2000.0,2037.5,2000.0,2000.0,39652000
2012-10-04T00:00:00Z,2012.5,2025.0,1987.5,2012.5,70804000
2012-10-05T00:00:00Z,2025.0,2050.0,2012.5,2025.0,57540000
2012-10-08T00:00:00Z,2025.0,2050.0,2000.0,2025.0,67528000
2012-10-09T00:00:00Z,2025.0,2037.5,2000.0,2025.0,81076000
2012-10-10T00:00:00Z,2025.0,2025.0,2000.0,2025.0,65434000
2012-10-11T00:00:00Z,1987.5,2025.0,1975.0,1987.5,126612000
2012-10-12T00:00:00Z,2025.0,2025.0,1987.5,2025.0,52116000
2012-10-15T00:00:00Z,2037.5,2037.5,2000.0,2037.5,45230000
2012-10-16T00:00:00Z,2050.0,2050.0,2025.0,2050.0,119740000
2012-10-17T00:00:00Z,2050.0,2075.0,2025.0,2050.0,102842000
2012-10-18T00:00:00Z,2037.5,2062.5,2037.5,2037.5,33096000
2012-10-19T00:00:00Z,2012.5,2062.5,2012.5,2012.5,70504000
2012-10-22T00:00:00Z,2050.0,2050.0,2000.0,2050.0,86476000
2012-10-23T00:00:00Z,2025.0,2062.5,2025.0,2025.0,34412000
2012-10-24T00:00:00Z,2012.5,2050.0,2012.5,2012.5,48800000
2012-10-25T00:00:00Z,2050.0,2050.0,2025.0,2050.0,75196000
2012-10-29T00:00:00Z,2050.0,2062.5,2037.5,2050.0,91962000
2012-10-30T00:00:00Z,2100.0,2100.0,2062.5,2100.0,136006000
2012-10-31T00:00:00Z,2062.5,2100.0,2062.5,2062.5,82768000
2012-11-01T00:00:00Z,2075.0,2087.5,2037.5,2075.0,110136000
2012-11-02T00:00:00Z,2100.0,2100.0,2075.0,2100.0,65220000
2012-11-05T00:00:00Z,2100.0,2112.5,2075.0,2100.0,63686000
2012-11-06T00:00:00Z,2100.0,2112.5,2087.5,2100.0,48156000
2012-11-07T00:00:00Z,2137.5,2137.5,2112.5,2137.5,53476000
2012-11-08T00:00:00Z,2112.5,2137.5,2100.0,2112.5,60112000
2012-11-09T00:00:00Z,2150.0,2150.0,2100.0,2150.0,40970000
2012-11-12T00:00:00Z,2137.5,2175.0,2137.5,2137.5,40376000
2012-11-13T00:00:00Z,2112.5,2137.5,2100.0,2112.5,28250000
2012-11-14T00:00:00Z,2175.0,2187.5,2125.0,2175.0,84904000
2012-11-19T00:00:00Z,2125.0,2162.5,2125.0,2125.0,79774000
2012-11-20T00:00:00Z,2125.0,2150.0,2112.5,2125.0,41050000
2012-11-21T00:00:00Z,2125.0,2125.0,2100.0,2125.0,37934000
2012-11-22T00:00:00Z,2150.0,2162.5,2112.5,2150.0,23430000
2012-11-23T00:00:00Z,2175.0,2187.5,2137.5,2175.0,61708000
2012-11-26T00:00:00Z,2200.0,2212.5,2175.0,2200.0,38520000
2012-11-27T00:00:00Z,2187.5,2225.0,2187.5,2187.5,55410000
2012-11-28T00:00:00Z,2175.0,2175.0,2125.0,2175.0,60422000
2012-11-29T00:00:00Z,2175.0,2200.0,2150.0,2175.0,30978000
2012-11-30T00:00:00Z,2062.5,2175.0,2050.0,2062.5,229496000
2012-12-03T00:00:00Z,2112.5,2112.5,2075.0,2112.5,99170000
2012-12-04T00:00:00Z,2037.5,2100.0,2025.0,2037.5,171822000
2012-12-05T00:00:00Z,2050.0,2062.5,2012.5,2050.0,109398000
2012-12-06T00:00:00Z,2025.0,2050.0,2012.5,2025.0,129972000
2012-12-07T00:00:00Z,1987.5,2025.0,1987.5,1987.5,130412000
2012-12-10T00:00:00Z,1987.5,2025.0,1975.0,1987.5,172906000
2012-12-11T00:00:00Z,2000.0,2025.0,1975.0,2000.0,141582000
2012-12-12T00:00:00Z,2025.0,2025.0,2000.0,2025.0,127144000
2012-12-13T00:00:00Z,2000.0,2050.0,2000.0,2000.0,138822000
2012-12-14T00:00:00Z,2012.5,2025.0,1987.5,2012.5,92820000
2012-12-17T00:00:00Z,2037.5,2050.0,2000.0,2037.5,174648000
2012-12-18T00:00:00Z,2025.0,2050.0,2012.5,2025.0,138672000
2012-12-19T00:00:00Z,2000.0,2037.5,2000.0,2000.0,85370000
2012-12-20T00:00:00Z,2000.0,2000.0,1975.0,2000.0,66674000
2012-12-21T00:00:00Z,2000.0,2012.5,1975.0,2000.0,96200000
2012-12-26T00:00:00Z,2000.0,2000.0,1975.0,2000.0,12
2012-12-27T00:00:00Z,1950.0,2000.0,1925.0,1950.0,84968000
2012-12-28T00:00:00Z,2025.0,2025.0,1975.0,2025.0,94928000
2013-01-02T00:00:00Z,2062.5,2062.5,2000.0,2062.5,82538000
2013-01-03T00:00:00Z,2050.0,2075.0,2025.0,2050.0,99004000
2013-01-04T00:00:00Z,2062.5,2075.0,2050.0,2062.5,66518000
2013-01-07T00:00:00Z,2050.0,2075.0,2050.0,2050.0,96426000
2013-01-08T00:00:00Z,2087.5,2087.5,2050.0,2087.5,109928000
2013-01-09T00:00:00Z,2062.5,2087.5,2050.0,2062.5,128000000
2013-01-10T00:00:00Z,2012.5,2075.0,2000.0,2012.5,96290000
2013-01-11T00:00:00Z,2012.5,2037.5,2012.5,2012.5,98830000
2013-01-14T00:00:00Z,2100.0,2100.0,2000.0,2100.0,112910000
2013-01-15T00:00:00Z,2125.0,2125.0,2087.5,2125.0,66418000
2013-01-16T00:00:00Z,2150.0,2162.5,2112.5,2150.0,102826000
2013-01-17T00:00:00Z,2150.0,2162.5,2137.5,2150.0,52852000
2013-01-18T00:00:00Z,2175.0,2175.0,2125.0,2175.0,80682000
2013-01-21T00:00:00Z,2137.5,2175.0,2125.0,2137.5,30432000
2013-01-22T00:00:00Z,2100.0,2125.0,2087.5,2100.0,69916000
2013-01-23T00:00:00Z,2112.5,2125.0,2087.5,2112.5,40632000
2013-01-25T00:00:00Z,2200.0,2200.0,2112.5,2200.0,118204000
2013-01-28T00:00:00Z,2187.5,2200.0,2150.0,2187.5,36630000
2013-01-29T00:00:00Z,2162.5,2212.5,2162.5,2162.5,57434000
2013-01-30T00:00:00Z,2225.0,2225.0,2162.5,2225.0,87740000
2013-01-31T00:00:00Z,2262.5,2262.5,2212.5,2262.5,91058000
2013-02-01T00:00:00Z,2250.0,2375.0,2250.0,2250.0,107664000
2013-02-04T00:00:00Z,2225.0,2325.0,2200.0,2225.0,100644000
2013-02-05T00:00:00Z,2212.5,2212.5,2175.0,2212.5,74578000
2013-02-06T00:00:00Z,2200.0,2225.0,2187.5,2200.0,109720000
2013-02-07T00:00:00Z,2200.0,2200.0,2175.0,2200.0,76980000
2013-02-08T00:00:00Z,2212.5,2225.0,2187.5,2212.5,69248000
2013-02-11T00:00:00Z,2187.5,2212.5,2187.5,2187.5,25884000
2013-02-12T00:00:00Z,2237.5,2237.5,2187.5,2237.5,76628000
2013-02-13T00:00:00Z,2250.0,2262.5,2225.0,2250.0,49966000
2013-02-14T00:00:00Z,2275.0,2275.0,2237.5,2275.0,132502000
2013-02-15T00:00:00Z,2275.0,2287.5,2250.0,2275.0,80386000
2013-02-18T00:00:00Z,2275.0,2287.5,2262.5,2275.0,86732000
2013-02-19T00:00:00Z,2275.0,2275.0,2262.5,2275.0,25752000
2013-02-20T00:00:00Z,2312.5,2312.5,2275.0,2312.5,71308000
2013-02-21T00:00:00Z,2337.5,2350.0,2300.0,2337.5,106938000
2013-02-22T00:00:00Z,2387.5,2387.5,2337.5,2387.5,66690000
2013-02-25T00:00:00Z,2437.5,2437.5,2375.0,2437.5,120054000
2013-02-26T00:00:00Z,2425.0,2450.0,2362.5,2425.0,123720000
2013-02-27T00:00:00Z,2475.0,2500.0,2425.0,2475.0,84526000
2013-02-28T00:00:00Z,2512.5,2537.5,2462.5,2512.5,111834000
2013-03-01T00:00:00Z,2475.0,2500.0,2450.0,2475.0,84632000
2013-03-05T00:00:00Z,2387.5,2437.5,2375.0,2387.5,82758000
2013-03-06T00:00:00Z,2412.5,2425.0,2387.5,2412.5,100872000
2013-03-07T00:00:00Z,2462.5,2462.5,2412.5,2462.5,100464000
2013-03-08T00:00:00Z,2462.5,2512.5,2450.0,2462.5,91376000
2013-03-11T00:00:00Z,2487.5,2487.5,2450.0,2487.5,67470000
2013-03-13T00:00:00Z,2475.0,2487.5,2462.5,2475.0,83068000
2013-03-14T00:00:00Z,2475.0,2487.5,2437.5,2462.5,107328000
2013-03-15T00:00:00Z,2475.0,2500.0,2462.5,2500.0,68158000
2013-03-18T00:00:00Z,2500.0,2512.5,2450.0,2475.0,71260000
2013-03-19T00:00:00Z,2487.5,2512.5,2475.0,2512.5,73004000
2013-03-20T00:00:00Z,2512.5,2512.5,2462.5,2475.0,90398000
2013-03-21T00:00:00Z,2475.0,2512.5,2387.5,2400.0,153634000
2013-03-22T00:00:00Z,2412.5,2425.0,2362.5,2387.5,152580000
2013-03-25T00:00:00Z,2400.0,2425.0,2375.0,2387.5,76506000
2013-03-26T00:00:00Z,2387.5,2425.0,2375.0,2400.0,128536000
2013-03-27T00:00:00Z,2425.0,2500.0,2412.5,2500.0,140696000
2013-03-28T00:00:00Z,2475.0,2512.5,2475.0,2500.0,77014000
2013-04-01T00:00:00Z,2512.5,2512.5,2475.0,2475.0,33592000
2013-04-02T00:00:00Z,2500.0,2512.5,2462.5,2462.5,79288000
2013-04-03T00:00:00Z,2500.0,2512.5,2475.0,2500.0,12
2013-04-04T00:00:00Z,2512.5,2512.5,2475.0,2475.0,114310000
2013-04-05T00:00:00Z,2462.5,2512.5,2450.0,2512.5,57060000
2013-04-08T00:00:00Z,2500.0,2525.0,2487.5,2500.0,71150000
2013-04-09T00:00:00Z,2525.0,2587.5,2512.5,2550.0,118200000
2013-04-10T00:00:00Z,2550.0,2575.0,2500.0,2525.0,132270000
2013-04-11T00:00:00Z,2525.0,2550.0,2512.5,2550.0,59948000
2013-04-12T00:00:00Z,2550.0,2612.5,2537.5,2587.5,100704000
2013-04-15T00:00:00Z,2550.0,2562.5,2525.0,2537.5,45936000
2013-04-16T00:00:00Z,2525.0,2625.0,2512.5,2587.5,75092000
2013-04-17T00:00:00Z,2625.0,2687.5,2612.5,2650.0,94724000
2013-04-18T00:00:00Z,2637.5,2687.5,2612.5,2687.5,61404000
2013-04-19T00:00:00Z,2675.0,2687.5,2625.0,2650.0,90594000
2013-04-22T00:00:00Z,2650.0,2675.0,2625.0,2675.0,79960000
2013-04-24T00:00:00Z,2637.5,2650.0,2625.0,2625.0,101794000
2013-04-25T00:00:00Z,2625.0,2650.0,2612.5,2650.0,104650000
2013-04-26T00:00:00Z,2650.0,2675.0,2625.0,2662.5,46956000
2013-04-29T00:00:00Z,2650.0,2650.0,2625.0,2650.0,33818000
2013-04-30T00:00:00Z,2662.5,2662.5,2612.5,2625.0,84488000
2013-05-01T00:00:00Z,2600.0,2637.5,2600.0,2637.5,67632000
2013-05-02T00:00:00Z,2625.0,2637.5,2537.5,2537.5,182682000
2013-05-03T00:00:00Z,2525.0,2525.0,2450.0,2450.0,263252000
2013-05-06T00:00:00Z,2462.5,2512.5,2425.0,2512.5,147164000
2013-05-07T00:00:00Z,2512.5,2562.5,2512.5,2562.5,111522000
2013-05-08T00:00:00Z,2562.5,2587.5,2562.5,2587.5,81004000
2013-05-10T00:00:00Z,2600.0,2612.5,2562.5,2575.0,81192000
2013-05-13T00:00:00Z,2562.5,2562.5,2500.0,2512.5,67010000
2013-05-14T00:00:00Z,2500.0,2537.5,2500.0,2537.5,67794000
2013-05-15T00:00:00Z,2550.0,2562.5,2512.5,2537.5,104976000
2013-05-16T00:00:00Z,2512.5,2537.5,2512.5,2512.5,66254000
2013-05-17T00:00:00Z,2525.0,2537.5,2500.0,2512.5,78462000
2013-05-20T00:00:00Z,2512.5,2625.0,2512.5,2600.0,123032000
2013-05-21T00:00:00Z,2625.0,2637.5,2562.5,2587.5,84944000
2013-05-22T00:00:00Z,2612.5,2637.5,2562.5,2562.5,96390000
2013-05-23T00:00:00Z,2587.5,2587.5,2462.5,2537.5,165662000
2013-05-24T00:00:00Z,2550.0,2550.0,2500.0,2512.5,69824000
2013-05-27T00:00:00Z,2500.0,2512.5,2475.0,2500.0,108676000
2013-05-28T00:00:00Z,2500.0,2550.0,2500.0,2550.0,79604000
2013-05-29T00:00:00Z,2562.5,2587.5,2550.0,2550.0,69872000
2013-05-30T00:00:00Z,2575.0,2575.0,2450.0,2475.0,202120000
2013-05-31T00:00:00Z,2487.5,2487.5,2425.0,2425.0,179666000
2013-06-03T00:00:00Z,2425.0,2437.5,2375.0,2400.0,133486000
2013-06-04T00:00:00Z,2425.0,2475.0,2412.5,2462.5,85040000
2013-06-05T00:00:00Z,2437.5,2450.0,2400.0,2400.0,86248000
2013-06-07T00:00:00Z,2387.5,2400.0,2312.5,2350.0,229692000
2013-06-10T00:00:00Z,2350.0,2362.5,2225.0,2262.5,164714000
2013-06-11T00:00:00Z,2250.0,2250.0,2150.0,2212.5,258008000
2013-06-12T00:00:00Z,2150.0,2225.0,2125.0,2200.0,290830000
2013-06-13T00:00:00Z,2162.5,2287.5,2137.5,2225.0,209118000
2013-06-14T00:00:00Z,2275.0,2400.0,2275.0,2362.5,172854000
2013-06-17T00:00:00Z,2337.5,2375.0,2250.0,2275.0,188308000
2013-06-18T00:00:00Z,2275.0,2350.0,2275.0,2350.0,123532000
2013-06-19T00:00:00Z,2362.5,2387.5,2337.5,2350.0,113220000
2013-06-20T00:00:00Z,2300.0,2300.0,2162.5,2187.5,12
2013-06-21T00:00:00Z,2150.0,2175.0,2100.0,2150.0,188280000
2013-06-24T00:00:00Z,2162.5,2200.0,2087.5,2100.0,111504000
2013-06-25T00:00:00Z,2112.5,2150.0,2062.5,2062.5,124108000
2013-06-26T00:00:00Z,2112.5,2175.0,2100.0,2137.5,150278000
2013-06-27T00:00:00Z,2175.0,2212.5,2175.0,2187.5,147620000
2013-06-28T00:00:00Z,2225.0,2250.0,2212.5,2250.0,145954000
2013-07-01T00:00:00Z,2262.5,2262.5,2212.5,2225.0,50432000
2013-07-02T00:00:00Z,2250.0,2250.0,2137.5,2137.5,163126000
2013-07-03T00:00:00Z,2137.5,2137.5,2025.0,2025.0,208118000
2013-07-04T00:00:00Z,2037.5,2075.0,2012.5,2037.5,108386000
2013-07-05T00:00:00Z,2062.5,2075.0,2037.5,2037.5,83096000
2013-07-08T00:00:00Z,2037.5,2037.5,1887.5,1887.5,209376000
2013-07-09T00:00:00Z,1925.0,1925.0,1862.5,1875.0,134870000
2013-07-10T00:00:00Z,1887.5,1975.0,1887.5,1937.5,191450000
2013-07-11T00:00:00Z,1975.0,2125.0,1975.0,2125.0,305666000
2013-07-12T00:00:00Z,2150.0,2175.0,2050.0,2062.5,154232000
2013-07-15T00:00:00Z,2100.0,2112.5,2012.5,2050.0,115724000
2013-07-16T00:00:00Z,2050.0,2112.5,2025.0,2112.5,79574000
2013-07-17T00:00:00Z,2125.0,2137.5,2087.5,2125.0,100386000
2013-07-18T00:00:00Z,2125.0,2212.5,2125.0,2200.0,157270000
2013-07-19T00:00:00Z,2187.5,2212.5,2175.0,2175.0,117268000
2013-07-22T00:00:00Z,2187.5,2187.5,2125.0,2125.0,76564000
2013-07-23T00:00:00Z,2137.5,2237.5,2137.5,2237.5,141818000
2013-07-24T00:00:00Z,2250.0,2250.0,2175.0,2225.0,87716000
2013-07-25T00:00:00Z,2212.5,2212.5,2137.5,2150.0,88162000
2013-07-26T00:00:00Z,2150.0,2187.5,2150.0,2187.5,47710000
2013-07-29T00:00:00Z,2162.5,2187.5,2150.0,2175.0,36574000
2013-07-30T00:00:00Z,2125.0,2187.5,2125.0,2175.0,63632000
2013-07-31T00:00:00Z,2175.0,2225.0,2150.0,2225.0,84584000
2013-08-01T00:00:00Z,2225.0,2225.0,2162.5,2200.0,81542000
2013-08-02T00:00:00Z,2225.0,2225.0,2162.5,2175.0,59270000
2013-08-12T00:00:00Z,2137.5,2137.5,2012.5,2100.0,202498000
2013-08-13T00:00:00Z,2112.5,2112.5,2075.0,2100.0,61058000
2013-08-14T00:00:00Z,2125.0,2150.0,2100.0,2150.0,52192000
2013-08-15T00:00:00Z,2150.0,2162.5,2112.5,2150.0,89108000
2013-08-16T00:00:00Z,2112.5,2125.0,2075.0,2075.0,148180000
2013-08-19T00:00:00Z,2037.5,2050.0,1887.5,1912.5,311910000
2013-08-20T00:00:00Z,1850.0,1975.0,1775.0,1950.0,422404000
2013-08-21T00:00:00Z,1925.0,1975.0,1850.0,1900.0,393600000
2013-08-22T00:00:00Z,1887.5,1887.5,1825.0,1862.5,196924000
2013-08-23T00:00:00Z,1887.5,1900.0,1825.0,1850.0,241438000
2013-08-26T00:00:00Z,1850.0,1850.0,1775.0,1775.0,199224000
2013-08-27T00:00:00Z,1750.0,1750.0,1650.0,1662.5,293966000
2013-08-28T00:00:00Z,1587.5,1725.0,1562.5,1725.0,468086000
2013-08-29T00:00:00Z,1750.0,1762.5,1675.0,1737.5,320240000
2013-08-30T00:00:00Z,1737.5,1775.0,1725.0,1775.0,193796000
2013-09-02T00:00:00Z,1800.0,1825.0,1675.0,1675.0,136616000
2013-09-03T00:00:00Z,1675.0,1750.0,1675.0,1750.0,76204000
2013-09-04T00:00:00Z,1725.0,1725.0,1675.0,1700.0,81312000
2013-09-05T00:00:00Z,1737.5,1750.0,1637.5,1700.0,173516000
2013-09-06T00:00:00Z,1675.0,1700.0,1650.0,1675.0,127546000
2013-09-09T00:00:00Z,1712.5,1762.5,1675.0,1737.5,357480000
2013-09-10T00:00:00Z,1787.5,1987.5,1787.5,1975.0,581818000
2013-09-11T00:00:00Z,2000.0,2050.0,1912.5,2000.0,289392000
2013-09-12T00:00:00Z,2012.5,2100.0,2000.0,2087.5,189394000
2013-09-13T00:00:00Z,2037.5,2125.0,2037.5,2125.0,120916000
2013-09-16T00:00:00Z,2137.5,2237.5,2137.5,2237.5,131912000
2013-09-17T00:00:00Z,2225.0,2250.0,2212.5,2250.0,152764000
2013-09-18T00:00:00Z,2237.5,2237.5,2150.0,2162.5,130312000
2013-09-19T00:00:00Z,2275.0,2575.0,2275.0,2312.5,360362000
2013-09-20T00:00:00Z,2312.5,2312.5,2200.0,2237.5,99540000
2013-09-23T00:00:00Z,2175.0,2212.5,2162.5,2175.0,80694000
2013-09-24T00:00:00Z,2175.0,2212.5,2125.0,2150.0,131732000
2013-09-25T00:00:00Z,2075.0,2137.5,2037.5,2062.5,232616000
2013-09-26T00:00:00Z,2062.5,2125.0,2050.0,2050.0,128494000
2013-09-27T00:00:00Z,2100.0,2100.0,2062.5,2075.0,103038000
2013-09-30T00:00:00Z,2000.0,2050.0,1987.5,1987.5,122776000
2013-10-01T00:00:00Z,2012.5,2087.5,2012.5,2050.0,126742000
2013-10-02T00:00:00Z,2087.5,2112.5,2062.5,2087.5,68812000
2013-10-03T00:00:00Z,2112.5,2125.0,2087.5,2100.0,51942000
2013-10-04T00:00:00Z,2100.0,2100.0,2075.0,2087.5,68562000
2013-10-07T00:00:00Z,2075.0,2100.0,2062.5,2075.0,34808000
2013-10-08T00:00:00Z,2087.5,2175.0,2075.0,2150.0,151016000
2013-10-09T00:00:00Z,2125.0,2175.0,2112.5,2175.0,71626000
2013-10-10T00:00:00Z,2200.0,2200.0,2150.0,2187.5,111584000
2013-10-11T00:00:00Z,2212.5,2225.0,2125.0,2137.5,160974000
2013-10-16T00:00:00Z,2175.0,2187.5,2100.0,2112.5,166448000
2013-10-17T00:00:00Z,2125.0,2150.0,2087.5,2087.5,116060000
2013-10-18T00:00:00Z,2075.0,2075.0,2012.5,2062.5,226136000
2013-10-21T00:00:00Z,2087.5,2100.0,2062.5,2075.0,245386000
2013-10-22T00:00:00Z,2062.5,2075.0,2037.5,2037.5,142246000
2013-10-23T00:00:00Z,2050.0,2125.0,2050.0,2112.5,301426000
2013-10-24T00:00:00Z,2100.0,2200.0,2100.0,2200.0,185212000
2013-10-25T00:00:00Z,2200.0,2237.5,2175.0,2200.0,152466000
2013-10-28T00:00:00Z,2225.0,2237.5,2162.5,2175.0,37576000
2013-10-29T00:00:00Z,2162.5,2187.5,2150.0,2162.5,66028000
2013-10-30T00:00:00Z,2187.5,2212.5,2150.0,2187.5,61620000
2013-10-31T00:00:00Z,2175.0,2200.0,2100.0,2150.0,154598000
2013-11-01T00:00:00Z,2100.0,2150.0,2075.0,2087.5,114456000
2013-11-04T00:00:00Z,2075.0,2087.5,2012.5,2062.5,116296000
2013-11-06T00:00:00Z,2100.0,2100.0,2062.5,2062.5,81062000
2013-11-07T00:00:00Z,2075.0,2112.5,2062.5,2087.5,80818000
2013-11-08T00:00:00Z,2062.5,2075.0,2050.0,2050.0,62838000
2013-11-11T00:00:00Z,2062.5,2062.5,1987.5,2000.0,159884000
2013-11-12T00:00:00Z,2000.0,2012.5,1925.0,1925.0,224202000
2013-11-13T00:00:00Z,1887.5,1912.5,1837.5,1862.5,295270000
2013-11-14T00:00:00Z,1900.0,1975.0,1887.5,1975.0,173872000
2013-11-15T00:00:00Z,2000.0,2012.5,1937.5,1950.0,105388000
2013-11-18T00:00:00Z,1962.5,1975.0,1937.5,1962.5,97674000
2013-11-19T00:00:00Z,1950.0,1962.5,1925.0,1925.0,105122000
2013-11-20T00:00:00Z,1925.0,1925.0,1862.5,1912.5,228202000
2013-11-21T00:00:00Z,1887.5,1900.0,1850.0,1887.5,154690000
2013-11-22T00:00:00Z,1912.5,1937.5,1887.5,1887.5,174674000
2013-11-25T00:00:00Z,1925.0,1962.5,1912.5,1950.0,113446000
2013-11-26T00:00:00Z,1962.5,1962.5,1912.5,1925.0,96098000
2013-11-27T00:00:00Z,1912.5,1937.5,1862.5,1887.5,148438000
2013-11-28T00:00:00Z,1900.0,1912.5,1862.5,1875.0,64206000
2013-11-29T00:00:00Z,1875.0,1925.0,1875.0,1912.5,75220000
2013-12-02T00:00:00Z,1925.0,1962.5,1912.5,1925.0,67552000
2013-12-03T00:00:00Z,1950.0,1962.5,1925.0,1962.5,67962000
2013-12-04T00:00:00Z,1925.0,1950.0,1912.5,1912.5,57984000
2013-12-05T00:00:00Z,1912.5,1925.0,1875.0,1900.0,72850000
2013-12-06T00:00:00Z,1900.0,1900.0,1825.0,1825.0,103018000
2013-12-09T00:00:00Z,1875.0,1912.5,1862.5,1912.5,122722000
2013-12-10T00:00:00Z,1912.5,1962.5,1900.0,1962.5,91054000
2013-12-11T00:00:00Z,1975.0,1975.0,1925.0,1950.0,41592000
2013-12-12T00:00:00Z,1925.0,1962.5,1912.5,1912.5,44310000
2013-12-13T00:00:00Z,1912.5,1937.5,1900.0,1925.0,59724000
2013-12-16T00:00:00Z,1875.0,1900.0,1862.5,1875.0,47918000
2013-12-17T00:00:00Z,1900.0,1962.5,1887.5,1962.5,61570000
2013-12-18T00:00:00Z,1937.5,1962.5,1912.5,1925.0,76872000
2013-12-19T00:00:00Z,1950.0,2000.0,1950.0,1987.5,81644000
2013-12-20T00:00:00Z,1950.0,2000.0,1950.0,2000.0,54236000
2013-12-23T00:00:00Z,1975.0,1987.5,1950.0,1962.5,55894000
2013-12-24T00:00:00Z,1975.0,1975.0,1937.5,1950.0,22690000
2013-12-27T00:00:00Z,1950.0,1962.5,1912.5,1912.5,83306000
2013-12-30T00:00:00Z,1937.5,1962.5,1925.0,1962.5,77844000
2014-01-02T00:00:00Z,1975.0,2025.0,1962.5,2025.0,63984000
2014-01-03T00:00:00Z,2012.5,2025.0,1937.5,1950.0,105794000
2014-01-06T00:00:00Z,1950.0,1962.5,1900.0,1912.5,51674800
2014-01-07T00:00:00Z,1912.5,1931.25,1900.0,1906.25,81169200
2014-01-08T00:00:00Z,1925.0,1962.5,1912.5,1956.25,59954000
2014-01-09T00:00:00Z,1956.25,1981.25,1925.0,1950.0,71207200
2014-01-10T00:00:00Z,1950.0,2093.75,1950.0,2062.5,153947200
2014-01-13T00:00:00Z,2125.0,2200.0,2118.75,2200.0,228783600
2014-01-15T00:00:00Z,2206.25,2381.25,2181.25,2200.0,220250000
2014-01-16T00:00:00Z,2218.75,2225.0,2156.25,2156.25,76988000
2014-01-17T00:00:00Z,2156.25,2200.0,2156.25,2187.5,58350000
2014-01-20T00:00:00Z,2200.0,2200.0,2168.75,2187.5,27171600
2014-01-21T00:00:00Z,2200.0,2206.25,2187.5,2193.75,59725600
2014-01-22T00:00:00Z,2200.0,2243.75,2181.25,2237.5,110857200
2014-01-23T00:00:00Z,2250.0,2268.75,2218.75,2218.75,109866800
2014-01-24T00:00:00Z,2168.75,2225.0,2156.25,2168.75,109728400
2014-01-27T00:00:00Z,2062.5,2100.0,2037.5,2075.0,210759200
2014-01-28T00:00:00Z,2062.5,2087.5,2037.5,2068.75,164112800
2014-01-29T00:00:00Z,2087.5,2187.5,2075.0,2175.0,190262800
2014-01-30T00:00:00Z,2112.5,2175.0,2093.75,2175.0,132577200
2014-02-03T00:00:00Z,2206.25,2206.25,2137.5,2175.0,108214000
2014-02-04T00:00:00Z,2131.25,2156.25,2100.0,2131.25,95244800
2014-02-05T00:00:00Z,2162.5,2162.5,2125.0,2150.0,84726400
2014-02-06T00:00:00Z,2162.5,2162.5,2125.0,2156.25,70481600
2014-02-07T00:00:00Z,2168.75,2212.5,2162.5,2193.75,101737200
2014-02-10T00:00:00Z,2212.5,2231.25,2187.5,2187.5,72448800
2014-02-11T00:00:00Z,2218.75,2262.5,2212.5,2237.5,206115200
2014-02-12T00:00:00Z,2268.75,2275.0,2218.75,2243.75,131831600
2014-02-13T00:00:00Z,2250.0,2250.0,2231.25,2250.0,59296000
2014-02-14T00:00:00Z,2250.0,2262.5,2237.5,2256.25,107262000
2014-02-17T00:00:00Z,2268.75,2293.75,2262.5,2287.5,160782000
2014-02-18T00:00:00Z,2287.5,2293.75,2262.5,2281.25,114412800
2014-02-19T00:00:00Z,2281.25,2300.0,2262.5,2281.25,168598000
2014-02-20T00:00:00Z,2275.0,2318.75,2275.0,2306.25,147004400
2014-02-21T00:00:00Z,2312.5,2356.25,2306.25,2356.25,195956800
2014-02-24T00:00:00Z,2375.0,2412.5,2343.75,2350.0,147883200
2014-02-25T00:00:00Z,2375.0,2375.0,2256.25,2262.5,125208400
2014-02-26T00:00:00Z,2250.0,2275.0,2206.25,2237.5,222663200
2014-02-27T00:00:00Z,2237.5,2268.75,2231.25,2250.0,89265200
2014-02-28T00:00:00Z,2262.5,2281.25,2237.5,2275.0,130770000
2014-03-03T00:00:00Z,2250.0,2275.0,2250.0,2275.0,128786400
2014-03-04T00:00:00Z,2275.0,2300.0,2256.25,2281.25,137225200
2014-03-05T00:00:00Z,2300.0,2350.0,2293.75,2350.0,189594000
2014-03-06T00:00:00Z,2368.75,2368.75,2343.75,2350.0,95042800
2014-03-07T00:00:00Z,2375.0,2375.0,2306.25,2312.5,68054000
2014-03-10T00:00:00Z,2343.75,2343.75,2275.0,2300.0,85980000
2014-03-11T00:00:00Z,2312.5,2350.0,2300.0,2343.75,122784000
2014-03-12T00:00:00Z,2306.25,2337.5,2293.75,2306.25,78838000
2014-03-13T00:00:00Z,2300.0,2325.0,2300.0,2325.0,71212800
2014-03-14T00:00:00Z,2300.0,2562.5,2287.5,2537.5,379488800
2014-03-17T00:00:00Z,2500.0,2537.5,2431.25,2493.75,226867600
2014-03-18T00:00:00Z,2475.0,2500.0,2431.25,2431.25,131869200
2014-03-19T00:00:00Z,2431.25,2462.5,2425.0,2443.75,128559200
2014-03-20T00:00:00Z,2437.5,2437.5,2331.25,2337.5,237560400
2014-03-21T00:00:00Z,2356.25,2375.0,2331.25,2343.75,151603200
2014-03-24T00:00:00Z,2375.0,2393.75,2350.0,2375.0,108480800
2014-03-25T00:00:00Z,2362.5,2381.25,2356.25,2381.25,79857600
2014-03-26T00:00:00Z,2393.75,2418.75,2375.0,2393.75,127667600
2014-03-27T00:00:00Z,2350.0,2387.5,2350.0,2350.0,105750800
2014-03-28T00:00:00Z,2381.25,2400.0,2350.0,2362.5,376191600
2014-04-01T00:00:00Z,2393.75,2487.5,2393.75,2487.5,268127600
2014-04-02T00:00:00Z,2500.0,2550.0,2493.75,2537.5,178996000
2014-04-03T00:00:00Z,2550.0,2575.0,2525.0,2575.0,157111200
2014-04-04T00:00:00Z,2581.25,2587.5,2506.25,2531.25,96803200
2014-04-07T00:00:00Z,2531.25,2568.75,2512.5,2562.5,135627200
2014-04-08T00:00:00Z,2575.0,2575.0,2537.5,2562.5,95152000
2014-04-10T00:00:00Z,2387.5,2437.5,2381.25,2412.5,450579200
2014-04-11T00:00:00Z,2400.0,2450.0,2387.5,2425.0,184430400
2014-04-14T00:00:00Z,2418.75,2443.75,2418.75,2437.5,142453200
2014-04-15T00:00:00Z,2450.0,2456.25,2437.5,2437.5,76331600
2014-04-16T00:00:00Z,2456.25,2506.25,2450.0,2493.75,106918800
2014-04-17T00:00:00Z,2518.75,2525.0,2443.75,2462.5,147078800
2014-04-21T00:00:00Z,2468.75,2468.75,2450.0,2456.25,38727200
2014-04-22T00:00:00Z,2468.75,2481.25,2431.25,2462.5,115042000
2014-04-23T00:00:00Z,2462.5,2487.5,2456.25,2475.0,80303200
2014-04-24T00:00:00Z,2456.25,2475.0,2450.0,2468.75,69398000
2014-04-25T00:00:00Z,2468.75,2500.0,2462.5,2475.0,71704000
2014-04-28T00:00:00Z,2500.0,2500.0,2431.25,2437.5,116084400
2014-04-29T00:00:00Z,2475.0,2475.0,2431.25,2450.0,46608800
2014-04-30T00:00:00Z,2450.0,2462.5,2443.75,2456.25,93242400
2014-05-02T00:00:00Z,2475.0,2493.75,2462.5,2468.75,86257200
2014-05-05T00:00:00Z,2468.75,2487.5,2443.75,2462.5,56014400
2014-05-06T00:00:00Z,2475.0,2475.0,2456.25,2468.75,21791600
2014-05-07T00:00:00Z,2462.5,2500.0,2462.5,2493.75,82346400
2014-05-08T00:00:00Z,2506.25,2512.5,2487.5,2506.25,43227200
2014-05-09T00:00:00Z,2525.0,2525.0,2487.5,2518.75,48956000
2014-05-12T00:00:00Z,2525.0,2525.0,2493.75,2493.75,70641200
2014-05-13T00:00:00Z,2518.75,2518.75,2500.0,2518.75,61065600
2014-05-14T00:00:00Z,2525.0,2587.5,2518.75,2581.25,219808400
2014-05-16T00:00:00Z,2575.0,2650.0,2568.75,2650.0,202264800
2014-05-19T00:00:00Z,2656.25,2706.25,2606.25,2656.25,225986800
2014-05-20T00:00:00Z,2525.0,2662.5,2500.0,2525.0,210495200
2014-05-21T00:00:00Z,2537.5,2550.0,2506.25,2537.5,69045200
2014-05-22T00:00:00Z,2593.75,2606.25,2550.0,2593.75,106400400
2014-05-23T00:00:00Z,2593.75,2606.25,2575.0,2593.75,51238400
2014-05-26T00:00:00Z,2581.25,2612.5,2556.25,2581.25,35746000
2014-05-28T00:00:00Z,2593.75,2600.0,2568.75,2593.75,79694000
2014-05-30T00:00:00Z,2543.75,2593.75,2512.5,2543.75,247178400
2014-06-02T00:00:00Z,2550.0,2562.5,2531.25,2550.0,76876800
2014-06-03T00:00:00Z,2550.0,2556.25,2518.75,2550.0,126123600
2014-06-04T00:00:00Z,2537.5,2556.25,2525.0,2537.5,106749600
2014-06-05T00:00:00Z,2550.0,2550.0,2506.25,2550.0,66263600
2014-06-06T00:00:00Z,2518.75,2543.75,2506.25,2518.75,107951200
2014-06-09T00:00:00Z,2450.0,2543.75,2437.5,2450.0,134515200
2014-06-10T00:00:00Z,2493.75,2493.75,2456.25,2493.75,148333200
2014-06-11T00:00:00Z,2487.5,2493.75,2462.5,2487.5,98108000
2014-06-12T00:00:00Z,2481.25,2493.75,2462.5,2481.25,104930800
2014-06-13T00:00:00Z,2481.25,2487.5,2462.5,2481.25,82041200
2014-06-16T00:00:00Z,2462.5,2481.25,2437.5,2462.5,61751200
2014-06-17T00:00:00Z,2475.0,2481.25,2443.75,2475.0,60293600
2014-06-18T00:00:00Z,2468.75,2481.25,2462.5,2468.75,87876000
2014-06-19T00:00:00Z,2450.0,2481.25,2443.75,2450.0,105030000
2014-06-20T00:00:00Z,2450.0,2468.75,2443.75,2450.0,67474800
2014-06-23T00:00:00Z,2437.5,2468.75,2431.25,2437.5,92584000
2014-06-24T00:00:00Z,2443.75,2456.25,2431.25,2443.75,62032400
2014-06-25T00:00:00Z,2437.5,2456.25,2425.0,2437.5,103590400
2014-06-26T00:00:00Z,2462.5,2475.0,2437.5,2462.5,149123600
2014-06-27T00:00:00Z,2412.5,2462.5,2406.25,2412.5,133020400
2014-06-30T00:00:00Z,2431.25,2431.25,2406.25,2431.25,80812800
2014-07-01T00:00:00Z,2456.25,2462.5,2425.0,2456.25,67317200
2014-07-02T00:00:00Z,2462.5,2468.75,2443.75,2462.5,107994400
2014-07-03T00:00:00Z,2412.5,2468.75,2406.25,2412.5,177824000
2014-07-04T00:00:00Z,2418.75,2437.5,2412.5,2418.75,70222800
2014-07-07T00:00:00Z,2481.25,2481.25,2431.25,2481.25,255845600
2014-07-08T00:00:00Z,2537.5,2556.25,2493.75,2537.5,408720400
2014-07-10T00:00:00Z,2618.75,2750.0,2593.75,2618.75,801523200
2014-07-11T00:00:00Z,2625.0,2625.0,2568.75,2625.0,186758800
2014-07-14T00:00:00Z,2625.0,2631.25,2587.5,2625.0,118788000
2014-07-15T00:00:00Z,2637.5,2643.75,2618.75,2637.5,137040000
2014-07-16T00:00:00Z,2650.0,2675.0,2637.5,2650.0,109010800
2014-07-17T00:00:00Z,2656.25,2668.75,2631.25,2656.25,107004800
2014-07-18T00:00:00Z,2656.25,2675.0,2625.0,2656.25,95748000
2014-07-21T00:00:00Z,2662.5,2687.5,2650.0,2662.5,127907200
2014-07-22T00:00:00Z,2618.75,2681.25,2600.0,2618.75,232130800
2014-07-23T00:00:00Z,2625.0,2662.5,2612.5,2625.0,56408400
2014-07-24T00:00:00Z,2612.5,2631.25,2593.75,2612.5,111699200
2014-07-25T00:00:00Z,2562.5,2587.5,2537.5,2562.5,155539600
2014-08-04T00:00:00Z,2568.75,2568.75,2506.25,2568.75,154489200
2014-08-05T00:00:00Z,2600.0,2600.0,2543.75,2600.0,73754000
2014-08-06T00:00:00Z,2568.75,2587.5,2556.25,2568.75,88148800
2014-08-07T00:00:00Z,2550.0,2562.5,2512.5,2550.0,94302400
2014-08-08T00:00:00Z,2550.0,2556.25,2537.5,2550.0,59980800
2014-08-11T00:00:00Z,2618.75,2625.0,2568.75,2618.75,67873600
2014-08-12T00:00:00Z,2625.0,2637.5,2606.25,2625.0,129655600
2014-08-13T00:00:00Z,2625.0,2625.0,2587.5,2625.0,52008000
2014-08-14T00:00:00Z,2618.75,2631.25,2612.5,2618.75,73004400
2014-08-15T00:00:00Z,2612.5,2625.0,2606.25,2612.5,23361600
2014-08-18T00:00:00Z,2618.75,2631.25,2606.25,2618.75,98694400
2014-08-19T00:00:00Z,2631.25,2637.5,2618.75,2631.25,94816400
2014-08-20T00:00:00Z,2637.5,2643.75,2631.25,2637.5,82936400
2014-08-21T00:00:00Z,2637.5,2656.25,2625.0,2637.5,105621600
2014-08-22T00:00:00Z,2631.25,2662.5,2618.75,2631.25,85906400
2014-08-25T00:00:00Z,2643.75,2650.0,2612.5,2643.75,54252400
2014-08-26T00:00:00Z,2618.75,2650.0,2612.5,2618.75,54252000
2014-08-27T00:00:00Z,2637.5,2643.75,2625.0,2637.5,62226400
2014-08-28T00:00:00Z,2631.25,2643.75,2612.5,2631.25,35008400
2014-08-29T00:00:00Z,2593.75,2637.5,2593.75,2593.75,73210800
2014-09-01T00:00:00Z,2625.0,2625.0,2593.75,2625.0,24629200
2014-09-02T00:00:00Z,2625.0,2637.5,2625.0,2625.0,54608000
2014-09-03T00:00:00Z,2637.5,2643.75,2625.0,2637.5,66228000
2014-09-04T00:00:00Z,2637.5,2650.0,2625.0,2637.5,56440800
2014-09-05T00:00:00Z,2618.75,2650.0,2612.5,2618.75,44564800
2014-09-08T00:00:00Z,2637.5,2662.5,2612.5,2637.5,57887200
2014-09-09T00:00:00Z,2618.75,2637.5,2612.5,2618.75,28824000
2014-09-10T00:00:00Z,2612.5,2625.0,2593.75,2612.5,82266000
2014-09-11T00:00:00Z,2600.0,2625.0,2593.75,2600.0,113945600
2014-09-12T00:00:00Z,2550.0,2593.75,2550.0,2550.0,129725600
2014-09-15T00:00:00Z,2556.25,2562.5,2512.5,2556.25,88174800
2014-09-16T00:00:00Z,2537.5,2556.25,2531.25,2537.5,75382800
2014-09-17T00:00:00Z,2568.75,2587.5,2543.75,2568.75,53077600
2014-09-18T00:00:00Z,2606.25,2612.5,2575.0,2606.25,49814000
2014-09-19T00:00:00Z,2631.25,2650.0,2606.25,2631.25,105775600
2014-09-22T00:00:00Z,2662.5,2662.5,2618.75,2662.5,107543200
2014-09-23T00:00:00Z,2675.0,2675.0,2643.75,2675.0,95076400
2014-09-24T00:00:00Z,2637.5,2662.5,2637.5,2637.5,44105200
2014-09-25T00:00:00Z,2631.25,2662.5,2581.25,2631.25,158243200
2014-09-26T00:00:00Z,2512.5,2550.0,2506.25,2512.5,250778800
2014-09-29T00:00:00Z,2518.75,2525.0,2456.25,2518.75,155296800
2014-09-30T00:00:00Z,2518.75,2543.75,2500.0,2518.75,122798400
2014-10-01T00:00:00Z,2525.0,2593.75,2518.75,2525.0,89411200
2014-10-02T00:00:00Z,2475.0,2543.75,2475.0,2475.0,143686400
2014-10-03T00:00:00Z,2412.5,2493.75,2387.5,2412.5,165436800
2014-10-06T00:00:00Z,2456.25,2462.5,2412.5,2456.25,97244800
2014-10-07T00:00:00Z,2437.5,2475.0,2431.25,2437.5,108166000
2014-10-08T00:00:00Z,2375.0,2425.0,2362.5,2375.0,248045200
2014-10-09T00:00:00Z,2387.5,2418.75,2387.5,2387.5,75312400
2014-10-10T00:00:00Z,2387.5,2387.5,2337.5,2387.5,101417600
2014-10-13T00:00:00Z,2350.0,2368.75,2331.25,2350.0,127360400
2014-10-14T00:00:00Z,2362.5,2381.25,2325.0,2362.5,96061600
2014-10-15T00:00:00Z,2412.5,2425.0,2375.0,2412.5,89523600
2014-10-16T00:00:00Z,2412.5,2425.0,2375.0,2412.5,78677600
2014-10-17T00:00:00Z,2481.25,2525.0,2412.5,2481.25,197240400
2014-10-20T00:00:00Z,2531.25,2550.0,2493.75,2531.25,152256400
2014-10-21T00:00:00Z,2506.25,2537.5,2487.5,2506.25,66651200
2014-10-22T00:00:00Z,2525.0,2531.25,2500.0,2525.0,66994800
2014-10-23T00:00:00Z,2543.75,2550.0,2512.5,2543.75,72442400
2014-10-24T00:00:00Z,2525.0,2556.25,2506.25,2525.0,81342400
2014-10-27T00:00:00Z,2493.75,2543.75,2487.5,2493.75,67994000
2014-10-28T00:00:00Z,2500.0,2512.5,2481.25,2500.0,46372400
2014-10-29T00:00:00Z,2543.75,2543.75,2506.25,2543.75,87597600
2014-10-30T00:00:00Z,2550.0,2550.0,2518.75,2550.0,54349200
2014-10-31T00:00:00Z,2587.5,2587.5,2550.0,2587.5,71242800
2014-11-03T00:00:00Z,2593.75,2606.25,2562.5,2593.75,44479600
2014-11-04T00:00:00Z,2625.0,2631.25,2587.5,2625.0,95046800
2014-11-05T00:00:00Z,2606.25,2625.0,2575.0,2606.25,41149600
2014-11-06T00:00:00Z,2581.25,2625.0,2581.25,2581.25,83054800
2014-11-07T00:00:00Z,2543.75,2625.0,2525.0,2543.75,51160800
2014-11-10T00:00:00Z,2575.0,2581.25,2562.5,2575.0,58935600
2014-11-11T00:00:00Z,2631.25,2656.25,2575.0,2631.25,104714400
2014-11-12T00:00:00Z,2637.5,2681.25,2631.25,2637.5,98669600
2014-11-13T00:00:00Z,2606.25,2631.25,2581.25,2606.25,63121200
2014-11-14T00:00:00Z,2625.0,2637.5,2593.75,2625.0,40744800
2014-11-17T00:00:00Z,2625.0,2643.75,2618.75,2618.75,71210000
2014-11-18T00:00:00Z,2625.0,2662.5,2612.5,2625.0,86135600
2014-11-19T00:00:00Z,2631.25,2656.25,2618.75,2631.25,84622800
2014-11-20T00:00:00Z,2612.5,2631.25,2606.25,2612.5,41546000
2014-11-21T00:00:00Z,2593.75,2625.0,2587.5,2593.75,54756400
2014-11-24T00:00:00Z,2625.0,2637.5,2612.5,2625.0,66688400
2014-11-25T00:00:00Z,2612.5,2643.75,2612.5,2612.5,90611600
2014-11-26T00:00:00Z,2631.25,2637.5,2618.75,2631.25,46545200
2014-11-27T00:00:00Z,2618.75,2631.25,2612.5,2618.75,40903600
2014-11-28T00:00:00Z,2631.25,2637.5,2612.5,2631.25,44246000
2014-12-01T00:00:00Z,2637.5,2662.5,2631.25,2656.25,73759200
2014-12-02T00:00:00Z,2662.5,2700.0,2656.25,2687.5,139652400
2014-12-03T00:00:00Z,2687.5,2693.75,2668.75,2675.0,50463600
2014-12-04T00:00:00Z,2675.0,2687.5,2650.0,2656.25,42235600
2014-12-05T00:00:00Z,2681.25,2693.75,2662.5,2662.5,40322400
2014-12-08T00:00:00Z,2687.5,2693.75,2618.75,2637.5,69020800
2014-12-09T00:00:00Z,2631.25,2662.5,2625.0,2631.25,43210000
2014-12-10T00:00:00Z,2650.0,2700.0,2637.5,2693.75,67644800
2014-12-11T00:00:00Z,2643.75,2700.0,2643.75,2681.25,65913200
2014-12-12T00:00:00Z,2675.0,2718.75,2675.0,2687.5,75546800
2014-12-15T00:00:00Z,2650.0,2662.5,2625.0,2631.25,90029600
2014-12-16T00:00:00Z,2612.5,2612.5,2543.75,2556.25,205105600
2014-12-17T00:00:00Z,2550.0,2662.5,2531.25,2650.0,97264000
2014-12-18T00:00:00Z,2687.5,2693.75,2650.0,2662.5,95119600
2014-12-19T00:00:00Z,2687.5,2687.5,2656.25,2662.5,93536800
2014-12-22T00:00:00Z,2675.0,2687.5,2656.25,2656.25,32630400
2014-12-23T00:00:00Z,2675.0,2681.25,2650.0,2650.0,31940800
2014-12-24T00:00:00Z,2668.75,2681.25,2662.5,2675.0,35045200
2014-12-29T00:00:00Z,2675.0,2693.75,2656.25,2681.25,28136000
2014-12-30T00:00:00Z,2668.75,2700.0,2668.75,2693.75,48592000
2015-01-02T00:00:00Z,2693.75,2712.5,2687.5,2706.25,84546800
2015-01-05T00:00:00Z,2712.5,2712.5,2687.5,2700.0,33363200
2015-01-06T00:00:00Z,2687.5,2706.25,2668.75,2681.25,58600000
2015-01-07T00:00:00Z,2687.5,2712.5,2681.25,2712.5,50244400
2015-01-08T00:00:00Z,2725.0,2743.75,2718.75,2737.5,63649600
2015-01-09T00:00:00Z,2750.0,2806.25,2737.5,2781.25,170824800
2015-01-12T00:00:00Z,2756.25,2781.25,2706.25,2706.25,53126800
2015-01-13T00:00:00Z,2718.75,2718.75,2656.25,2687.5,80360800
2015-01-14T00:00:00Z,2706.25,2750.0,2681.25,2681.25,59552800
2015-01-15T00:00:00Z,2725.0,2737.5,2687.5,2725.0,102689600
2015-01-16T00:00:00Z,2687.5,2718.75,2675.0,2675.0,95469200
2015-01-19T00:00:00Z,2662.5,2725.0,2662.5,2681.25,100006000
2015-01-20T00:00:00Z,2668.75,2687.5,2650.0,2687.5,146990400
2015-01-21T00:00:00Z,2687.5,2743.75,2662.5,2743.75,74948000
2015-01-22T00:00:00Z,2743.75,2756.25,2718.75,2750.0,71265600
2015-01-23T00:00:00Z,2768.75,2843.75,2768.75,2843.75,134785600
2015-01-26T00:00:00Z,2787.5,2800.0,2725.0,2775.0,150832800
2015-01-27T00:00:00Z,2750.0,2781.25,2750.0,2768.75,69340000
2015-01-28T00:00:00Z,2787.5,2793.75,2743.75,2743.75,64691600
2015-01-29T00:00:00Z,2737.5,2756.25,2731.25,2743.75,48526400
2015-01-30T00:00:00Z,2781.25,2812.5,2750.0,2750.0,98195200
2015-02-02T00:00:00Z,2750.0,2825.0,2737.5,2812.5,107672400
2015-02-03T00:00:00Z,2837.5,2843.75,2818.75,2837.5,79597600
2015-02-04T00:00:00Z,2850.0,2862.5,2800.0,2843.75,135804000
2015-02-05T00:00:00Z,2831.25,2837.5,2806.25,2812.5,111271200
2015-02-06T00:00:00Z,2837.5,2868.75,2825.0,2837.5,107253600
2015-02-09T00:00:00Z,2850.0,2956.25,2850.0,2925.0,128836000
2015-02-10T00:00:00Z,2900.0,2925.0,2887.5,2906.25,79794000
2015-02-11T00:00:00Z,2956.25,2981.25,2925.0,2937.5,123487600
2015-02-12T00:00:00Z,2981.25,2993.75,2937.5,2943.75,98841600
2015-02-13T00:00:00Z,2968.75,2987.5,2962.5,2975.0,84660800
2015-02-16T00:00:00Z,2975.0,2987.5,2937.5,2943.75,85716800
2015-02-17T00:00:00Z,2943.75,2962.5,2912.5,2925.0,28532800
2015-02-18T00:00:00Z,3000.0,3075.0,2968.75,2981.25,167238000
2015-02-20T00:00:00Z,2993.75,3050.0,2993.75,3018.75,74989600
2015-02-23T00:00:00Z,2975.0,3012.5,2956.25,2968.75,118434000
2015-02-24T00:00:00Z,2950.0,2987.5,2943.75,2968.75,81622800
2015-02-25T00:00:00Z,2975.0,2981.25,2962.5,2975.0,62958800
2015-02-26T00:00:00Z,2950.0,2975.0,2950.0,2968.75,76328800
2015-02-27T00:00:00Z,2975.0,3018.75,2950.0,3000.0,85468000
2015-03-02T00:00:00Z,2975.0,3006.25,2975.0,3000.0,96851600
2015-03-03T00:00:00Z,3025.0,3025.0,2975.0,2975.0,57682400
2015-03-04T00:00:00Z,2968.75,2987.5,2956.25,2962.5,47226000
2015-03-05T00:00:00Z,2956.25,2993.75,2950.0,2956.25,67612800
2015-03-06T00:00:00Z,2975.0,3025.0,2962.5,3025.0,77888400
2015-03-09T00:00:00Z,3000.0,3006.25,2937.5,2950.0,105046000
2015-03-10T00:00:00Z,2956.25,3018.75,2937.5,3006.25,69672800
2015-03-11T00:00:00Z,2975.0,3006.25,2962.5,2968.75,98384400
2015-03-12T00:00:00Z,2962.5,3006.25,2962.5,2975.0,45096400
2015-03-13T00:00:00Z,2993.75,3012.5,2950.0,2975.0,68090000
2015-03-16T00:00:00Z,2975.0,3018.75,2962.5,3000.0,54288000
2015-03-17T00:00:00Z,3012.5,3018.75,2981.25,2993.75,51684800
2015-03-18T00:00:00Z,2962.5,3000.0,2962.5,2987.5,54372400
2015-03-19T00:00:00Z,3025.0,3050.0,3000.0,3050.0,74428400
2015-03-20T00:00:00Z,3025.0,3075.0,3018.75,3050.0,83046000
2015-03-23T00:00:00Z,3068.75,3068.75,3043.75,3043.75,36825600
2015-03-24T00:00:00Z,3037.5,3056.25,3012.5,3018.75,59234400
2015-03-25T00:00:00Z,3012.5,3043.75,3000.0,3006.25,59409600
2015-03-26T00:00:00Z,3006.25,3037.5,2987.5,3012.5,49491600
2015-03-27T00:00:00Z,2975.0,3006.25,2962.5,2987.5,60455600
2015-03-30T00:00:00Z,3012.5,3075.0,3000.0,3025.0,75822800
2015-03-31T00:00:00Z,3081.25,3118.75,3062.5,3118.75,83456000
2015-04-01T00:00:00Z,3118.75,3137.5,3025.0,3068.75,110690000
2015-04-02T00:00:00Z,3087.5,3093.75,3006.25,3068.75,56737600
2015-04-06T00:00:00Z,3075.0,3081.25,3025.0,3043.75,64304400
2015-04-07T00:00:00Z,3050.0,3050.0,3018.75,3043.75,95657600
2015-04-08T00:00:00Z,3050.0,3050.0,2993.75,3018.75,113430800
2015-04-09T00:00:00Z,3018.75,3018.75,2987.5,3000.0,62660800
2015-04-10T00:00:00Z,3006.25,3012.5,2993.75,3000.0,52790800
2015-04-13T00:00:00Z,3012.5,3012.5,2987.5,3012.5,80286400
2015-04-14T00:00:00Z,2975.0,3000.0,2943.75,2962.5,104148800
2015-04-15T00:00:00Z,2975.0,3012.5,2956.25,3012.5,47940400
2015-04-16T00:00:00Z,3025.0,3025.0,2993.75,3000.0,55566800
2015-04-17T00:00:00Z,3018.75,3018.75,2981.25,3000.0,40751200
2015-04-20T00:00:00Z,3000.0,3018.75,2975.0,3018.75,44488800
2015-04-21T00:00:00Z,3025.0,3037.5,3012.5,3037.5,69309200
2015-04-22T00:00:00Z,3037.5,3037.5,3006.25,3006.25,44750400
2015-04-23T00:00:00Z,2993.75,3012.5,2987.5,3000.0,64157200
2015-04-24T00:00:00Z,3006.25,3018.75,2975.0,2975.0,53536400
2015-04-27T00:00:00Z,2950.0,2950.0,2775.0,2812.5,308830800
2015-04-28T00:00:00Z,2725.0,2743.75,2662.5,2725.0,279868000
2015-04-29T00:00:00Z,2725.0,2737.5,2587.5,2637.5,316523200
2015-04-30T00:00:00Z,2643.75,2700.0,2618.75,2687.5,195589600
2015-05-04T00:00:00Z,2693.75,2825.0,2675.0,2793.75,189657600
2015-05-05T00:00:00Z,2800.0,2843.75,2781.25,2806.25,153516400
2015-05-06T00:00:00Z,2756.25,2850.0,2756.25,2850.0,128029200
2015-05-07T00:00:00Z,2781.25,2837.5,2762.5,2793.75,111124000
2015-05-08T00:00:00Z,2831.25,2837.5,2781.25,2793.75,51254800
2015-05-11T00:00:00Z,2793.75,2825.0,2781.25,2781.25,34354800
2015-05-12T00:00:00Z,2793.75,2837.5,2781.25,2818.75,96191200
2015-05-13T00:00:00Z,2787.5,2825.0,2787.5,2812.5,138148400
2015-05-15T00:00:00Z,2800.0,2806.25,2731.25,2737.5,102507600
2015-05-18T00:00:00Z,2737.5,2787.5,2737.5,2775.0,106922000
2015-05-19T00:00:00Z,2775.0,2806.25,2762.5,2800.0,66192000
2015-05-20T00:00:00Z,2825.0,2837.5,2793.75,2818.75,74743200
2015-05-21T00:00:00Z,2837.5,2912.5,2812.5,2906.25,120901600
2015-05-22T00:00:00Z,2925.0,2931.25,2837.5,2856.25,83152000
2015-05-25T00:00:00Z,2812.5,2825.0,2781.25,2787.5,100023600
2015-05-26T00:00:00Z,2787.5,2825.0,2781.25,2781.25,88446000
2015-05-27T00:00:00Z,2750.0,2800.0,2750.0,2750.0,98622000
2015-05-28T00:00:00Z,2756.25,2775.0,2687.5,2700.0,160551600
2015-05-29T00:00:00Z,2687.5,2706.25,2681.25,2693.75,158411600
2015-06-01T00:00:00Z,2700.0,2706.25,2650.0,2675.0,116245200
2015-06-03T00:00:00Z,2656.25,2675.0,2612.5,2637.5,145928400
2015-06-04T00:00:00Z,2631.25,2650.0,2600.0,2631.25,100190400
2015-06-05T00:00:00Z,2631.25,2668.75,2612.5,2668.75,67930800
2015-06-08T00:00:00Z,2643.75,2656.25,2562.5,2575.0,97918000
2015-06-09T00:00:00Z,2525.0,2525.0,2425.0,2487.5,196405200
2015-06-10T00:00:00Z,2487.5,2518.75,2431.25,2468.75,110615600
2015-06-11T00:00:00Z,2487.5,2500.0,2406.25,2418.75,106057200
2015-06-12T00:00:00Z,2425.0,2493.75,2418.75,2475.0,108184000
2015-06-15T00:00:00Z,2450.0,2462.5,2356.25,2356.25,92020000
2015-06-16T00:00:00Z,2375.0,2418.75,2337.5,2387.5,93402800
2015-06-17T00:00:00Z,2412.5,2487.5,2412.5,2456.25,170708800
2015-06-18T00:00:00Z,2475.0,2493.75,2412.5,2418.75,116189200
2015-06-19T00:00:00Z,2475.0,2512.5,2462.5,2500.0,139460400
2015-06-22T00:00:00Z,2518.75,2525.0,2481.25,2493.75,51412000
2015-06-23T00:00:00Z,2500.0,2518.75,2468.75,2512.5,115338000
2015-06-24T00:00:00Z,2525.0,2562.5,2456.25,2475.0,136800000
2015-06-25T00:00:00Z,2487.5,2543.75,2468.75,2500.0,127306400
2015-06-26T00:00:00Z,2518.75,2537.5,2481.25,2525.0,42988000
2015-06-29T00:00:00Z,2487.5,2512.5,2475.0,2506.25,51673600
2015-06-30T00:00:00Z,2531.25,2543.75,2487.5,2512.5,66377600
2015-07-01T00:00:00Z,2531.25,2531.25,2493.75,2500.0,68338800
2015-07-02T00:00:00Z,2475.0,2537.5,2475.0,2518.75,88189600
2015-07-03T00:00:00Z,2531.25,2550.0,2500.0,2543.75,44312000
2015-07-06T00:00:00Z,2506.25,2525.0,2475.0,2481.25,40962400
2015-07-07T00:00:00Z,2512.5,2537.5,2500.0,2537.5,76844800
2015-07-08T00:00:00Z,2500.0,2512.5,2475.0,2487.5,68092000
2015-07-09T00:00:00Z,2475.0,2500.0,2456.25,2475.0,67824800
2015-07-10T00:00:00Z,2493.75,2512.5,2487.5,2500.0,93061200
2015-07-13T00:00:00Z,2500.0,2518.75,2493.75,2512.5,121620800
2015-07-14T00:00:00Z,2525.0,2550.0,2518.75,2531.25,93382000
2015-07-15T00:00:00Z,2543.75,2543.75,2487.5,2500.0,58466000
2015-07-22T00:00:00Z,2550.0,2600.0,2531.25,2600.0,146678400
2015-07-23T00:00:00Z,2575.0,2593.75,2525.0,2525.0,80344400
2015-07-24T00:00:00Z,2512.5,2525.0,2487.5,2500.0,101181200
2015-07-27T00:00:00Z,2493.75,2512.5,2381.25,2387.5,139128000
2015-07-28T00:00:00Z,2343.75,2356.25,2318.75,2343.75,107764400
2015-07-29T00:00:00Z,2362.5,2387.5,2343.75,2375.0,111259600
2015-07-30T00:00:00Z,2400.0,2412.5,2362.5,2381.25,115432800
2015-07-31T00:00:00Z,2375.0,2393.75,2331.25,2381.25,226184800
2015-08-03T00:00:00Z,2350.0,2431.25,2350.0,2425.0,189702800
2015-08-04T00:00:00Z,2425.0,2443.75,2368.75,2381.25,172058000
2015-08-05T00:00:00Z,2400.0,2450.0,2381.25,2450.0,182880400
2015-08-06T00:00:00Z,2475.0,2518.75,2437.5,2450.0,138502000
2015-08-07T00:00:00Z,2443.75,2443.75,2406.25,2412.5,60834400
2015-08-10T00:00:00Z,2437.5,2437.5,2362.5,2381.25,64787200
2015-08-11T00:00:00Z,2406.25,2412.5,2281.25,2287.5,166308400
2015-08-12T00:00:00Z,2250.0,2250.0,2131.25,2200.0,199885200
2015-08-13T00:00:00Z,2218.75,2293.75,2212.5,2275.0,148333600
2015-08-14T00:00:00Z,2275.0,2275.0,2237.5,2250.0,122529600
2015-08-18T00:00:00Z,2237.5,2250.0,2187.5,2200.0,83244000
2015-08-19T00:00:00Z,2200.0,2218.75,2156.25,2175.0,92040000
2015-08-20T00:00:00Z,2150.0,2175.0,2131.25,2175.0,87566000
2015-08-21T00:00:00Z,2125.0,2137.5,2100.0,2125.0,136115600
2015-08-24T00:00:00Z,2068.75,2087.5,2031.25,2043.75,129089600
2015-08-25T00:00:00Z,2050.0,2162.5,2050.0,2125.0,296784800
2015-08-26T00:00:00Z,2137.5,2168.75,2087.5,2137.5,202368000
2015-08-27T00:00:00Z,2187.5,2256.25,2175.0,2250.0,219296800
2015-08-28T00:00:00Z,2300.0,2318.75,2243.75,2268.75,174394000
2015-08-31T00:00:00Z,2243.75,2281.25,2237.5,2275.0,107618400
2015-09-01T00:00:00Z,2250.0,2250.0,2168.75,2181.25,74196800
2015-09-02T00:00:00Z,2175.0,2218.75,2150.0,2200.0,66349600
2015-09-03T00:00:00Z,2212.5,2237.5,2193.75,2206.25,95144800
2015-09-04T00:00:00Z,2200.0,2218.75,2181.25,2206.25,41096400
2015-09-07T00:00:00Z,2200.0,2206.25,2175.0,2187.5,54352800
2015-09-08T00:00:00Z,2187.5,2206.25,2175.0,2200.0,57412800
2015-09-09T00:00:00Z,2218.75,2231.25,2150.0,2175.0,135401200
2015-09-10T00:00:00Z,2162.5,2162.5,2137.5,2150.0,70959200
2015-09-11T00:00:00Z,2175.0,2175.0,2162.5,2162.5,46889600
2015-09-14T00:00:00Z,2175.0,2175.0,2150.0,2162.5,41073600
2015-09-15T00:00:00Z,2156.25,2175.0,2150.0,2175.0,32625200
2015-09-16T00:00:00Z,2175.0,2181.25,2150.0,2162.5,32254800
2015-09-17T00:00:00Z,2156.25,2181.25,2150.0,2162.5,112392000
2015-09-18T00:00:00Z,2175.0,2187.5,2156.25,2162.5,94615200
2015-09-21T00:00:00Z,2162.5,2175.0,2150.0,2150.0,66774000
2015-09-22T00:00:00Z,2150.0,2162.5,2143.75,2150.0,34276400
2015-09-23T00:00:00Z,2125.0,2125.0,2006.25,2012.5,75746400
2015-09-25T00:00:00Z,2000.0,2000.0,1931.25,1931.25,138808000
2015-09-28T00:00:00Z,1931.25,1943.75,1881.25,1881.25,63378800
2015-09-29T00:00:00Z,1825.0,1943.75,1787.5,1943.75,63959200
2015-09-30T00:00:00Z,1962.5,2000.0,1956.25,1981.25,118378400
2015-10-01T00:00:00Z,2000.0,2031.25,1981.25,1993.75,63633600
2015-10-02T00:00:00Z,1993.75,2000.0,1918.75,1918.75,89269200
2015-10-05T00:00:00Z,1962.5,2050.0,1950.0,2050.0,56322400
2015-10-06T00:00:00Z,2075.0,2231.25,2075.0,2225.0,179906000
2015-10-07T00:00:00Z,2250.0,2268.75,2175.0,2231.25,118109200
2015-10-08T00:00:00Z,2231.25,2243.75,2200.0,2225.0,108926400
2015-10-09T00:00:00Z,2262.5,2318.75,2256.25,2275.0,177488400
2015-10-12T00:00:00Z,2250.0,2306.25,2250.0,2293.75,66492800
2015-10-13T00:00:00Z,2281.25,2293.75,2237.5,2237.5,123736400
2015-10-15T00:00:00Z,2237.5,2275.0,2212.5,2225.0,80592800
2015-10-16T00:00:00Z,2225.0,2268.75,2225.0,2231.25,65777200
2015-10-19T00:00:00Z,2237.5,2287.5,2237.5,2287.5,54853200
2015-10-20T00:00:00Z,2287.5,2312.5,2256.25,2312.5,65063600
2015-10-21T00:00:00Z,2281.25,2350.0,2281.25,2306.25,65543200
2015-10-22T00:00:00Z,2318.75,2331.25,2293.75,2293.75,66396000
2015-10-23T00:00:00Z,2337.5,2362.5,2300.0,2350.0,142408000
2015-10-26T00:00:00Z,2375.0,2406.25,2368.75,2393.75,145286400
2015-10-27T00:00:00Z,2375.0,2412.5,2356.25,2412.5,80484400
2015-10-28T00:00:00Z,2381.25,2406.25,2362.5,2362.5,72526000
2015-10-29T00:00:00Z,2350.0,2356.25,2237.5,2250.0,113545600
2015-10-30T00:00:00Z,2206.25,2231.25,2175.0,2175.0,183069200
2015-11-02T00:00:00Z,2168.75,2175.0,2100.0,2137.5,84406800
2015-11-03T00:00:00Z,2175.0,2268.75,2175.0,2212.5,133874000
2015-11-04T00:00:00Z,2218.75,2287.5,2218.75,2275.0,104358000
2015-11-05T00:00:00Z,2281.25,2287.5,2225.0,2243.75,76689200
2015-11-06T00:00:00Z,2225.0,2268.75,2225.0,2243.75,39835600
2015-11-09T00:00:00Z,2200.0,2225.0,2175.0,2175.0,66005200
2015-11-10T00:00:00Z,2131.25,2175.0,2100.0,2100.0,122132000
2015-11-11T00:00:00Z,2081.25,2087.5,2037.5,2043.75,122912000
2015-11-12T00:00:00Z,2043.75,2112.5,2043.75,2093.75,101481200
2015-11-13T00:00:00Z,2075.0,2168.75,2068.75,2168.75,86066400
2015-11-16T00:00:00Z,2112.5,2131.25,2087.5,2125.0,54983200
2015-11-17T00:00:00Z,2131.25,2168.75,2131.25,2156.25,75114400
2015-11-18T00:00:00Z,2175.0,2175.0,2137.5,2156.25,49671200
2015-11-19T00:00:00Z,2175.0,2193.75,2168.75,2193.75,61782000
2015-11-20T00:00:00Z,2162.5,2187.5,2143.75,2168.75,54798400
2015-11-23T00:00:00Z,2181.25,2212.5,2181.25,2181.25,45954000
2015-11-24T00:00:00Z,2150.0,2187.5,2150.0,2175.0,26436400
2015-11-25T00:00:00Z,2181.25,2237.5,2175.0,2231.25,65648400
2015-11-26T00:00:00Z,2243.75,2318.75,2225.0,2318.75,114857200
2015-11-27T00:00:00Z,2306.25,2318.75,2243.75,2243.75,50550800
2015-11-30T00:00:00Z,2225.0,2250.0,2125.0,2125.0,291126000
2015-12-01T00:00:00Z,2187.5,2243.75,2187.5,2225.0,81230800
2015-12-02T00:00:00Z,2231.25,2243.75,2212.5,2225.0,45067200
2015-12-03T00:00:00Z,2212.5,2231.25,2200.0,2200.0,46170000
2015-12-04T00:00:00Z,2200.0,2206.25,2175.0,2187.5,66563200
2015-12-07T00:00:00Z,2212.5,2287.5,2206.25,2275.0,65284000
2015-12-08T00:00:00Z,2250.0,2268.75,2225.0,2250.0,75222000
2015-12-10T00:00:00Z,2200.0,2218.75,2187.5,2218.75,79034800
2015-12-11T00:00:00Z,2231.25,2237.5,2187.5,2187.5,45985200
2015-12-14T00:00:00Z,2125.0,2156.25,2112.5,2156.25,78568800
2015-12-15T00:00:00Z,2168.75,2187.5,2143.75,2187.5,55228000
2015-12-16T00:00:00Z,2212.5,2237.5,2187.5,2237.5,87191200
2015-12-17T00:00:00Z,2287.5,2287.5,2243.75,2275.0,90298000
2015-12-18T00:00:00Z,2243.75,2243.75,2181.25,2181.25,93092000
2015-12-21T00:00:00Z,2181.25,2218.75,2181.25,2218.75,16910000
2015-12-22T00:00:00Z,2231.25,2231.25,2200.0,2218.75,44916000
2015-12-23T00:00:00Z,2212.5,2225.0,2187.5,2218.75,51713200
2015-12-28T00:00:00Z,2175.0,2268.75,2175.0,2250.0,66709200
2015-12-29T00:00:00Z,2268.75,2281.25,2268.75,2281.25,43552000
2015-12-30T00:00:00Z,2281.25,2312.5,2275.0,2312.5,104390800
2016-01-04T00:00:00Z,2300.0,2337.5,2268.75,2312.5,60667600
2016-01-05T00:00:00Z,2312.5,2387.5,2312.5,2343.75,106152400
2016-01-06T00:00:00Z,2362.5,2381.25,2337.5,2337.5,106147600
2016-01-07T00:00:00Z,2287.5,2312.5,2275.0,2275.0,92196400
2016-01-08T00:00:00Z,2275.0,2318.75,2275.0,2318.75,97109200
2016-01-11T00:00:00Z,2275.0,2287.5,2250.0,2275.0,62974000
2016-01-12T00:00:00Z,2300.0,2318.75,2275.0,2300.0,77847200
2016-01-13T00:00:00Z,2318.75,2362.5,2300.0,2337.5,132198400
2016-01-14T00:00:00Z,2275.0,2368.75,2275.0,2337.5,120844000
2016-01-15T00:00:00Z,2337.5,2356.25,2318.75,2318.75,41635600
2016-01-18T00:00:00Z,2312.5,2331.25,2312.5,2318.75,61618000
2016-01-19T00:00:00Z,2306.25,2350.0,2306.25,2343.75,33891200
2016-01-20T00:00:00Z,2331.25,2350.0,2325.0,2331.25,111518800
2016-01-21T00:00:00Z,2331.25,2343.75,2312.5,2325.0,111117200
2016-01-22T00:00:00Z,2325.0,2350.0,2318.75,2343.75,102318000
2016-01-25T00:00:00Z,2350.0,2387.5,2343.75,2381.25,52867200
2016-01-26T00:00:00Z,2362.5,2387.5,2356.25,2381.25,68705200
2016-01-27T00:00:00Z,2387.5,2400.0,2362.5,2387.5,97861600
2016-01-28T00:00:00Z,2387.5,2387.5,2356.25,2375.0,84751600
2016-01-29T00:00:00Z,2375.0,2400.0,2356.25,2400.0,118885600
2016-02-01T00:00:00Z,2400.0,2412.5,2343.75,2406.25,73618400
2016-02-02T00:00:00Z,2393.75,2400.0,2350.0,2375.0,50634000
2016-02-03T00:00:00Z,2350.0,2356.25,2337.5,2343.75,62028400
2016-02-04T00:00:00Z,2368.75,2443.75,2350.0,2400.0,176216000
2016-02-05T00:00:00Z,2400.0,2600.0,2400.0,2587.5,244064000
2016-02-09T00:00:00Z,2550.0,2568.75,2512.5,2512.5,56263200
2016-02-10T00:00:00Z,2500.0,2525.0,2450.0,2456.25,56126000
2016-02-11T00:00:00Z,2456.25,2506.25,2456.25,2500.0,144164400
2016-02-12T00:00:00Z,2475.0,2487.5,2412.5,2431.25,136429600
2016-02-15T00:00:00Z,2450.0,2456.25,2431.25,2450.0,110414800
2016-02-16T00:00:00Z,2456.25,2462.5,2431.25,2437.5,90171200
2016-02-17T00:00:00Z,2431.25,2450.0,2418.75,2425.0,103568000
2016-02-18T00:00:00Z,2443.75,2468.75,2425.0,2431.25,205636800
2016-02-19T00:00:00Z,2368.75,2368.75,2300.0,2325.0,381658000
2016-02-22T00:00:00Z,2306.25,2368.75,2306.25,2350.0,122025200
2016-02-23T00:00:00Z,2312.5,2343.75,2293.75,2312.5,78939200
2016-02-24T00:00:00Z,2337.5,2375.0,2318.75,2350.0,76399200
2016-02-25T00:00:00Z,2350.0,2362.5,2312.5,2331.25,59981600
2016-02-26T00:00:00Z,2343.75,2381.25,2343.75,2368.75,59542000
2016-02-29T00:00:00Z,2368.75,2387.5,2343.75,2387.5,109371200
2016-03-01T00:00:00Z,2368.75,2387.5,2343.75,2362.5,75571600
2016-03-02T00:00:00Z,2387.5,2431.25,2375.0,2406.25,125545600
2016-03-03T00:00:00Z,2425.0,2443.75,2400.0,2425.0,80812000
2016-03-04T00:00:00Z,2425.0,2443.75,2406.25,2443.75,69759600
2016-03-07T00:00:00Z,2462.5,2500.0,2450.0,2493.75,176466000
2016-03-08T00:00:00Z,2500.0,2506.25,2475.0,2500.0,145376000
2016-03-10T00:00:00Z,2450.0,2525.0,2450.0,2525.0,124006000
2016-03-15T00:00:00Z,2562.5,2562.5,2537.5,2543.75,57556000
2016-03-16T00:00:00Z,2550.0,2550.0,2500.0,2543.75,46800000
2016-03-17T00:00:00Z,2562.5,2562.5,2500.0,2525.0,75276400
2016-03-18T00:00:00Z,2543.75,2543.75,2500.0,2525.0,110007200
2016-03-21T00:00:00Z,2525.0,2550.0,2525.0,2537.5,137365600
2016-03-22T00:00:00Z,2550.0,2581.25,2543.75,2575.0,87624800
2016-03-23T00:00:00Z,2581.25,2581.25,2550.0,2562.5,103693600
2016-03-24T00:00:00Z,2550.0,2581.25,2550.0,2556.25,115484400
2016-03-28T00:00:00Z,2543.75,2556.25,2506.25,2518.75,71154000
2016-03-29T00:00:00Z,2518.75,2550.0,2500.0,2550.0,90892400
2016-03-30T00:00:00Z,2525.0,2587.5,2512.5,2587.5,178441600
2016-03-31T00:00:00Z,2587.5,2593.75,2550.0,2575.0,103862400
2016-04-01T00:00:00Z,2556.25,2568.75,2481.25,2525.0,60710400
2016-04-04T00:00:00Z,2525.0,2543.75,2518.75,2543.75,36848800
2016-04-05T00:00:00Z,2550.0,2600.0,2537.5,2593.75,99461600
2016-04-06T00:00:00Z,2612.5,2612.5,2568.75,2593.75,39915200
2016-04-07T00:00:00Z,2612.5,2612.5,2537.5,2575.0,70107200
2016-04-08T00:00:00Z,2512.5,2525.0,2443.75,2462.5,181048000
2016-04-12T00:00:00Z,2381.25,2412.5,2362.5,2387.5,153933200
2016-04-20T00:00:00Z,2406.25,2450.0,2400.0,2437.5,88110800
2016-04-21T00:00:00Z,2437.5,2481.25,2437.5,2468.75,78975600
2016-04-22T00:00:00Z,2468.75,2500.0,2450.0,2493.75,70598400
2016-04-25T00:00:00Z,2487.5,2487.5,2381.25,2418.75,100451600
2016-04-26T00:00:00Z,2400.0,2400.0,2318.75,2375.0,143723600
2016-04-27T00:00:00Z,2350.0,2412.5,2343.75,2406.25,77419600
2016-04-28T00:00:00Z,2412.5,2456.25,2406.25,2456.25,70421200
2016-04-29T00:00:00Z,2418.75,2431.25,2387.5,2412.5,51991600
2016-05-02T00:00:00Z,2406.25,2412.5,2350.0,2387.5,39910400
2016-05-03T00:00:00Z,2425.0,2468.75,2412.5,2462.5,87932400
2016-05-04T00:00:00Z,2443.75,2450.0,2400.0,2425.0,86007600
2016-05-09T00:00:00Z,2400.0,2406.25,2287.5,2325.0,173752800
2016-05-10T00:00:00Z,2325.0,2375.0,2312.5,2362.5,96082400
2016-05-11T00:00:00Z,2406.25,2425.0,2368.75,2406.25,61418400
2016-05-12T00:00:00Z,2418.75,2418.75,2362.5,2375.0,40284400
2016-05-13T00:00:00Z,2350.0,2375.0,2287.5,2325.0,86747200
2016-05-16T00:00:00Z,2275.0,2287.5,2243.75,2256.25,132095200
2016-05-17T00:00:00Z,2212.5,2225.0,2168.75,2187.5,238361200
2016-05-18T00:00:00Z,2175.0,2231.25,2162.5,2200.0,120478400
2016-05-19T00:00:00Z,2212.5,2256.25,2206.25,2237.5,128139600
2016-05-20T00:00:00Z,2237.5,2237.5,2168.75,2175.0,102942800
2016-05-23T00:00:00Z,2193.75,2225.0,2187.5,2212.5,60646400
2016-05-24T00:00:00Z,2218.75,2231.25,2206.25,2212.5,68519600
2016-05-25T00:00:00Z,2243.75,2268.75,2237.5,2268.75,65183200
2016-05-26T00:00:00Z,2268.75,2281.25,2231.25,2250.0,110522400
2016-05-27T00:00:00Z,2225.0,2275.0,2225.0,2262.5,42332800
2016-05-30T00:00:00Z,2281.25,2331.25,2275.0,2318.75,52332000
2016-05-31T00:00:00Z,2318.75,2318.75,2256.25,2256.25,121300000
2016-06-01T00:00:00Z,2250.0,2318.75,2250.0,2300.0,54789600
2016-06-02T00:00:00Z,2300.0,2312.5,2281.25,2306.25,37745200
2016-06-03T00:00:00Z,2325.0,2325.0,2268.75,2281.25,41559200
2016-06-06T00:00:00Z,2287.5,2325.0,2281.25,2318.75,35986000
2016-06-07T00:00:00Z,2343.75,2375.0,2331.25,2368.75,89779200
2016-06-08T00:00:00Z,2331.25,2375.0,2331.25,2375.0,47643200
2016-06-09T00:00:00Z,2337.5,2356.25,2318.75,2318.75,49185600
2016-06-10T00:00:00Z,2331.25,2350.0,2312.5,2318.75,38004800
2016-06-13T00:00:00Z,2300.0,2306.25,2256.25,2262.5,47977600
2016-06-14T00:00:00Z,2256.25,2262.5,2225.0,2243.75,69002400
2016-06-15T00:00:00Z,2237.5,2275.0,2231.25,2250.0,53459200
2016-06-16T00:00:00Z,2256.25,2275.0,2225.0,2237.5,70762400
2016-06-17T00:00:00Z,2250.0,2250.0,2218.75,2237.5,72084000
2016-06-20T00:00:00Z,2275.0,2300.0,2237.5,2268.75,92255600
2016-06-21T00:00:00Z,2287.5,2293.75,2250.0,2250.0,48328800
2016-06-22T00:00:00Z,2262.5,2275.0,2250.0,2250.0,64551200
2016-06-23T00:00:00Z,2250.0,2275.0,2250.0,2268.75,39572800
2016-06-24T00:00:00Z,2287.5,2287.5,2212.5,2262.5,108756400
2016-06-27T00:00:00Z,2250.0,2256.25,2231.25,2250.0,30060400
2016-06-28T00:00:00Z,2250.0,2375.0,2231.25,2362.5,180226800
2016-06-29T00:00:00Z,2375.0,2400.0,2368.75,2400.0,119147200
2016-06-30T00:00:00Z,2412.5,2425.0,2375.0,2381.25,94406800
2016-07-01T00:00:00Z,2375.0,2387.5,2331.25,2350.0,60738800
2016-07-11T00:00:00Z,2350.0,2437.5,2350.0,2425.0,214285200
2016-07-12T00:00:00Z,2443.75,2543.75,2443.75,2543.75,210138400
2016-07-13T00:00:00Z,2475.0,2543.75,2462.5,2475.0,180907600
2016-07-14T00:00:00Z,2456.25,2462.5,2400.0,2400.0,156016400
2016-07-15T00:00:00Z,2406.25,2431.25,2400.0,2418.75,101136000
2016-07-18T00:00:00Z,2400.0,2425.0,2393.75,2418.75,70528800
2016-07-19T00:00:00Z,2412.5,2525.0,2400.0,2525.0,221550000
2016-07-20T00:00:00Z,2525.0,2618.75,2525.0,2606.25,189806800
2016-07-21T00:00:00Z,2606.25,2606.25,2506.25,2531.25,136153200
2016-07-22T00:00:00Z,2543.75,2543.75,2475.0,2481.25,63128000
2016-07-25T00:00:00Z,2487.5,2506.25,2456.25,2481.25,69858000
2016-07-26T00:00:00Z,2468.75,2481.25,2450.0,2462.5,106499600
2016-07-27T00:00:00Z,2468.75,2581.25,2468.75,2525.0,267820000
2016-07-28T00:00:00Z,2531.25,2537.5,2500.0,2525.0,103855200
2016-07-29T00:00:00Z,2525.0,2568.75,2512.5,2525.0,184920800
2016-08-01T00:00:00Z,2556.25,2662.5,2550.0,2637.5,259045600
2016-08-02T00:00:00Z,2662.5,2693.75,2637.5,2662.5,248454400
2016-08-03T00:00:00Z,2662.5,2662.5,2600.0,2606.25,66817200
2016-08-04T00:00:00Z,2637.5,2650.0,2606.25,2637.5,138364800
2016-08-05T00:00:00Z,2656.25,2850.0,2650.0,2850.0,271034000
2016-08-08T00:00:00Z,2875.0,2918.75,2862.5,2912.5,167230400
2016-08-09T00:00:00Z,2912.5,2987.5,2912.5,2950.0,135220000
2016-08-10T00:00:00Z,2912.5,2918.75,2868.75,2887.5,68758800
2016-08-11T00:00:00Z,2862.5,2875.0,2762.5,2793.75,96170000
2016-08-12T00:00:00Z,2812.5,2837.5,2718.75,2768.75,221792400
2016-08-15T00:00:00Z,2756.25,2800.0,2725.0,2793.75,66988000
2016-08-16T00:00:00Z,2800.0,2837.5,2787.5,2831.25,101694000
2016-08-18T00:00:00Z,2837.5,2862.5,2831.25,2856.25,122375200
2016-08-19T00:00:00Z,2856.25,2906.25,2837.5,2862.5,118537600
2016-08-22T00:00:00Z,2856.25,2868.75,2825.0,2850.0,96936400
2016-08-23T00:00:00Z,2862.5,2887.5,2800.0,2825.0,106780000
2016-08-24T00:00:00Z,2837.5,2881.25,2831.25,2837.5,75942800
2016-08-25T00:00:00Z,2837.5,2881.25,2837.5,2850.0,76602000
2016-08-26T00:00:00Z,2887.5,2887.5,2825.0,2850.0,37491600
2016-08-29T00:00:00Z,2800.0,2812.5,2762.5,2793.75,109065200
2016-08-30T00:00:00Z,2775.0,2818.75,2762.5,2818.75,80098800
2016-08-31T00:00:00Z,2775.0,2837.5,2775.0,2806.25,89442400
2016-09-01T00:00:00Z,2775.0,2806.25,2762.5,2768.75,50065600
2016-09-02T00:00:00Z,2718.75,2800.0,2718.75,2793.75,42616400
2016-09-05T00:00:00Z,2825.0,2831.25,2793.75,2793.75,43328000
2016-09-06T00:00:00Z,2775.0,2800.0,2756.25,2793.75,53300400
2016-09-07T00:00:00Z,2781.25,2818.75,2781.25,2818.75,63607200
2016-09-08T00:00:00Z,2793.75,2812.5,2781.25,2800.0,27072800
2016-09-09T00:00:00Z,2775.0,2800.0,2706.25,2712.5,99994000
2016-09-13T00:00:00Z,2668.75,2706.25,2625.0,2668.75,83080000
2016-09-14T00:00:00Z,2631.25,2700.0,2631.25,2650.0,70232000
2016-09-15T00:00:00Z,2681.25,2800.0,2650.0,2743.75,87249200
2016-09-16T00:00:00Z,2775.0,2812.5,2750.0,2768.75,116464800
2016-09-19T00:00:00Z,2793.75,2825.0,2781.25,2806.25,39174800
2016-09-20T00:00:00Z,2825.0,2850.0,2812.5,2850.0,45393600
2016-09-21T00:00:00Z,2806.25,2875.0,2793.75,2843.75,64057200
2016-09-22T00:00:00Z,2875.0,2912.5,2856.25,2912.5,84429200
2016-09-23T00:00:00Z,2875.0,2925.0,2868.75,2875.0,80014800
2016-09-26T00:00:00Z,2900.0,2918.75,2856.25,2912.5,54502000
2016-09-27T00:00:00Z,2912.5,2937.5,2850.0,2937.5,132846400
2016-09-28T00:00:00Z,2862.5,2875.0,2800.0,2825.0,248204400
2016-09-29T00:00:00Z,2831.25,2862.5,2831.25,2856.25,153378800
2016-09-30T00:00:00Z,2837.5,2843.75,2787.5,2800.0,134034000
2016-10-03T00:00:00Z,2831.25,2837.5,2787.5,2818.75,72856400
2016-10-04T00:00:00Z,2818.75,2825.0,2793.75,2800.0,84598000
2016-10-05T00:00:00Z,2781.25,2793.75,2743.75,2750.0,145494400
2016-10-06T00:00:00Z,2750.0,2768.75,2718.75,2737.5,103363600
2016-10-07T00:00:00Z,2706.25,2737.5,2706.25,2725.0,57687200
2016-10-10T00:00:00Z,2743.75,2762.5,2725.0,2725.0,56290400
2016-10-11T00:00:00Z,2731.25,2750.0,2700.0,2712.5,89322800
2016-10-12T00:00:00Z,2687.5,2756.25,2687.5,2750.0,58748000
2016-10-13T00:00:00Z,2756.25,2781.25,2718.75,2762.5,74737200
2016-10-14T00:00:00Z,2762.5,2843.75,2756.25,2837.5,94256800
2016-10-17T00:00:00Z,2812.5,2862.5,2812.5,2843.75,67042000
2016-10-18T00:00:00Z,2862.5,2875.0,2850.0,2850.0,56909600
2016-10-19T00:00:00Z,2843.75,2862.5,2831.25,2843.75,51456800
2016-10-20T00:00:00Z,2850.0,2856.25,2825.0,2825.0,53644400
2016-10-21T00:00:00Z,2850.0,2850.0,2806.25,2806.25,50378800
2016-10-24T00:00:00Z,2806.25,2843.75,2800.0,2800.0,63450800
2016-10-25T00:00:00Z,2806.25,2825.0,2787.5,2793.75,73782400
2016-10-26T00:00:00Z,2756.25,2800.0,2706.25,2768.75,141981200
2016-10-27T00:00:00Z,2768.75,2843.75,2768.75,2831.25,69336400
2016-10-28T00:00:00Z,2850.0,2856.25,2831.25,2843.75,43510800
2016-10-31T00:00:00Z,2850.0,2912.5,2850.0,2868.75,132730800
2016-11-01T00:00:00Z,2868.75,2906.25,2856.25,2856.25,74071200
2016-11-02T00:00:00Z,2856.25,2887.5,2856.25,2875.0,72401600
2016-11-03T00:00:00Z,2862.5,2875.0,2787.5,2787.5,91768800
2016-11-04T00:00:00Z,2750.0,2818.75,2737.5,2775.0,58732400
2016-11-07T00:00:00Z,2825.0,2850.0,2781.25,2843.75,69898800
2016-11-08T00:00:00Z,2862.5,2912.5,2856.25,2893.75,82063200
2016-11-09T00:00:00Z,2912.5,2975.0,2812.5,2837.5,114585600
2016-11-10T00:00:00Z,2900.0,2906.25,2856.25,2856.25,54770400
2016-11-11T00:00:00Z,2781.25,2793.75,2712.5,2712.5,200151200
2016-11-14T00:00:00Z,2675.0,2687.5,2512.5,2581.25,193930000
2016-11-15T00:00:00Z,2600.0,2668.75,2581.25,2637.5,84936400
2016-11-16T00:00:00Z,2650.0,2737.5,2650.0,2706.25,51892800
2016-11-17T00:00:00Z,2718.75,2725.0,2668.75,2725.0,52244800
2016-11-18T00:00:00Z,2737.5,2737.5,2687.5,2731.25,42805200
2016-11-21T00:00:00Z,2675.0,2700.0,2668.75,2675.0,82676800
2016-11-22T00:00:00Z,2675.0,2731.25,2675.0,2731.25,71874000
2016-11-23T00:00:00Z,2693.75,2731.25,2675.0,2725.0,69157200
2016-11-24T00:00:00Z,2675.0,2681.25,2506.25,2525.0,230784000
2016-11-25T00:00:00Z,2543.75,2568.75,2506.25,2537.5,112994800
2016-11-28T00:00:00Z,2537.5,2543.75,2506.25,2537.5,111426000
2016-11-29T00:00:00Z,2537.5,2600.0,2537.5,2581.25,83037200
2016-11-30T00:00:00Z,2600.0,2656.25,2600.0,2625.0,157626400
2016-12-01T00:00:00Z,2625.0,2675.0,2625.0,2625.0,112836400
2016-12-02T00:00:00Z,2662.5,2693.75,2625.0,2675.0,74612800
2016-12-05T00:00:00Z,2650.0,2681.25,2650.0,2662.5,43111200
2016-12-06T00:00:00Z,2700.0,2706.25,2643.75,2662.5,95774000
2016-12-07T00:00:00Z,2662.5,2675.0,2656.25,2675.0,42293200
2016-12-08T00:00:00Z,2693.75,2737.5,2681.25,2737.5,62835600
2016-12-09T00:00:00Z,2700.0,2750.0,2700.0,2743.75,64734800
2016-12-13T00:00:00Z,2731.25,2731.25,2687.5,2706.25,52023200
2016-12-14T00:00:00Z,2718.75,2743.75,2700.0,2718.75,40252400
2016-12-15T00:00:00Z,2675.0,2712.5,2650.0,2700.0,55218400
2016-12-16T00:00:00Z,2700.0,2712.5,2687.5,2687.5,70044800
2016-12-19T00:00:00Z,2687.5,2725.0,2687.5,2706.25,23188800
2016-12-20T00:00:00Z,2687.5,2718.75,2687.5,2700.0,33521600
2016-12-21T00:00:00Z,2687.5,2706.25,2687.5,2687.5,46268800
2016-12-22T00:00:00Z,2687.5,2706.25,2675.0,2687.5,97122800
2016-12-23T00:00:00Z,2687.5,2737.5,2681.25,2693.75,54570000
2016-12-27T00:00:00Z,2693.75,2712.5,2687.5,2700.0,38650800
2016-12-28T00:00:00Z,2737.5,2787.5,2718.75,2787.5,47457600
2016-12-29T00:00:00Z,2800.0,2893.75,2775.0,2893.75,77951200
2016-12-30T00:00:00Z,2893.75,2931.25,2837.5,2893.75,136139600
2017-01-03T00:00:00Z,2893.75,2893.75,2800.0,2825.0,50412000
2017-01-04T00:00:00Z,2825.0,2837.5,2781.25,2837.5,41110400
2017-01-05T00:00:00Z,2800.0,2831.25,2787.5,2812.5,66554400
2017-01-06T00:00:00Z,2837.5,2856.25,2818.75,2843.75,54337600
2017-01-09T00:00:00Z,2856.25,2856.25,2806.25,2818.75,36349200
2017-01-10T00:00:00Z,2843.75,2850.0,2812.5,2850.0,24804800
2017-01-11T00:00:00Z,2856.25,2900.0,2843.75,2843.75,68727200
2017-01-12T00:00:00Z,2850.0,2868.75,2825.0,2825.0,29136000
2017-01-13T00:00:00Z,2868.75,2868.75,2775.0,2775.0,56228800
2017-01-16T00:00:00Z,2812.5,2812.5,2725.0,2731.25,77629200
2017-01-17T00:00:00Z,2725.0,2756.25,2725.0,2731.25,62045200
2017-01-18T00:00:00Z,2750.0,2781.25,2737.5,2762.5,94687200
2017-01-19T00:00:00Z,2775.0,2793.75,2750.0,2762.5,72744000
2017-01-20T00:00:00Z,2762.5,2768.75,2737.5,2750.0,40007200
2017-01-23T00:00:00Z,2725.0,2762.5,2725.0,2743.75,16690800
2017-01-24T00:00:00Z,2750.0,2762.5,2737.5,2750.0,83274400
2017-01-25T00:00:00Z,2762.5,2762.5,2743.75,2750.0,76550000
2017-01-26T00:00:00Z,2737.5,2756.25,2725.0,2725.0,49446000
2017-01-27T00:00:00Z,2743.75,2756.25,2737.5,2743.75,24174800
2017-01-30T00:00:00Z,2762.5,2768.75,2743.75,2756.25,35440400
2017-01-31T00:00:00Z,2725.0,2756.25,2725.0,2725.0,38055600
2017-02-01T00:00:00Z,2743.75,2756.25,2731.25,2743.75,117245600
2017-02-02T00:00:00Z,2743.75,2762.5,2737.5,2750.0,79610000
2017-02-03T00:00:00Z,2768.75,2775.0,2750.0,2768.75,111316000
2017-02-06T00:00:00Z,2787.5,2850.0,2787.5,2843.75,198014400
2017-02-07T00:00:00Z,2843.75,2862.5,2831.25,2850.0,117718800
2017-02-08T00:00:00Z,2837.5,2837.5,2793.75,2806.25,109655200
2017-02-09T00:00:00Z,2850.0,2893.75,2850.0,2868.75,97844000
2017-02-10T00:00:00Z,2900.0,2900.0,2837.5,2850.0,96540400
2017-02-13T00:00:00Z,2893.75,2900.0,2856.25,2862.5,81397200
2017-02-14T00:00:00Z,2862.5,2868.75,2837.5,2856.25,79745200
2017-02-16T00:00:00Z,2825.0,2837.5,2725.0,2800.0,207778000
2017-02-17T00:00:00Z,2800.0,2800.0,2750.0,2768.75,103224000
2017-02-20T00:00:00Z,2800.0,2818.75,2775.0,2818.75,72190000
2017-02-21T00:00:00Z,2825.0,2825.0,2775.0,2787.5,50008400
2017-02-22T00:00:00Z,2812.5,2825.0,2775.0,2825.0,106237200
2017-02-23T00:00:00Z,2787.5,2818.75,2787.5,2787.5,43852800
2017-02-24T00:00:00Z,2818.75,2818.75,2775.0,2775.0,59158000
2017-02-27T00:00:00Z,2793.75,2806.25,2793.75,2793.75,30397600
2017-02-28T00:00:00Z,2825.0,2850.0,2800.0,2825.0,43444400
2017-03-01T00:00:00Z,2850.0,2850.0,2806.25,2837.5,91156400
2017-03-02T00:00:00Z,2843.75,2862.5,2831.25,2831.25,57482800
2017-03-03T00:00:00Z,2812.5,2843.75,2800.0,2837.5,29331600
2017-03-06T00:00:00Z,2837.5,2843.75,2806.25,2825.0,42578400
2017-03-07T00:00:00Z,2800.0,2837.5,2800.0,2831.25,86823200
2017-03-08T00:00:00Z,2843.75,2850.0,2831.25,2831.25,33371200
2017-03-09T00:00:00Z,2843.75,2843.75,2812.5,2843.75,14298400
2017-03-10T00:00:00Z,2850.0,2850.0,2831.25,2850.0,22744800
2017-03-13T00:00:00Z,2800.0,2850.0,2800.0,2850.0,45914400
2017-03-14T00:00:00Z,2825.0,2862.5,2825.0,2856.25,32416800
2017-03-15T00:00:00Z,2875.0,2893.75,2843.75,2862.5,38783600
2017-03-16T00:00:00Z,2893.75,2912.5,2881.25,2893.75,124136800
2017-03-17T00:00:00Z,2912.5,2925.0,2887.5,2906.25,115811200
2017-03-20T00:00:00Z,2931.25,2975.0,2906.25,2943.75,84118000
2017-03-21T00:00:00Z,2962.5,2975.0,2937.5,2950.0,98651200
2017-03-22T00:00:00Z,2887.5,2956.25,2868.75,2943.75,137866400
2017-03-23T00:00:00Z,2962.5,3006.25,2962.5,2975.0,164951600
2017-03-24T00:00:00Z,2993.75,2993.75,2937.5,2975.0,101622400
2017-03-27T00:00:00Z,2925.0,2962.5,2925.0,2925.0,43376800
2017-03-29T00:00:00Z,2975.0,2975.0,2918.75,2943.75,55658000
2017-03-30T00:00:00Z,2943.75,2962.5,2906.25,2943.75,32161600
2017-03-31T00:00:00Z,2937.5,2943.75,2925.0,2925.0,63985600
2017-04-03T00:00:00Z,2950.0,2962.5,2900.0,2937.5,58964400
2017-04-04T00:00:00Z,2912.5,2987.5,2912.5,2937.5,77408800
2017-04-06T00:00:00Z,2975.0,3106.25,2956.25,3106.25,87415600
2017-04-07T00:00:00Z,3075.0,3106.25,3050.0,3050.0,79835600
2017-04-10T00:00:00Z,3056.25,3068.75,2987.5,3012.5,36636800
2017-04-11T00:00:00Z,3000.0,3000.0,2925.0,2937.5,43113200
2017-04-12T00:00:00Z,2918.75,2950.0,2918.75,2925.0,32561600
2017-04-13T00:00:00Z,2950.0,2962.5,2875.0,2912.5,56194400
2017-04-17T00:00:00Z,2925.0,2925.0,2881.25,2906.25,19153200
2017-04-18T00:00:00Z,2925.0,2962.5,2906.25,2937.5,89368000
2017-04-20T00:00:00Z,2925.0,2937.5,2862.5,2881.25,81478400
2017-04-21T00:00:00Z,2893.75,2918.75,2850.0,2850.0,38329600
2017-04-25T00:00:00Z,2893.75,2925.0,2868.75,2887.5,149208000
2017-04-26T00:00:00Z,2925.0,3068.75,2925.0,2956.25,319850400
2017-04-27T00:00:00Z,2925.0,2962.5,2925.0,2931.25,106382000
2017-04-28T00:00:00Z,2918.75,2937.5,2912.5,2925.0,83747600
2017-05-02T00:00:00Z,2925.0,2931.25,2918.75,2918.75,83054400
2017-05-03T00:00:00Z,2912.5,2912.5,2875.0,2893.75,99818800
2017-05-04T00:00:00Z,2906.25,2956.25,2906.25,2925.0,134070000
2017-05-05T00:00:00Z,2937.5,3031.25,2937.5,2993.75,146848400
2017-05-08T00:00:00Z,3025.0,3068.75,3012.5,3012.5,150575200
2017-05-09T00:00:00Z,3012.5,3037.5,3000.0,3000.0,60982800
2017-05-10T00:00:00Z,3025.0,3025.0,2981.25,3006.25,78420400
2017-05-12T00:00:00Z,3043.75,3043.75,2987.5,3000.0,97264400
2017-05-15T00:00:00Z,3025.0,3031.25,2987.5,3031.25,45706000
2017-05-16T00:00:00Z,3031.25,3037.5,2987.5,2993.75,75918000
2017-05-17T00:00:00Z,2993.75,3012.5,2950.0,3000.0,84887200
2017-05-18T00:00:00Z,3000.0,3037.5,2962.5,3037.5,35564400
2017-05-19T00:00:00Z,3037.5,3318.75,2993.75,3225.0,113093200
2017-05-22T00:00:00Z,3300.0,3325.0,3100.0,3131.25,102829200
2017-05-23T00:00:00Z,3131.25,3143.75,3025.0,3062.5,73616400
2017-05-24T00:00:00Z,3012.5,3100.0,3000.0,3100.0,50502800
2017-05-26T00:00:00Z,3118.75,3125.0,3025.0,3037.5,57578000
2017-05-29T00:00:00Z,3075.0,3100.0,3037.5,3087.5,46570000
2017-05-30T00:00:00Z,3062.5,3118.75,3062.5,3106.25,40218400
2017-05-31T00:00:00Z,3125.0,3150.0,3087.5,3150.0,85243600
2017-06-02T00:00:00Z,3212.5,3212.5,3125.0,3150.0,59829200
2017-06-05T00:00:00Z,3150.0,3193.75,3143.75,3168.75,47045600
2017-06-06T00:00:00Z,3143.75,3181.25,3093.75,3125.0,28721200
2017-06-07T00:00:00Z,3087.5,3125.0,3087.5,3100.0,49372000
2017-06-08T00:00:00Z,3087.5,3100.0,3050.0,3081.25,71202800
2017-06-09T00:00:00Z,3075.0,3112.5,3050.0,3056.25,32254000
2017-06-12T00:00:00Z,3068.75,3081.25,3056.25,3056.25,25720400
2017-06-13T00:00:00Z,3037.5,3106.25,3037.5,3062.5,33952400
2017-06-14T00:00:00Z,3081.25,3137.5,3075.0,3125.0,47202400
2017-06-15T00:00:00Z,3125.0,3187.5,3112.5,3125.0,93786800
2017-06-16T00:00:00Z,3112.5,3125.0,3081.25,3118.75,87512000
2017-06-19T00:00:00Z,3118.75,3131.25,3100.0,3118.75,30677600
2017-06-20T00:00:00Z,3112.5,3131.25,3068.75,3131.25,69688000
2017-06-21T00:00:00Z,3112.5,3175.0,3106.25,3175.0,194634400
2017-06-22T00:00:00Z,3175.0,3187.5,3137.5,3187.5,140644400
2017-07-03T00:00:00Z,3193.75,3375.0,3168.75,3375.0,116340400
2017-07-04T00:00:00Z,3331.25,3375.0,3300.0,3375.0,65585600
2017-07-05T00:00:00Z,3368.75,3368.75,3306.25,3331.25,156807200
2017-07-06T00:00:00Z,3331.25,3362.5,3325.0,3331.25,68512000
2017-07-07T00:00:00Z,3275.0,3343.75,3275.0,3312.5,94396000
2017-07-10T00:00:00Z,3250.0,3325.0,3250.0,3275.0,44828000
2017-07-11T00:00:00Z,3250.0,3262.5,3218.75,3243.75,49422400
2017-07-12T00:00:00Z,3212.5,3312.5,3212.5,3306.25,33112400
2017-07-13T00:00:00Z,3325.0,3350.0,3262.5,3350.0,102872000
2017-07-14T00:00:00Z,3362.5,3387.5,3300.0,3387.5,23547200
2017-07-17T00:00:00Z,3387.5,3393.75,3362.5,3393.75,28083200
2017-07-18T00:00:00Z,3375.0,3381.25,3356.25,3381.25,17110400
2017-07-19T00:00:00Z,3393.75,3393.75,3312.5,3331.25,47982400
2017-07-20T00:00:00Z,3331.25,3375.0,3325.0,3375.0,31556800
2017-07-21T00:00:00Z,3331.25,3375.0,3262.5,3262.5,62956800
2017-07-24T00:00:00Z,3256.25,3318.75,3250.0,3318.75,68629600
2017-07-25T00:00:00Z,3275.0,3337.5,3275.0,3337.5,56757200
2017-07-26T00:00:00Z,3300.0,3362.5,3300.0,3337.5,114075600
2017-07-27T00:00:00Z,3337.5,3362.5,3325.0,3343.75,74731600
2017-07-28T00:00:00Z,3362.5,3362.5,3306.25,3343.75,87392800
2017-07-31T00:00:00Z,3350.0,3412.5,3325.0,3412.5,85417600
2017-08-01T00:00:00Z,3418.75,3418.75,3350.0,3350.0,29979200
2017-08-02T00:00:00Z,3318.75,3375.0,3312.5,3318.75,65299600
2017-08-03T00:00:00Z,3300.0,3325.0,3275.0,3281.25,75375200
2017-08-04T00:00:00Z,3262.5,3331.25,3262.5,3268.75,62769600
2017-08-07T00:00:00Z,3262.5,3306.25,3262.5,3293.75,71766800
2017-08-08T00:00:00Z,3293.75,3356.25,3287.5,3356.25,58065600
2017-08-09T00:00:00Z,3362.5,3375.0,3312.5,3350.0,49458800
2017-08-10T00:00:00Z,3375.0,3375.0,3318.75,3331.25,41486400
2017-08-11T00:00:00Z,3312.5,3325.0,3287.5,3300.0,111049200
2017-08-14T00:00:00Z,3300.0,3325.0,3300.0,3312.5,77951600
2017-08-15T00:00:00Z,3331.25,3331.25,3318.75,3325.0,47208800
2017-08-16T00:00:00Z,3331.25,3331.25,3312.5,3331.25,40337200
2017-08-18T00:00:00Z,3300.0,3300.0,3268.75,3275.0,143414400
2017-08-21T00:00:00Z,3262.5,3312.5,3262.5,3300.0,56732800
2017-08-22T00:00:00Z,3325.0,3325.0,3312.5,3312.5,37080400
2017-08-23T00:00:00Z,3337.5,3343.75,3300.0,3318.75,46171200
2017-08-24T00:00:00Z,3325.0,3325.0,3300.0,3300.0,84711600
2017-08-25T00:00:00Z,3337.5,3337.5,3293.75,3293.75,45026400
2017-08-28T00:00:00Z,3312.5,3318.75,3300.0,3306.25,15407600
2017-08-29T00:00:00Z,3293.75,3306.25,3275.0,3275.0,83386400
2017-08-30T00:00:00Z,3275.0,3293.75,3268.75,3275.0,48228400
2017-08-31T00:00:00Z,3268.75,3293.75,3268.75,3275.0,69100800
2017-09-04T00:00:00Z,3262.5,3281.25,3243.75,3262.5,69268400
2017-09-05T00:00:00Z,3250.0,3268.75,3218.75,3268.75,53423200
2017-09-06T00:00:00Z,3225.0,3256.25,3200.0,3237.5,126368400
2017-09-07T00:00:00Z,3262.5,3262.5,3225.0,3256.25,45544400
2017-09-08T00:00:00Z,3268.75,3331.25,3250.0,3318.75,92788000
2017-09-11T00:00:00Z,3318.75,3325.0,3300.0,3300.0,51046400
2017-09-12T00:00:00Z,3325.0,3331.25,3293.75,3300.0,51482000
2017-09-13T00:00:00Z,3350.0,3350.0,3275.0,3287.5,22269800
2017-09-14T00:00:00Z,3312.5,3325.0,3275.0,3275.0,32387000
2017-09-15T00:00:00Z,3275.0,3337.5,3262.5,3312.5,96577000
2017-09-18T00:00:00Z,3275.0,3312.5,3250.0,3287.5,31203000
2017-09-19T00:00:00Z,3300.0,3312.5,3262.5,3300.0,65627600
2017-09-20T00:00:00Z,3287.5,3312.5,3275.0,3300.0,152308200
2017-09-22T00:00:00Z,3300.0,3325.0,3275.0,3300.0,88331600
2017-09-25T00:00:00Z,3300.0,3325.0,3275.0,3287.5,55045800
2017-09-26T00:00:00Z,3300.0,3300.0,3275.0,3275.0,94085400
2017-09-27T00:00:00Z,3287.5,3300.0,3262.5,3300.0,121814200
2017-09-28T00:00:00Z,3300.0,3312.5,3287.5,3287.5,56049600
2017-09-29T00:00:00Z,3287.5,3387.5,3287.5,3362.5,175719200
2017-10-02T00:00:00Z,3362.5,3375.0,3312.5,3350.0,41590800
2017-10-03T00:00:00Z,3350.0,3375.0,3325.0,3350.0,59653400
2017-10-04T00:00:00Z,3362.5,3362.5,3325.0,3325.0,43641800
2017-10-05T00:00:00Z,3337.5,3350.0,3287.5,3300.0,77918000
2017-10-06T00:00:00Z,3300.0,3312.5,3287.5,3300.0,22471200
2017-10-09T00:00:00Z,3325.0,3325.0,3287.5,3300.0,21028600
2017-10-10T00:00:00Z,3325.0,3362.5,3300.0,3350.0,53161200
2017-10-11T00:00:00Z,3362.5,3387.5,3337.5,3362.5,117588400
2017-10-12T00:00:00Z,3375.0,3437.5,3337.5,3412.5,167578400
2017-10-13T00:00:00Z,3425.0,3500.0,3387.5,3387.5,98661000
2017-10-16T00:00:00Z,3437.5,3562.5,3437.5,3462.5,177292000
2017-10-17T00:00:00Z,3537.5,3537.5,3475.0,3512.5,112955000
2017-10-18T00:00:00Z,3550.0,3550.0,3512.5,3537.5,152454400
2017-10-19T00:00:00Z,3537.5,3537.5,3462.5,3487.5,78878400
2017-10-20T00:00:00Z,3487.5,3562.5,3475.0,3550.0,55557200
2017-10-23T00:00:00Z,3537.5,3550.0,3450.0,3475.0,65908600
2017-10-24T00:00:00Z,3450.0,3500.0,3412.5,3412.5,44982200
2017-10-25T00:00:00Z,3475.0,3525.0,3475.0,3500.0,166683400
2017-10-26T00:00:00Z,3525.0,3550.0,3487.5,3512.5,91155200
2017-10-27T00:00:00Z,3500.0,3562.5,3475.0,3475.0,63364400
2017-10-30T00:00:00Z,3550.0,3562.5,3487.5,3537.5,107043000
2017-10-31T00:00:00Z,3562.5,3575.0,3500.0,3525.0,78930400
2017-11-01T00:00:00Z,3550.0,3550.0,3512.5,3550.0,43310400
2017-11-02T00:00:00Z,3575.0,3712.5,3562.5,3637.5,68625800
2017-11-03T00:00:00Z,3675.0,3687.5,3562.5,3625.0,78730200
2017-11-06T00:00:00Z,3575.0,3675.0,3575.0,3612.5,59551800
2017-11-07T00:00:00Z,3612.5,3637.5,3537.5,3562.5,56480400
2017-11-08T00:00:00Z,3575.0,3600.0,3550.0,3587.5,80597600
2017-11-09T00:00:00Z,3587.5,3600.0,3537.5,3537.5,170971800
2017-11-10T00:00:00Z,3550.0,3562.5,3512.5,3525.0,84111200
2017-11-13T00:00:00Z,3550.0,3550.0,3475.0,3525.0,33709000
2017-11-14T00:00:00Z,3500.0,3550.0,3475.0,3475.0,59334000
2017-11-15T00:00:00Z,3525.0,3525.0,3462.5,3487.5,81461200
2017-11-16T00:00:00Z,3462.5,3562.5,3462.5,3550.0,79021400
2017-11-17T00:00:00Z,3587.5,3700.0,3562.5,3662.5,96578200
2017-11-20T00:00:00Z,3687.5,3737.5,3650.0,3712.5,53410000
2017-11-21T00:00:00Z,3725.0,3725.0,3662.5,3700.0,191716800
2017-11-22T00:00:00Z,3750.0,3800.0,3687.5,3687.5,72659600
2017-11-23T00:00:00Z,3762.5,3762.5,3687.5,3725.0,55739600
2017-11-24T00:00:00Z,3750.0,3750.0,3687.5,3725.0,36058400
2017-11-27T00:00:00Z,3725.0,3737.5,3687.5,3712.5,122810200
2017-11-28T00:00:00Z,3700.0,3725.0,3700.0,3712.5,68486600
2017-11-29T00:00:00Z,3737.5,3737.5,3700.0,3700.0,139273800
2017-11-30T00:00:00Z,3700.0,3800.0,3687.5,3700.0,167540000
2017-12-04T00:00:00Z,3750.0,3750.0,3700.0,3725.0,73258000
2017-12-05T00:00:00Z,3737.5,3762.5,3712.5,3737.5,65673400
2017-12-06T00:00:00Z,3750.0,3762.5,3725.0,3737.5,47704000
2017-12-07T00:00:00Z,3725.0,3737.5,3675.0,3675.0,50580000
2017-12-08T00:00:00Z,3750.0,3762.5,3687.5,3737.5,33166400
2017-12-11T00:00:00Z,3762.5,3775.0,3725.0,3737.5,17030400
2017-12-12T00:00:00Z,3775.0,3775.0,3700.0,3725.0,51088800
2017-12-13T00:00:00Z,3700.0,3750.0,3700.0,3737.5,54077800
2017-12-14T00:00:00Z,3750.0,3775.0,3712.5,3737.5,122524400
2017-12-15T00:00:00Z,3700.0,3737.5,3650.0,3712.5,94872200
2017-12-18T00:00:00Z,3662.5,3750.0,3650.0,3750.0,33166000
2017-12-19T00:00:00Z,3687.5,3762.5,3675.0,3737.5,70926400
2017-12-20T00:00:00Z,3762.5,3762.5,3687.5,3725.0,79075800
2017-12-21T00:00:00Z,3775.0,3850.0,3750.0,3812.5,88489000
2017-12-22T00:00:00Z,3812.5,3850.0,3775.0,3837.5,158513400
2017-12-27T00:00:00Z,3837.5,4025.0,3837.5,4000.0,53968200
2017-12-28T00:00:00Z,3987.5,4050.0,3925.0,3975.0,251049600
2017-12-29T00:00:00Z,4025.0,4037.5,3900.0,4000.0,78314600
2018-01-02T00:00:00Z,3987.5,4025.0,3912.5,3925.0,59351600
2018-01-03T00:00:00Z,3925.0,3925.0,3825.0,3850.0,84278000
2018-01-04T00:00:00Z,3875.0,3912.5,3862.5,3912.5,90123000
2018-01-05T00:00:00Z,3862.5,3925.0,3862.5,3912.5,75378600
2018-01-08T00:00:00Z,3937.5,3975.0,3912.5,3962.5,73784000
2018-01-09T00:00:00Z,3987.5,4000.0,3887.5,3950.0,67352000
2018-01-10T00:00:00Z,3962.5,3962.5,3900.0,3950.0,68746400
2018-01-11T00:00:00Z,3962.5,4037.5,3962.5,4037.5,89346200
2018-01-12T00:00:00Z,4037.5,4125.0,4000.0,4050.0,84306400
2018-01-15T00:00:00Z,4075.0,4100.0,4025.0,4100.0,38412200
2018-01-16T00:00:00Z,4075.0,4150.0,4075.0,4112.5,46720000
2018-01-17T00:00:00Z,4112.5,4112.5,4012.5,4050.0,56945400
2018-01-18T00:00:00Z,4075.0,4087.5,4025.0,4062.5,53685800
2018-01-19T00:00:00Z,4087.5,4087.5,4025.0,4037.5,50158600
2018-01-22T00:00:00Z,4075.0,4075.0,4025.0,4037.5,91243800
2018-01-23T00:00:00Z,4087.5,4087.5,4037.5,4087.5,111192600
2018-01-24T00:00:00Z,4100.0,4125.0,4075.0,4125.0,84633200
2018-01-25T00:00:00Z,4125.0,4137.5,4037.5,4075.0,65155800
2018-01-26T00:00:00Z,4100.0,4125.0,4062.5,4100.0,69599800
2018-01-29T00:00:00Z,4112.5,4125.0,3950.0,4087.5,101413600
2018-01-30T00:00:00Z,4037.5,4050.0,3987.5,4025.0,102154200
2018-01-31T00:00:00Z,3987.5,4087.5,3975.0,4075.0,79788400
2018-02-01T00:00:00Z,4100.0,4125.0,4062.5,4100.0,72274400
2018-02-02T00:00:00Z,4100.0,4112.5,4062.5,4062.5,60042800
2018-02-05T00:00:00Z,4025.0,4075.0,3987.5,4062.5,63620600
2018-02-06T00:00:00Z,4000.0,4050.0,3962.5,4012.5,92415600
2018-02-07T00:00:00Z,4050.0,4075.0,4037.5,4062.5,57427400
2018-02-08T00:00:00Z,4100.0,4125.0,4025.0,4087.5,79067200
2018-02-09T00:00:00Z,4037.5,4112.5,4025.0,4112.5,211953600
2018-02-12T00:00:00Z,4112.5,4125.0,4037.5,4100.0,72517000
2018-02-13T00:00:00Z,4100.0,4150.0,4100.0,4137.5,75870600
2018-02-14T00:00:00Z,4150.0,4162.5,4112.5,4150.0,26730800
2018-02-15T00:00:00Z,4187.5,4187.5,4075.0,4150.0,65557000
2018-02-19T00:00:00Z,4175.0,4237.5,4137.5,4237.5,49342200
2018-02-20T00:00:00Z,4262.5,4525.0,4212.5,4525.0,79298400
2018-02-21T00:00:00Z,4450.0,4462.5,4375.0,4400.0,83845600
2018-02-22T00:00:00Z,4437.5,4437.5,4287.5,4312.5,39301400
2018-02-23T00:00:00Z,4287.5,4350.0,4250.0,4275.0,62711800
2018-02-26T00:00:00Z,4300.0,4300.0,4150.0,4150.0,66541400
2018-02-27T00:00:00Z,4212.5,4262.5,4162.5,4212.5,92994400
2018-02-28T00:00:00Z,4237.5,4237.5,4150.0,4150.0,81356600
2018-03-01T00:00:00Z,4200.0,4225.0,4162.5,4187.5,50682200
2018-03-02T00:00:00Z,4162.5,4237.5,4112.5,4237.5,49761400
2018-03-05T00:00:00Z,4187.5,4212.5,4100.0,4112.5,44376600
2018-03-06T00:00:00Z,4137.5,4150.0,4000.0,4025.0,77337000
2018-03-07T00:00:00Z,4012.5,4062.5,3850.0,3962.5,116997600
2018-03-08T00:00:00Z,4000.0,4087.5,4000.0,4050.0,86635600
2018-03-09T00:00:00Z,4025.0,4087.5,4000.0,4050.0,46391000
2018-03-12T00:00:00Z,4100.0,4162.5,4075.0,4162.5,78310600
2018-03-13T00:00:00Z,4112.5,4137.5,4025.0,4087.5,79622600
2018-03-14T00:00:00Z,4112.5,4112.5,3987.5,4100.0,41997000
2018-03-15T00:00:00Z,4087.5,4087.5,4000.0,4000.0,66507000
2018-03-16T00:00:00Z,3950.0,3975.0,3850.0,3962.5,155572000
2018-03-19T00:00:00Z,4012.5,4062.5,3962.5,4037.5,95158400
2018-03-20T00:00:00Z,3975.0,4075.0,3925.0,4050.0,77864800
2018-03-21T00:00:00Z,4100.0,4112.5,4050.0,4100.0,113297400
2018-03-22T00:00:00Z,4125.0,4125.0,3975.0,4000.0,183372000
2018-03-23T00:00:00Z,3900.0,4025.0,3850.0,4025.0,90662600
2018-03-26T00:00:00Z,3925.0,4037.5,3925.0,4037.5,42673400
2018-03-27T00:00:00Z,4062.5,4075.0,3975.0,4000.0,55450200
2018-03-28T00:00:00Z,3975.0,3987.5,3862.5,3900.0,76203200
2018-03-29T00:00:00Z,3825.0,3837.5,3762.5,3837.5,78477600
2018-04-02T00:00:00Z,3787.5,3912.5,3787.5,3912.5,31435200
2018-04-03T00:00:00Z,3862.5,3900.0,3837.5,3900.0,47967200
2018-04-04T00:00:00Z,3912.5,3912.5,3775.0,3800.0,38287200
2018-04-05T00:00:00Z,3875.0,3875.0,3762.5,3825.0,54709000
2018-04-06T00:00:00Z,3775.0,3812.5,3750.0,3775.0,45831200
2018-04-09T00:00:00Z,3825.0,3825.0,3750.0,3787.5,32505800
2018-04-10T00:00:00Z,3775.0,3937.5,3775.0,3937.5,87487000
2018-04-11T00:00:00Z,3975.0,4037.5,3962.5,4025.0,58578400
2018-04-12T00:00:00Z,4000.0,4012.5,3925.0,4012.5,56053600
2018-04-13T00:00:00Z,4050.0,4050.0,3962.5,4012.5,33896200
2018-04-18T00:00:00Z,3975.0,4025.0,3950.0,4025.0,28595200
2018-04-23T00:00:00Z,3937.5,4000.0,3925.0,4000.0,62793000
2018-04-24T00:00:00Z,4000.0,4000.0,3862.5,3862.5,49193400
2018-04-30T00:00:00Z,3500.0,3575.0,3437.5,3562.5,94666400
2018-05-02T00:00:00Z,3562.5,3612.5,3487.5,3600.0,53590000
2018-05-03T00:00:00Z,3575.0,3587.5,3425.0,3425.0,104380400
2018-05-04T00:00:00Z,3425.0,3450.0,3300.0,3312.5,54995600
2018-05-07T00:00:00Z,3300.0,3437.5,3300.0,3400.0,66820800
2018-05-08T00:00:00Z,3400.0,3412.5,3337.5,3400.0,106457400
2018-05-09T00:00:00Z,3362.5,3587.5,3362.5,3587.5,111977600
2018-05-11T00:00:00Z,3625.0,3737.5,3575.0,3600.0,103564000
2018-05-14T00:00:00Z,3650.0,3650.0,3475.0,3600.0,73256600
2018-05-15T00:00:00Z,3500.0,3600.0,3400.0,3425.0,117942000
2018-05-16T00:00:00Z,3350.0,3437.5,3300.0,3425.0,171743000
2018-05-17T00:00:00Z,3475.0,3500.0,3350.0,3350.0,108035800
2018-05-18T00:00:00Z,3387.5,3450.0,3325.0,3400.0,73179600
2018-05-21T00:00:00Z,3362.5,3387.5,3300.0,3337.5,93035200
2018-05-22T00:00:00Z,3375.0,3387.5,3262.5,3262.5,95244600
2018-05-23T00:00:00Z,3300.0,3437.5,3300.0,3387.5,98477800
2018-05-24T00:00:00Z,3500.0,3537.5,3425.0,3500.0,105512200
2018-05-25T00:00:00Z,3525.0,3537.5,3475.0,3500.0,87283000
2018-05-28T00:00:00Z,3575.0,3712.5,3550.0,3687.5,129253400
2018-05-30T00:00:00Z,3612.5,3812.5,3575.0,3625.0,170628800
2018-05-31T00:00:00Z,3700.0,3700.0,3512.5,3525.0,211020800
2018-06-04T00:00:00Z,3550.0,3712.5,3550.0,3687.5,80221000
2018-06-05T00:00:00Z,3725.0,3725.0,3637.5,3675.0,73520200
2018-06-06T00:00:00Z,3650.0,3687.5,3650.0,3662.5,72158600
2018-06-07T00:00:00Z,3687.5,3700.0,3662.5,3687.5,49787600
2018-06-08T00:00:00Z,3700.0,3700.0,3475.0,3475.0,134418800
2018-06-20T00:00:00Z,3425.0,3425.0,3250.0,3350.0,170142400
2018-06-21T00:00:00Z,3350.0,3387.5,3287.5,3350.0,109648600
2018-06-22T00:00:00Z,3350.0,3362.5,3300.0,3350.0,90954000
2018-06-25T00:00:00Z,3375.0,3387.5,3287.5,3350.0,59331600
2018-06-26T00:00:00Z,3287.5,3375.0,3287.5,3312.5,55935600
2018-06-27T00:00:00Z,3325.0,3350.0,3300.0,3300.0,51148600
2018-06-28T00:00:00Z,3362.5,3362.5,3212.5,3250.0,109565000
2018-06-29T00:00:00Z,3375.0,3425.0,3300.0,3425.0,82868000
2018-07-02T00:00:00Z,3487.5,3487.5,3262.5,3262.5,55579800
2018-07-03T00:00:00Z,3237.5,3287.5,3162.5,3162.5,74286400
2018-07-04T00:00:00Z,3200.0,3312.5,3137.5,3300.0,54066400
2018-07-05T00:00:00Z,3250.0,3300.0,3175.0,3262.5,49814600
2018-07-06T00:00:00Z,3200.0,3237.5,3150.0,3150.0,51696400
2018-07-09T00:00:00Z,3175.0,3262.5,3150.0,3212.5,111683800
2018-07-10T00:00:00Z,3250.0,3287.5,3187.5,3225.0,87662000
2018-07-11T00:00:00Z,3150.0,3187.5,3125.0,3175.0,71600600
2018-07-12T00:00:00Z,3150.0,3225.0,3150.0,3225.0,69482600
2018-07-13T00:00:00Z,3212.5,3325.0,3212.5,3300.0,71123600
2018-07-16T00:00:00Z,3275.0,3312.5,3187.5,3275.0,57879600
2018-07-17T00:00:00Z,3225.0,3237.5,3150.0,3162.5,84860000
2018-07-18T00:00:00Z,3162.5,3212.5,3150.0,3200.0,46293000
2018-07-19T00:00:00Z,3212.5,3262.5,3187.5,3187.5,69942000
2018-07-20T00:00:00Z,3212.5,3225.0,3137.5,3175.0,101994800
2018-07-23T00:00:00Z,3200.0,3287.5,3187.5,3200.0,80140200
2018-07-24T00:00:00Z,3250.0,3262.5,3200.0,3262.5,38980400
2018-07-25T00:00:00Z,3275.0,3275.0,3225.0,3237.5,62149400
2018-07-26T00:00:00Z,3250.0,3275.0,3237.5,3275.0,57947800
2018-07-27T00:00:00Z,3287.5,3287.5,3250.0,3287.5,35688800
2018-07-30T00:00:00Z,3287.5,3362.5,3275.0,3362.5,54608200
2018-07-31T00:00:00Z,3362.5,3362.5,3287.5,3325.0,66929400
2018-08-01T00:00:00Z,3350.0,3500.0,3337.5,3500.0,110824000
2018-08-02T00:00:00Z,3500.0,3587.5,3462.5,3525.0,61392400
2018-08-03T00:00:00Z,3500.0,3612.5,3500.0,3600.0,63550400
2018-08-06T00:00:00Z,3612.5,3712.5,3600.0,3650.0,102478600
2018-08-07T00:00:00Z,3650.0,3712.5,3600.0,3600.0,102967800
2018-08-08T00:00:00Z,3612.5,3662.5,3550.0,3662.5,48967400
2018-08-09T00:00:00Z,3600.0,3675.0,3600.0,3637.5,28914800
2018-08-10T00:00:00Z,3662.5,3712.5,3650.0,3675.0,36267800
2018-08-13T00:00:00Z,3600.0,3625.0,3425.0,3462.5,82658400
2018-08-14T00:00:00Z,3437.5,3450.0,3350.0,3362.5,122915000
2018-08-15T00:00:00Z,3375.0,3412.5,3262.5,3400.0,82042800
2018-08-16T00:00:00Z,3375.0,3387.5,3300.0,3350.0,42463600
2018-08-20T00:00:00Z,3475.0,3475.0,3350.0,3362.5,81139200
2018-08-21T00:00:00Z,3375.0,3387.5,3337.5,3350.0,62399200
2018-08-23T00:00:00Z,3400.0,3425.0,3350.0,3425.0,98059800
2018-08-24T00:00:00Z,3400.0,3425.0,3375.0,3387.5,75683200
2018-08-27T00:00:00Z,3412.5,3487.5,3387.5,3487.5,84503200
2018-08-28T00:00:00Z,3500.0,3512.5,3450.0,3500.0,80591200
2018-08-29T00:00:00Z,3487.5,3512.5,3462.5,3500.0,55272600
2018-08-30T00:00:00Z,3500.0,3512.5,3400.0,3425.0,52753200
2018-08-31T00:00:00Z,3350.0,3450.0,3337.5,3450.0,110408200
2018-09-03T00:00:00Z,3450.0,3450.0,3350.0,3350.0,55590200
2018-09-04T00:00:00Z,3362.5,3375.0,3225.0,3287.5,59803000
2018-09-05T00:00:00Z,3250.0,3262.5,3100.0,3162.5,83838600
2018-09-06T00:00:00Z,3100.0,3275.0,3100.0,3275.0,96306200
2018-09-07T00:00:00Z,3250.0,3325.0,3225.0,3312.5,75525400
2018-09-10T00:00:00Z,3250.0,3300.0,3212.5,3287.5,37301800
2018-09-12T00:00:00Z,3287.5,3312.5,3187.5,3187.5,46357000
2018-09-13T00:00:00Z,3237.5,3312.5,3225.0,3287.5,36668600
2018-09-14T00:00:00Z,3337.5,3375.0,3300.0,3375.0,30656000
2018-09-17T00:00:00Z,3325.0,3337.5,3212.5,3225.0,88368200
2018-09-18T00:00:00Z,3225.0,3262.5,3162.5,3187.5,101172800
2018-09-19T00:00:00Z,3225.0,3225.0,3187.5,3200.0,42616400
2018-09-20T00:00:00Z,3212.5,3337.5,3212.5,3337.5,99827000
2018-09-21T00:00:00Z,3375.0,3475.0,3362.5,3425.0,124841800
2018-09-24T00:00:00Z,3425.0,3450.0,3337.5,3375.0,81188200
2018-09-25T00:00:00Z,3337.5,3375.0,3262.5,3312.5,46091400
2018-09-26T00:00:00Z,3287.5,3362.5,3287.5,3300.0,32016600
2018-09-27T00:00:00Z,3300.0,3362.5,3275.0,3312.5,82349800
2018-09-28T00:00:00Z,3300.0,3375.0,3300.0,3362.5,101686800
2018-10-01T00:00:00Z,3300.0,3400.0,3300.0,3350.0,66513400
2018-10-02T00:00:00Z,3350.0,3350.0,3212.5,3225.0,120652800
2018-10-03T00:00:00Z,3200.0,3287.5,3200.0,3250.0,68383400
2018-10-04T00:00:00Z,3200.0,3212.5,3112.5,3112.5,116478400
2018-10-05T00:00:00Z,3112.5,3175.0,3087.5,3137.5,67792400
2018-10-08T00:00:00Z,3137.5,3150.0,3100.0,3100.0,55327600
2018-10-09T00:00:00Z,3100.0,3187.5,3100.0,3175.0,40331400
2018-10-10T00:00:00Z,3200.0,3262.5,3187.5,3237.5,39230800
2018-10-11T00:00:00Z,3125.0,3175.0,3100.0,3137.5,64054000
2018-10-12T00:00:00Z,3137.5,3237.5,3137.5,3200.0,70448200
2018-10-15T00:00:00Z,3250.0,3262.5,3187.5,3187.5,40880400
2018-10-16T00:00:00Z,3200.0,3250.0,3200.0,3250.0,29777600
2018-10-17T00:00:00Z,3300.0,3325.0,3262.5,3287.5,43108000
2018-10-18T00:00:00Z,3250.0,3300.0,3200.0,3250.0,39270000
2018-10-19T00:00:00Z,3225.0,3250.0,3187.5,3225.0,47990000
2018-10-22T00:00:00Z,3225.0,3262.5,3187.5,3225.0,36415600
2018-10-23T00:00:00Z,3225.0,3237.5,3212.5,3212.5,25707400
2018-10-24T00:00:00Z,3212.5,3237.5,3162.5,3162.5,33969400
2018-10-25T00:00:00Z,3125.0,3237.5,3125.0,3237.5,62781600
2018-10-26T00:00:00Z,3237.5,3250.0,3200.0,3225.0,39723200
2018-10-29T00:00:00Z,3212.5,3250.0,3200.0,3200.0,40472000
2018-10-30T00:00:00Z,3250.0,3262.5,3212.5,3262.5,34731200
2018-10-31T00:00:00Z,3287.5,3425.0,3275.0,3425.0,111265400
2018-11-01T00:00:00Z,3450.0,3675.0,3437.5,3612.5,185151800
2018-11-02T00:00:00Z,3662.5,3750.0,3550.0,3712.5,143785200
2018-11-05T00:00:00Z,3700.0,3700.0,3625.0,3687.5,56013400
2018-11-06T00:00:00Z,3737.5,3737.5,3625.0,3675.0,124000800
2018-11-07T00:00:00Z,3687.5,3700.0,3600.0,3675.0,92281000
2018-11-08T00:00:00Z,3700.0,3762.5,3687.5,3750.0,130444200
2018-11-09T00:00:00Z,3625.0,3662.5,3575.0,3612.5,123465600
2018-11-12T00:00:00Z,3612.5,3612.5,3487.5,3487.5,65689800
2018-11-13T00:00:00Z,3400.0,3587.5,3400.0,3575.0,85750000
2018-11-14T00:00:00Z,3637.5,3650.0,3562.5,3562.5,68203400
2018-11-15T00:00:00Z,3625.0,3725.0,3575.0,3700.0,115193000
2018-11-16T00:00:00Z,3737.5,3812.5,3687.5,3725.0,113146000
2018-11-19T00:00:00Z,3750.0,3787.5,3650.0,3737.5,52926800
2018-11-21T00:00:00Z,3612.5,3662.5,3525.0,3637.5,121808800
2018-11-22T00:00:00Z,3637.5,3700.0,3587.5,3662.5,89601400
2018-11-23T00:00:00Z,3675.0,3700.0,3637.5,3650.0,82350000
2018-11-26T00:00:00Z,3625.0,3700.0,3625.0,3687.5,62934800
2018-11-27T00:00:00Z,3687.5,3750.0,3675.0,3725.0,61028800
2018-11-28T00:00:00Z,3750.0,3750.0,3662.5,3700.0,67675000
2018-11-29T00:00:00Z,3750.0,3825.0,3750.0,3825.0,141202600
2018-11-30T00:00:00Z,3787.5,3812.5,3700.0,3700.0,148482800
2018-12-03T00:00:00Z,3775.0,3862.5,3775.0,3800.0,136684600
2018-12-04T00:00:00Z,3787.5,3825.0,3775.0,3825.0,60153200
2018-12-05T00:00:00Z,3800.0,3800.0,3762.5,3787.5,73322400
2018-12-06T00:00:00Z,3700.0,3762.5,3700.0,3737.5,74092000
2018-12-07T00:00:00Z,3787.5,3812.5,3737.5,3750.0,41692800
2018-12-10T00:00:00Z,3687.5,3762.5,3675.0,3712.5,41105200
2018-12-11T00:00:00Z,3725.0,3737.5,3700.0,3725.0,55657400
2018-12-12T00:00:00Z,3737.5,3775.0,3712.5,3737.5,80631400
2018-12-13T00:00:00Z,3750.0,3850.0,3725.0,3850.0,92920000
2018-12-14T00:00:00Z,3825.0,3825.0,3762.5,3787.5,68756400
2018-12-17T00:00:00Z,3725.0,3787.5,3700.0,3700.0,78685000
2018-12-18T00:00:00Z,3625.0,3675.0,3625.0,3675.0,98608800
2018-12-19T00:00:00Z,3675.0,3737.5,3675.0,3712.5,89550000
2018-12-20T00:00:00Z,3712.5,3712.5,3637.5,3650.0,61216000
2018-12-21T00:00:00Z,3625.0,3650.0,3587.5,3612.5,98207400
2018-12-26T00:00:00Z,3575.0,3625.0,3550.0,3612.5,52356800
2018-12-27T00:00:00Z,3662.5,3675.0,3625.0,3637.5,48514400
2018-12-28T00:00:00Z,3675.0,3725.0,3662.5,3687.5,97081600
2019-01-02T00:00:00Z,3700.0,3700.0,3625.0,3662.5,45319200
2019-01-03T00:00:00Z,3637.5,3675.0,3550.0,3587.5,74174000
2019-01-04T00:00:00Z,3587.5,3725.0,3575.0,3725.0,78514000
2019-01-07T00:00:00Z,3750.0,3787.5,3712.5,3712.5,53624800
2019-01-08T00:00:00Z,3712.5,3737.5,3675.0,3675.0,80073200
2019-01-09T00:00:00Z,3750.0,3787.5,3700.0,3787.5,104903400
2019-01-10T00:00:00Z,3812.5,3850.0,3775.0,3850.0,130603200
2019-01-11T00:00:00Z,3875.0,3900.0,3837.5,3850.0,88899400
2019-01-14T00:00:00Z,3875.0,3875.0,3825.0,3850.0,71320000
2019-01-15T00:00:00Z,3875.0,3900.0,3825.0,3900.0,86697200
2019-01-16T00:00:00Z,3900.0,3912.5,3837.5,3900.0,78625600
2019-01-17T00:00:00Z,3900.0,4025.0,3900.0,3937.5,101961200
2019-01-18T00:00:00Z,3950.0,3962.5,3912.5,3937.5,56790000
2019-01-21T00:00:00Z,3912.5,3950.0,3900.0,3900.0,111624400
2019-01-22T00:00:00Z,3862.5,3900.0,3825.0,3875.0,123558000
2019-01-23T00:00:00Z,3787.5,3850.0,3737.5,3737.5,162196000
2019-01-24T00:00:00Z,3737.5,3750.0,3712.5,3737.5,179821400
2019-01-25T00:00:00Z,3737.5,3762.5,3650.0,3687.5,143184800
2019-01-28T00:00:00Z,3687.5,3712.5,3537.5,3587.5,207013400
2019-01-29T00:00:00Z,3587.5,3625.0,3525.0,3562.5,162587800
2019-01-30T00:00:00Z,3562.5,3662.5,3562.5,3625.0,175565200
2019-01-31T00:00:00Z,3662.5,3737.5,3637.5,3725.0,214008600
2019-02-01T00:00:00Z,3750.0,3812.5,3737.5,3800.0,104295400
2019-02-04T00:00:00Z,3750.0,3800.0,3675.0,3675.0,80919200
2019-02-06T00:00:00Z,3725.0,3762.5,3712.5,3737.5,60281400
2019-02-07T00:00:00Z,3737.5,3775.0,3712.5,3775.0,31622800
2019-02-08T00:00:00Z,3750.0,3787.5,3712.5,3787.5,46828400
2019-02-11T00:00:00Z,3800.0,3812.5,3762.5,3812.5,72358200
2019-02-12T00:00:00Z,3837.5,3837.5,3687.5,3712.5,82644200
2019-02-13T00:00:00Z,3712.5,3737.5,3625.0,3625.0,75046400
2019-02-14T00:00:00Z,3675.0,3687.5,3587.5,3587.5,95699000
2019-02-15T00:00:00Z,3575.0,3612.5,3550.0,3587.5,92002800
2019-02-18T00:00:00Z,3650.0,3650.0,3587.5,3637.5,86216800
2019-02-19T00:00:00Z,3637.5,3662.5,3562.5,3600.0,92714200
2019-02-20T00:00:00Z,3625.0,3625.0,3475.0,3550.0,192881200
2019-02-21T00:00:00Z,3562.5,3662.5,3550.0,3662.5,100203800
2019-02-22T00:00:00Z,3637.5,3650.0,3525.0,3550.0,167596800
2019-02-25T00:00:00Z,3575.0,3625.0,3562.5,3625.0,91520000
2019-02-26T00:00:00Z,3637.5,3637.5,3575.0,3637.5,94091000
2019-02-27T00:00:00Z,3600.0,3637.5,3575.0,3600.0,72356800
2019-02-28T00:00:00Z,3612.5,3625.0,3550.0,3562.5,84980200
2019-03-01T00:00:00Z,3575.0,3612.5,3562.5,3587.5,47003200
2019-03-04T00:00:00Z,3587.5,3587.5,3550.0,3550.0,29659800
2019-03-05T00:00:00Z,3525.0,3562.5,3400.0,3475.0,223113200
2019-03-06T00:00:00Z,3500.0,3537.5,3437.5,3537.5,94977600
2019-03-08T00:00:00Z,3525.0,3525.0,3450.0,3450.0,71523400
2019-03-11T00:00:00Z,3475.0,3475.0,3412.5,3425.0,53912400
2019-03-12T00:00:00Z,3412.5,3437.5,3337.5,3362.5,60509600
2019-03-13T00:00:00Z,3400.0,3400.0,3325.0,3350.0,55730600
2019-03-14T00:00:00Z,3400.0,3462.5,3362.5,3450.0,44212200
2019-03-15T00:00:00Z,3462.5,3550.0,3462.5,3550.0,71744400
2019-03-18T00:00:00Z,3575.0,3612.5,3512.5,3550.0,52140200
2019-03-19T00:00:00Z,3587.5,3700.0,3575.0,3687.5,158696000
2019-03-20T00:00:00Z,3700.0,3725.0,3650.0,3700.0,51652800
2019-03-21T00:00:00Z,3750.0,3762.5,3725.0,3737.5,68829800
2019-03-22T00:00:00Z,3737.5,3750.0,3712.5,3725.0,45259400
2019-03-25T00:00:00Z,3625.0,3662.5,3587.5,3587.5,45751600
2019-03-26T00:00:00Z,3637.5,3675.0,3637.5,3650.0,28799400
2019-03-27T00:00:00Z,3712.5,3712.5,3612.5,3612.5,38906600
2019-03-28T00:00:00Z,3650.0,3687.5,3625.0,3687.5,47868600
2019-03-29T00:00:00Z,3700.0,3750.0,3662.5,3737.5,71140200
2019-04-01T00:00:00Z,3750.0,3762.5,3725.0,3750.0,57890600
2019-04-02T00:00:00Z,3762.5,3762.5,3662.5,3712.5,36872800
2019-04-04T00:00:00Z,3750.0,3850.0,3750.0,3837.5,119083400
2019-04-05T00:00:00Z,3837.5,3837.5,3775.0,3775.0,40534200
2019-04-08T00:00:00Z,3800.0,3800.0,3687.5,3750.0,45862600
2019-04-09T00:00:00Z,3787.5,3862.5,3775.0,3837.5,61437800
2019-04-10T00:00:00Z,3825.0,3837.5,3762.5,3775.0,30552600
2019-04-11T00:00:00Z,3787.5,3800.0,3700.0,3700.0,70389000
2019-04-12T00:00:00Z,3675.0,3700.0,3650.0,3662.5,53372400
2019-04-15T00:00:00Z,3700.0,3725.0,3662.5,3675.0,48251000
2019-04-16T00:00:00Z,3687.5,3812.5,3675.0,3812.5,143066800
2019-04-18T00:00:00Z,3900.0,4062.5,3887.5,3900.0,243343400
2019-04-22T00:00:00Z,3900.0,3937.5,3825.0,3875.0,69981800
2019-04-23T00:00:00Z,3850.0,3887.5,3837.5,3837.5,65384600
2019-04-24T00:00:00Z,3850.0,3862.5,3812.5,3837.5,55408400
2019-04-25T00:00:00Z,3825.0,3837.5,3775.0,3825.0,111185200
2019-04-26T00:00:00Z,3775.0,3900.0,3737.5,3862.5,150697400
2019-04-29T00:00:00Z,3850.0,3900.0,3837.5,3887.5,112773000
2019-04-30T00:00:00Z,3912.5,3937.5,3862.5,3862.5,103243000
2019-05-02T00:00:00Z,3850.0,3862.5,3812.5,3850.0,68943800
2019-05-03T00:00:00Z,3850.0,3850.0,3787.5,3825.0,60141600
2019-05-06T00:00:00Z,3750.0,3787.5,3662.5,3762.5,100956600
2019-05-07T00:00:00Z,3837.5,3837.5,3775.0,3825.0,68861800
2019-05-08T00:00:00Z,3750.0,3787.5,3725.0,3762.5,79916800
2019-05-09T00:00:00Z,3725.0,3787.5,3725.0,3750.0,90947000
2019-05-10T00:00:00Z,3775.0,3787.5,3687.5,3737.5,65009400
2019-05-13T00:00:00Z,3787.5,3825.0,3750.0,3762.5,83342800
2019-05-14T00:00:00Z,3725.0,3762.5,3700.0,3725.0,85983800
2019-05-15T00:00:00Z,3762.5,3800.0,3712.5,3712.5,112972400
2019-05-16T00:00:00Z,3675.0,3725.0,3625.0,3675.0,86481000
2019-05-17T00:00:00Z,3750.0,3750.0,3537.5,3537.5,59716600
2019-05-20T00:00:00Z,3500.0,3637.5,3487.5,3612.5,93447200
2019-05-21T00:00:00Z,3637.5,3675.0,3537.5,3625.0,128877200
2019-05-22T00:00:00Z,3662.5,3700.0,3612.5,3650.0,88253000
2019-05-23T00:00:00Z,3675.0,3800.0,3662.5,3787.5,65668800
2019-05-24T00:00:00Z,3800.0,3887.5,3787.5,3850.0,99151200
2019-05-27T00:00:00Z,3800.0,3862.5,3762.5,3862.5,144611000
2019-05-28T00:00:00Z,3850.0,3850.0,3675.0,3687.5,298780800
2019-05-29T00:00:00Z,3725.0,3775.0,3700.0,3775.0,89397400
2019-05-31T00:00:00Z,3800.0,3887.5,3775.0,3837.5,173453000
2019-06-10T00:00:00Z,3925.0,3975.0,3912.5,3925.0,208042400
2019-06-11T00:00:00Z,3937.5,3950.0,3900.0,3937.5,107140400
2019-06-12T00:00:00Z,3950.0,3950.0,3900.0,3937.5,69330800
2019-06-13T00:00:00Z,3937.5,3950.0,3850.0,3912.5,63482400
2019-06-14T00:00:00Z,3937.5,3937.5,3900.0,3912.5,61672200
2019-06-17T00:00:00Z,3950.0,3950.0,3900.0,3900.0,47269400
2019-06-18T00:00:00Z,3887.5,3937.5,3887.5,3925.0,104106200
2019-06-19T00:00:00Z,3950.0,4000.0,3937.5,3987.5,156615200
2019-06-20T00:00:00Z,4000.0,4025.0,3962.5,3975.0,93589200
2019-06-21T00:00:00Z,4000.0,4012.5,3950.0,3987.5,145919600
2019-06-24T00:00:00Z,3950.0,4012.5,3950.0,3987.5,70252200
2019-06-25T00:00:00Z,4012.5,4012.5,3962.5,3975.0,59303200
2019-06-26T00:00:00Z,3925.0,4000.0,3925.0,3975.0,72115200
2019-06-27T00:00:00Z,3987.5,4025.0,3987.5,4000.0,63152000
2019-06-28T00:00:00Z,4012.5,4025.0,3987.5,4012.5,61888000
2019-07-01T00:00:00Z,4025.0,4037.5,3987.5,4000.0,61455600
2019-07-02T00:00:00Z,4025.0,4025.0,3987.5,4012.5,64875600
2019-07-03T00:00:00Z,3975.0,4012.5,3975.0,4012.5,93933600
2019-07-04T00:00:00Z,4025.0,4025.0,4000.0,4012.5,31578600
2019-07-05T00:00:00Z,3962.5,4012.5,3862.5,3912.5,186756200
2019-07-08T00:00:00Z,3875.0,3937.5,3862.5,3937.5,105905600
2019-07-09T00:00:00Z,3912.5,3962.5,3900.0,3950.0,88590800
2019-07-10T00:00:00Z,3975.0,4000.0,3962.5,3975.0,100964600
2019-07-11T00:00:00Z,4012.5,4025.0,3987.5,4000.0,70231200
2019-07-12T00:00:00Z,4025.0,4062.5,4012.5,4037.5,73474000
2019-07-15T00:00:00Z,4075.0,4087.5,4050.0,4075.0,89444800
2019-07-16T00:00:00Z,4037.5,4062.5,3987.5,4037.5,146626400
2019-07-17T00:00:00Z,4000.0,4025.0,3975.0,3987.5,128231000
2019-07-18T00:00:00Z,3950.0,3975.0,3912.5,3925.0,142262000
2019-07-19T00:00:00Z,3900.0,3950.0,3900.0,3937.5,104530000
2019-07-22T00:00:00Z,3900.0,3912.5,3875.0,3887.5,82851000
2019-07-23T00:00:00Z,3912.5,3925.0,3850.0,3850.0,74981800
2019-07-24T00:00:00Z,3850.0,3912.5,3850.0,3850.0,65565800
2019-07-25T00:00:00Z,3862.5,3900.0,3850.0,3900.0,77462000
2019-07-26T00:00:00Z,3825.0,3887.5,3812.5,3875.0,62727400
2019-07-29T00:00:00Z,3912.5,3912.5,3837.5,3900.0,55206400
2019-07-30T00:00:00Z,3900.0,3987.5,3862.5,3975.0,87075600
2019-07-31T00:00:00Z,3937.5,3987.5,3900.0,3987.5,59008800
2019-08-01T00:00:00Z,3937.5,3950.0,3862.5,3887.5,96731000
2019-08-02T00:00:00Z,3850.0,3875.0,3800.0,3837.5,103727000
2019-08-05T00:00:00Z,3800.0,3825.0,3662.5,3712.5,129862600
2019-08-06T00:00:00Z,3650.0,3700.0,3550.0,3625.0,157132400
2019-08-07T00:00:00Z,3637.5,3700.0,3637.5,3675.0,103932800
2019-08-08T00:00:00Z,3725.0,3762.5,3675.0,3750.0,85711800
2019-08-09T00:00:00Z,3750.0,3775.0,3725.0,3725.0,39017600
2019-08-12T00:00:00Z,3750.0,3750.0,3675.0,3700.0,69256600
2019-08-13T00:00:00Z,3775.0,3775.0,3650.0,3675.0,68067800
2019-08-14T00:00:00Z,3750.0,3762.5,3675.0,3750.0,107613000
2019-08-15T00:00:00Z,3675.0,3700.0,3650.0,3700.0,57456400
2019-08-16T00:00:00Z,3700.0,3712.5,3662.5,3687.5,47693000
2019-08-19T00:00:00Z,3725.0,3725.0,3662.5,3675.0,38551200
2019-08-20T00:00:00Z,3712.5,3725.0,3650.0,3687.5,75396200
2019-08-21T00:00:00Z,3662.5,3675.0,3612.5,3612.5,49841400
2019-08-22T00:00:00Z,3650.0,3662.5,3575.0,3612.5,77652800
2019-08-23T00:00:00Z,3625.0,3625.0,3575.0,3587.5,44535800
2019-08-26T00:00:00Z,3550.0,3550.0,3500.0,3525.0,78614600
2019-08-27T00:00:00Z,3525.0,3562.5,3512.5,3512.5,153201600
2019-08-28T00:00:00Z,3512.5,3550.0,3475.0,3525.0,96082400
2019-08-29T00:00:00Z,3525.0,3550.0,3512.5,3537.5,63748800
2019-08-30T00:00:00Z,3562.5,3625.0,3537.5,3625.0,106370600
2019-09-02T00:00:00Z,3612.5,3612.5,3562.5,3587.5,37622200
2019-09-03T00:00:00Z,3587.5,3600.0,3412.5,3450.0,96998200
2019-09-04T00:00:00Z,3487.5,3487.5,3425.0,3462.5,74434600
2019-09-05T00:00:00Z,3500.0,3512.5,3462.5,3487.5,78642800
2019-09-06T00:00:00Z,3512.5,3575.0,3487.5,3525.0,88646000
2019-09-09T00:00:00Z,3537.5,3537.5,3462.5,3487.5,55841400
2019-09-10T00:00:00Z,3450.0,3525.0,3450.0,3525.0,52070400
2019-09-11T00:00:00Z,3500.0,3575.0,3475.0,3575.0,80777800
2019-09-12T00:00:00Z,3625.0,3662.5,3550.0,3575.0,84564600
2019-09-13T00:00:00Z,3612.5,3625.0,3562.5,3600.0,28700200
2019-09-16T00:00:00Z,3525.0,3550.0,3462.5,3500.0,66615800
2019-09-17T00:00:00Z,3462.5,3550.0,3462.5,3487.5,70992200
2019-09-18T00:00:00Z,3537.5,3600.0,3525.0,3600.0,53708400
2019-09-19T00:00:00Z,3587.5,3587.5,3537.5,3550.0,35941600
2019-09-20T00:00:00Z,3550.0,3575.0,3487.5,3537.5,104743400
2019-09-23T00:00:00Z,3525.0,3550.0,3475.0,3500.0,49012600
2019-09-24T00:00:00Z,3462.5,3487.5,3425.0,3475.0,52110000
2019-09-25T00:00:00Z,3487.5,3500.0,3437.5,3450.0,37565400
2019-09-26T00:00:00Z,3500.0,3550.0,3475.0,3550.0,45471400
2019-09-27T00:00:00Z,3500.0,3525.0,3475.0,3487.5,44329400
2019-09-30T00:00:00Z,3450.0,3487.5,3450.0,3487.5,58294000
2019-10-01T00:00:00Z,3450.0,3525.0,3450.0,3450.0,31243400
2019-10-02T00:00:00Z,3437.5,3475.0,3250.0,3262.5,129586200
2019-10-03T00:00:00Z,3262.5,3262.5,3137.5,3200.0,146789000
2019-10-04T00:00:00Z,3225.0,3262.5,3162.5,3200.0,69121800
2019-10-07T00:00:00Z,3237.5,3237.5,3162.5,3175.0,36656400
2019-10-08T00:00:00Z,3175.0,3250.0,3175.0,3250.0,104992000
2019-10-09T00:00:00Z,3225.0,3237.5,3200.0,3212.5,55131400
2019-10-10T00:00:00Z,3212.5,3300.0,3212.5,3262.5,120255400
2019-10-11T00:00:00Z,3250.0,3325.0,3237.5,3275.0,96816400
2019-10-14T00:00:00Z,3312.5,3337.5,3250.0,3300.0,65272800
2019-10-15T00:00:00Z,3275.0,3300.0,3250.0,3287.5,94139600
2019-10-16T00:00:00Z,3300.0,3325.0,3275.0,3312.5,118973800
2019-10-17T00:00:00Z,3312.5,3350.0,3312.5,3350.0,150037800
2019-10-18T00:00:00Z,3337.5,3437.5,3325.0,3387.5,117544400
2019-10-21T00:00:00Z,3400.0,3412.5,3350.0,3400.0,83622800
2019-10-22T00:00:00Z,3425.0,3425.0,3375.0,3412.5,62050200
2019-10-23T00:00:00Z,3412.5,3550.0,3375.0,3537.5,98440400
2019-10-24T00:00:00Z,3562.5,3625.0,3537.5,3612.5,132797200
2019-10-25T00:00:00Z,3637.5,3637.5,3487.5,3500.0,105735200
2019-10-28T00:00:00Z,3500.0,3537.5,3462.5,3500.0,46389600
2019-10-29T00:00:00Z,3550.0,3575.0,3500.0,3550.0,91735400
2019-10-30T00:00:00Z,3537.5,3537.5,3487.5,3512.5,47667200
2019-10-31T00:00:00Z,3525.0,3525.0,3450.0,3512.5,78160000
2019-11-01T00:00:00Z,3512.5,3512.5,3462.5,3487.5,24366800
2019-11-04T00:00:00Z,3500.0,3512.5,3437.5,3437.5,56584800
2019-11-05T00:00:00Z,3475.0,3600.0,3462.5,3600.0,94253000
2019-11-06T00:00:00Z,3587.5,3600.0,3412.5,3487.5,113175200
2019-11-07T00:00:00Z,3512.5,3512.5,3387.5,3500.0,78753600
2019-11-08T00:00:00Z,3487.5,3575.0,3425.0,3550.0,76355000
2019-11-11T00:00:00Z,3537.5,3550.0,3487.5,3525.0,45212000
2019-11-12T00:00:00Z,3500.0,3550.0,3462.5,3512.5,52900800
2019-11-13T00:00:00Z,3500.0,3500.0,3387.5,3437.5,75148400
2019-11-14T00:00:00Z,3437.5,3450.0,3350.0,3437.5,66698600
2019-11-15T00:00:00Z,3462.5,3512.5,3462.5,3475.0,47017200
2019-11-18T00:00:00Z,3475.0,3512.5,3437.5,3487.5,61287000
2019-11-19T00:00:00Z,3512.5,3575.0,3475.0,3575.0,67006200
2019-11-20T00:00:00Z,3575.0,3600.0,3525.0,3550.0,46727600
2019-11-21T00:00:00Z,3500.0,3600.0,3475.0,3587.5,60944600
2019-11-22T00:00:00Z,3550.0,3587.5,3525.0,3537.5,40452800
2019-11-25T00:00:00Z,3500.0,3525.0,3462.5,3487.5,47676200
2019-11-26T00:00:00Z,3500.0,3525.0,3450.0,3462.5,173533200
2019-11-27T00:00:00Z,3412.5,3487.5,3400.0,3450.0,72928800
2019-11-28T00:00:00Z,3425.0,3450.0,3387.5,3387.5,56275200
2019-11-29T00:00:00Z,3387.5,3500.0,3387.5,3487.5,53250600
2019-12-02T00:00:00Z,3487.5,3575.0,3462.5,3550.0,74561000
2019-12-03T00:00:00Z,3525.0,3587.5,3512.5,3587.5,79039000
2019-12-04T00:00:00Z,3537.5,3575.0,3525.0,3537.5,65802200
2019-12-05T00:00:00Z,3550.0,3600.0,3537.5,3587.5,74217800
2019-12-06T00:00:00Z,3600.0,3612.5,3562.5,3587.5,53720600
2019-12-09T00:00:00Z,3600.0,3650.0,3600.0,3625.0,72098600
2019-12-10T00:00:00Z,3600.0,3700.0,3600.0,3687.5,132230000
2019-12-11T00:00:00Z,3675.0,3700.0,3662.5,3675.0,68454200
2019-12-12T00:00:00Z,3662.5,3725.0,3637.5,3650.0,79738600
2019-12-13T00:00:00Z,3700.0,3725.0,3675.0,3687.5,127472400
2019-12-16T00:00:00Z,3675.0,3712.5,3675.0,3675.0,96037400
2019-12-17T00:00:00Z,3675.0,3700.0,3662.5,3675.0,100790000
2019-12-18T00:00:00Z,3675.0,3775.0,3662.5,3762.5,123281600
2019-12-19T00:00:00Z,3762.5,3800.0,3737.5,3800.0,112903200
2019-12-20T00:00:00Z,3775.0,3850.0,3775.0,3850.0,150472200
2019-12-23T00:00:00Z,3900.0,3900.0,3837.5,3862.5,131246800
2019-12-26T00:00:00Z,3887.5,3912.5,3875.0,3900.0,140936400
2019-12-27T00:00:00Z,3912.5,3912.5,3862.5,3875.0,58182800
2019-12-30T00:00:00Z,3862.5,3900.0,3825.0,3837.5,78005800
2020-01-02T00:00:00Z,3837.5,3887.5,3825.0,3875.0,37379800
2020-01-03T00:00:00Z,3875.0,3912.5,3812.5,3862.5,70294600
2020-01-06T00:00:00Z,3825.0,3837.5,3762.5,3800.0,61892000
2020-01-07T00:00:00Z,3862.5,3862.5,3787.5,3800.0,70895600
2020-01-08T00:00:00Z,3775.0,3775.0,3687.5,3750.0,105080600
2020-01-09T00:00:00Z,3775.0,3862.5,3762.5,3850.0,75587000
2020-01-10T00:00:00Z,3850.0,3862.5,3825.0,3862.5,64231800
2020-01-13T00:00:00Z,3862.5,3875.0,3825.0,3862.5,75399600
2020-01-14T00:00:00Z,3900.0,3900.0,3850.0,3875.0,104134400
2020-01-15T00:00:00Z,3875.0,3900.0,3800.0,3825.0,89795200
2020-01-16T00:00:00Z,3800.0,3837.5,3762.5,3775.0,145432200
2020-01-17T00:00:00Z,3787.5,3875.0,3762.5,3862.5,130500200
2020-01-20T00:00:00Z,3900.0,3900.0,3800.0,3812.5,24031800
2020-01-21T00:00:00Z,3875.0,3875.0,3812.5,3850.0,39166600
2020-01-22T00:00:00Z,3875.0,3925.0,3862.5,3900.0,122175200
2020-01-23T00:00:00Z,3900.0,3912.5,3850.0,3887.5,83127800
2020-01-24T00:00:00Z,3912.5,4000.0,3862.5,3962.5,154702000
2020-01-27T00:00:00Z,3975.0,3987.5,3850.0,3862.5,98280000
2020-01-28T00:00:00Z,3825.0,3912.5,3800.0,3875.0,69349600
2020-01-29T00:00:00Z,3912.5,3962.5,3887.5,3900.0,109661000
2020-01-30T00:00:00Z,3900.0,3912.5,3800.0,3825.0,85395600
2020-01-31T00:00:00Z,3837.5,3850.0,3725.0,3775.0,157661000
2020-02-03T00:00:00Z,3700.0,3787.5,3675.0,3750.0,87271800
2020-02-04T00:00:00Z,3800.0,3837.5,3750.0,3762.5,138857400
2020-02-05T00:00:00Z,3800.0,3850.0,3775.0,3850.0,130211200
2020-02-06T00:00:00Z,3900.0,3925.0,3837.5,3850.0,111029400
2020-02-07T00:00:00Z,3837.5,3875.0,3837.5,3862.5,86438600
2020-02-10T00:00:00Z,3850.0,3875.0,3800.0,3862.5,78553800
2020-02-11T00:00:00Z,3862.5,3912.5,3837.5,3887.5,98520200
2020-02-12T00:00:00Z,3912.5,3950.0,3887.5,3900.0,104678800
2020-02-13T00:00:00Z,3912.5,3975.0,3900.0,3925.0,87904000
2020-02-14T00:00:00Z,3875.0,3925.0,3875.0,3912.5,41345200
2020-02-17T00:00:00Z,3925.0,3937.5,3900.0,3925.0,29816600
2020-02-18T00:00:00Z,3900.0,3925.0,3900.0,3912.5,65442000
2020-02-19T00:00:00Z,3925.0,3975.0,3900.0,3975.0,121614200
2020-02-20T00:00:00Z,4012.5,4025.0,3962.5,4000.0,114537600
2020-02-21T00:00:00Z,3975.0,4000.0,3912.5,3950.0,91798000
2020-02-24T00:00:00Z,3900.0,3912.5,3825.0,3887.5,128768800
2020-02-25T00:00:00Z,3887.5,3950.0,3850.0,3900.0,105951800
2020-02-26T00:00:00Z,3875.0,3875.0,3825.0,3825.0,198171000
2020-02-27T00:00:00Z,3825.0,3850.0,3625.0,3675.0,223088600
2020-02-28T00:00:00Z,3375.0,3637.5,3275.0,3637.5,188868200
2020-03-02T00:00:00Z,3575.0,3625.0,3475.0,3475.0,101550200
2020-03-03T00:00:00Z,3550.0,3675.0,3512.5,3600.0,96445200
2020-03-04T00:00:00Z,3625.0,3750.0,3612.5,3737.5,92555400
2020-03-05T00:00:00Z,3775.0,3825.0,3750.0,3800.0,104748600
2020-03-06T00:00:00Z,3700.0,3700.0,3612.5,3625.0,72311200
2020-03-09T00:00:00Z,3500.0,3500.0,3287.5,3287.5,113132400
2020-03-10T00:00:00Z,3325.0,3500.0,3325.0,3437.5,114052000
2020-03-11T00:00:00Z,3462.5,3525.0,3312.5,3412.5,97168800
2020-03-12T00:00:00Z,3237.5,3337.5,3112.5,3212.5,91578200
2020-03-13T00:00:00Z,3100.0,3237.5,3000.0,3175.0,238623800
2020-03-17T00:00:00Z,2962.5,2962.5,2762.5,2762.5,186380400
2020-03-18T00:00:00Z,2800.0,2825.0,2575.0,2575.0,215103400
2020-03-19T00:00:00Z,2500.0,2500.0,2395.0,2395.0,167876200
2020-03-20T00:00:00Z,2370.0,2370.0,2230.0,2230.0,478236600
2020-03-23T00:00:00Z,2175.0,2175.0,2075.0,2075.0,59985800
2020-03-24T00:00:00Z,2075.0,2115.0,1930.0,1930.0,237296200
2020-03-26T00:00:00Z,1900.0,2290.0,1890.0,2235.0,386557200
2020-03-27T00:00:00Z,2255.0,2612.5,2250.0,2470.0,396812000
2020-03-30T00:00:00Z,2420.0,2420.0,2300.0,2300.0,39766600
2020-03-31T00:00:00Z,2325.0,2410.0,2225.0,2340.0,208047600
2020-04-01T00:00:00Z,2325.0,2440.0,2220.0,2305.0,152367000
2020-04-02T00:00:00Z,2285.0,2375.0,2180.0,2375.0,132225200
2020-04-03T00:00:00Z,2400.0,2512.5,2400.0,2512.5,105225600
2020-04-06T00:00:00Z,2512.5,2612.5,2450.0,2600.0,113980400
2020-04-07T00:00:00Z,2700.0,2800.0,2485.0,2562.5,191464600
2020-04-08T00:00:00Z,2587.5,2587.5,2385.0,2385.0,155834800
2020-04-09T00:00:00Z,2400.0,2450.0,2305.0,2335.0,163570800
2020-04-13T00:00:00Z,2340.0,2340.0,2235.0,2235.0,115331000
2020-04-14T00:00:00Z,2240.0,2320.0,2200.0,2285.0,132848000
2020-04-15T00:00:00Z,2320.0,2345.0,2200.0,2200.0,124661000
2020-04-16T00:00:00Z,2200.0,2200.0,2075.0,2105.0,215224000
2020-04-17T00:00:00Z,2110.0,2210.0,2110.0,2190.0,163407600
2020-04-20T00:00:00Z,2225.0,2265.0,2135.0,2185.0,120672000
2020-04-21T00:00:00Z,2185.0,2205.0,2125.0,2175.0,92203200
2020-04-22T00:00:00Z,2165.0,2250.0,2125.0,2245.0,126786800
2020-04-23T00:00:00Z,2245.0,2285.0,2240.0,2250.0,115336400
2020-04-24T00:00:00Z,2250.0,2250.0,2140.0,2140.0,131631400
2020-04-27T00:00:00Z,2155.0,2175.0,2045.0,2075.0,205382600
2020-04-28T00:00:00Z,2095.0,2120.0,2035.0,2075.0,157370600
2020-04-29T00:00:00Z,2100.0,2110.0,2000.0,2000.0,192650200
2020-04-30T00:00:00Z,2035.0,2240.0,2030.0,2230.0,229509600
2020-05-04T00:00:00Z,2230.0,2230.0,2120.0,2145.0,80572600
2020-05-05T00:00:00Z,2150.0,2200.0,2080.0,2110.0,185282400
2020-05-06T00:00:00Z,2125.0,2130.0,2080.0,2080.0,138733000
2020-05-08T00:00:00Z,2100.0,2155.0,2090.0,2100.0,127482200
2020-05-11T00:00:00Z,2140.0,2140.0,2095.0,2115.0,83552200
2020-05-12T00:00:00Z,2115.0,2115.0,2000.0,2005.0,188578000
2020-05-13T00:00:00Z,1995.0,2025.0,1950.0,2005.0,134821600
2020-05-14T00:00:00Z,1985.0,2005.0,1950.0,1975.0,141388800
2020-05-15T00:00:00Z,1975.0,1995.0,1840.0,1880.0,227234200
2020-05-18T00:00:00Z,1900.0,1900.0,1830.0,1860.0,158710600
2020-05-19T00:00:00Z,1880.0,2000.0,1880.0,1930.0,199655000
2020-05-20T00:00:00Z,1925.0,2060.0,1915.0,2035.0,237644400
2020-05-26T00:00:00Z,2065.0,2080.0,2030.0,2050.0,180545000
2020-05-27T00:00:00Z,2075.0,2100.0,2005.0,2055.0,124329600
2020-05-28T00:00:00Z,2075.0,2170.0,2075.0,2145.0,265460200
2020-05-29T00:00:00Z,2145.0,2245.0,2125.0,2235.0,350546800
2020-06-02T00:00:00Z,2275.0,2495.0,2265.0,2310.0,207635400
2020-06-03T00:00:00Z,2335.0,2475.0,2295.0,2430.0,296607800
2020-06-04T00:00:00Z,2450.0,2500.0,2360.0,2365.0,169836200
2020-06-05T00:00:00Z,2365.0,2435.0,2300.0,2425.0,185391000
2020-06-08T00:00:00Z,2500.0,2662.5,2475.0,2625.0,292605200
2020-06-09T00:00:00Z,2650.0,2725.0,2575.0,2637.5,147413600
2020-06-10T00:00:00Z,2600.0,2612.5,2455.0,2455.0,289644200
2020-06-11T00:00:00Z,2400.0,2435.0,2285.0,2345.0,364783800
2020-06-12T00:00:00Z,2295.0,2450.0,2215.0,2445.0,289959400
2020-06-15T00:00:00Z,2425.0,2455.0,2345.0,2360.0,169814600
2020-06-16T00:00:00Z,2410.0,2525.0,2410.0,2512.5,146116600
2020-06-17T00:00:00Z,2550.0,2600.0,2445.0,2450.0,213944600
2020-06-18T00:00:00Z,2420.0,2485.0,2390.0,2410.0,152175200
2020-06-19T00:00:00Z,2440.0,2475.0,2410.0,2440.0,126356800
2020-06-22T00:00:00Z,2440.0,2455.0,2400.0,2405.0,66825000
2020-06-23T00:00:00Z,2425.0,2425.0,2345.0,2395.0,95010400
2020-06-24T00:00:00Z,2445.0,2600.0,2445.0,2575.0,278417000
2020-06-25T00:00:00Z,2537.5,2600.0,2470.0,2512.5,146123000
2020-06-26T00:00:00Z,2562.5,2575.0,2490.0,2500.0,85829000
2020-06-29T00:00:00Z,2490.0,2500.0,2435.0,2470.0,99123000
2020-06-30T00:00:00Z,2512.5,2525.0,2475.0,2475.0,113994400
2020-07-01T00:00:00Z,2500.0,2512.5,2455.0,2495.0,67747600
2020-07-02T00:00:00Z,2490.0,2512.5,2480.0,2500.0,80606600
2020-07-03T00:00:00Z,2480.0,2537.5,2450.0,2500.0,57839800
2020-07-06T00:00:00Z,2500.0,2575.0,2500.0,2537.5,90019000
2020-07-07T00:00:00Z,2562.5,2575.0,2525.0,2525.0,80447600
2020-07-08T00:00:00Z,2525.0,2675.0,2512.5,2637.5,149466800
2020-07-09T00:00:00Z,2675.0,2700.0,2600.0,2625.0,98277200
2020-07-10T00:00:00Z,2625.0,2637.5,2562.5,2587.5,77850000
2020-07-13T00:00:00Z,2625.0,2662.5,2612.5,2625.0,72688200
2020-07-14T00:00:00Z,2650.0,2662.5,2600.0,2650.0,78259800
2020-07-15T00:00:00Z,2675.0,2712.5,2625.0,2637.5,60755400
2020-07-16T00:00:00Z,2637.5,2675.0,2625.0,2637.5,43859400
2020-07-17T00:00:00Z,2637.5,2650.0,2587.5,2587.5,60177000
2020-07-20T00:00:00Z,2587.5,2612.5,2525.0,2550.0,52111600
2020-07-21T00:00:00Z,2575.0,2725.0,2537.5,2650.0,145051400
2020-07-22T00:00:00Z,2687.5,2762.5,2650.0,2712.5,119245000
2020-07-23T00:00:00Z,2737.5,2887.5,2712.5,2850.0,145829600
2020-07-24T00:00:00Z,2850.0,2850.0,2775.0,2800.0,66603400
2020-07-27T00:00:00Z,2812.5,2937.5,2775.0,2937.5,58848200
2020-07-28T00:00:00Z,2950.0,3000.0,2887.5,2925.0,74524600
2020-07-29T00:00:00Z,2925.0,2925.0,2837.5,2850.0,69737200
2020-07-30T00:00:00Z,2862.5,2900.0,2812.5,2900.0,52644600
2020-08-03T00:00:00Z,2925.0,2937.5,2725.0,2750.0,259720800
2020-08-04T00:00:00Z,2762.5,2800.0,2725.0,2787.5,89173800
2020-08-05T00:00:00Z,2775.0,2850.0,2725.0,2850.0,133844600
2020-08-06T00:00:00Z,2850.0,2937.5,2850.0,2887.5,90911200
2020-08-07T00:00:00Z,2850.0,2900.0,2812.5,2900.0,57228800
2020-08-10T00:00:00Z,2900.0,2912.5,2825.0,2900.0,50162400
2020-08-11T00:00:00Z,2912.5,3050.0,2900.0,2987.5,117978200
2020-08-12T00:00:00Z,3000.0,3137.5,2975.0,3075.0,92910400
2020-08-13T00:00:00Z,3125.0,3125.0,3025.0,3025.0,85989200
2020-08-14T00:00:00Z,3037.5,3050.0,2975.0,3012.5,66653400
2020-08-18T00:00:00Z,3012.5,3112.5,3012.5,3075.0,115981200
2020-08-19T00:00:00Z,3087.5,3125.0,3037.5,3050.0,64511800
2020-08-24T00:00:00Z,3025.0,3087.5,2962.5,3000.0,132486400
2020-08-25T00:00:00Z,3025.0,3137.5,3025.0,3125.0,132365800
2020-08-26T00:00:00Z,3125.0,3175.0,3087.5,3175.0,78703400
2020-08-27T00:00:00Z,3175.0,3175.0,3100.0,3150.0,93450200
2020-08-28T00:00:00Z,3137.5,3175.0,3100.0,3112.5,75655000
2020-08-31T00:00:00Z,3112.5,3150.0,2950.0,2975.0,222818800
2020-09-01T00:00:00Z,2987.5,3062.5,2937.5,3062.5,85330800
2020-09-02T00:00:00Z,3062.5,3100.0,3025.0,3037.5,93203600
2020-09-03T00:00:00Z,3037.5,3075.0,2975.0,2987.5,129014800
2020-09-04T00:00:00Z,2975.0,2987.5,2925.0,2962.5,106844400
2020-09-07T00:00:00Z,2962.5,2975.0,2887.5,2925.0,100673600
2020-09-08T00:00:00Z,2950.0,3000.0,2937.5,2987.5,60346000
2020-09-09T00:00:00Z,2950.0,2950.0,2875.0,2887.5,98282200
2020-09-10T00:00:00Z,2762.5,2762.5,2687.5,2687.5,172775200
2020-09-11T00:00:00Z,2525.0,2762.5,2525.0,2737.5,271155800
2020-09-14T00:00:00Z,2737.5,2887.5,2737.5,2875.0,143569800
2020-09-15T00:00:00Z,2875.0,2912.5,2800.0,2837.5,128927400
2020-09-16T00:00:00Z,2875.0,2875.0,2812.5,2825.0,57936000
2020-09-17T00:00:00Z,2800.0,2875.0,2762.5,2787.5,76432000
2020-09-18T00:00:00Z,2787.5,2837.5,2750.0,2787.5,91596600
2020-09-21T00:00:00Z,2787.5,2812.5,2700.0,2737.5,52930000
2020-09-22T00:00:00Z,2650.0,2712.5,2637.5,2650.0,113596600
2020-09-23T00:00:00Z,2650.0,2687.5,2562.5,2600.0,84710800
2020-09-24T00:00:00Z,2525.0,2575.0,2500.0,2537.5,121965000
2020-09-25T00:00:00Z,2600.0,2675.0,2537.5,2675.0,140455600
2020-09-28T00:00:00Z,2700.0,2712.5,2575.0,2575.0,99702600
2020-09-29T00:00:00Z,2600.0,2625.0,2512.5,2537.5,111325600
2020-09-30T00:00:00Z,2550.0,2575.0,2430.0,2480.0,151529800
2020-10-01T00:00:00Z,2500.0,2600.0,2490.0,2600.0,78954200
2020-10-02T00:00:00Z,2587.5,2612.5,2500.0,2600.0,99143400
2020-10-05T00:00:00Z,2625.0,2687.5,2587.5,2675.0,74300800
2020-10-06T00:00:00Z,2750.0,2775.0,2725.0,2750.0,89104400
2020-10-07T00:00:00Z,2700.0,2775.0,2687.5,2775.0,88748600
2020-10-08T00:00:00Z,2775.0,2787.5,2712.5,2725.0,88763400
2020-10-09T00:00:00Z,2725.0,2787.5,2725.0,2775.0,90248600
2020-10-12T00:00:00Z,2787.5,2825.0,2775.0,2812.5,77947000
2020-10-13T00:00:00Z,2812.5,2837.5,2762.5,2837.5,69863400
2020-10-14T00:00:00Z,2862.5,2887.5,2812.5,2887.5,109787200
2020-10-15T00:00:00Z,2850.0,2875.0,2800.0,2800.0,77289200
2020-10-16T00:00:00Z,2800.0,2825.0,2725.0,2787.5,67817800
2020-10-19T00:00:00Z,2800.0,2862.5,2787.5,2850.0,58936200
2020-10-20T00:00:00Z,2862.5,2875.0,2800.0,2825.0,77213200
2020-10-21T00:00:00Z,2837.5,2862.5,2737.5,2762.5,113901800
2020-10-22T00:00:00Z,2750.0,2775.0,2700.0,2725.0,138701400
2020-10-23T00:00:00Z,2762.5,2787.5,2737.5,2775.0,65900200
2020-10-26T00:00:00Z,2812.5,2925.0,2812.5,2887.5,188574400
2020-10-27T00:00:00Z,2875.0,2925.0,2850.0,2887.5,112695800
2020-11-02T00:00:00Z,2837.5,3012.5,2800.0,2987.5,216862800
2020-11-03T00:00:00Z,2987.5,3000.0,2950.0,3000.0,75963400
2020-11-04T00:00:00Z,2975.0,3012.5,2850.0,2850.0,152817400
2020-11-05T00:00:00Z,2937.5,3000.0,2912.5,2987.5,175877400
2020-11-06T00:00:00Z,2987.5,3050.0,2962.5,3025.0,164219000
2020-11-09T00:00:00Z,3125.0,3150.0,3025.0,3075.0,122653200
2020-11-10T00:00:00Z,3200.0,3262.5,3150.0,3187.5,249588800
2020-11-11T00:00:00Z,3212.5,3250.0,3175.0,3187.5,166490200
2020-11-12T00:00:00Z,3187.5,3200.0,3050.0,3087.5,136150600
2020-11-13T00:00:00Z,3050.0,3125.0,3037.5,3125.0,122043800
2020-11-16T00:00:00Z,3150.0,3225.0,3075.0,3100.0,133917600
2020-11-17T00:00:00Z,3137.5,3187.5,3100.0,3125.0,106261600
2020-11-18T00:00:00Z,3075.0,3175.0,3075.0,3175.0,124936000
2020-11-19T00:00:00Z,3125.0,3175.0,3100.0,3162.5,94808200
2020-11-20T00:00:00Z,3137.5,3175.0,3125.0,3150.0,100573600
2020-11-23T00:00:00Z,3150.0,3212.5,3137.5,3200.0,106905400
2020-11-24T00:00:00Z,3225.0,3250.0,3187.5,3212.5,140929200
2020-11-25T00:00:00Z,3250.0,3325.0,3250.0,3262.5,197704000
2020-11-26T00:00:00Z,3300.0,3362.5,3275.0,3362.5,132275400
2020-11-27T00:00:00Z,3387.5,3400.0,3312.5,3325.0,124346800
2020-11-30T00:00:00Z,3275.0,3312.5,3112.5,3162.5,307900800
2020-12-01T00:00:00Z,3162.5,3312.5,3162.5,3262.5,176568000
2020-12-02T00:00:00Z,3262.5,3325.0,3237.5,3325.0,114721600
2020-12-03T00:00:00Z,3325.0,3337.5,3262.5,3287.5,155342400
2020-12-04T00:00:00Z,3250.0,3300.0,3212.5,3300.0,74976000
2020-12-07T00:00:00Z,3337.5,3375.0,3312.5,3350.0,133585800
2020-12-08T00:00:00Z,3337.5,3362.5,3300.0,3337.5,70350400
2020-12-10T00:00:00Z,3387.5,3425.0,3362.5,3400.0,187847000
2020-12-11T00:00:00Z,3425.0,3437.5,3350.0,3387.5,94541800
2020-12-14T00:00:00Z,3362.5,3400.0,3337.5,3362.5,94645200
2020-12-15T00:00:00Z,3350.0,3362.5,3300.0,3350.0,135663800
2020-12-16T00:00:00Z,3400.0,3412.5,3362.5,3387.5,97361800
2020-12-17T00:00:00Z,3387.5,3437.5,3387.5,3437.5,109966000
2020-12-18T00:00:00Z,3400.0,3412.5,3350.0,3350.0,142797800
2020-12-21T00:00:00Z,3387.5,3400.0,3337.5,3350.0,83174600
2020-12-22T00:00:00Z,3287.5,3312.5,3175.0,3200.0,165929800
2020-12-23T00:00:00Z,3250.0,3300.0,3100.0,3175.0,110032400
2020-12-28T00:00:00Z,3250.0,3287.5,3150.0,3262.5,75527000
2020-12-29T00:00:00Z,3287.5,3300.0,3200.0,3212.5,57422600
2020-12-30T00:00:00Z,3262.5,3262.5,3162.5,3162.5,88941400
2021-01-04T00:00:00Z,3175.0,3262.5,3112.5,3250.0,61058000
2021-01-05T00:00:00Z,3275.0,3275.0,3200.0,3212.5,69928200
2021-01-06T00:00:00Z,3212.5,3262.5,3137.5,3212.5,87109000
2021-01-07T00:00:00Z,3225.0,3262.5,3212.5,3237.5,80114200
2021-01-08T00:00:00Z,3237.5,3287.5,3225.0,3275.0,93635600
2021-01-11T00:00:00Z,3287.5,3425.0,3275.0,3425.0,212763000
2021-01-12T00:00:00Z,3450.0,3500.0,3412.5,3475.0,168626000
2021-01-13T00:00:00Z,3525.0,3537.5,3462.5,3462.5,107392200
2021-01-14T00:00:00Z,3525.0,3525.0,3412.5,3425.0,70295000
2021-01-15T00:00:00Z,3437.5,3462.5,3312.5,3362.5,77235600
2021-01-18T00:00:00Z,3300.0,3475.0,3300.0,3462.5,119006800
2021-01-19T00:00:00Z,3500.0,3512.5,3425.0,3487.5,77834600
2021-01-20T00:00:00Z,3500.0,3725.0,3500.0,3687.5,220934600
2021-01-21T00:00:00Z,3687.5,3687.5,3600.0,3625.0,82052000
2021-01-22T00:00:00Z,3637.5,3675.0,3562.5,3600.0,117367200
2021-01-25T00:00:00Z,3625.0,3650.0,3512.5,3650.0,100647600
2021-01-26T00:00:00Z,3650.0,3725.0,3625.0,3687.5,206712400
2021-01-27T00:00:00Z,3700.0,3700.0,3587.5,3650.0,171581400
2021-01-28T00:00:00Z,3575.0,3625.0,3450.0,3525.0,135745000
2021-01-29T00:00:00Z,3550.0,3612.5,3287.5,3287.5,334227600
2021-02-01T00:00:00Z,3325.0,3362.5,3100.0,3350.0,242540200
2021-02-02T00:00:00Z,3400.0,3400.0,3200.0,3237.5,160482800
2021-02-03T00:00:00Z,3300.0,3325.0,3225.0,3250.0,167044600
2021-02-04T00:00:00Z,3287.5,3337.5,3225.0,3287.5,139040400
2021-02-05T00:00:00Z,3350.0,3350.0,3225.0,3275.0,97199600
2021-02-08T00:00:00Z,3300.0,3337.5,3275.0,3287.5,125050800
2021-02-09T00:00:00Z,3300.0,3350.0,3225.0,3250.0,208380400
2021-02-10T00:00:00Z,3287.5,3287.5,3237.5,3250.0,102693600
2021-02-11T00:00:00Z,3275.0,3275.0,3250.0,3250.0,35879400
2021-02-15T00:00:00Z,3275.0,3287.5,3250.0,3250.0,48995200
2021-02-16T00:00:00Z,3250.0,3275.0,3225.0,3237.5,63202000
2021-02-17T00:00:00Z,3225.0,3237.5,3150.0,3175.0,117413600
2021-02-18T00:00:00Z,3125.0,3200.0,3112.5,3125.0,113989000
2021-02-19T00:00:00Z,3125.0,3200.0,3100.0,3187.5,102020400
2021-02-22T00:00:00Z,3225.0,3250.0,3187.5,3187.5,107680600
2021-02-23T00:00:00Z,3150.0,3187.5,3150.0,3162.5,89107800
2021-02-24T00:00:00Z,3175.0,3200.0,3162.5,3187.5,82498600
2021-02-25T00:00:00Z,3212.5,3237.5,3137.5,3137.5,133614800
2021-02-26T00:00:00Z,3087.5,3162.5,3050.0,3075.0,246190600
2021-03-01T00:00:00Z,3112.5,3300.0,3112.5,3287.5,220785400
2021-03-02T00:00:00Z,3325.0,3325.0,3250.0,3300.0,163296600
2021-03-03T00:00:00Z,3337.5,3337.5,3262.5,3300.0,78532200
2021-03-04T00:00:00Z,3312.5,3325.0,3262.5,3275.0,120612600
2021-03-05T00:00:00Z,3262.5,3287.5,3225.0,3237.5,87239000
2021-03-08T00:00:00Z,3275.0,3287.5,3187.5,3212.5,54098000
2021-03-09T00:00:00Z,3187.5,3262.5,3187.5,3212.5,111838800
2021-03-10T00:00:00Z,3250.0,3250.0,3225.0,3250.0,51903000
2021-03-12T00:00:00Z,3275.0,3375.0,3275.0,3362.5,159202400
2021-03-15T00:00:00Z,3387.5,3387.5,3312.5,3325.0,79922400
2021-03-16T00:00:00Z,3325.0,3362.5,3250.0,3275.0,112248400
2021-03-17T00:00:00Z,3300.0,3325.0,3262.5,3262.5,50841200
2021-03-18T00:00:00Z,3312.5,3425.0,3312.5,3400.0,152427600
2021-03-19T00:00:00Z,3400.0,3400.0,3350.0,3387.5,150713800
2021-03-22T00:00:00Z,3375.0,3412.5,3312.5,3312.5,115979200
2021-03-23T00:00:00Z,3375.0,3375.0,3312.5,3337.5,97289600
2021-03-24T00:00:00Z,3250.0,3262.5,3200.0,3212.5,115254200
2021-03-25T00:00:00Z,3225.0,3237.5,3162.5,3200.0,71666600
2021-03-26T00:00:00Z,3225.0,3237.5,3175.0,3212.5,84478000
2021-03-29T00:00:00Z,3200.0,3250.0,3187.5,3187.5,79520400
2021-03-30T00:00:00Z,3200.0,3212.5,3137.5,3162.5,41180600
2021-03-31T00:00:00Z,3125.0,3162.5,3062.5,3075.0,159155800
2021-04-01T00:00:00Z,3125.0,3162.5,3075.0,3100.0,77715200
2021-04-05T00:00:00Z,3150.0,3150.0,3100.0,3112.5,39468400
2021-04-06T00:00:00Z,3112.5,3150.0,3075.0,3137.5,29650600
2021-04-07T00:00:00Z,3150.0,3162.5,3125.0,3162.5,46420200
2021-04-08T00:00:00Z,3125.0,3187.5,3100.0,3137.5,88449600
2021-04-09T00:00:00Z,3187.5,3275.0,3162.5,3237.5,126420200
2021-04-12T00:00:00Z,3212.5,3250.0,3137.5,3150.0,48429000
2021-04-13T00:00:00Z,3100.0,3175.0,3100.0,3150.0,76327000
2021-04-14T00:00:00Z,3175.0,3200.0,3125.0,3162.5,80914000
2021-04-15T00:00:00Z,3200.0,3200.0,3112.5,3150.0,68337400
2021-04-16T00:00:00Z,3175.0,3175.0,3125.0,3150.0,63194400
2021-04-19T00:00:00Z,3125.0,3137.5,3100.0,3112.5,43598600
2021-04-20T00:00:00Z,3100.0,3125.0,3087.5,3100.0,63882600
2021-04-21T00:00:00Z,3075.0,3087.5,3062.5,3062.5,65425600
2021-04-22T00:00:00Z,3087.5,3112.5,3050.0,3062.5,71452000
2021-04-23T00:00:00Z,3025.0,3075.0,3012.5,3075.0,104928400
2021-04-26T00:00:00Z,3050.0,3062.5,2975.0,2987.5,115305000
2021-04-27T00:00:00Z,2987.5,3037.5,2975.0,3025.0,96850800
2021-04-28T00:00:00Z,3050.0,3137.5,3050.0,3100.0,161162600
2021-04-29T00:00:00Z,3112.5,3137.5,3075.0,3112.5,82870600
2021-04-30T00:00:00Z,3112.5,3125.0,3062.5,3087.5,69941600
2021-05-03T00:00:00Z,3050.0,3075.0,3000.0,3025.0,65334000
2021-05-04T00:00:00Z,3025.0,3050.0,2987.5,3050.0,56355200
2021-05-05T00:00:00Z,3075.0,3075.0,3025.0,3025.0,45851800
2021-05-06T00:00:00Z,3062.5,3062.5,3012.5,3037.5,37091000
2021-05-07T00:00:00Z,3062.5,3062.5,2975.0,2975.0,65331800
2021-05-10T00:00:00Z,3012.5,3012.5,2975.0,2987.5,35481400
2021-05-11T00:00:00Z,3000.0,3000.0,2925.0,2950.0,69381800
2021-05-17T00:00:00Z,2987.5,3000.0,2937.5,2962.5,95099800
2021-05-18T00:00:00Z,2987.5,3000.0,2912.5,2950.0,73965200
2021-05-19T00:00:00Z,2900.0,2925.0,2812.5,2837.5,98436000
2021-05-20T00:00:00Z,2825.0,2875.0,2800.0,2825.0,69610000
2021-05-21T00:00:00Z,2862.5,2950.0,2837.5,2912.5,140453000
2021-05-24T00:00:00Z,2937.5,2937.5,2875.0,2875.0,54897600
2021-05-25T00:00:00Z,2887.5,2975.0,2887.5,2950.0,90594400
2021-05-27T00:00:00Z,3000.0,3000.0,2875.0,2875.0,353889800
2021-05-28T00:00:00Z,2912.5,2950.0,2887.5,2900.0,78305800
2021-05-31T00:00:00Z,2937.5,3050.0,2912.5,3000.0,96660000
2021-06-02T00:00:00Z,3075.0,3100.0,3037.5,3050.0,157335600
2021-06-03T00:00:00Z,3087.5,3137.5,3062.5,3125.0,86426400
2021-06-04T00:00:00Z,3125.0,3162.5,3062.5,3062.5,76307800
2021-06-07T00:00:00Z,3100.0,3100.0,3037.5,3062.5,42514400
2021-06-08T00:00:00Z,3075.0,3075.0,3000.0,3000.0,57084000
2021-06-09T00:00:00Z,3037.5,3087.5,3000.0,3075.0,47078600
2021-06-10T00:00:00Z,3087.5,3125.0,3062.5,3100.0,43543600
2021-06-11T00:00:00Z,3137.5,3150.0,3112.5,3137.5,77757800
2021-06-14T00:00:00Z,3150.0,3150.0,3112.5,3137.5,50043400
2021-06-15T00:00:00Z,3150.0,3162.5,3112.5,3162.5,107187800
2021-06-16T00:00:00Z,3162.5,3175.0,3100.0,3137.5,90051600
2021-06-17T00:00:00Z,3125.0,3137.5,3100.0,3100.0,146517200
2021-06-18T00:00:00Z,3087.5,3100.0,2975.0,3100.0,201335400
2021-06-21T00:00:00Z,3050.0,3050.0,2975.0,3012.5,138949200
2021-06-22T00:00:00Z,3037.5,3125.0,3012.5,3087.5,96680600
2021-06-23T00:00:00Z,3112.5,3112.5,3012.5,3012.5,66074200
2021-06-24T00:00:00Z,3050.0,3050.0,2987.5,2987.5,52248000
2021-06-25T00:00:00Z,3000.0,3012.5,2950.0,2950.0,61052000
2021-06-28T00:00:00Z,2912.5,2950.0,2837.5,2850.0,127109000
2021-06-29T00:00:00Z,2925.0,2925.0,2850.0,2887.5,96970800
2021-06-30T00:00:00Z,2925.0,2975.0,2900.0,2950.0,146560200
2021-07-01T00:00:00Z,2975.0,3000.0,2950.0,2987.5,87385400
2021-07-02T00:00:00Z,2987.5,3012.5,2962.5,2975.0,80422400
2021-07-05T00:00:00Z,2987.5,2987.5,2900.0,2925.0,29242400
2021-07-06T00:00:00Z,2950.0,2950.0,2875.0,2887.5,56066200
2021-07-07T00:00:00Z,2887.5,2912.5,2837.5,2875.0,96691000
2021-07-08T00:00:00Z,2925.0,2950.0,2875.0,2950.0,81459000
2021-07-09T00:00:00Z,2950.0,2950.0,2887.5,2887.5,50822400
2021-07-12T00:00:00Z,2937.5,2937.5,2887.5,2900.0,39692600
2021-07-13T00:00:00Z,2925.0,2950.0,2887.5,2887.5,65117000
2021-07-14T00:00:00Z,2900.0,2912.5,2825.0,2850.0,59225200
2021-07-15T00:00:00Z,2862.5,2950.0,2837.5,2937.5,94438400
2021-07-16T00:00:00Z,2937.5,2950.0,2912.5,2937.5,39567600
2021-07-19T00:00:00Z,2900.0,2925.0,2875.0,2875.0,31460200
2021-07-21T00:00:00Z,2912.5,2975.0,2900.0,2962.5,87100200
2021-07-22T00:00:00Z,2987.5,3050.0,2975.0,3025.0,55171400
2021-07-23T00:00:00Z,3000.0,3025.0,2975.0,2987.5,37457600
2021-07-26T00:00:00Z,2987.5,3000.0,2900.0,2900.0,77160200
2021-07-27T00:00:00Z,2925.0,2950.0,2875.0,2912.5,79279400
2021-07-28T00:00:00Z,2875.0,2950.0,2875.0,2950.0,41266000
2021-07-29T00:00:00Z,2950.0,2950.0,2875.0,2875.0,68168400
2021-07-30T00:00:00Z,2912.5,2912.5,2850.0,2850.0,92132400
2021-08-02T00:00:00Z,2887.5,2887.5,2812.5,2837.5,68571000
2021-08-03T00:00:00Z,2850.0,2900.0,2825.0,2887.5,70957400
2021-08-04T00:00:00Z,2912.5,2950.0,2887.5,2912.5,67410400
2021-08-05T00:00:00Z,2937.5,3037.5,2925.0,3025.0,140254000
2021-08-06T00:00:00Z,3037.5,3050.0,2975.0,2987.5,63682000
2021-08-09T00:00:00Z,3000.0,3012.5,2900.0,2900.0,50317400
2021-08-10T00:00:00Z,2900.0,2937.5,2887.5,2900.0,54893400
2021-08-12T00:00:00Z,2937.5,2975.0,2912.5,2962.5,51328800
2021-08-13T00:00:00Z,2987.5,3025.0,2950.0,3000.0,41771600
2021-08-16T00:00:00Z,3000.0,3025.0,2925.0,2987.5,53074000
2021-08-18T00:00:00Z,3000.0,3087.5,2962.5,3025.0,141229400
2021-08-19T00:00:00Z,3050.0,3050.0,2900.0,2925.0,101976800
2021-08-20T00:00:00Z,2950.0,2975.0,2900.0,2950.0,62841600
2021-08-23T00:00:00Z,2950.0,3000.0,2950.0,2987.5,46346200
2021-08-24T00:00:00Z,2975.0,2987.5,2900.0,2912.5,85217600
2021-08-25T00:00:00Z,2937.5,2987.5,2925.0,2975.0,60726800
2021-08-26T00:00:00Z,2925.0,2962.5,2912.5,2912.5,55050200
2021-08-27T00:00:00Z,2912.5,2937.5,2887.5,2900.0,35765000
2021-08-30T00:00:00Z,2925.0,2975.0,2912.5,2975.0,65062000
2021-08-31T00:00:00Z,3000.0,3050.0,2975.0,3050.0,135700400
2021-09-01T00:00:00Z,3050.0,3050.0,3000.0,3000.0,70082000
2021-09-02T00:00:00Z,3025.0,3050.0,2987.5,3025.0,51554400
2021-09-03T00:00:00Z,3050.0,3075.0,3000.0,3062.5,50760000
2021-09-06T00:00:00Z,3100.0,3162.5,3062.5,3100.0,51684400
2021-09-07T00:00:00Z,3125.0,3175.0,3112.5,3125.0,70448400
2021-09-08T00:00:00Z,3150.0,3150.0,3062.5,3125.0,84660600
2021-09-09T00:00:00Z,3150.0,3175.0,3062.5,3175.0,93331600
2021-09-10T00:00:00Z,3137.5,3150.0,3087.5,3100.0,107576800
2021-09-13T00:00:00Z,3050.0,3112.5,3025.0,3075.0,104806600
2021-09-14T00:00:00Z,3075.0,3100.0,3037.5,3050.0,84931400
2021-09-15T00:00:00Z,3087.5,3100.0,3050.0,3062.5,135497800
2021-09-16T00:00:00Z,3087.5,3100.0,3062.5,3075.0,61344200
2021-09-17T00:00:00Z,3062.5,3075.0,3025.0,3025.0,82452800
2021-09-20T00:00:00Z,3012.5,3037.5,2962.5,3012.5,57569200
2021-09-21T00:00:00Z,3012.5,3012.5,2962.5,2987.5,45153400
2021-09-22T00:00:00Z,2987.5,3050.0,2975.0,3037.5,26711200
2021-09-23T00:00:00Z,3062.5,3062.5,3012.5,3037.5,40606000
2021-09-24T00:00:00Z,3037.5,3050.0,2962.5,2987.5,50278400
2021-09-27T00:00:00Z,3000.0,3012.5,2950.0,2950.0,68500800
2021-09-28T00:00:00Z,2975.0,3012.5,2950.0,2975.0,64652200
2021-09-29T00:00:00Z,2975.0,3025.0,2962.5,3000.0,56467400
2021-09-30T00:00:00Z,3025.0,3075.0,3000.0,3075.0,82812000
2021-10-01T00:00:00Z,3075.0,3100.0,3025.0,3050.0,74975400
2021-10-04T00:00:00Z,3087.5,3250.0,3075.0,3237.5,156691600
2021-10-05T00:00:00Z,3225.0,3275.0,3187.5,3212.5,94886200
2021-10-06T00:00:00Z,3237.5,3337.5,3225.0,3300.0,168775800
2021-10-07T00:00:00Z,3325.0,3412.5,3312.5,3350.0,253196600
2021-10-08T00:00:00Z,3362.5,3487.5,3362.5,3450.0,223592000
2021-10-11T00:00:00Z,3450.0,3462.5,3400.0,3450.0,123020200
2021-10-12T00:00:00Z,3487.5,3525.0,3462.5,3500.0,191044200
2021-10-13T00:00:00Z,3537.5,3550.0,3475.0,3550.0,134998000
2021-10-14T00:00:00Z,3562.5,3587.5,3525.0,3587.5,104307800
2021-10-15T00:00:00Z,3587.5,3600.0,3537.5,3575.0,84353000
2021-10-18T00:00:00Z,3600.0,3662.5,3575.0,3587.5,152951600
2021-10-19T00:00:00Z,3625.0,3625.0,3525.0,3600.0,99358000
2021-10-21T00:00:00Z,3587.5,3662.5,3562.5,3587.5,189264000
2021-10-22T00:00:00Z,3550.0,3612.5,3537.5,3600.0,65782600
2021-10-25T00:00:00Z,3587.5,3625.0,3562.5,3562.5,76296200
2021-10-26T00:00:00Z,3550.0,3600.0,3550.0,3587.5,55872800
2021-10-27T00:00:00Z,3600.0,3612.5,3562.5,3575.0,82925200
2021-10-28T00:00:00Z,3562.5,3575.0,3500.0,3512.5,99023600
2021-10-29T00:00:00Z,3587.5,3650.0,3575.0,3587.5,160952400
2021-11-01T00:00:00Z,3625.0,3625.0,3575.0,3587.5,65621400
2021-11-02T00:00:00Z,3587.5,3600.0,3500.0,3512.5,51923400
2021-11-03T00:00:00Z,3487.5,3625.0,3462.5,3562.5,107556600
2021-11-04T00:00:00Z,3625.0,3650.0,3587.5,3587.5,103726400
2021-11-05T00:00:00Z,3625.0,3625.0,3500.0,3550.0,48035600
2021-11-08T00:00:00Z,3600.0,3600.0,3500.0,3500.0,50517400
2021-11-09T00:00:00Z,3525.0,3550.0,3425.0,3437.5,120574200
2021-11-10T00:00:00Z,3437.5,3575.0,3437.5,3575.0,156118000
2021-11-11T00:00:00Z,3562.5,3612.5,3512.5,3612.5,86362400
2021-11-12T00:00:00Z,3637.5,3637.5,3525.0,3550.0,56807000
2021-11-15T00:00:00Z,3550.0,3575.0,3525.0,3525.0,40131000
2021-11-16T00:00:00Z,3525.0,3612.5,3512.5,3612.5,76140200
2021-11-17T00:00:00Z,3612.5,3625.0,3575.0,3612.5,72789600
2021-11-18T00:00:00Z,3600.0,3612.5,3575.0,3587.5,30911600
2021-11-19T00:00:00Z,3587.5,3650.0,3575.0,3625.0,101125800
2021-11-22T00:00:00Z,3675.0,3750.0,3612.5,3675.0,92374400
2021-11-23T00:00:00Z,3612.5,3637.5,3550.0,3575.0,63127600
2021-11-24T00:00:00Z,3562.5,3587.5,3550.0,3575.0,56217000
2021-11-25T00:00:00Z,3612.5,3687.5,3587.5,3675.0,97473400
2021-11-26T00:00:00Z,3662.5,3662.5,3537.5,3550.0,78633400
2021-11-29T00:00:00Z,3550.0,3637.5,3462.5,3587.5,112673000
2021-11-30T00:00:00Z,3625.0,3625.0,3475.0,3500.0,219340400
2021-12-01T00:00:00Z,3500.0,3562.5,3475.0,3537.5,93119800
2021-12-02T00:00:00Z,3537.5,3625.0,3500.0,3600.0,70416400
2021-12-03T00:00:00Z,3600.0,3612.5,3550.0,3575.0,46109400
2021-12-06T00:00:00Z,3575.0,3625.0,3550.0,3587.5,52050400
2021-12-07T00:00:00Z,3587.5,3650.0,3587.5,3650.0,64289400
2021-12-08T00:00:00Z,3637.5,3650.0,3575.0,3575.0,56064200
2021-12-09T00:00:00Z,3625.0,3675.0,3562.5,3675.0,42688600
2021-12-10T00:00:00Z,3600.0,3612.5,3550.0,3600.0,93532200
2021-12-13T00:00:00Z,3600.0,3612.5,3562.5,3562.5,50091200
2021-12-14T00:00:00Z,3562.5,3600.0,3550.0,3587.5,65061400
2021-12-15T00:00:00Z,3575.0,3662.5,3562.5,3637.5,75677400
2021-12-16T00:00:00Z,3650.0,3662.5,3600.0,3625.0,69082400
2021-12-17T00:00:00Z,3612.5,3612.5,3537.5,3575.0,83945200
2021-12-20T00:00:00Z,3550.0,3575.0,3537.5,3537.5,57932600
2021-12-21T00:00:00Z,3575.0,3625.0,3550.0,3575.0,49859600
2021-12-22T00:00:00Z,3587.5,3600.0,3525.0,3525.0,34814400
2021-12-23T00:00:00Z,3525.0,3575.0,3525.0,3537.5,44565000
2021-12-24T00:00:00Z,3550.0,3575.0,3475.0,3525.0,54902200
2021-12-27T00:00:00Z,3525.0,3550.0,3487.5,3500.0,34096400
2021-12-28T00:00:00Z,3525.0,3525.0,3487.5,3525.0,39835400
2021-12-29T00:00:00Z,3537.5,3562.5,3500.0,3550.0,20860200
2021-12-30T00:00:00Z,3550.0,3562.5,3512.5,3512.5,34951600
2022-01-03T00:00:00Z,3550.0,3562.5,3512.5,3525.0,30999600
2022-01-04T00:00:00Z,3537.5,3600.0,3525.0,3587.5,44541400
2022-01-05T00:00:00Z,3575.0,3587.5,3462.5,3512.5,98910200
2022-01-06T00:00:00Z,3537.5,3537.5,3475.0,3512.5,65651200
2022-01-07T00:00:00Z,3512.5,3550.0,3512.5,3525.0,68452800
2022-01-10T00:00:00Z,3537.5,3550.0,3525.0,3525.0,44378600
2022-01-11T00:00:00Z,3550.0,3550.0,3500.0,3525.0,50367600
2022-01-12T00:00:00Z,3525.0,3575.0,3525.0,3575.0,34249200
2022-01-13T00:00:00Z,3575.0,3587.5,3550.0,3562.5,35763800
2022-01-14T00:00:00Z,3537.5,3612.5,3537.5,3587.5,43651400
2022-01-17T00:00:00Z,3625.0,3637.5,3575.0,3600.0,43188000
2022-01-18T00:00:00Z,3587.5,3625.0,3550.0,3625.0,64484800
2022-01-19T00:00:00Z,3587.5,3600.0,3500.0,3512.5,103093600
2022-01-20T00:00:00Z,3550.0,3587.5,3512.5,3587.5,53067000
2022-01-21T00:00:00Z,3587.5,3650.0,3562.5,3650.0,76806800
2022-01-24T00:00:00Z,3637.5,3637.5,3600.0,3637.5,44476800
2022-01-25T00:00:00Z,3600.0,3625.0,3575.0,3612.5,69268000
2022-01-26T00:00:00Z,3650.0,3737.5,3612.5,3737.5,140636400
2022-01-27T00:00:00Z,3737.5,3800.0,3700.0,3775.0,113618000
2022-01-28T00:00:00Z,3812.5,3825.0,3775.0,3825.0,121145200
2022-01-31T00:00:00Z,3887.5,3887.5,3725.0,3737.5,101700800
2022-02-02T00:00:00Z,3762.5,3762.5,3725.0,3737.5,68769000
2022-02-03T00:00:00Z,3737.5,3737.5,3675.0,3737.5,60204000
2022-02-04T00:00:00Z,3725.0,3762.5,3700.0,3737.5,36629400
2022-02-07T00:00:00Z,3825.0,3825.0,3737.5,3750.0,68867800
2022-02-08T00:00:00Z,3800.0,3862.5,3775.0,3812.5,158581800
2022-02-09T00:00:00Z,3850.0,3862.5,3800.0,3837.5,107360800
2022-02-10T00:00:00Z,3850.0,3875.0,3825.0,3862.5,107679400
2022-02-11T00:00:00Z,3887.5,3887.5,3825.0,3862.5,81582600
2022-02-14T00:00:00Z,3850.0,3900.0,3812.5,3900.0,76263200
2022-02-15T00:00:00Z,3900.0,3950.0,3837.5,3950.0,67804400
2022-02-16T00:00:00Z,3962.5,3962.5,3875.0,3925.0,74785000
2022-02-17T00:00:00Z,3937.5,3937.5,3837.5,3925.0,103038800
2022-02-18T00:00:00Z,3912.5,3975.0,3875.0,3925.0,81303200
2022-02-21T00:00:00Z,3925.0,3962.5,3925.0,3925.0,31720800
2022-02-22T00:00:00Z,3912.5,3950.0,3887.5,3937.5,69476600
2022-02-23T00:00:00Z,3962.5,3975.0,3912.5,3937.5,85991000
2022-02-24T00:00:00Z,3862.5,3937.5,3825.0,3850.0,170297000
2022-02-25T00:00:00Z,3862.5,3875.0,3825.0,3850.0,163299800
2022-03-01T00:00:00Z,3837.5,3925.0,3825.0,3825.0,149532200
2022-03-02T00:00:00Z,3825.0,3862.5,3775.0,3812.5,110824000
2022-03-04T00:00:00Z,3850.0,3862.5,3800.0,3825.0,104914600
2022-03-07T00:00:00Z,3775.0,3812.5,3750.0,3775.0,137667600
2022-03-08T00:00:00Z,3812.5,3850.0,3775.0,3775.0,104072200
2022-03-09T00:00:00Z,3787.5,3862.5,3787.5,3812.5,115109200
2022-03-10T00:00:00Z,3850.0,3875.0,3800.0,3837.5,105803000
2022-03-11T00:00:00Z,3862.5,3862.5,3800.0,3825.0,122401600
2022-03-14T00:00:00Z,3825.0,3912.5,3812.5,3875.0,173513400
2022-03-15T00:00:00Z,3900.0,3937.5,3887.5,3887.5,146735400
2022-03-16T00:00:00Z,3900.0,4025.0,3900.0,3975.0,291909800
2022-03-17T00:00:00Z,4000.0,4050.0,3975.0,3975.0,235559000
2022-03-18T00:00:00Z,3987.5,4000.0,3937.5,3962.5,212233400
2022-03-21T00:00:00Z,3837.5,3862.5,3800.0,3825.0,162364400
2022-03-22T00:00:00Z,3850.0,3875.0,3825.0,3837.5,112672400
2022-03-23T00:00:00Z,3837.5,3900.0,3825.0,3887.5,183894800
2022-03-24T00:00:00Z,3850.0,3962.5,3850.0,3962.5,210909800
2022-03-25T00:00:00Z,3975.0,3987.5,3887.5,3925.0,136083000
2022-03-28T00:00:00Z,3937.5,3950.0,3900.0,3937.5,95354400
2022-03-29T00:00:00Z,3987.5,4012.5,3937.5,3962.5,160112200
2022-03-30T00:00:00Z,3975.0,3987.5,3925.0,3937.5,82476000
2022-03-31T00:00:00Z,3962.5,3987.5,3925.0,3950.0,69174000
2022-04-01T00:00:00Z,3950.0,3950.0,3887.5,3937.5,62912400
2022-04-04T00:00:00Z,3912.5,3950.0,3887.5,3912.5,82013800
2022-04-05T00:00:00Z,3900.0,3937.5,3900.0,3912.5,82378200
2022-04-06T00:00:00Z,3900.0,3900.0,3825.0,3837.5,129476400
2022-04-07T00:00:00Z,3837.5,3887.5,3812.5,3850.0,136162800
2022-04-08T00:00:00Z,3900.0,3900.0,3837.5,3850.0,94622400
2022-04-11T00:00:00Z,3850.0,3875.0,3825.0,3837.5,107966400
2022-04-12T00:00:00Z,3837.5,3875.0,3812.5,3850.0,92691200
2022-04-13T00:00:00Z,3837.5,3875.0,3825.0,3862.5,90558600
2022-04-14T00:00:00Z,3862.5,3875.0,3825.0,3837.5,63275600
2022-04-18T00:00:00Z,3837.5,3862.5,3787.5,3812.5,101496000
2022-04-19T00:00:00Z,3812.5,3837.5,3787.5,3787.5,104508400
2022-04-20T00:00:00Z,3825.0,3950.0,3812.5,3925.0,164354800
2022-04-21T00:00:00Z,4000.0,4200.0,3962.5,4150.0,337363200
2022-04-22T00:00:00Z,4100.0,4162.5,4037.5,4137.5,168301800
2022-04-25T00:00:00Z,4100.0,4225.0,4012.5,4112.5,179082600
2022-04-26T00:00:00Z,4125.0,4212.5,4112.5,4175.0,131930600
2022-04-27T00:00:00Z,4137.5,4212.5,4112.5,4112.5,118272800
2022-04-28T00:00:00Z,4387.5,4537.5,4337.5,4475.0,443163800
2022-05-09T00:00:00Z,4312.5,4337.5,4162.5,4162.5,351637800
2022-05-10T00:00:00Z,3912.5,4087.5,3912.5,4050.0,498444800
2022-05-11T00:00:00Z,4050.0,4100.0,4000.0,4000.0,198922600
2022-05-12T00:00:00Z,3987.5,4025.0,3862.5,3937.5,162727200
2022-05-13T00:00:00Z,3937.5,3950.0,3875.0,3900.0,165507800
2022-05-17T00:00:00Z,3900.0,4000.0,3900.0,3925.0,149548800
2022-05-18T00:00:00Z,3987.5,4012.5,3900.0,3950.0,162519200
2022-05-19T00:00:00Z,3900.0,3962.5,3875.0,3950.0,127740400
2022-05-20T00:00:00Z,3975.0,4025.0,3975.0,4000.0,106866400
2022-05-23T00:00:00Z,4025.0,4037.5,3900.0,3937.5,144005200
2022-05-24T00:00:00Z,3975.0,4025.0,3950.0,3962.5,134555000
2022-05-25T00:00:00Z,3950.0,4025.0,3912.5,3925.0,132635400
2022-05-27T00:00:00Z,4000.0,4062.5,3975.0,4050.0,155078600
2022-05-30T00:00:00Z,4100.0,4100.0,4000.0,4100.0,117617200
2022-05-31T00:00:00Z,4137.5,4250.0,4112.5,4250.0,262054000
2022-06-02T00:00:00Z,4162.5,4175.0,4025.0,4100.0,203021800
2022-06-03T00:00:00Z,4137.5,4150.0,4100.0,4100.0,147960000
2022-06-06T00:00:00Z,4100.0,4175.0,4012.5,4075.0,148785000
2022-06-07T00:00:00Z,4100.0,4175.0,4075.0,4150.0,132673800
2022-06-08T00:00:00Z,4112.5,4212.5,4075.0,4200.0,153409200
2022-06-09T00:00:00Z,4200.0,4250.0,4175.0,4212.5,216804400
2022-06-10T00:00:00Z,4137.5,4162.5,4075.0,4087.5,165119600
2022-06-13T00:00:00Z,4000.0,4050.0,3975.0,4050.0,122467200
2022-06-14T00:00:00Z,4000.0,4100.0,4000.0,4100.0,100136600
2022-06-15T00:00:00Z,4062.5,4162.5,4062.5,4150.0,142400800
2022-06-16T00:00:00Z,4250.0,4250.0,4150.0,4187.5,186692600
2022-06-17T00:00:00Z,4087.5,4125.0,4037.5,4037.5,156836200
2022-06-20T00:00:00Z,4050.0,4125.0,4025.0,4125.0,74978200
2022-06-21T00:00:00Z,4150.0,4175.0,4100.0,4125.0,62996600
2022-06-22T00:00:00Z,4100.0,4137.5,4062.5,4075.0,88306600
2022-06-23T00:00:00Z,4075.0,4112.5,4050.0,4075.0,48817400
2022-06-24T00:00:00Z,4100.0,4150.0,4075.0,4150.0,60638400
2022-06-27T00:00:00Z,4200.0,4200.0,4037.5,4112.5,76574400
2022-06-28T00:00:00Z,4075.0,4100.0,4000.0,4062.5,110131200
2022-06-29T00:00:00Z,4050.0,4062.5,3975.0,3975.0,113216400
2022-06-30T00:00:00Z,4000.0,4050.0,3950.0,3962.5,125507600
2022-07-01T00:00:00Z,3937.5,3962.5,3787.5,3800.0,191672200
2022-07-04T00:00:00Z,3787.5,3837.5,3637.5,3700.0,246417000
2022-07-05T00:00:00Z,3725.0,3862.5,3725.0,3825.0,90919800
2022-07-06T00:00:00Z,3825.0,3825.0,3675.0,3762.5,180812800
2022-07-07T00:00:00Z,3750.0,3775.0,3712.5,3712.5,120444800
2022-07-08T00:00:00Z,3775.0,3775.0,3700.0,3737.5,57156600
2022-07-11T00:00:00Z,3737.5,3762.5,3700.0,3737.5,22860800
2022-07-12T00:00:00Z,3737.5,3737.5,3687.5,3712.5,51524400
2022-07-13T00:00:00Z,3700.0,3712.5,3637.5,3637.5,142494200
2022-07-14T00:00:00Z,3625.0,3687.5,3600.0,3637.5,158438200
2022-07-15T00:00:00Z,3650.0,3700.0,3587.5,3587.5,191949400
2022-07-18T00:00:00Z,3612.5,3675.0,3612.5,3675.0,152078400
2022-07-19T00:00:00Z,3675.0,3725.0,3637.5,3712.5,128963600
2022-07-20T00:00:00Z,3775.0,3975.0,3775.0,3950.0,215712600
2022-07-21T00:00:00Z,4000.0,4000.0,3862.5,3950.0,125699200
2022-07-22T00:00:00Z,3962.5,3962.5,3887.5,3925.0,54461200
2022-07-25T00:00:00Z,3937.5,3950.0,3887.5,3887.5,30750600
2022-07-26T00:00:00Z,3912.5,4012.5,3900.0,4000.0,58317600
2022-07-27T00:00:00Z,4025.0,4062.5,4000.0,4050.0,87439200
2022-07-28T00:00:00Z,4012.5,4100.0,4012.5,4025.0,94427400
2022-07-29T00:00:00Z,4112.5,4175.0,4075.0,4137.5,132709400
2022-08-01T00:00:00Z,4100.0,4112.5,3987.5,3987.5,95909000
2022-08-02T00:00:00Z,4000.0,4087.5,3987.5,4087.5,57458200
2022-08-03T00:00:00Z,4087.5,4125.0,4025.0,4125.0,55822800
2022-08-04T00:00:00Z,4150.0,4150.0,4075.0,4125.0,75188600
2022-08-05T00:00:00Z,4137.5,4150.0,4087.5,4125.0,64150800
2022-08-08T00:00:00Z,4125.0,4175.0,4112.5,4175.0,82522000
2022-08-09T00:00:00Z,4212.5,4300.0,4200.0,4237.5,117148200
2022-08-10T00:00:00Z,4175.0,4300.0,4125.0,4300.0,79950200
2022-08-11T00:00:00Z,4312.5,4337.5,4212.5,4262.5,106627400
2022-08-12T00:00:00Z,4262.5,4287.5,4212.5,4237.5,62626200
2022-08-15T00:00:00Z,4225.0,4275.0,4200.0,4225.0,44464800
2022-08-16T00:00:00Z,4275.0,4325.0,4237.5,4262.5,109260400
2022-08-18T00:00:00Z,4387.5,4400.0,4287.5,4300.0,116693200
2022-08-19T00:00:00Z,4300.0,4325.0,4250.0,4250.0,48290200
2022-08-22T00:00:00Z,4212.5,4275.0,4175.0,4262.5,121399800
2022-08-23T00:00:00Z,4250.0,4337.5,4225.0,4312.5,95553400
2022-08-24T00:00:00Z,4300.0,4350.0,4275.0,4312.5,60958200
2022-08-25T00:00:00Z,4275.0,4312.5,4212.5,4287.5,77254800
2022-08-26T00:00:00Z,4312.5,4325.0,4250.0,4250.0,82356600
2022-08-29T00:00:00Z,4200.0,4300.0,4175.0,4275.0,62683800
2022-08-30T00:00:00Z,4312.5,4375.0,4287.5,4325.0,109649400
2022-08-31T00:00:00Z,4250.0,4425.0,4225.0,4425.0,151631600
2022-09-01T00:00:00Z,4425.0,4475.0,4337.5,4462.5,120967800
2022-09-02T00:00:00Z,4487.5,4500.0,4362.5,4425.0,90044600
2022-09-05T00:00:00Z,4425.0,4500.0,4400.0,4475.0,60491000
2022-09-06T00:00:00Z,4487.5,4500.0,4400.0,4412.5,65296200
2022-09-07T00:00:00Z,4387.5,4437.5,4362.5,4437.5,97771400
2022-09-08T00:00:00Z,4450.0,4550.0,4412.5,4475.0,96931000
2022-09-09T00:00:00Z,4537.5,4550.0,4475.0,4537.5,128510800
2022-09-12T00:00:00Z,4575.0,4600.0,4537.5,4587.5,110819000
2022-09-13T00:00:00Z,4625.0,4750.0,4612.5,4725.0,185487800
2022-09-14T00:00:00Z,4637.5,4700.0,4600.0,4650.0,119631200
2022-09-15T00:00:00Z,4700.0,4750.0,4650.0,4675.0,156750600
2022-09-16T00:00:00Z,4637.5,4650.0,4512.5,4550.0,167812600
2022-09-19T00:00:00Z,4625.0,4650.0,4575.0,4612.5,137396600
2022-09-20T00:00:00Z,4662.5,4687.5,4600.0,4600.0,140752200
2022-09-21T00:00:00Z,4575.0,4637.5,4550.0,4637.5,71044400
2022-09-22T00:00:00Z,4637.5,4650.0,4587.5,4600.0,96479200
2022-09-23T00:00:00Z,4600.0,4625.0,4575.0,4600.0,61877000
2022-09-26T00:00:00Z,4562.5,4687.5,4475.0,4625.0,133769600
2022-09-27T00:00:00Z,4625.0,4675.0,4600.0,4675.0,130959400
2022-09-28T00:00:00Z,4725.0,4800.0,4637.5,4650.0,133085000
2022-09-29T00:00:00Z,4675.0,4687.5,4600.0,4625.0,67945200
2022-09-30T00:00:00Z,4650.0,4712.5,4612.5,4712.5,113501000
2022-10-03T00:00:00Z,4662.5,4687.5,4612.5,4637.5,54662400
2022-10-04T00:00:00Z,4650.0,4687.5,4612.5,4612.5,90247000
2022-10-05T00:00:00Z,4650.0,4737.5,4637.5,4637.5,75891600
2022-10-06T00:00:00Z,4650.0,4662.5,4612.5,4662.5,43279200
2022-10-07T00:00:00Z,4662.5,4712.5,4637.5,4712.5,51267000
2022-10-10T00:00:00Z,4687.5,4700.0,4637.5,4650.0,55465000
2022-10-11T00:00:00Z,4712.5,4712.5,4625.0,4650.0,71925600
2022-10-12T00:00:00Z,4687.5,4750.0,4650.0,4712.5,118731400
2022-10-13T00:00:00Z,4750.0,4775.0,4662.5,4737.5,58832000
2022-10-14T00:00:00Z,4825.0,4825.0,4687.5,4700.0,106401600
2022-10-17T00:00:00Z,4725.0,4737.5,4650.0,4725.0,60905200
2022-10-18T00:00:00Z,4750.0,4787.5,4725.0,4750.0,67904400
2022-10-19T00:00:00Z,4687.5,4787.5,4662.5,4737.5,71544800
2022-10-20T00:00:00Z,4675.0,4962.5,4675.0,4950.0,102422400
2022-10-21T00:00:00Z,5000.0,5225.0,4962.5,5175.0,183987800
2022-10-24T00:00:00Z,5162.5,5250.0,5125.0,5125.0,102168000
2022-10-25T00:00:00Z,5137.5,5225.0,5112.5,5112.5,83305200
2022-10-26T00:00:00Z,5112.5,5125.0,5000.0,5100.0,80531400
2022-10-27T00:00:00Z,5100.0,5162.5,5025.0,5100.0,84531200
2022-10-28T00:00:00Z,5062.5,5112.5,5050.0,5100.0,102437400
2022-10-31T00:00:00Z,5150.0,5275.0,5112.5,5275.0,173874600
2022-11-01T00:00:00Z,5300.0,5300.0,5112.5,5200.0,111898000
2022-11-02T00:00:00Z,5187.5,5200.0,4987.5,5037.5,127515400
2022-11-03T00:00:00Z,4975.0,5100.0,4975.0,5087.5,119598600
2022-11-04T00:00:00Z,5012.5,5075.0,5000.0,5075.0,70781200
2022-11-07T00:00:00Z,5087.5,5125.0,5000.0,5125.0,98034400
2022-11-08T00:00:00Z,5137.5,5137.5,5037.5,5075.0,39585800
2022-11-09T00:00:00Z,5025.0,5075.0,5025.0,5075.0,68010400
2022-11-10T00:00:00Z,5025.0,5075.0,5000.0,5050.0,61964000
2022-11-11T00:00:00Z,5150.0,5225.0,5112.5,5212.5,102008200
2022-11-14T00:00:00Z,5275.0,5275.0,5075.0,5125.0,61055200
2022-11-15T00:00:00Z,5150.0,5150.0,5050.0,5125.0,83000800
2022-11-16T00:00:00Z,5050.0,5087.5,4950.0,5000.0,128257800
2022-11-17T00:00:00Z,4925.0,5012.5,4925.0,4950.0,167562600
2022-11-18T00:00:00Z,4975.0,5112.5,4962.5,5087.5,111646200
2022-11-21T00:00:00Z,5087.5,5100.0,5012.5,5050.0,52311600
2022-11-22T00:00:00Z,5025.0,5125.0,5025.0,5062.5,79850600
2022-11-23T00:00:00Z,5062.5,5150.0,5062.5,5100.0,78250600
2022-11-24T00:00:00Z,5112.5,5150.0,5100.0,5112.5,59701400
2022-11-25T00:00:00Z,5112.5,5112.5,5050.0,5087.5,77984800
2022-11-28T00:00:00Z,5087.5,5137.5,5062.5,5062.5,64779000
2022-11-29T00:00:00Z,5125.0,5225.0,5100.0,5162.5,72261000
2022-11-30T00:00:00Z,5162.5,5400.0,5162.5,5262.5,347136800
2022-12-01T00:00:00Z,5262.5,5325.0,5200.0,5200.0,141493000
2022-12-02T00:00:00Z,5200.0,5262.5,5162.5,5262.5,70811400
2022-12-05T00:00:00Z,5325.0,5500.0,5287.5,5437.5,146472800
2022-12-06T00:00:00Z,5437.5,5500.0,5362.5,5450.0,139360200
2022-12-07T00:00:00Z,5312.5,5350.0,5187.5,5187.5,200886200
2022-12-08T00:00:00Z,5037.5,5112.5,4987.5,5025.0,279908400
2022-12-09T00:00:00Z,4975.0,5025.0,4912.5,4962.5,241338200
2022-12-12T00:00:00Z,4912.5,5000.0,4887.5,4975.0,183717600
2022-12-13T00:00:00Z,4887.5,5000.0,4887.5,4950.0,224176000
2022-12-14T00:00:00Z,5037.5,5050.0,4975.0,4975.0,162689200
2022-12-15T00:00:00Z,4950.0,5012.5,4950.0,4950.0,82673400
2022-12-16T00:00:00Z,4912.5,5050.0,4912.5,5050.0,770252400
2022-12-19T00:00:00Z,5000.0,5037.5,4950.0,5000.0,100871400
2022-12-20T00:00:00Z,5000.0,5025.0,4975.0,5025.0,56633800
2022-12-21T00:00:00Z,5062.5,5062.5,5000.0,5000.0,37945200
2022-12-22T00:00:00Z,5050.0,5050.0,4975.0,4975.0,78836200
2022-12-23T00:00:00Z,4950.0,5000.0,4950.0,4962.5,38571200
2022-12-26T00:00:00Z,4987.5,5025.0,4975.0,5025.0,19578800
2022-12-27T00:00:00Z,5025.0,5025.0,4937.5,4975.0,43282000
2022-12-28T00:00:00Z,5000.0,5000.0,4925.0,4987.5,30258400
2022-12-29T00:00:00Z,4950.0,4987.5,4937.5,4987.5,56981400
2022-12-30T00:00:00Z,5000.0,5025.0,4962.5,4962.5,40655800
2023-01-02T00:00:00Z,4962.5,4987.5,4937.5,4937.5,5985400
2023-01-03T00:00:00Z,4925.0,4987.5,4925.0,4975.0,13815200
2023-01-04T00:00:00Z,5012.5,5037.5,4987.5,5012.5,38575800
2023-01-05T00:00:00Z,5025.0,5025.0,4862.5,4912.5,84945800
2023-01-06T00:00:00Z,4862.5,4900.0,4800.0,4900.0,44097000
2023-01-09T00:00:00Z,4875.0,4925.0,4800.0,4862.5,67250600
2023-01-10T00:00:00Z,4750.0,4775.0,4587.5,4637.5,214538800
2023-01-11T00:00:00Z,4537.5,4587.5,4450.0,4475.0,193915000
2023-01-12T00:00:00Z,4500.0,4725.0,4500.0,4600.0,219659400
2023-01-13T00:00:00Z,4562.5,4612.5,4525.0,4587.5,107483800
2023-01-16T00:00:00Z,4550.0,4675.0,4550.0,4650.0,145710000
2023-01-17T00:00:00Z,4700.0,4912.5,4687.5,4875.0,146238000
2023-01-18T00:00:00Z,4825.0,4887.5,4750.0,4775.0,95360600
2023-01-19T00:00:00Z,4800.0,4912.5,4762.5,4875.0,81704200
2023-01-20T00:00:00Z,4925.0,5000.0,4900.0,4987.5,93227400
2023-01-24T00:00:00Z,4925.0,4987.5,4900.0,4950.0,35028000
2023-01-25T00:00:00Z,4900.0,4925.0,4850.0,4850.0,72767800
2023-01-26T00:00:00Z,4887.5,4937.5,4875.0,4912.5,70558600
2023-01-27T00:00:00Z,4950.0,5075.0,4950.0,5012.5,216788400
2023-01-30T00:00:00Z,5012.5,5062.5,4937.5,4975.0,82589400
2023-01-31T00:00:00Z,5012.5,5050.0,4937.5,4975.0,167297000
2023-02-01T00:00:00Z,4975.0,5025.0,4837.5,4850.0,165628800
2023-02-02T00:00:00Z,4862.5,4875.0,4787.5,4862.5,99351800
2023-02-03T00:00:00Z,4875.0,4975.0,4875.0,4962.5,108125400
2023-02-06T00:00:00Z,4962.5,5025.0,4875.0,4937.5,109098400
2023-02-07T00:00:00Z,4975.0,5112.5,4950.0,5087.5,118132000
2023-02-08T00:00:00Z,5062.5,5112.5,5050.0,5100.0,75656000
2023-02-09T00:00:00Z,5150.0,5200.0,5125.0,5125.0,121757400
2023-02-10T00:00:00Z,5225.0,5225.0,5075.0,5150.0,81114600
2023-02-13T00:00:00Z,5275.0,5275.0,5125.0,5175.0,56771800
2023-02-14T00:00:00Z,5225.0,5225.0,5137.5,5187.5,39570600
2023-02-15T00:00:00Z,5150.0,5175.0,5050.0,5112.5,75595200
2023-02-16T00:00:00Z,5112.5,5137.5,5062.5,5087.5,49569000
2023-02-17T00:00:00Z,5087.5,5150.0,5050.0,5150.0,58521000
2023-02-20T00:00:00Z,5150.0,5150.0,5100.0,5137.5,40696400
2023-02-21T00:00:00Z,5150.0,5150.0,5087.5,5100.0,52604400
2023-02-22T00:00:00Z,5062.5,5087.5,4975.0,5000.0,75513400
2023-02-23T00:00:00Z,4987.5,5050.0,4962.5,5037.5,177505200
2023-02-24T00:00:00Z,5062.5,5112.5,5037.5,5062.5,54138200
2023-02-27T00:00:00Z,5037.5,5075.0,5025.0,5075.0,47901800
2023-02-28T00:00:00Z,5037.5,5075.0,5000.0,5000.0,146440400
2023-03-01T00:00:00Z,5075.0,5100.0,5025.0,5050.0,89565600
2023-03-02T00:00:00Z,5075.0,5150.0,5075.0,5112.5,72991800
2023-03-03T00:00:00Z,5100.0,5125.0,5012.5,5025.0,88630600
2023-03-06T00:00:00Z,5087.5,5112.5,5037.5,5062.5,53728800
2023-03-07T00:00:00Z,5075.0,5137.5,5062.5,5087.5,80065800
2023-03-08T00:00:00Z,5125.0,5137.5,5087.5,5137.5,104838200
2023-03-09T00:00:00Z,5200.0,5250.0,5175.0,5225.0,83286000
2023-03-10T00:00:00Z,5212.5,5212.5,5137.5,5187.5,107531000
2023-03-13T00:00:00Z,5137.5,5187.5,5112.5,5175.0,92827600
2023-03-14T00:00:00Z,5100.0,5137.5,4925.0,4962.5,191898400
2023-03-15T00:00:00Z,5025.0,5087.5,4925.0,5025.0,262828600
2023-03-16T00:00:00Z,5037.5,5037.5,4912.5,4925.0,135467400
2023-03-17T00:00:00Z,4975.0,5062.5,4962.5,5050.0,224171600
2023-03-20T00:00:00Z,5025.0,5050.0,5000.0,5000.0,46333000
2023-03-21T00:00:00Z,5050.0,5250.0,5037.5,5250.0,131331000
2023-03-24T00:00:00Z,5312.5,5475.0,5287.5,5450.0,222156200
2023-03-27T00:00:00Z,5200.0,5212.5,5100.0,5100.0,151825600
2023-03-28T00:00:00Z,5100.0,5137.5,5050.0,5062.5,103951000
2023-03-29T00:00:00Z,5125.0,5187.5,5100.0,5175.0,107454600
2023-03-30T00:00:00Z,5175.0,5200.0,5112.5,5112.5,97186200
2023-03-31T00:00:00Z,5137.5,5162.5,5100.0,5162.5,92013200
2023-04-03T00:00:00Z,5200.0,5262.5,5200.0,5262.5,101724400
2023-04-04T00:00:00Z,5250.0,5300.0,5100.0,5200.0,94482600
2023-04-05T00:00:00Z,5150.0,5250.0,5150.0,5225.0,42655500
2023-04-06T00:00:00Z,5225.0,5225.0,5150.0,5175.0,47999400
2023-04-10T00:00:00Z,5150.0,5175.0,5050.0,5100.0,74787800
2023-04-11T00:00:00Z,5100.0,5100.0,5050.0,5100.0,37744800
2023-04-12T00:00:00Z,5100.0,5225.0,5100.0,5150.0,111901500
2023-04-13T00:00:00Z,5175.0,5200.0,5125.0,5125.0,67928500
2023-04-14T00:00:00Z,5150.0,5250.0,5150.0,5225.0,142479800
2023-04-17T00:00:00Z,5225.0,5250.0,5125.0,5125.0,95789900
2023-04-18T00:00:00Z,5150.0,5250.0,5125.0,5175.0,106962300
2023-04-26T00:00:00Z,5400.0,5425.0,5175.0,5200.0,207338000
2023-04-27T00:00:00Z,5175.0,5225.0,5175.0,5200.0,51076300
2023-04-28T00:00:00Z,5225.0,5225.0,5150.0,5175.0,116957800
2023-05-02T00:00:00Z,5250.0,5250.0,5175.0,5250.0,98024100
2023-05-03T00:00:00Z,5250.0,5250.0,5150.0,5225.0,110683000
2023-05-04T00:00:00Z,5175.0,5225.0,5125.0,5175.0,100945900
2023-05-05T00:00:00Z,5175.0,5200.0,5125.0,5175.0,64499500
2023-05-08T00:00:00Z,5175.0,5200.0,5125.0,5125.0,64678000
2023-05-09T00:00:00Z,5100.0,5125.0,5050.0,5050.0,93531000
2023-05-10T00:00:00Z,5050.0,5125.0,5050.0,5075.0,58148200
2023-05-11T00:00:00Z,5075.0,5100.0,5025.0,5100.0,63262300
2023-05-12T00:00:00Z,5075.0,5075.0,5000.0,5000.0,105407300
2023-05-15T00:00:00Z,5050.0,5050.0,5000.0,5050.0,76451700
2023-05-16T00:00:00Z,5075.0,5075.0,4980.0,4990.0,42752200
2023-05-17T00:00:00Z,4990.0,5075.0,4980.0,5000.0,63396700
2023-05-19T00:00:00Z,5075.0,5100.0,5025.0,5075.0,78499800
2023-05-22T00:00:00Z,5100.0,5250.0,5075.0,5225.0,120027200
2023-05-23T00:00:00Z,5200.0,5250.0,5100.0,5125.0,165534100
2023-05-24T00:00:00Z,5125.0,5150.0,5050.0,5075.0,125575300
2023-05-25T00:00:00Z,5050.0,5175.0,5050.0,5175.0,76424100
2023-05-26T00:00:00Z,5175.0,5200.0,5100.0,5125.0,42313700
2023-05-29T00:00:00Z,5175.0,5175.0,5100.0,5150.0,60646900
2023-05-30T00:00:00Z,5100.0,5200.0,5100.0,5150.0,49086100
2023-05-31T00:00:00Z,5175.0,5200.0,5050.0,5050.0,393735900
2023-06-05T00:00:00Z,5100.0,5150.0,5075.0,5075.0,149191300
2023-06-06T00:00:00Z,5050.0,5100.0,4950.0,5050.0,244590500
2023-06-07T00:00:00Z,5000.0,5075.0,5000.0,5025.0,130408700
2023-06-08T00:00:00Z,5000.0,5075.0,5000.0,5025.0,173484200
2023-06-09T00:00:00Z,5025.0,5125.0,5000.0,5125.0,150849200
2023-06-12T00:00:00Z,5100.0,5125.0,5050.0,5100.0,91080300
2023-06-13T00:00:00Z,5100.0,5175.0,5050.0,5100.0,143804700
2023-06-14T00:00:00Z,5125.0,5150.0,5050.0,5050.0,96670300
2023-06-15T00:00:00Z,5050.0,5150.0,5050.0,5125.0,94097900
2023-06-16T00:00:00Z,5125.0,5150.0,5075.0,5150.0,103942500
2023-06-19T00:00:00Z,5100.0,5150.0,5100.0,5125.0,36211300
2023-06-20T00:00:00Z,5100.0,5125.0,5050.0,5100.0,44316800
2023-06-21T00:00:00Z,5050.0,5100.0,5050.0,5100.0,58061600
2023-06-22T00:00:00Z,5100.0,5150.0,5075.0,5075.0,60457300
2023-06-23T00:00:00Z,5075.0,5125.0,5050.0,5075.0,47276900
2023-06-26T00:00:00Z,5100.0,5175.0,5075.0,5125.0,74263700
2023-06-27T00:00:00Z,5175.0,5250.0,5150.0,5200.0,101592900
2023-07-03T00:00:00Z,5125.0,5350.0,5125.0,5350.0,227354700
2023-07-04T00:00:00Z,5400.0,5400.0,5225.0,5250.0,119841200
2023-07-05T00:00:00Z,5300.0,5325.0,5250.0,5275.0,78430000
2023-07-06T00:00:00Z,5300.0,5350.0,5250.0,5300.0,90981000
2023-07-07T00:00:00Z,5275.0,5300.0,5150.0,5150.0,128515100
2023-07-10T00:00:00Z,5175.0,5225.0,5150.0,5175.0,82685700
2023-07-11T00:00:00Z,5200.0,5300.0,5175.0,5275.0,100578900
2023-07-12T00:00:00Z,5300.0,5375.0,5250.0,5300.0,123947700
2023-07-13T00:00:00Z,5375.0,5375.0,5275.0,5350.0,101281200
2023-07-14T00:00:00Z,5400.0,5425.0,5350.0,5400.0,122343600
2023-07-17T00:00:00Z,5425.0,5475.0,5375.0,5375.0,99897600
2023-07-18T00:00:00Z,5375.0,5425.0,5300.0,5350.0,65073800
2023-07-20T00:00:00Z,5400.0,5550.0,5400.0,5525.0,132054000
2023-07-21T00:00:00Z,5550.0,5575.0,5450.0,5550.0,111275700
2023-07-24T00:00:00Z,5550.0,5625.0,5500.0,5500.0,54865000
2023-07-25T00:00:00Z,5550.0,5575.0,5500.0,5550.0,65237300
2023-07-26T00:00:00Z,5550.0,5600.0,5525.0,5575.0,88526700
2023-07-27T00:00:00Z,5575.0,5700.0,5575.0,5625.0,86556200
2023-07-28T00:00:00Z,5625.0,5725.0,5625.0,5700.0,121968500
2023-07-31T00:00:00Z,5800.0,5800.0,5625.0,5725.0,189375700
2023-08-01T00:00:00Z,5650.0,5725.0,5600.0,5650.0,114702500
2023-08-02T00:00:00Z,5625.0,5750.0,5600.0,5700.0,133546200
2023-08-03T00:00:00Z,5725.0,5825.0,5700.0,5800.0,68587500
2023-08-04T00:00:00Z,5800.0,5825.0,5750.0,5775.0,47144200
2023-08-07T00:00:00Z,5850.0,5925.0,5825.0,5875.0,104342100
2023-08-08T00:00:00Z,5900.0,5950.0,5875.0,5900.0,66473200
2023-08-09T00:00:00Z,5900.0,5950.0,5850.0,5900.0,64495400
2023-08-10T00:00:00Z,5925.0,6000.0,5900.0,5975.0,78859600
2023-08-11T00:00:00Z,5975.0,6025.0,5900.0,5925.0,46568600
2023-08-14T00:00:00Z,5925.0,5950.0,5800.0,5950.0,86460500
2023-08-15T00:00:00Z,5900.0,5925.0,5800.0,5800.0,116815700
2023-08-16T00:00:00Z,5775.0,5800.0,5675.0,5800.0,163744100
2023-08-18T00:00:00Z,5725.0,5825.0,5725.0,5775.0,104894600
2023-08-21T00:00:00Z,5800.0,5875.0,5800.0,5825.0,61845800
2023-08-22T00:00:00Z,5800.0,5950.0,5800.0,5950.0,93617200
2023-08-23T00:00:00Z,5950.0,5950.0,5850.0,5850.0,40844700
2023-08-24T00:00:00Z,5900.0,5950.0,5875.0,5950.0,42648300
2023-08-25T00:00:00Z,5900.0,5925.0,5825.0,5900.0,65093100
2023-08-28T00:00:00Z,5950.0,6025.0,5900.0,6000.0,63980400
2023-08-29T00:00:00Z,6000.0,6025.0,5950.0,5950.0,50839300
2023-08-30T00:00:00Z,5925.0,6100.0,5925.0,5975.0,65727400
2023-08-31T00:00:00Z,6000.0,6075.0,5900.0,6025.0,159062900
2023-09-01T00:00:00Z,6075.0,6125.0,6050.0,6075.0,50796000
2023-09-04T00:00:00Z,6075.0,6150.0,6050.0,6100.0,56317700
2023-09-05T00:00:00Z,6100.0,6150.0,6075.0,6100.0,24893100
2023-09-06T00:00:00Z,6050.0,6125.0,6050.0,6050.0,40547800
2023-09-07T00:00:00Z,6000.0,6025.0,5825.0,5875.0,124351400
2023-09-08T00:00:00Z,5900.0,5925.0,5775.0,5900.0,81980400
2023-09-11T00:00:00Z,5900.0,5925.0,5825.0,5925.0,74510600
2023-09-12T00:00:00Z,5950.0,5950.0,5850.0,5875.0,54076800
2023-09-13T00:00:00Z,5825.0,5850.0,5775.0,5850.0,69884000
2023-09-14T00:00:00Z,5825.0,5875.0,5775.0,5825.0,59132600
2023-09-15T00:00:00Z,5900.0,5975.0,5850.0,5925.0,165106200
2023-09-18T00:00:00Z,5900.0,5950.0,5875.0,5900.0,53450400
2023-09-19T00:00:00Z,5900.0,6075.0,5875.0,6000.0,84608400
2023-09-20T00:00:00Z,6100.0,6125.0,6050.0,6075.0,64864900
2023-09-21T00:00:00Z,6050.0,6075.0,5975.0,6000.0,60535000
2023-09-22T00:00:00Z,6000.0,6050.0,5975.0,6000.0,51069900
2023-09-25T00:00:00Z,6000.0,6050.0,5975.0,6000.0,40650900
2023-09-26T00:00:00Z,5975.0,6000.0,5850.0,5925.0,109786400
2023-09-27T00:00:00Z,5925.0,6050.0,5900.0,6000.0,75050600
2023-09-29T00:00:00Z,6050.0,6050.0,6000.0,6025.0,71554100
2023-10-02T00:00:00Z,6025.0,6100.0,6025.0,6050.0,33296500
2023-10-03T00:00:00Z,6000.0,6075.0,6000.0,6075.0,37093100
2023-10-04T00:00:00Z,6075.0,6125.0,5975.0,6125.0,69154000
2023-10-05T00:00:00Z,6150.0,6200.0,6100.0,6125.0,69566800
2023-10-06T00:00:00Z,6150.0,6150.0,6025.0,6025.0,25913600
2023-10-09T00:00:00Z,6025.0,6050.0,5900.0,5900.0,45321700
2023-10-10T00:00:00Z,5900.0,6075.0,5900.0,6000.0,42820800
2023-10-11T00:00:00Z,5950.0,6175.0,5950.0,6050.0,72955000
2023-10-12T00:00:00Z,6075.0,6175.0,6050.0,6075.0,91341800
2023-10-13T00:00:00Z,6075.0,6150.0,6025.0,6075.0,39914700
2023-10-16T00:00:00Z,6025.0,6075.0,5975.0,6025.0,53416400
2023-10-17T00:00:00Z,6000.0,6025.0,5925.0,6000.0,74702300
2023-10-18T00:00:00Z,5925.0,5950.0,5825.0,5850.0,80637400
2023-10-19T00:00:00Z,5775.0,5800.0,5700.0,5725.0,160277800
2023-10-20T00:00:00Z,5675.0,5800.0,5650.0,5750.0,82132000
2023-10-23T00:00:00Z,5700.0,5725.0,5625.0,5675.0,73897500
2023-10-24T00:00:00Z,5700.0,5800.0,5675.0,5750.0,72469200
2023-10-25T00:00:00Z,5825.0,5900.0,5775.0,5850.0,90426500
2023-10-26T00:00:00Z,5800.0,5850.0,5700.0,5700.0,86348700
2023-10-27T00:00:00Z,5750.0,5775.0,5700.0,5700.0,90177000
2023-10-30T00:00:00Z,5700.0,5725.0,5625.0,5725.0,81547000
2023-10-31T00:00:00Z,5800.0,5850.0,5650.0,5675.0,99449400
2023-11-01T00:00:00Z,5700.0,5700.0,5625.0,5650.0,74281200
2023-11-02T00:00:00Z,5750.0,5925.0,5725.0,5900.0,115678200
2023-11-03T00:00:00Z,5925.0,5975.0,5825.0,5825.0,53379500
2023-11-06T00:00:00Z,5900.0,5925.0,5850.0,5925.0,58266100
2023-11-07T00:00:00Z,5950.0,5975.0,5800.0,5875.0,56161300
2023-11-08T00:00:00Z,5775.0,5850.0,5725.0,5850.0,63442400
2023-11-09T00:00:00Z,5825.0,5900.0,5800.0,5875.0,45026200
2023-11-10T00:00:00Z,5850.0,5850.0,5775.0,5775.0,59611500
2023-11-13T00:00:00Z,5850.0,5850.0,5800.0,5825.0,17444600
2023-11-14T00:00:00Z,5825.0,5900.0,5800.0,5825.0,50587800
2023-11-15T00:00:00Z,5900.0,5975.0,5875.0,5925.0,74255700
2023-11-16T00:00:00Z,5850.0,5925.0,5825.0,5925.0,36004500
2023-11-17T00:00:00Z,5875.0,5950.0,5850.0,5900.0,33963900
2023-11-20T00:00:00Z,5825.0,5925.0,5825.0,5875.0,20014600
2023-11-21T00:00:00Z,5850.0,5925.0,5825.0,5875.0,55094300
2023-11-22T00:00:00Z,5825.0,5900.0,5825.0,5875.0,21111100
2023-11-23T00:00:00Z,5950.0,5950.0,5900.0,5900.0,36725600
2023-11-24T00:00:00Z,5925.0,5925.0,5850.0,5875.0,27087900
2023-11-27T00:00:00Z,5900.0,5925.0,5875.0,5900.0,39719300
2023-11-28T00:00:00Z,5900.0,5925.0,5875.0,5900.0,58255800
2023-11-29T00:00:00Z,5850.0,5925.0,5825.0,5850.0,36796600
2023-11-30T00:00:00Z,5850.0,5925.0,5825.0,5850.0,117365000
2023-12-01T00:00:00Z,5850.0,5900.0,5825.0,5900.0,31365100
2023-12-04T00:00:00Z,5925.0,6025.0,5900.0,6000.0,66145100
2023-12-05T00:00:00Z,6000.0,6000.0,5875.0,5975.0,58668400
2023-12-06T00:00:00Z,5925.0,5950.0,5800.0,5800.0,88747200
2023-12-07T00:00:00Z,5800.0,5825.0,5725.0,5750.0,97966700
2023-12-08T00:00:00Z,5750.0,5775.0,5650.0,5700.0,98036700
2023-12-11T00:00:00Z,5650.0,5800.0,5650.0,5775.0,68655000
2023-12-12T00:00:00Z,5800.0,5825.0,5750.0,5800.0,55110500
2023-12-13T00:00:00Z,5750.0,5775.0,5700.0,5725.0,121450600
2023-12-14T00:00:00Z,5825.0,6025.0,5800.0,5950.0,171595800
2023-12-15T00:00:00Z,5950.0,6000.0,5900.0,5900.0,142382200
2023-12-18T00:00:00Z,5850.0,5950.0,5850.0,5925.0,101458600
2023-12-19T00:00:00Z,5950.0,5975.0,5925.0,5975.0,40763200
2023-12-20T00:00:00Z,5900.0,5975.0,5900.0,5925.0,65361000
2023-12-21T00:00:00Z,5950.0,5975.0,5925.0,5975.0,50363900
2023-12-22T00:00:00Z,5950.0,5975.0,5925.0,5975.0,29975600
2023-12-27T00:00:00Z,6000.0,6025.0,5925.0,6000.0,43114900
2023-12-28T00:00:00Z,6050.0,6150.0,6000.0,6125.0,75118700
2023-12-29T00:00:00Z,6125.0,6125.0,6000.0,6050.0,63097100
2024-01-02T00:00:00Z,6050.0,6125.0,6025.0,6125.0,26235700
2024-01-03T00:00:00Z,6100.0,6150.0,6050.0,6100.0,30053900
2024-01-04T00:00:00Z,6125.0,6400.0,6100.0,6350.0,135344500
2024-01-05T00:00:00Z,6400.0,6475.0,6350.0,6425.0,114339400
2024-01-08T00:00:00Z,6500.0,6600.0,6375.0,6400.0,151018300
2024-01-09T00:00:00Z,6425.0,6450.0,6350.0,6375.0,77953400
2024-01-10T00:00:00Z,6375.0,6450.0,6325.0,6425.0,50019800
2024-01-11T00:00:00Z,6425.0,6500.0,6400.0,6450.0,32120200
2024-01-12T00:00:00Z,6575.0,6675.0,6525.0,6575.0,114039700
2024-01-15T00:00:00Z,6575.0,6625.0,6475.0,6500.0,83066800
2024-01-16T00:00:00Z,6525.0,6625.0,6500.0,6525.0,83516800
2024-01-17T00:00:00Z,6525.0,6625.0,6500.0,6525.0,80929000
2024-01-18T00:00:00Z,6525.0,6550.0,6475.0,6525.0,78209900
2024-01-19T00:00:00Z,6500.0,6525.0,6425.0,6525.0,74814000
2024-01-22T00:00:00Z,6500.0,6550.0,6450.0,6500.0,96993100
2024-01-23T00:00:00Z,6525.0,6550.0,6450.0,6500.0,77037800
2024-01-24T00:00:00Z,6450.0,6475.0,6350.0,6400.0,97290600
2024-01-25T00:00:00Z,6325.0,6400.0,6250.0,6275.0,99094100
2024-01-26T00:00:00Z,6250.0,6325.0,6225.0,6300.0,77236800
2024-01-29T00:00:00Z,6350.0,6475.0,6275.0,6475.0,124753000
2024-01-30T00:00:00Z,6475.0,6700.0,6450.0,6650.0,123330900
2024-01-31T00:00:00Z,6650.0,6700.0,6650.0,6650.0,128185000
2024-02-01T00:00:00Z,6575.0,6625.0,6500.0,6550.0,168145800
2024-02-02T00:00:00Z,6625.0,6675.0,6600.0,6675.0,120116200
2024-02-05T00:00:00Z,6700.0,6950.0,6675.0,6825.0,150535100
2024-02-06T00:00:00Z,6825.0,6925.0,6775.0,6850.0,90146000
2024-02-07T00:00:00Z,6875.0,6950.0,6850.0,6950.0,88745500
2024-02-12T00:00:00Z,7150.0,7200.0,7050.0,7100.0,162771300
2024-02-13T00:00:00Z,7100.0,7125.0,7025.0,7025.0,102668900
2024-02-15T00:00:00Z,7300.0,7375.0,7150.0,7200.0,220530000
2024-02-16T00:00:00Z,7375.0,7400.0,7200.0,7200.0,142022100
2024-02-19T00:00:00Z,7150.0,7325.0,7125.0,7150.0,83753500
2024-02-20T00:00:00Z,7250.0,7250.0,7150.0,7150.0,87312000
2024-02-21T00:00:00Z,7125.0,7250.0,7075.0,7250.0,128063900
2024-02-22T00:00:00Z,7175.0,7200.0,7100.0,7100.0,85735800
2024-02-23T00:00:00Z,7050.0,7100.0,7000.0,7050.0,109404700
2024-02-26T00:00:00Z,6950.0,7075.0,6950.0,7050.0,65407700
2024-02-27T00:00:00Z,6975.0,7100.0,6975.0,7075.0,58066100
2024-02-28T00:00:00Z,7025.0,7125.0,7025.0,7125.0,49888400
2024-02-29T00:00:00Z,7125.0,7150.0,7000.0,7000.0,150713600
2024-03-01T00:00:00Z,7050.0,7075.0,6975.0,7025.0,90739400
2024-03-04T00:00:00Z,7000.0,7050.0,6975.0,7025.0,44707200
2024-03-05T00:00:00Z,7075.0,7100.0,7000.0,7025.0,92557200
2024-03-06T00:00:00Z,7000.0,7100.0,7000.0,7075.0,74178100
2024-03-07T00:00:00Z,7075.0,7125.0,7025.0,7100.0,94950400
2024-03-08T00:00:00Z,7150.0,7175.0,7100.0,7125.0,109032400
2024-03-13T00:00:00Z,7250.0,7275.0,7150.0,7275.0,126022700
2024-03-14T00:00:00Z,7250.0,7400.0,7225.0,7400.0,161193000
2024-03-15T00:00:00Z,7450.0,7500.0,7275.0,7400.0,250581100
2024-03-18T00:00:00Z,7425.0,7425.0,7175.0,7175.0,105778200
2024-03-19T00:00:00Z,7250.0,7350.0,7225.0,7275.0,100836600
2024-03-20T00:00:00Z,7050.0,7050.0,7000.0,7050.0,83416700
2024-03-21T00:00:00Z,7100.0,7200.0,7050.0,7050.0,81774800
2024-03-22T00:00:00Z,7000.0,7075.0,6950.0,7050.0,65219900
2024-03-25T00:00:00Z,7250.0,7250.0,7000.0,7250.0,78212700
2024-03-26T00:00:00Z,7225.0,7225.0,7125.0,7175.0,74274300
2024-03-27T00:00:00Z,7200.0,7250.0,7175.0,7175.0,46295700
2024-03-28T00:00:00Z,7150.0,7250.0,7125.0,7250.0,90900900
2024-04-01T00:00:00Z,7250.0,7250.0,6750.0,6900.0,158358600
2024-04-02T00:00:00Z,6900.0,6900.0,6700.0,6900.0,135764900
2024-04-03T00:00:00Z,6950.0,6950.0,6675.0,6775.0,115372600
2024-04-04T00:00:00Z,6750.0,6925.0,6750.0,6875.0,63174900
2024-04-05T00:00:00Z,6825.0,6900.0,6825.0,6825.0,46111500
2024-04-16T00:00:00Z,6350.0,6725.0,6300.0,6625.0,180012400
2024-04-17T00:00:00Z,6700.0,6775.0,6625.0,6625.0,83840200
2024-04-18T00:00:00Z,6800.0,6900.0,6725.0,6800.0,106893900
2024-04-19T00:00:00Z,6725.0,6800.0,6650.0,6725.0,47943300
2024-04-22T00:00:00Z,6875.0,6875.0,6575.0,6725.0,121727900
2024-04-23T00:00:00Z,6850.0,6925.0,6725.0,6825.0,106699200
2024-04-24T00:00:00Z,6925.0,7050.0,6900.0,7050.0,117586500
2024-04-25T00:00:00Z,7050.0,7075.0,6925.0,6950.0,111803500
2024-04-26T00:00:00Z,7000.0,7025.0,6750.0,6750.0,125875000
2024-04-29T00:00:00Z,6650.0,6950.0,6650.0,6925.0,77938400
2024-04-30T00:00:00Z,6800.0,7050.0,6775.0,6900.0,189991300
2024-05-02T00:00:00Z,6800.0,6800.0,6050.0,6325.0,501849300
2024-05-03T00:00:00Z,6300.0,6425.0,6050.0,6150.0,269305400
2024-05-06T00:00:00Z,6250.0,6400.0,6150.0,6275.0,184234200
2024-05-07T00:00:00Z,6325.0,6400.0,6250.0,6275.0,130410300
2024-05-08T00:00:00Z,6325.0,6450.0,6250.0,6275.0,117065300
2024-05-13T00:00:00Z,6200.0,6275.0,6125.0,6200.0,128638300
2024-05-14T00:00:00Z,6175.0,6300.0,6175.0,6200.0,94048400
2024-05-15T00:00:00Z,6200.0,6400.0,6200.0,6375.0,80923000
2024-05-16T00:00:00Z,6450.0,6500.0,6325.0,6350.0,114806300
2024-05-17T00:00:00Z,6350.0,6650.0,6350.0,6575.0,133153900
2024-05-20T00:00:00Z,6550.0,6625.0,6200.0,6325.0,168796000
2024-05-21T00:00:00Z,6225.0,6275.0,5975.0,6025.0,307362900
2024-05-22T00:00:00Z,6000.0,6150.0,5950.0,6050.0,171675900
2024-05-27T00:00:00Z,6025.0,6050.0,5825.0,5825.0,258450900
2024-05-28T00:00:00Z,5850.0,6025.0,5825.0,5950.0,93701700
2024-05-29T00:00:00Z,5825.0,5875.0,5700.0,5800.0,169386300
2024-05-30T00:00:00Z,5775.0,6000.0,5525.0,5875.0,236632600
2024-05-31T00:00:00Z,6000.0,6025.0,5900.0,5900.0,169567000
2024-06-03T00:00:00Z,6075.0,6150.0,6025.0,6100.0,92525600
2024-06-04T00:00:00Z,6150.0,6275.0,6125.0,6150.0,137800600
2024-06-05T00:00:00Z,6125.0,6150.0,5975.0,6000.0,102327300
2024-06-06T00:00:00Z,6125.0,6200.0,6075.0,6175.0,85735200
2024-06-07T00:00:00Z,6250.0,6275.0,6150.0,6275.0,99092800
2024-06-10T00:00:00Z,6275.0,6350.0,6200.0,6275.0,80154400
2024-06-11T00:00:00Z,6200.0,6250.0,6125.0,6125.0,56254400
2024-06-12T00:00:00Z,6050.0,6075.0,5900.0,5925.0,120857200
2024-06-13T00:00:00Z,5975.0,6000.0,5850.0,5875.0,162616700
2024-06-14T00:00:00Z,5850.0,5875.0,5650.0,5750.0,203241500
2024-06-19T00:00:00Z,5775.0,5850.0,5675.0,5750.0,116004200
2024-06-20T00:00:00Z,5825.0,5950.0,5750.0,5950.0,82660000
2024-06-21T00:00:00Z,6050.0,6200.0,6025.0,6125.0,184240600
2024-06-24T00:00:00Z,6075.0,6125.0,6000.0,6000.0,58831900
2024-06-25T00:00:00Z,5925.0,5975.0,5825.0,5925.0,159983800
2024-06-26T00:00:00Z,5950.0,6025.0,5850.0,5850.0,92895700
2024-06-27T00:00:00Z,5900.0,6075.0,5875.0,6000.0,117602400
2024-06-28T00:00:00Z,6000.0,6250.0,6000.0,6150.0,191371600
2024-07-01T00:00:00Z,6175.0,6250.0,6100.0,6250.0,100408200
2024-07-02T00:00:00Z,6275.0,6350.0,6150.0,6200.0,159356600
2024-07-03T00:00:00Z,6275.0,6300.0,6100.0,6225.0,70017100
2024-07-04T00:00:00Z,6250.0,6400.0,6225.0,6250.0,90147800
2024-07-05T00:00:00Z,6325.0,6500.0,6300.0,6425.0,111646800
2024-07-08T00:00:00Z,6400.0,6425.0,6200.0,6225.0,138144000
2024-07-09T00:00:00Z,6225.0,6400.0,6200.0,6375.0,84177600
2024-07-10T00:00:00Z,6375.0,6450.0,6300.0,6375.0,59685300
2024-07-11T00:00:00Z,6400.0,6425.0,6350.0,6400.0,66789800
2024-07-12T00:00:00Z,6450.0,6550.0,6400.0,6425.0,136132200
2024-07-15T00:00:00Z,6450.0,6450.0,6300.0,6350.0,66071800
2024-07-16T00:00:00Z,6400.0,6400.0,6300.0,6350.0,64687900
2024-07-17T00:00:00Z,6450.0,6525.0,6375.0,6450.0,109729800
2024-07-18T00:00:00Z,6550.0,6600.0,6500.0,6550.0,132532000
2024-07-19T00:00:00Z,6500.0,6525.0,6450.0,6525.0,63165500
2024-07-22T00:00:00Z,6575.0,6700.0,6525.0,6700.0,110467000
2024-07-23T00:00:00Z,6750.0,6750.0,6550.0,6625.0,77861700
2024-07-24T00:00:00Z,6500.0,6575.0,6475.0,6475.0,63940900
2024-07-25T00:00:00Z,6450.0,6575.0,6400.0,6575.0,66655400
2024-07-26T00:00:00Z,6575.0,6625.0,6500.0,6550.0,76519500
2024-07-29T00:00:00Z,6550.0,6550.0,6450.0,6475.0,54435300
2024-07-30T00:00:00Z,6475.0,6550.0,6375.0,6475.0,86701400
2024-07-31T00:00:00Z,6400.0,6475.0,6375.0,6400.0,99004100
2024-08-01T00:00:00Z,6550.0,6750.0,6500.0,6750.0,163086200
2024-08-02T00:00:00Z,6700.0,6875.0,6675.0,6800.0,167892400
2024-08-05T00:00:00Z,6700.0,6725.0,6500.0,6575.0,184384000
2024-08-06T00:00:00Z,6650.0,6700.0,6525.0,6625.0,95785000
2024-08-07T00:00:00Z,6725.0,6775.0,6650.0,6775.0,84582200
2024-08-08T00:00:00Z,6800.0,6850.0,6725.0,6800.0,81408500
2024-08-09T00:00:00Z,6825.0,6900.0,6800.0,6850.0,79710700
2024-08-12T00:00:00Z,6875.0,6900.0,6775.0,6900.0,50756000
2024-08-13T00:00:00Z,6850.0,7000.0,6850.0,7000.0,68666000
2024-08-14T00:00:00Z,7075.0,7100.0,7025.0,7075.0,97695100
2024-08-15T00:00:00Z,7075.0,7075.0,6925.0,7025.0,75955500
2024-08-16T00:00:00Z,7075.0,7125.0,7025.0,7075.0,64266400
2024-08-19T00:00:00Z,7075.0,7150.0,7025.0,7150.0,50246100
2024-08-20T00:00:00Z,7200.0,7350.0,7150.0,7200.0,102615900
2024-08-21T00:00:00Z,7300.0,7300.0,7225.0,7250.0,88487800
2024-08-22T00:00:00Z,7150.0,7175.0,6925.0,7050.0,157323000
2024-08-23T00:00:00Z,7000.0,7075.0,6975.0,7050.0,111752100
2024-08-26T00:00:00Z,7050.0,7100.0,7000.0,7050.0,78515400
2024-08-27T00:00:00Z,7025.0,7050.0,6925.0,7025.0,91686700
2024-08-28T00:00:00Z,7025.0,7225.0,7000.0,7225.0,114606200
2024-08-29T00:00:00Z,7300.0,7300.0,7100.0,7100.0,94475900
2024-08-30T00:00:00Z,7100.0,7175.0,7075.0,7125.0,153760500
2024-09-02T00:00:00Z,7200.0,7275.0,7125.0,7200.0,82176000
2024-09-03T00:00:00Z,7200.0,7250.0,7050.0,7075.0,75100800
2024-09-04T00:00:00Z,7000.0,7175.0,7000.0,7175.0,78789800
2024-09-05T00:00:00Z,7125.0,7225.0,7125.0,7175.0,59432000
2024-09-06T00:00:00Z,7175.0,7275.0,7150.0,7250.0,63619300
2024-09-09T00:00:00Z,7250.0,7250.0,7200.0,7250.0,71430300
2024-09-10T00:00:00Z,7250.0,7275.0,7225.0,7250.0,73515700
2024-09-11T00:00:00Z,7300.0,7400.0,7275.0,7375.0,91822300
2024-09-12T00:00:00Z,7375.0,7425.0,7300.0,7300.0,68254300
2024-09-13T00:00:00Z,7300.0,7300.0,7225.0,7275.0,45854000
2024-09-17T00:00:00Z,7325.0,7450.0,7300.0,7425.0,96428000
2024-09-18T00:00:00Z,7375.0,7450.0,7350.0,7400.0,47279200
2024-09-19T00:00:00Z,7450.0,7550.0,7400.0,7400.0,124377800
2024-09-20T00:00:00Z,7400.0,7425.0,7300.0,7300.0,97901700
2024-09-23T00:00:00Z,7325.0,7450.0,7300.0,7450.0,79675600
2024-09-24T00:00:00Z,7400.0,7475.0,7375.0,7425.0,81817100
2024-09-25T00:00:00Z,7350.0,7350.0,7050.0,7200.0,192197100
2024-09-26T00:00:00Z,7175.0,7200.0,7100.0,7175.0,173044000
2024-09-27T00:00:00Z,7025.0,7125.0,7000.0,7050.0,161405200
2024-09-30T00:00:00Z,7000.0,7025.0,6875.0,6925.0,166203500
2024-10-01T00:00:00Z,7000.0,7075.0,6950.0,7050.0,82690100
2024-10-02T00:00:00Z,7025.0,7100.0,6925.0,6975.0,91076400
2024-10-03T00:00:00Z,7000.0,7075.0,6900.0,7050.0,86264900
2024-10-04T00:00:00Z,7025.0,7050.0,6900.0,6950.0,79485300
2024-10-07T00:00:00Z,6925.0,6925.0,6800.0,6875.0,103943100
2024-10-08T00:00:00Z,6825.0,7175.0,6775.0,7075.0,132141500
2024-10-09T00:00:00Z,7075.0,7175.0,6950.0,6950.0,76515700
2024-10-10T00:00:00Z,6925.0,7050.0,6900.0,6950.0,44291900
2024-10-11T00:00:00Z,7025.0,7025.0,6925.0,6950.0,45331500
2024-10-14T00:00:00Z,6925.0,6975.0,6900.0,6925.0,55885300
2024-10-15T00:00:00Z,7000.0,7100.0,6925.0,7050.0,90358600
2024-10-16T00:00:00Z,7050.0,7075.0,6925.0,7000.0,133022500
2024-10-17T00:00:00Z,7050.0,7250.0,7000.0,7225.0,90219900
2024-10-18T00:00:00Z,7275.0,7300.0,7175.0,7175.0,57379200
2024-10-21T00:00:00Z,7250.0,7250.0,7125.0,7200.0,43056000
2024-10-22T00:00:00Z,7150.0,7175.0,7075.0,7075.0,43582700
2024-10-23T00:00:00Z,7075.0,7125.0,7025.0,7075.0,38222900
2024-10-24T00:00:00Z,7000.0,7150.0,6975.0,6975.0,65877100
2024-10-25T00:00:00Z,6975.0,7050.0,6975.0,7050.0,34637500
2024-10-28T00:00:00Z,7075.0,7075.0,6800.0,6825.0,114500800
2024-10-29T00:00:00Z,6800.0,6850.0,6725.0,6825.0,91268300
2024-10-30T00:00:00Z,6575.0,6775.0,6575.0,6750.0,122132700
2024-10-31T00:00:00Z,6750.0,6825.0,6700.0,6700.0,126730700
2024-11-01T00:00:00Z,6725.0,6725.0,6550.0,6650.0,101423100
2024-11-04T00:00:00Z,6600.0,6800.0,6525.0,6750.0,80208800
2024-11-05T00:00:00Z,6725.0,6950.0,6675.0,6925.0,88661200
2024-11-06T00:00:00Z,6925.0,6925.0,6550.0,6550.0,147272800
2024-11-07T00:00:00Z,6500.0,6550.0,6425.0,6425.0,154758500
2024-11-08T00:00:00Z,6425.0,6525.0,6275.0,6325.0,192423000
2024-11-11T00:00:00Z,6300.0,6450.0,6150.0,6350.0,125606000
2024-11-12T00:00:00Z,6375.0,6450.0,6325.0,6375.0,117281700
2024-11-13T00:00:00Z,6500.0,6550.0,6400.0,6425.0,102748300
2024-11-14T00:00:00Z,6375.0,6475.0,6350.0,6375.0,69750600
2024-11-15T00:00:00Z,6300.0,6400.0,6300.0,6350.0,41079700
2024-11-18T00:00:00Z,6350.0,6425.0,6225.0,6325.0,77471700
2024-11-19T00:00:00Z,6375.0,6375.0,6225.0,6250.0,95495700
2024-11-20T00:00:00Z,6325.0,6350.0,6200.0,6225.0,68707200
2024-11-21T00:00:00Z,6225.0,6225.0,6125.0,6150.0,76579300
2024-11-22T00:00:00Z,6125.0,6300.0,6100.0,6250.0,80236400
2024-11-25T00:00:00Z,6325.0,6600.0,6325.0,6575.0,183449100
2024-11-26T00:00:00Z,6600.0,6600.0,6325.0,6400.0,107194300
2024-11-28T00:00:00Z,6350.0,6525.0,6350.0,6450.0,81883200
2024-11-29T00:00:00Z,6325.0,6375.0,6125.0,6150.0,157628700
2024-12-02T00:00:00Z,6175.0,6250.0,5975.0,6000.0,114555300
2024-12-03T00:00:00Z,6100.0,6275.0,6100.0,6275.0,99509800
2024-12-04T00:00:00Z,6275.0,6450.0,6225.0,6375.0,75260000
2024-12-05T00:00:00Z,6350.0,6375.0,6150.0,6150.0,69528700
2024-12-06T00:00:00Z,6200.0,6275.0,6125.0,6225.0,75989700
2024-12-09T00:00:00Z,6175.0,6375.0,6175.0,6375.0,74220300
2024-12-10T00:00:00Z,6275.0,6325.0,6225.0,6300.0,92245000
2024-12-11T00:00:00Z,6300.0,6400.0,6300.0,6300.0,62509600
2024-12-12T00:00:00Z,6200.0,6225.0,6100.0,6125.0,96707500
2024-12-13T00:00:00Z,6025.0,6100.0,5975.0,6025.0,135581400
2024-12-16T00:00:00Z,5900.0,6100.0,5900.0,6075.0,105375900
2024-12-17T00:00:00Z,6050.0,6075.0,5925.0,5950.0,72109300
2024-12-18T00:00:00Z,5925.0,6000.0,5775.0,5825.0,153164600
2024-12-19T00:00:00Z,5625.0,5725.0,5600.0,5675.0,277793000
2024-12-20T00:00:00Z,5675.0,5750.0,5625.0,5675.0,148568600
2024-12-23T00:00:00Z,5800.0,5875.0,5725.0,5825.0,82910100
2024-12-24T00:00:00Z,5825.0,5875.0,5750.0,5750.0,41240900
2024-12-27T00:00:00Z,5750.0,5850.0,5750.0,5800.0,46126800
2024-12-30T00:00:00Z,5675.0,5750.0,5650.0,5700.0,96782100
2025-01-02T00:00:00Z,5700.0,5850.0,5700.0,5850.0,82914600
2025-01-03T00:00:00Z,5850.0,5875.0,5775.0,5800.0,58067100
2025-01-06T00:00:00Z,5825.0,5825.0,5650.0,5675.0,68443700
2025-01-07T00:00:00Z,5600.0,5650.0,5550.0,5600.0,96982300
2025-01-08T00:00:00Z,5600.0,5750.0,5600.0,5750.0,118246100
2025-01-09T00:00:00Z,5725.0,5775.0,5700.0,5750.0,56491700
2025-01-10T00:00:00Z,5750.0,5775.0,5600.0,5600.0,77751500
2025-01-13T00:00:00Z,5500.0,5550.0,5475.0,5525.0,99953900
2025-01-14T00:00:00Z,5425.0,5575.0,5400.0,5400.0,97351900
2025-01-15T00:00:00Z,5475.0,5825.0,5450.0,5750.0,194025700
2025-01-16T00:00:00Z,6075.0,6200.0,5850.0,5875.0,204359900
2025-01-17T00:00:00Z,5800.0,6050.0,5750.0,5875.0,114054600
2025-01-20T00:00:00Z,6000.0,6050.0,5925.0,6000.0,84338400
2025-01-21T00:00:00Z,6100.0,6175.0,6025.0,6050.0,115355900
2025-01-22T00:00:00Z,6150.0,6200.0,6100.0,6150.0,117929800
2025-01-23T00:00:00Z,6200.0,6300.0,6175.0,6175.0,120893700
2025-01-24T00:00:00Z,6250.0,6250.0,6125.0,6125.0,96161800
2025-01-30T00:00:00Z,6100.0,6225.0,6075.0,6100.0,101400400
2025-01-31T00:00:00Z,6175.0,6225.0,6025.0,6025.0,107861000
2025-02-03T00:00:00Z,5975.0,6000.0,5700.0,5800.0,182181700
2025-02-04T00:00:00Z,5825.0,5850.0,5625.0,5675.0,121871500
2025-02-05T00:00:00Z,5600.0,5600.0,5475.0,5525.0,185656000
2025-02-06T00:00:00Z,5425.0,5425.0,5000.0,5100.0,642118700
2025-02-07T00:00:00Z,5000.0,5150.0,4950.0,5150.0,407896100
2025-02-10T00:00:00Z,5150.0,5150.0,4990.0,5000.0,169384300
2025-02-11T00:00:00Z,4750.0,4950.0,4750.0,4880.0,316743200
2025-02-12T00:00:00Z,4920.0,4950.0,4830.0,4940.0,225073300
2025-02-13T00:00:00Z,4940.0,5075.0,4900.0,5025.0,215271400
2025-02-14T00:00:00Z,5100.0,5200.0,4970.0,5125.0,239709300
2025-02-17T00:00:00Z,5200.0,5475.0,5175.0,5425.0,223837300
2025-02-18T00:00:00Z,5450.0,5550.0,5375.0,5450.0,157430200
2025-02-19T00:00:00Z,5375.0,5400.0,5125.0,5175.0,204335500
2025-02-20T00:00:00Z,5125.0,5225.0,5100.0,5150.0,98363500
2025-02-21T00:00:00Z,5000.0,5100.0,5000.0,5075.0,152528600
2025-02-24T00:00:00Z,5050.0,5075.0,4980.0,5025.0,127578500
2025-02-25T00:00:00Z,5000.0,5025.0,4860.0,4870.0,224607800
2025-02-26T00:00:00Z,4860.0,4980.0,4850.0,4920.0,161836900
2025-02-27T00:00:00Z,4930.0,4950.0,4660.0,4660.0,334919800
2025-02-28T00:00:00Z,4620.0,4690.0,4550.0,4600.0,464696700
2025-03-03T00:00:00Z,4750.0,4980.0,4700.0,4900.0,257118300
2025-03-04T00:00:00Z,4900.0,4920.0,4750.0,4840.0,144346500
2025-03-05T00:00:00Z,4860.0,5050.0,4860.0,4860.0,252222800
2025-03-06T00:00:00Z,4910.0,4980.0,4870.0,4870.0,194909200
2025-03-07T00:00:00Z,4870.0,4870.0,4810.0,4840.0,117916600
2025-03-10T00:00:00Z,4730.0,4760.0,4660.0,4710.0,231152200
2025-03-11T00:00:00Z,4650.0,4780.0,4640.0,4740.0,150738100
2025-03-12T00:00:00Z,4750.0,4880.0,4750.0,4880.0,129973900
2025-03-13T00:00:00Z,4940.0,4940.0,4710.0,4740.0,176286000
2025-03-14T00:00:00Z,4640.0,4800.0,4640.0,4740.0,154331400
2025-03-17T00:00:00Z,4740.0,4770.0,4660.0,4680.0,135692800
2025-03-18T00:00:00Z,4680.0,4690.0,4300.0,4530.0,387565100
2025-03-19T00:00:00Z,4530.0,4700.0,4440.0,4680.0,273084900
2025-03-20T00:00:00Z,4760.0,4770.0,4610.0,4620.0,138209700
2025-03-21T00:00:00Z,4600.0,4610.0,4380.0,4410.0,374396400
2025-03-24T00:00:00Z,4350.0,4530.0,4250.0,4460.0,319017400
2025-03-25T00:00:00Z,4500.0,4810.0,4500.0,4740.0,313034100
2025-03-26T00:00:00Z,4980.0,5175.0,4930.0,5150.0,582172700
2025-03-27T00:00:00Z,5150.0,5250.0,5050.0,5200.0,301025300
2025-04-08T00:00:00Z,4500.0,4830.0,4500.0,4670.0,738455000
2025-04-09T00:00:00Z,4630.0,4790.0,4630.0,4710.0,316821100
2025-04-10T00:00:00Z,5200.0,5225.0,4970.0,5025.0,559966600
2025-04-11T00:00:00Z,5000.0,5175.0,4950.0,5100.0,384917500
2025-04-14T00:00:00Z,4650.0,4750.0,4650.0,4750.0,423716000
2025-04-15T00:00:00Z,4800.0,4820.0,4710.0,4710.0,230981700
2025-04-16T00:00:00Z,4740.0,4750.0,4590.0,4630.0,201660000
2025-04-17T00:00:00Z,4630.0,4660.0,4570.0,4600.0,165381400
2025-04-21T00:00:00Z,4600.0,4640.0,4560.0,4610.0,83034600
2025-04-22T00:00:00Z,4610.0,4720.0,4590.0,4720.0,126426200
2025-04-23T00:00:00Z,4780.0,4900.0,4740.0,4900.0,273395600
2025-04-24T00:00:00Z,4950.0,5025.0,4860.0,4890.0,282970000
2025-04-25T00:00:00Z,4960.0,4960.0,4900.0,4900.0,134208400
2025-04-28T00:00:00Z,4950.0,4980.0,4890.0,4920.0,90697900
2025-04-29T00:00:00Z,4930.0,4950.0,4880.0,4940.0,108857600
2025-04-30T00:00:00Z,4900.0,4920.0,4810.0,4890.0,278360600
2025-05-02T00:00:00Z,4980.0,4980.0,4910.0,4960.0,146800800
2025-05-05T00:00:00Z,4990.0,5100.0,4960.0,4980.0,154073100
2025-05-06T00:00:00Z,5025.0,5050.0,4980.0,4980.0,120165500
2025-05-07T00:00:00Z,5050.0,5050.0,4950.0,4950.0,100674600
2025-05-08T00:00:00Z,4960.0,5025.0,4790.0,4790.0,205199700
2025-05-09T00:00:00Z,4790.0,4830.0,4750.0,4770.0,164014200
2025-05-14T00:00:00Z,4890.0,5050.0,4880.0,5050.0,342468200
2025-05-15T00:00:00Z,5075.0,5400.0,5050.0,5325.0,300147300
2025-05-16T00:00:00Z,5425.0,5475.0,5200.0,5475.0,229382100
2025-05-19T00:00:00Z,5450.0,5575.0,5400.0,5525.0,191440600
2025-05-20T00:00:00Z,5500.0,5550.0,5350.0,5400.0,145525700
2025-05-21T00:00:00Z,5400.0,5550.0,5375.0,5450.0,167239400
2025-05-22T00:00:00Z,5450.0,5500.0,5400.0,5450.0,137585600
2025-05-23T00:00:00Z,5450.0,5475.0,5375.0,5425.0,67336400
2025-05-26T00:00:00Z,5425.0,5475.0,5300.0,5475.0,102960800
2025-05-27T00:00:00Z,5500.0,5500.0,5400.0,5400.0,86083800
2025-05-28T00:00:00Z,5400.0,5425.0,5300.0,5300.0,190669100
2025-06-02T00:00:00Z,5200.0,5250.0,5025.0,5075.0,373474500
2025-06-03T00:00:00Z,5100.0,5125.0,4950.0,5050.0,169321800
2025-06-04T00:00:00Z,5125.0,5125.0,4980.0,5025.0,139577800
2025-06-05T00:00:00Z,5050.0,5075.0,5000.0,5075.0,69179700
2025-06-10T00:00:00Z,5075.0,5250.0,5075.0,5250.0,158265000
2025-06-11T00:00:00Z,5300.0,5300.0,5150.0,5200.0,90666100
2025-06-12T00:00:00Z,5225.0,5225.0,5125.0,5175.0,72423700
2025-06-13T00:00:00Z,5175.0,5250.0,5100.0,5150.0,128071000
2025-06-16T00:00:00Z,5150.0,5200.0,5100.0,5150.0,61695600
2025-06-17T00:00:00Z,5175.0,5225.0,5100.0,5100.0,70657700
2025-06-18T00:00:00Z,5075.0,5100.0,5025.0,5075.0,53353000
2025-06-19T00:00:00Z,5050.0,5050.0,4910.0,4970.0,114769600
2025-06-20T00:00:00Z,4940.0,4990.0,4830.0,4930.0,301154300
2025-06-23T00:00:00Z,4870.0,4930.0,4800.0,4920.0,119439200
2025-06-24T00:00:00Z,5050.0,5125.0,5025.0,5025.0,126563900
2025-06-25T00:00:00Z,5025.0,5050.0,4880.0,4880.0,139963400
2025-06-26T00:00:00Z,4950.0,5025.0,4910.0,5025.0,94704500
2025-06-30T00:00:00Z,5050.0,5050.0,4880.0,4880.0,220479900
2025-07-01T00:00:00Z,4900.0,4910.0,4710.0,4750.0,319875800
2025-07-02T00:00:00Z,4730.0,4770.0,4710.0,4770.0,159152200
2025-07-03T00:00:00Z,4780.0,4850.0,4720.0,4740.0,103849000
2025-07-04T00:00:00Z,4750.0,4790.0,4700.0,4740.0,104170500
2025-07-07T00:00:00Z,4740.0,4750.0,4680.0,4740.0,120538300
2025-07-08T00:00:00Z,4710.0,4750.0,4700.0,4720.0,132853800
2025-07-09T00:00:00Z,4720.0,4760.0,4670.0,4710.0,110198500
2025-07-10T00:00:00Z,4750.0,4830.0,4730.0,4820.0,160889700
2025-07-11T00:00:00Z,4850.0,4990.0,4830.0,4970.0,219980300
2025-07-14T00:00:00Z,4980.0,4990.0,4670.0,4690.0,429438700
2025-07-15T00:00:00Z,4700.0,4740.0,4690.0,4700.0,206958200
2025-07-16T00:00:00Z,4730.0,4760.0,4680.0,4690.0,323831100
2025-07-17T00:00:00Z,4700.0,4720.0,4680.0,4720.0,120304000
2025-07-18T00:00:00Z,4760.0,4810.0,4720.0,4740.0,161262400
2025-07-21T00:00:00Z,4770.0,4770.0,4680.0,4680.0,103387400
2025-07-22T00:00:00Z,4680.0,4710.0,4650.0,4660.0,132984400
2025-07-23T00:00:00Z,4660.0,4690.0,4660.0,4680.0,115298400
2025-07-24T00:00:00Z,4690.0,4840.0,4680.0,4800.0,273623100
2025-07-25T00:00:00Z,4800.0,4800.0,4690.0,4690.0,88471700
2025-07-28T00:00:00Z,4730.0,4750.0,4690.0,4700.0,112048900
2025-07-29T00:00:00Z,4700.0,4720.0,4690.0,4710.0,74422700
2025-07-30T00:00:00Z,4710.0,4720.0,4620.0,4620.0,141263400
2025-07-31T00:00:00Z,4610.0,4640.0,4510.0,4510.0,155903600
2025-08-01T00:00:00Z,4570.0,4610.0,4510.0,4530.0,157949900
2025-08-04T00:00:00Z,4530.0,4630.0,4510.0,4620.0,174404800
2025-08-05T00:00:00Z,4690.0,4780.0,4660.0,4750.0,277668300
2025-08-06T00:00:00Z,4750.0,4750.0,4690.0,4700.0,79277900
2025-08-07T00:00:00Z,4740.0,4740.0,4680.0,4680.0,61453100
2025-08-08T00:00:00Z,4680.0,4700.0,4660.0,4670.0,71516700
2025-08-11T00:00:00Z,4710.0,4780.0,4700.0,4720.0,105204200
2025-08-12T00:00:00Z,4770.0,4920.0,4750.0,4910.0,301599000
2025-08-13T00:00:00Z,4930.0,4970.0,4860.0,4870.0,180844900
2025-08-14T00:00:00Z,4910.0,4930.0,4840.0,4850.0,109457100
2025-08-15T00:00:00Z,4890.0,4930.0,4850.0,4850.0,126685400
2025-08-19T00:00:00Z,4860.0,4870.0,4780.0,4800.0,116454000
2025-08-20T00:00:00Z,4790.0,4950.0,4780.0,4950.0,144622900
2025-08-21T00:00:00Z,4950.0,4950.0,4860.0,4900.0,132019200
2025-08-22T00:00:00Z,4920.0,4920.0,4870.0,4890.0,73104500
2025-08-25T00:00:00Z,4950.0,4980.0,4920.0,4950.0,149580800
2025-08-26T00:00:00Z,4950.0,4950.0,4860.0,4900.0,308891700
2025-08-27T00:00:00Z,4840.0,4880.0,4800.0,4800.0,113576300
2025-08-28T00:00:00Z,4790.0,4850.0,4770.0,4770.0,111707400
2025-08-29T00:00:00Z,4720.0,4750.0,4660.0,4730.0,176485100
2025-09-01T00:00:00Z,4550.0,4670.0,4460.0,4600.0,320335300
2025-09-02T00:00:00Z,4610.0,4670.0,4560.0,4570.0,150045600
2025-09-03T00:00:00Z,4620.0,4660.0,4570.0,4620.0,131617900
2025-09-04T00:00:00Z,4630.0,4680.0,4620.0,4680.0,88735300
2025-09-08T00:00:00Z,4750.0,4750.0,4460.0,4490.0,200234500
2025-09-09T00:00:00Z,4450.0,4480.0,4310.0,4310.0,509366600
2025-09-10T00:00:00Z,4360.0,4420.0,4350.0,4400.0,293494200
2025-09-11T00:00:00Z,4480.0,4540.0,4450.0,4480.0,366697800
2025-09-12T00:00:00Z,4500.0,4550.0,4480.0,4520.0,216960200
2025-09-15T00:00:00Z,4550.0,4640.0,4520.0,4530.0,231346000
2025-09-16T00:00:00Z,4570.0,4570.0,4460.0,4480.0,122027400
2025-09-17T00:00:00Z,4480.0,4520.0,4440.0,4510.0,232702500
2025-09-18T00:00:00Z,4540.0,4550.0,4420.0,4420.0,177560100
2025-09-19T00:00:00Z,4350.0,4420.0,4330.0,4380.0,235975900
2025-09-22T00:00:00Z,4410.0,4420.0,4360.0,4420.0,107176100
2025-09-23T00:00:00Z,4390.0,4430.0,4370.0,4410.0,90675500
2025-09-24T00:00:00Z,4410.0,4430.0,4390.0,4390.0,85439100
2025-09-25T00:00:00Z,4400.0,4410.0,4360.0,4360.0,73946900
2025-09-26T00:00:00Z,4350.0,4430.0,4350.0,4420.0,86572900
2025-09-29T00:00:00Z,4420.0,4430.0,4400.0,4400.0,63753600
2025-09-30T00:00:00Z,4420.0,4450.0,4380.0,4400.0,108639600
2025-10-01T00:00:00Z,4360.0,4400.0,4350.0,4380.0,92265100
2025-10-02T00:00:00Z,4410.0,4440.0,4360.0,4360.0,93387400
2025-10-03T00:00:00Z,4370.0,4380.0,4300.0,4310.0,102459100
2025-10-06T00:00:00Z,4320.0,4330.0,4260.0,4260.0,96040500
2025-10-07T00:00:00Z,4260.0,4320.0,4250.0,4290.0,100237500
2025-10-08T00:00:00Z,4280.0,4290.0,4210.0,4250.0,97466800
2025-10-09T00:00:00Z,4240.0,4450.0,4200.0,4390.0,183242600
2025-10-10T00:00:00Z,4410.0,4420.0,4250.0,4250.0,139911200
2025-10-13T00:00:00Z,4210.0,4240.0,4200.0,4230.0,79178600
2025-10-14T00:00:00Z,4220.0,4270.0,4090.0,4090.0,188507000
2025-10-15T00:00:00Z,4110.0,4140.0,4010.0,4050.0,270562400
2025-10-16T00:00:00Z,4050.0,4150.0,4050.0,4090.0,125979600
2025-10-17T00:00:00Z,4110.0,4110.0,4030.0,4050.0,247510000
2025-10-20T00:00:00Z,4120.0,4320.0,4070.0,4300.0,331939200
2025-10-21T00:00:00Z,4350.0,4390.0,4300.0,4350.0,230858900
2025-10-22T00:00:00Z,4350.0,4460.0,4290.0,4330.0,216261300
2025-10-23T00:00:00Z,4310.0,4440.0,4310.0,4430.0,202102500
2025-10-24T00:00:00Z,4380.0,4590.0,4380.0,4550.0,350420300
2025-10-27T00:00:00Z,4590.0,4600.0,4410.0,4470.0,245576100
2025-10-28T00:00:00Z,4490.0,4510.0,4440.0,4510.0,174666600
2025-10-29T00:00:00Z,4500.0,4650.0,4490.0,4650.0,176978800
2025-10-30T00:00:00Z,4670.0,4830.0,4650.0,4800.0,390256000
2025-10-31T00:00:00Z,4790.0,4800.0,4720.0,4720.0,227378000
2025-11-03T00:00:00Z,4710.0,4760.0,4700.0,4760.0,129834200
2025-11-04T00:00:00Z,4760.0,4790.0,4720.0,4730.0,136412400
2025-11-05T00:00:00Z,4690.0,4770.0,4680.0,4770.0,102878900
2025-11-06T00:00:00Z,4790.0,4790.0,4750.0,4750.0,57932600
2025-11-07T00:00:00Z,4750.0,4780.0,4740.0,4750.0,58845500
2025-11-10T00:00:00Z,4790.0,4790.0,4730.0,4730.0,88738200
2025-11-11T00:00:00Z,4740.0,4750.0,4610.0,4680.0,168794500
2025-11-12T00:00:00Z,4680.0,4790.0,4680.0,4760.0,138539800
2025-11-13T00:00:00Z,4760.0,4760.0,4690.0,4700.0,108100300
2025-11-14T00:00:00Z,4690.0,4750.0,4680.0,4750.0,73479600
2025-11-17T00:00:00Z,4780.0,4850.0,4770.0,4820.0,136477100
2025-11-18T00:00:00Z,4810.0,4850.0,4780.0,4790.0,127022100
2025-11-19T00:00:00Z,4820.0,4850.0,4800.0,4850.0,107585700
2025-11-20T00:00:00Z,4940.0,4990.0,4900.0,4940.0,234717700
2025-11-21T00:00:00Z,4940.0,4970.0,4900.0,4950.0,142452600
2025-11-24T00:00:00Z,4910.0,5100.0,4870.0,5100.0,303252000
2025-11-25T00:00:00Z,5075.0,5100.0,4950.0,5025.0,169379300
2025-11-26T00:00:00Z,5025.0,5025.0,4960.0,5025.0,128492000
2025-11-27T00:00:00Z,5025.0,5025.0,4850.0,4860.0,170213000
2025-11-28T00:00:00Z,4800.0,4880.0,4800.0,4830.0,128777200
2025-12-01T00:00:00Z,4850.0,4910.0,4820.0,4860.0,58603700
2025-12-02T00:00:00Z,4920.0,4940.0,4820.0,4850.0,104013500
2025-12-03T00:00:00Z,4850.0,4920.0,4820.0,4880.0,102556300
2025-12-04T00:00:00Z,4930.0,4940.0,4880.0,4920.0,59392600
2025-12-05T00:00:00Z,4940.0,4940.0,4870.0,4900.0,53969200
2025-12-08T00:00:00Z,4950.0,4960.0,4910.0,4950.0,62947600
2025-12-09T00:00:00Z,4970.0,4980.0,4870.0,4890.0,134575200
2025-12-10T00:00:00Z,4950.0,4970.0,4870.0,4970.0,96005900
2025-12-11T00:00:00Z,5000.0,5050.0,4830.0,4950.0,151956700
2025-12-12T00:00:00Z,4980.0,4980.0,4820.0,4820.0,111830600
2025-12-15T00:00:00Z,4820.0,5025.0,4790.0,4990.0,122451500
2025-12-16T00:00:00Z,5025.0,5050.0,4920.0,5000.0,137373200
2025-12-17T00:00:00Z,4990.0,5025.0,4960.0,5025.0,94254100
2025-12-18T00:00:00Z,5025.0,5175.0,5025.0,5150.0,150669000
2025-12-19T00:00:00Z,5175.0,5200.0,5100.0,5175.0,161960800
2025-12-22T00:00:00Z,5175.0,5200.0,5025.0,5100.0,93615600
2025-12-23T00:00:00Z,5050.0,5100.0,5000.0,5050.0,44307700
2025-12-24T00:00:00Z,5025.0,5100.0,5025.0,5050.0,40272500
2025-12-29T00:00:00Z,5075.0,5150.0,5050.0,5075.0,55697500
2025-12-30T00:00:00Z,5075.0,5150.0,5050.0,5100.0,74077800
2026-01-02T00:00:00Z,5125.0,5150.0,5025.0,5075.0,59263700
2026-01-05T00:00:00Z,5075.0,5100.0,5025.0,5050.0,108458200
2026-01-06T00:00:00Z,4990.0,4990.0,4880.0,4880.0,180600600
2026-01-07T00:00:00Z,4890.0,4900.0,4800.0,4810.0,284261700
2026-01-08T00:00:00Z,4820.0,4880.0,4810.0,4810.0,108534300
2026-01-09T00:00:00Z,4820.0,4840.0,4760.0,4760.0,104703800
2026-01-12T00:00:00Z,4780.0,4850.0,4720.0,4770.0,118384500
2026-01-13T00:00:00Z,4800.0,4840.0,4780.0,4820.0,93419500
2026-01-14T00:00:00Z,4840.0,4850.0,4770.0,4840.0,114314800
2026-01-15T00:00:00Z,4840.0,5075.0,4830.0,4990.0,245024400
2026-01-19T00:00:00Z,5025.0,5100.0,4980.0,5000.0,197645100
2026-01-20T00:00:00Z,5000.0,5075.0,4990.0,5025.0,93803800
2026-01-21T00:00:00Z,5025.0,5025.0,4930.0,4990.0,117548600
2026-01-22T00:00:00Z,4990.0,5025.0,4930.0,4980.0,145002200
2026-01-23T00:00:00Z,4980.0,5000.0,4870.0,4990.0,116237200
2026-01-26T00:00:00Z,4910.0,4970.0,4870.0,4910.0,225443300
2026-01-27T00:00:00Z,4860.0,4910.0,4800.0,4810.0,160620600
2026-01-28T00:00:00Z,4570.0,4810.0,4410.0,4560.0,643802800
2026-01-29T00:00:00Z,4420.0,4640.0,4070.0,4630.0,907054600
2026-01-30T00:00:00Z,4700.0,4880.0,4630.0,4820.0,343393600
2026-02-02T00:00:00Z,4900.0,4920.0,4710.0,4800.0,290622800
2026-02-03T00:00:00Z,4830.0,4850.0,4710.0,4830.0,169775800
2026-02-04T00:00:00Z,4860.0,5025.0,4830.0,5000.0,232816800
2026-02-05T00:00:00Z,5050.0,5100.0,5000.0,5050.0,209505400
2026-02-06T00:00:00Z,4950.0,5050.0,4890.0,5050.0,278775900
2026-02-09T00:00:00Z,5050.0,5075.0,4950.0,5000.0,177079900
2026-02-10T00:00:00Z,5000.0,5100.0,4990.0,5100.0,177110700
2026-02-11T00:00:00Z,5075.0,5100.0,4990.0,5025.0,201135900
2026-02-12T00:00:00Z,5025.0,5075.0,5000.0,5075.0,121407500
2026-02-13T00:00:00Z,5050.0,5075.0,4970.0,5075.0,157236900
2026-02-18T00:00:00Z,5075.0,5275.0,5050.0,5275.0,212076100
2026-02-19T00:00:00Z,5275.0,5300.0,5050.0,5075.0,133827800
2026-02-20T00:00:00Z,5100.0,5175.0,5050.0,5125.0,88563800
2026-02-23T00:00:00Z,5150.0,5275.0,5150.0,5275.0,131077800
2026-02-24T00:00:00Z,5275.0,5375.0,5250.0,5375.0,203553200
2026-02-25T00:00:00Z,5350.0,5375.0,5300.0,5300.0,147700600
2026-02-26T00:00:00Z,5350.0,5350.0,5200.0,5325.0,120621100
2026-02-27T00:00:00Z,5325.0,5350.0,5275.0,5275.0,206461200
2026-03-02T00:00:00Z,5125.0,5175.0,5050.0,5075.0,168721700
2026-03-03T00:00:00Z,5100.0,5175.0,5050.0,5100.0,106384700
2026-03-04T00:00:00Z,5050.0,5075.0,4870.0,4980.0,294487200
2026-03-05T00:00:00Z,5025.0,5125.0,5000.0,5125.0,133690000
2026-03-06T00:00:00Z,5075.0,5100.0,4950.0,4980.0,127625100
2026-03-09T00:00:00Z,4800.0,4870.0,4780.0,4820.0,217673200
2026-03-10T00:00:00Z,4920.0,4990.0,4860.0,4910.0,124581800
2026-03-11T00:00:00Z,4930.0,4970.0,4880.0,4880.0,86606500
2026-03-12T00:00:00Z,4870.0,4980.0,4870.0,4960.0,85989900
2026-03-13T00:00:00Z,4900.0,4920.0,4750.0,4750.0,187462500
2026-03-16T00:00:00Z,4730.0,4740.0,4630.0,4700.0,149035900
2026-03-17T00:00:00Z,4750.0,4780.0,4710.0,4730.0,274977700
2026-03-25T00:00:00Z,4650.0,4970.0,4650.0,4970.0,389331300
2026-03-26T00:00:00Z,4970.0,4980.0,4840.0,4840.0,120735200
2026-03-27T00:00:00Z,4840.0,4870.0,4760.0,4760.0,73158700
2026-03-30T00:00:00Z,4710.0,4750.0,4690.0,4700.0,110819500
2026-03-31T00:00:00Z,4710.0,4790.0,4700.0,4720.0,184777500
2026-04-01T00:00:00Z,4800.0,4830.0,4680.0,4720.0,162832600
2026-04-02T00:00:00Z,4720.0,4730.0,4640.0,4650.0,109496300
2026-04-06T00:00:00Z,4650.0,4700.0,4600.0,4610.0,60887500
2026-04-07T00:00:00Z,4600.0,4610.0,4500.0,4510.0,190831700
2026-04-08T00:00:00Z,4670.0,4700.0,4630.0,4670.0,169872400
2026-04-09T00:00:00Z,4650.0,4650.0,4570.0,4570.0,128431200
2026-04-10T00:00:00Z,4580.0,4700.0,4580.0,4670.0,103583800
2026-04-13T00:00:00Z,4640.0,4660.0,4600.0,4600.0,103202100
2026-04-14T00:00:00Z,4670.0,4720.0,4650.0,4710.0,135501000
2026-04-15T00:00:00Z,4750.0,4770.0,4640.0,4650.0,104621600
2026-04-16T00:00:00Z,4680.0,4680.0,4620.0,4640.0,120500900
2026-04-17T00:00:00Z,4670.0,4700.0,4580.0,4620.0,125867600
2026-04-20T00:00:00Z,4640.0,4670.0,4590.0,4620.0,104938900
2026-04-21T00:00:00Z,4610.0,4700.0,4610.0,4700.0,120070400
2026-04-22T00:00:00Z,4700.0,4770.0,4700.0,4750.0,113814200
2026-04-23T00:00:00Z,4760.0,4770.0,4630.0,4630.0,133792200
2026-04-24T00:00:00Z,4630.0,4630.0,4490.0,4500.0,218703100
2026-04-27T00:00:00Z,4500.0,4510.0,4360.0,4400.0,257209000
2026-04-28T00:00:00Z,4420.0,4480.0,4350.0,4430.0,246361500
2026-04-29T00:00:00Z,4440.0,4530.0,4430.0,4430.0,201458600
2026-04-30T00:00:00Z,4430.0,4450.0,4370.0,4390.0,186960200
2026-05-04T00:00:00Z,4430.0,4470.0,4410.0,4420.0,166294600
2026-05-05T00:00:00Z,4420.0,4570.0,4410.0,4490.0,186702000
2026-05-06T00:00:00Z,4530.0,4550.0,4480.0,4510.0,156255400
2026-05-07T00:00:00Z,4570.0,4640.0,4550.0,4640.0,262269600
2026-05-08T00:00:00Z,4650.0,4710.0,4620.0,4630.0,369212800
2026-05-11T00:00:00Z,4310.0,4340.0,4250.0,4250.0,424518900
2026-05-12T00:00:00Z,4270.0,4270.0,4190.0,4240.0,221247900
2026-05-13T00:00:00Z,4230.0,4250.0,4190.0,4200.0,192288300
2026-05-18T00:00:00Z,4170.0,4170.0,4080.0,4130.0,316067300
2026-05-19T00:00:00Z,4130.0,4260.0,4100.0,4130.0,306901800
2026-05-20T00:00:00Z,4150.0,4290.0,4110.0,4230.0,308468000
2026-05-21T00:00:00Z,4280.0,4280.0,4130.0,4170.0,137461700
2026-05-22T00:00:00Z,4140.0,4150.0,4040.0,4120.0,190022900
2026-05-25T00:00:00Z,4160.0,4300.0,4130.0,4220.0,235113500
2026-05-26T00:00:00Z,4210.0,4220.0,4130.0,4130.0,181583300
2026-05-29T00:00:00Z,4120.0,4190.0,4080.0,4080.0,442625300
2026-06-02T00:00:00Z,4090.0,4190.0,4090.0,4170.0,261911500
2026-06-03T00:00:00Z,4200.0,4200.0,4020.0,4050.0,287274100
2026-06-04T00:00:00Z,4050.0,4060.0,3930.0,3970.0,328529500
2026-06-05T00:00:00Z,3900.0,3950.0,3820.0,3840.0,320689600
2026-06-08T00:00:00Z,3810.0,3900.0,3700.0,3710.0,387103400
2026-06-09T00:00:00Z,3650.0,4090.0,3650.0,4090.0,484957600
2026-06-10T00:00:00Z,4100.0,4260.0,4050.0,4260.0,359183100
2026-06-11T00:00:00Z,4260.0,4340.0,4140.0,4250.0,308861000
2026-06-12T00:00:00Z,4320.0,4320.0,4200.0,4200.0,241735800
2026-06-15T00:00:00Z,4300.0,4500.0,4300.0,4500.0,310948900
2026-06-17T00:00:00Z,4500.0,4570.0,4390.0,4490.0,286865700
2026-06-18T00:00:00Z,4440.0,4470.0,4340.0,4470.0,190568200
2026-06-19T00:00:00Z,4390.0,4470.0,4300.0,4310.0,377274300
2026-06-22T00:00:00Z,4320.0,4340.0,4220.0,4220.0,101336500
2026-06-23T00:00:00Z,4200.0,4210.0,4090.0,4120.0,248512500
2026-06-24T00:00:00Z,4130.0,4180.0,3970.0,3970.0,254221600
2026-06-25T00:00:00Z,3970.0,4090.0,3960.0,4000.0,275422800
2026-06-26T00:00:00Z,4000.0,4040.0,3900.0,3990.0,247361000
2026-06-29T00:00:00Z,3990.0,4010.0,3930.0,3940.0,120733900
2026-06-30T00:00:00Z,3930.0,3930.0,3830.0,3850.0,200553100
2026-07-01T00:00:00Z,3810.0,3880.0,3800.0,3810.0,142033400
2026-07-02T00:00:00Z,3810.0,3960.0,3810.0,3900.0,181957900
2026-07-03T00:00:00Z,3950.0,4040.0,3950.0,4010.0,97694100
2026-07-06T00:00:00Z,4020.0,4040.0,3940.0,4030.0,143666300
2026-07-07T00:00:00Z,4030.0,4090.0,3990.0,4070.0,181399100
2026-07-08T00:00:00Z,4080.0,4080.0,3970.0,3970.0,107252600
2026-07-09T00:00:00Z,3960.0,4040.0,3950.0,4040.0,109084100
2026-07-10T00:00:00Z,4050.0,4080.0,4010.0,4080.0,73997600
2026-07-13T00:00:00Z,4070.0,4260.0,4020.0,4250.0,140381100
2026-07-14T00:00:00Z,4250.0,4260.0,4130.0,4160.0,186937300
2026-07-15T00:00:00Z,4220.0,4270.0,4170.0,4200.0,145283200
2026-07-16T00:00:00Z,4240.0,4310.0,4220.0,4310.0,103434900
2026-07-17T00:00:00Z,4310.0,4490.0,4270.0,4480.0,258763500
2026-07-20T00:00:00Z,4480.0,4520.0,4420.0,4450.0,197096400
2026-07-21T00:00:00Z,4480.0,4490.0,4430.0,4480.0,135068500
2026-07-22T00:00:00Z,4490.0,4490.0,4410.0,4420.0,93136600
2026-07-23T00:00:00Z,4450.0,4470.0,4330.0,4380.0,160468800
2026-07-24T00:00:00Z,4280.0,4290.0,4120.0,4130.0,403126400
2026-07-27T00:00:00Z,4110.0,4160.0,4060.0,4160.0,233516000
2026-07-28T00:00:00Z,4150.0,4190.0,4100.0,4100.0,162841200
2026-07-29T00:00:00Z,4120.0,4140.0,4060.0,4090.0,125647800
2026-07-30T00:00:00Z,4100.0,4200.0,4100.0,4160.0,100897800
2026-07-31T00:00:00Z,4180.0,4200.0,4160.0,4190.0,97657300
2026-08-03T00:00:00Z,4230.0,4230.0,4140.0,4170.0,76254300
2026-08-04T00:00:00Z,4170.0,4260.0,4170.0,4260.0,121374800
2026-08-05T00:00:00Z,4260.0,4280.0,4220.0,4220.0,122781400
2026-08-06T00:00:00Z,4240.0,4280.0,4200.0,4200.0,95744300
2026-08-07T00:00:00Z,4220.0,4270.0,4210.0,4240.0,110106100
2026-08-10T00:00:00Z,4250.0,4270.0,4180.0,4180.0,148614700
2026-08-11T00:00:00Z,4200.0,4200.0,4100.0,4120.0,148404100
2026-08-12T00:00:00Z,4130.0,4150.0,4080.0,4130.0,153658300
2026-08-13T00:00:00Z,4140.0,4150.0,4090.0,4130.0,108708200
2026-08-14T00:00:00Z,4140.0,4170.0,4100.0,4170.0,75934800
2026-08-18T00:00:00Z,4200.0,4220.0,4150.0,4150.0,116514200
2026-08-19T00:00:00Z,4160.0,4190.0,4140.0,4140.0,79287200
2026-08-20T00:00:00Z,4150.0,4180.0,4140.0,4150.0,74796300
2026-08-21T00:00:00Z,4170.0,4240.0,4170.0,4220.0,142906200
2026-08-24T00:00:00Z,4220.0,4220.0,4170.0,4200.0,86046100
2026-08-26T00:00:00Z,4190.0,4190.0,4150.0,4160.0,156162500
2026-08-27T00:00:00Z,4140.0,4210.0,4130.0,4210.0,66036800
2026-08-28T00:00:00Z,4220.0,4260.0,4200.0,4250.0,111542000
2026-08-31T00:00:00Z,4250.0,4280.0,4200.0,4230.0,231356300
2026-09-01T00:00:00Z,4230.0,4320.0,4230.0,4320.0,191597900
2026-09-02T00:00:00Z,4350.0,4390.0,4320.0,4360.0,134416100
2026-09-03T00:00:00Z,4390.0,4460.0,4360.0,4460.0,234996500
2026-09-04T00:00:00Z,4470.0,4480.0,4420.0,4420.0,95373200
2026-09-07T00:00:00Z,4450.0,4450.0,4370.0,4390.0,94899700
2026-09-08T00:00:00Z,4400.0,4430.0,4390.0,4430.0,91930900
2026-09-09T00:00:00Z,4430.0,4440.0,4370.0,4390.0,125622500
2026-09-10T00:00:00Z,4390.0,4410.0,4340.0,4370.0,132956900
2026-09-11T00:00:00Z,4330.0,4360.0,4300.0,4360.0,126557800
2026-09-14T00:00:00Z,4350.0,4460.0,4260.0,4440.0,229164500
2026-09-15T00:00:00Z,4440.0,4450.0,4330.0,4340.0,128314600
2026-09-16T00:00:00Z,4300.0,4320.0,4260.0,4260.0,140870900
2026-09-17T00:00:00Z,4340.0,4350.0,4300.0,4350.0,110580900
2026-09-18T00:00:00Z,4350.0,4350.0,4250.0,4260.0,186217000
