date,open,high,low,close,volume
2004-06-08T00:00:00Z,175.0,180.0,175.0,177.5,499150000
2004-06-09T00:00:00Z,177.5,182.5,175.0,180.0,294290000
2004-06-10T00:00:00Z,180.0,180.0,177.5,180.0,165590000
2004-06-11T00:00:00Z,177.5,180.0,177.5,180.0,135830000
2004-06-14T00:00:00Z,180.0,180.0,175.0,177.5,158540000
2004-06-15T00:00:00Z,175.0,182.5,175.0,182.5,297620000
2004-06-16T00:00:00Z,182.5,182.5,177.5,180.0,104270000
2004-06-17T00:00:00Z,177.5,177.5,175.0,177.5,350150000
2004-06-18T00:00:00Z,175.0,177.5,175.0,177.5,263260000
2004-06-21T00:00:00Z,177.5,177.5,175.0,177.5,331870000
2004-06-22T00:00:00Z,177.5,180.0,177.5,177.5,56870000
2004-06-23T00:00:00Z,180.0,180.0,177.5,180.0,469190000
2004-06-24T00:00:00Z,180.0,180.0,177.5,180.0,191310000
2004-06-25T00:00:00Z,180.0,182.5,180.0,182.5,154310000
2004-06-28T00:00:00Z,182.5,182.5,180.0,182.5,260860000
2004-06-29T00:00:00Z,182.5,185.0,182.5,185.0,123060000
2004-06-30T00:00:00Z,185.0,187.5,182.5,187.5,291260000
2004-07-01T00:00:00Z,180.0,180.0,175.0,177.5,203090000
2004-07-02T00:00:00Z,177.5,180.0,177.5,180.0,490800000
2004-07-06T00:00:00Z,182.5,187.5,180.0,187.5,826610000
2004-07-07T00:00:00Z,185.0,190.0,182.5,187.5,382570000
2004-07-08T00:00:00Z,187.5,190.0,185.0,187.5,284740000
2004-07-09T00:00:00Z,185.0,190.0,185.0,190.0,381140000
2004-07-12T00:00:00Z,190.0,195.0,187.5,190.0,478410000
2004-07-13T00:00:00Z,190.0,192.5,187.5,192.5,133420000
2004-07-14T00:00:00Z,190.0,190.0,185.0,187.5,243420000
2004-07-15T00:00:00Z,185.0,187.5,182.5,187.5,134890000
2004-07-16T00:00:00Z,185.0,190.0,185.0,190.0,140620000
2004-07-19T00:00:00Z,187.5,190.0,187.5,190.0,43940000
2004-07-20T00:00:00Z,187.5,190.0,187.5,190.0,168890000
2004-07-21T00:00:00Z,187.5,190.0,187.5,190.0,162420000
2004-07-22T00:00:00Z,187.5,190.0,187.5,190.0,61730000
2004-07-23T00:00:00Z,187.5,190.0,187.5,190.0,15670000
2004-07-26T00:00:00Z,187.5,187.5,182.5,187.5,517650000
2004-07-27T00:00:00Z,185.0,187.5,182.5,187.5,254000000
2004-07-28T00:00:00Z,187.5,187.5,185.0,187.5,172520000
2004-07-29T00:00:00Z,187.5,187.5,185.0,187.5,57950000
2004-07-30T00:00:00Z,187.5,187.5,185.0,187.5,224110000
2004-08-02T00:00:00Z,185.0,187.5,185.0,185.0,27010000
2004-08-03T00:00:00Z,185.0,190.0,185.0,187.5,326000000
2004-08-04T00:00:00Z,187.5,190.0,187.5,190.0,254660000
2004-08-05T00:00:00Z,187.5,190.0,187.5,190.0,133330000
2004-08-06T00:00:00Z,187.5,190.0,187.5,187.5,126340000
2004-08-09T00:00:00Z,185.0,185.0,180.0,182.5,364660000
2004-08-10T00:00:00Z,182.5,182.5,182.5,182.5,108000000
2004-08-11T00:00:00Z,185.0,185.0,185.0,185.0,144040000
2004-08-12T00:00:00Z,185.0,185.0,182.5,182.5,13100000
2004-08-13T00:00:00Z,182.5,185.0,182.5,182.5,113270000
2004-08-16T00:00:00Z,182.5,182.5,180.0,180.0,143450000
2004-08-18T00:00:00Z,182.5,185.0,182.5,185.0,236070000
2004-08-19T00:00:00Z,185.0,185.0,182.5,185.0,54470000
2004-08-20T00:00:00Z,182.5,185.0,182.5,182.5,6340000
2004-08-23T00:00:00Z,182.5,185.0,182.5,182.5,34770000
2004-08-24T00:00:00Z,182.5,182.5,180.0,182.5,343910000
2004-08-25T00:00:00Z,182.5,182.5,177.5,180.0,20510000
2004-08-26T00:00:00Z,177.5,180.0,177.5,180.0,26650000
2004-08-27T00:00:00Z,180.0,182.5,180.0,182.5,152960000
2004-08-30T00:00:00Z,180.0,180.0,177.5,177.5,217280000
2004-08-31T00:00:00Z,180.0,182.5,180.0,180.0,241830000
2004-09-01T00:00:00Z,180.0,187.5,180.0,187.5,785500000
2004-09-02T00:00:00Z,187.5,190.0,185.0,187.5,625450000
2004-09-03T00:00:00Z,187.5,192.5,187.5,190.0,380010000
2004-09-06T00:00:00Z,190.0,192.5,187.5,187.5,300650000
2004-09-07T00:00:00Z,187.5,187.5,185.0,185.0,380160000
2004-09-08T00:00:00Z,185.0,190.0,185.0,190.0,148760000
2004-09-09T00:00:00Z,187.5,187.5,180.0,185.0,1124760000
2004-09-10T00:00:00Z,185.0,190.0,182.5,187.5,807590000
2004-09-14T00:00:00Z,190.0,200.0,190.0,197.5,1532050000
2004-09-15T00:00:00Z,197.5,205.0,195.0,202.5,1588000000
2004-09-16T00:00:00Z,200.0,200.0,197.5,200.0,208620000
2004-09-17T00:00:00Z,197.5,200.0,192.5,200.0,302950000
2004-09-21T00:00:00Z,202.5,210.0,202.5,207.5,1901600000
2004-09-22T00:00:00Z,207.5,207.5,202.5,205.0,210400000
2004-09-23T00:00:00Z,202.5,207.5,202.5,205.0,623640000
2004-09-24T00:00:00Z,202.5,205.0,202.5,205.0,10480000
2004-09-27T00:00:00Z,202.5,205.0,197.5,200.0,174580000
2004-09-28T00:00:00Z,200.0,200.0,197.5,197.5,331780000
2004-09-29T00:00:00Z,197.5,200.0,197.5,200.0,244270000
2004-09-30T00:00:00Z,200.0,202.5,197.5,200.0,270690000
2004-10-01T00:00:00Z,200.0,202.5,200.0,202.5,447560000
2004-10-04T00:00:00Z,202.5,212.5,202.5,212.5,1251590000
2004-10-05T00:00:00Z,210.0,230.0,210.0,230.0,1496600000
2004-10-06T00:00:00Z,230.0,230.0,222.5,227.5,270080000
2004-10-07T00:00:00Z,225.0,225.0,217.5,225.0,412060000
2004-10-08T00:00:00Z,222.5,227.5,222.5,225.0,288950000
2004-10-11T00:00:00Z,225.0,230.0,222.5,227.5,350120000
2004-10-12T00:00:00Z,227.5,227.5,220.0,222.5,322910000
2004-10-13T00:00:00Z,225.0,227.5,222.5,225.0,168000000
2004-10-14T00:00:00Z,225.0,227.5,222.5,225.0,305480000
2004-10-15T00:00:00Z,222.5,227.5,222.5,227.5,301950000
2004-10-18T00:00:00Z,227.5,227.5,225.0,227.5,137550000
2004-10-19T00:00:00Z,227.5,227.5,222.5,222.5,412170000
2004-10-20T00:00:00Z,222.5,225.0,217.5,222.5,273750000
2004-10-21T00:00:00Z,222.5,222.5,217.5,220.0,170980000
2004-10-22T00:00:00Z,220.0,227.5,220.0,225.0,219850000
2004-10-25T00:00:00Z,225.0,227.5,222.5,227.5,36080000
2004-10-26T00:00:00Z,227.5,230.0,225.0,230.0,95260000
2004-10-27T00:00:00Z,230.0,242.5,230.0,240.0,668340000
2004-10-28T00:00:00Z,242.5,242.5,235.0,240.0,277050000
2004-10-29T00:00:00Z,240.0,240.0,237.5,240.0,126340000
2004-11-01T00:00:00Z,240.0,250.0,240.0,247.5,224080000
2004-11-02T00:00:00Z,247.5,260.0,247.5,255.0,389430000
2004-11-03T00:00:00Z,255.0,255.0,247.5,247.5,438210000
2004-11-04T00:00:00Z,247.5,247.5,240.0,247.5,370720000
2004-11-05T00:00:00Z,247.5,252.5,247.5,250.0,114460000
2004-11-08T00:00:00Z,250.0,250.0,245.0,250.0,38090000
2004-11-09T00:00:00Z,250.0,252.5,250.0,250.0,65960000
2004-11-10T00:00:00Z,252.5,267.5,250.0,265.0,289020000
2004-11-11T00:00:00Z,267.5,282.5,267.5,275.0,278360000
2004-11-12T00:00:00Z,277.5,282.5,272.5,275.0,351860000
2004-11-22T00:00:00Z,275.0,275.0,265.0,270.0,383340000
2004-11-23T00:00:00Z,270.0,282.5,270.0,275.0,361270000
2004-11-24T00:00:00Z,275.0,280.0,272.5,275.0,120080000
2004-11-25T00:00:00Z,272.5,272.5,267.5,267.5,128910000
2004-11-26T00:00:00Z,267.5,267.5,257.5,262.5,555880000
2004-11-29T00:00:00Z,262.5,272.5,262.5,272.5,284470000
2004-11-30T00:00:00Z,272.5,277.5,272.5,275.0,174800000
2004-12-01T00:00:00Z,275.0,275.0,267.5,272.5,335200000
2004-12-02T00:00:00Z,275.0,280.0,272.5,272.5,569090000
2004-12-03T00:00:00Z,275.0,277.5,272.5,272.5,508070000
2004-12-06T00:00:00Z,270.0,272.5,270.0,272.5,80250000
2004-12-07T00:00:00Z,272.5,272.5,267.5,270.0,144530000
2004-12-08T00:00:00Z,270.0,272.5,270.0,270.0,96460000
2004-12-09T00:00:00Z,270.0,272.5,267.5,267.5,281890000
2004-12-10T00:00:00Z,267.5,270.0,265.0,267.5,370970000
2004-12-13T00:00:00Z,265.0,265.0,257.5,262.5,303400000
2004-12-14T00:00:00Z,262.5,267.5,257.5,262.5,404780000
2004-12-15T00:00:00Z,262.5,262.5,250.0,255.0,475980000
2004-12-16T00:00:00Z,257.5,267.5,257.5,267.5,300610000
2004-12-17T00:00:00Z,267.5,285.0,267.5,282.5,968030000
2004-12-20T00:00:00Z,280.0,290.0,280.0,285.0,500500000
2004-12-21T00:00:00Z,285.0,287.5,282.5,287.5,259150000
2004-12-22T00:00:00Z,287.5,295.0,287.5,290.0,385500000
2004-12-23T00:00:00Z,292.5,295.0,290.0,292.5,190420000
2004-12-27T00:00:00Z,290.0,300.0,290.0,297.5,239760000
2004-12-28T00:00:00Z,297.5,305.0,295.0,302.5,357530000
2004-12-29T00:00:00Z,305.0,305.0,297.5,297.5,112540000
2004-12-30T00:00:00Z,297.5,297.5,290.0,297.5,116110000
2005-01-03T00:00:00Z,295.0,295.0,292.5,295.0,126180000
2005-01-04T00:00:00Z,295.0,302.5,295.0,300.0,291730000
2005-01-05T00:00:00Z,300.0,315.0,300.0,307.5,564730000
2005-01-06T00:00:00Z,310.0,310.0,302.5,307.5,161150000
2005-01-07T00:00:00Z,305.0,305.0,292.5,295.0,592910000
2005-01-10T00:00:00Z,295.0,295.0,272.5,282.5,1459290000
2005-01-11T00:00:00Z,282.5,285.0,277.5,282.5,763270000
2005-01-12T00:00:00Z,280.0,282.5,275.0,277.5,346960000
2005-01-13T00:00:00Z,277.5,282.5,277.5,280.0,462640000
2005-01-14T00:00:00Z,280.0,285.0,280.0,282.5,425410000
2005-01-17T00:00:00Z,282.5,287.5,282.5,287.5,186470000
2005-01-18T00:00:00Z,287.5,287.5,280.0,285.0,185970000
2005-01-19T00:00:00Z,285.0,285.0,280.0,285.0,641200000
2005-01-20T00:00:00Z,282.5,287.5,280.0,287.5,343520000
2005-01-24T00:00:00Z,287.5,287.5,285.0,287.5,162660000
2005-01-25T00:00:00Z,287.5,290.0,285.0,285.0,337900000
2005-01-26T00:00:00Z,287.5,292.5,287.5,292.5,374440000
2005-01-27T00:00:00Z,292.5,295.0,292.5,295.0,388630000
2005-01-28T00:00:00Z,295.0,295.0,290.0,292.5,271040000
2005-01-31T00:00:00Z,290.0,290.0,287.5,287.5,236080000
2005-02-01T00:00:00Z,287.5,292.5,287.5,292.5,170990000
2005-02-02T00:00:00Z,292.5,295.0,290.0,292.5,350620000
2005-02-03T00:00:00Z,292.5,297.5,290.0,297.5,371380000
2005-02-04T00:00:00Z,295.0,302.5,295.0,300.0,452960000
2005-02-07T00:00:00Z,300.0,302.5,297.5,300.0,306860000
2005-02-08T00:00:00Z,297.5,300.0,297.5,300.0,145560000
2005-02-11T00:00:00Z,297.5,302.5,297.5,300.0,285870000
2005-02-14T00:00:00Z,300.0,300.0,295.0,300.0,326000000
2005-02-15T00:00:00Z,300.0,307.5,300.0,307.5,429560000
2005-02-16T00:00:00Z,310.0,320.0,310.0,315.0,715460000
2005-02-17T00:00:00Z,320.0,337.5,320.0,332.5,920020000
2005-02-18T00:00:00Z,330.0,332.5,322.5,332.5,172390000
2005-02-21T00:00:00Z,332.5,332.5,327.5,330.0,93670000
2005-02-22T00:00:00Z,330.0,330.0,327.5,330.0,112470000
2005-02-23T00:00:00Z,327.5,337.5,325.0,330.0,169910000
2005-02-24T00:00:00Z,330.0,337.5,327.5,335.0,297770000
2005-02-25T00:00:00Z,332.5,332.5,330.0,330.0,499650000
2005-02-28T00:00:00Z,330.0,330.0,320.0,327.5,477690000
2005-03-01T00:00:00Z,325.0,332.5,325.0,327.5,287430000
2005-03-02T00:00:00Z,327.5,327.5,317.5,320.0,243910000
2005-03-03T00:00:00Z,320.0,332.5,320.0,332.5,331170000
2005-03-04T00:00:00Z,332.5,340.0,330.0,335.0,444930000
2005-03-07T00:00:00Z,335.0,347.5,335.0,342.5,893120000
2005-03-08T00:00:00Z,345.0,350.0,340.0,345.0,170600000
2005-03-09T00:00:00Z,347.5,347.5,335.0,335.0,476220000
2005-03-10T00:00:00Z,335.0,337.5,332.5,332.5,420230000
2005-03-14T00:00:00Z,335.0,337.5,327.5,335.0,409390000
2005-03-15T00:00:00Z,335.0,365.0,335.0,357.5,785300000
2005-03-16T00:00:00Z,360.0,380.0,360.0,377.5,750460000
2005-03-17T00:00:00Z,377.5,377.5,362.5,370.0,523960000
2005-03-18T00:00:00Z,375.0,375.0,367.5,370.0,272000000
2005-03-21T00:00:00Z,370.0,382.5,365.0,382.5,364340000
2005-03-22T00:00:00Z,387.5,390.0,370.0,377.5,780220000
2005-03-24T00:00:00Z,370.0,370.0,350.0,360.0,1949960000
2005-03-28T00:00:00Z,360.0,360.0,340.0,340.0,1046370000
2005-03-29T00:00:00Z,340.0,345.0,332.5,337.5,606600000
2005-03-30T00:00:00Z,335.0,345.0,325.0,332.5,1700220000
2005-03-31T00:00:00Z,335.0,342.5,335.0,340.0,1196590000
2005-04-01T00:00:00Z,340.0,345.0,337.5,340.0,516260000
2005-04-04T00:00:00Z,342.5,345.0,340.0,345.0,172170000
2005-04-05T00:00:00Z,345.0,345.0,340.0,342.5,247030000
2005-04-06T00:00:00Z,340.0,345.0,337.5,345.0,417050000
2005-04-07T00:00:00Z,345.0,345.0,332.5,342.5,1321300000
2005-04-08T00:00:00Z,342.5,342.5,337.5,342.5,153890000
2005-04-11T00:00:00Z,340.0,340.0,335.0,340.0,191500000
2005-04-12T00:00:00Z,337.5,340.0,332.5,340.0,725470000
2005-04-13T00:00:00Z,337.5,345.0,337.5,337.5,334880000
2005-04-14T00:00:00Z,340.0,342.5,332.5,337.5,578080000
2005-04-15T00:00:00Z,332.5,340.0,332.5,340.0,318220000
2005-04-18T00:00:00Z,335.0,335.0,327.5,332.5,836510000
2005-04-19T00:00:00Z,332.5,332.5,325.0,327.5,527100000
2005-04-20T00:00:00Z,330.0,342.5,330.0,340.0,423160000
2005-04-21T00:00:00Z,337.5,337.5,330.0,332.5,379890000
2005-04-25T00:00:00Z,332.5,332.5,302.5,315.0,1681200000
2005-04-26T00:00:00Z,315.0,320.0,310.0,320.0,507660000
2005-04-27T00:00:00Z,320.0,325.0,315.0,317.5,807540000
2005-04-28T00:00:00Z,317.5,320.0,310.0,312.5,550650000
2005-04-29T00:00:00Z,310.0,310.0,297.5,307.5,1245090000
2005-05-02T00:00:00Z,310.0,315.0,310.0,310.0,165560000
2005-05-03T00:00:00Z,310.0,315.0,307.5,312.5,200510000
2005-05-04T00:00:00Z,315.0,325.0,312.5,322.5,466600000
2005-05-06T00:00:00Z,322.5,330.0,322.5,327.5,214880000
2005-05-09T00:00:00Z,327.5,327.5,320.0,325.0,324580000
2005-05-10T00:00:00Z,325.0,327.5,322.5,325.0,162970000
2005-05-11T00:00:00Z,320.0,327.5,317.5,325.0,115490000
2005-05-12T00:00:00Z,327.5,327.5,325.0,325.0,135610000
2005-05-13T00:00:00Z,322.5,327.5,322.5,327.5,87980000
2005-05-16T00:00:00Z,325.0,325.0,322.5,322.5,65160000
2005-05-17T00:00:00Z,325.0,330.0,322.5,330.0,160420000
2005-05-18T00:00:00Z,330.0,330.0,325.0,327.5,148410000
2005-05-19T00:00:00Z,327.5,330.0,327.5,330.0,113820000
2005-05-20T00:00:00Z,327.5,327.5,325.0,327.5,111580000
2005-05-23T00:00:00Z,325.0,327.5,325.0,327.5,29340000
2005-05-25T00:00:00Z,325.0,327.5,325.0,327.5,121100000
2005-05-26T00:00:00Z,325.0,332.5,325.0,330.0,222780000
2005-05-27T00:00:00Z,330.0,330.0,327.5,327.5,179860000
2005-05-30T00:00:00Z,327.5,335.0,327.5,335.0,197660000
2005-05-31T00:00:00Z,335.0,347.5,335.0,347.5,357220000
2005-06-01T00:00:00Z,345.0,347.5,342.5,345.0,189470000
2005-06-02T00:00:00Z,345.0,355.0,345.0,355.0,357880000
2005-06-03T00:00:00Z,355.0,360.0,350.0,357.5,319250000
2005-06-06T00:00:00Z,355.0,355.0,350.0,352.5,153440000
2005-06-07T00:00:00Z,352.5,357.5,350.0,350.0,158940000
2005-06-08T00:00:00Z,350.0,352.5,345.0,350.0,156300000
2005-06-09T00:00:00Z,350.0,352.5,347.5,352.5,83980000
2005-06-10T00:00:00Z,352.5,352.5,347.5,350.0,62030000
2005-06-13T00:00:00Z,347.5,352.5,347.5,350.0,155870000
2005-06-14T00:00:00Z,352.5,355.0,350.0,355.0,150820000
2005-06-15T00:00:00Z,355.0,362.5,355.0,360.0,461550000
2005-06-16T00:00:00Z,360.0,367.5,355.0,360.0,305650000
2005-06-17T00:00:00Z,360.0,367.5,360.0,367.5,173220000
2005-06-20T00:00:00Z,367.5,367.5,362.5,365.0,99610000
2005-06-21T00:00:00Z,362.5,370.0,360.0,365.0,211940000
2005-06-22T00:00:00Z,365.0,365.0,357.5,365.0,185660000
2005-06-23T00:00:00Z,362.5,365.0,360.0,360.0,72680000
2005-06-24T00:00:00Z,360.0,362.5,357.5,362.5,112010000
2005-06-27T00:00:00Z,360.0,360.0,355.0,355.0,70670000
2005-06-28T00:00:00Z,357.5,360.0,355.0,355.0,142950000
2005-06-29T00:00:00Z,357.5,360.0,355.0,355.0,49340000
2005-06-30T00:00:00Z,357.5,360.0,355.0,360.0,229650000
2005-07-01T00:00:00Z,360.0,365.0,357.5,365.0,101220000
2005-07-04T00:00:00Z,362.5,362.5,355.0,357.5,152210000
2005-07-05T00:00:00Z,357.5,357.5,352.5,352.5,266870000
2005-07-06T00:00:00Z,355.0,355.0,350.0,352.5,120810000
2005-07-07T00:00:00Z,350.0,352.5,345.0,347.5,396080000
2005-07-08T00:00:00Z,345.0,352.5,345.0,352.5,101260000
2005-07-11T00:00:00Z,352.5,352.5,350.0,352.5,36510000
2005-07-12T00:00:00Z,352.5,352.5,350.0,350.0,99170000
2005-07-13T00:00:00Z,350.0,352.5,350.0,350.0,152770000
2005-07-14T00:00:00Z,352.5,355.0,352.5,352.5,78330000
2005-07-15T00:00:00Z,352.5,355.0,352.5,352.5,196430000
2005-07-18T00:00:00Z,355.0,355.0,355.0,355.0,124750000
2005-07-19T00:00:00Z,352.5,355.0,352.5,355.0,158950000
2005-07-20T00:00:00Z,350.0,357.5,347.5,357.5,201500000
2005-07-21T00:00:00Z,357.5,360.0,355.0,357.5,136330000
2005-07-22T00:00:00Z,357.5,357.5,350.0,350.0,183590000
2005-07-25T00:00:00Z,350.0,355.0,350.0,355.0,118040000
2005-07-26T00:00:00Z,355.0,362.5,355.0,362.5,292560000
2005-07-27T00:00:00Z,362.5,365.0,360.0,360.0,123170000
2005-07-28T00:00:00Z,362.5,365.0,360.0,362.5,42030000
2005-07-29T00:00:00Z,362.5,367.5,362.5,365.0,71420000
2005-08-01T00:00:00Z,365.0,367.5,362.5,362.5,147580000
2005-08-02T00:00:00Z,362.5,372.5,362.5,372.5,140120000
2005-08-03T00:00:00Z,372.5,382.5,372.5,377.5,249980000
2005-08-04T00:00:00Z,380.0,382.5,375.0,375.0,156730000
2005-08-05T00:00:00Z,375.0,375.0,365.0,367.5,67040000
2005-08-08T00:00:00Z,365.0,365.0,362.5,362.5,126220000
2005-08-09T00:00:00Z,362.5,362.5,352.5,355.0,333520000
2005-08-10T00:00:00Z,357.5,362.5,357.5,360.0,114420000
2005-08-11T00:00:00Z,360.0,360.0,355.0,357.5,96480000
2005-08-12T00:00:00Z,355.0,355.0,350.0,350.0,155300000
2005-08-15T00:00:00Z,350.0,350.0,335.0,342.5,1148470000
2005-08-16T00:00:00Z,342.5,345.0,342.5,345.0,122380000
2005-08-18T00:00:00Z,345.0,347.5,340.0,345.0,415680000
2005-08-19T00:00:00Z,342.5,342.5,327.5,332.5,853380000
2005-08-22T00:00:00Z,330.0,340.0,330.0,330.0,153560000
2005-08-23T00:00:00Z,332.5,350.0,330.0,330.0,421430000
2005-08-24T00:00:00Z,330.0,337.5,325.0,332.5,580810000
2005-08-25T00:00:00Z,332.5,347.5,330.0,345.0,188130000
2005-08-26T00:00:00Z,340.0,342.5,332.5,340.0,97660000
2005-08-29T00:00:00Z,337.5,337.5,325.0,330.0,562120000
2005-08-30T00:00:00Z,325.0,347.5,310.0,337.5,482700000
2005-08-31T00:00:00Z,345.0,347.5,340.0,342.5,179340000
2005-09-01T00:00:00Z,340.0,350.0,335.0,347.5,144910000
2005-09-05T00:00:00Z,345.0,345.0,337.5,337.5,159490000
2005-09-06T00:00:00Z,340.0,345.0,340.0,340.0,259390000
2005-09-07T00:00:00Z,342.5,347.5,342.5,345.0,218200000
2005-09-08T00:00:00Z,347.5,352.5,345.0,347.5,318950000
2005-09-09T00:00:00Z,347.5,360.0,347.5,357.5,440210000
2005-09-12T00:00:00Z,357.5,365.0,357.5,362.5,608990000
2005-09-13T00:00:00Z,362.5,362.5,350.0,352.5,532880000
2005-09-14T00:00:00Z,350.0,352.5,340.0,340.0,272480000
2005-09-15T00:00:00Z,340.0,345.0,340.0,340.0,106760000
2005-09-16T00:00:00Z,342.5,347.5,340.0,342.5,274620000
2005-09-19T00:00:00Z,350.0,350.0,342.5,345.0,361170000
2005-09-20T00:00:00Z,345.0,350.0,342.5,347.5,650380000
2005-09-22T00:00:00Z,347.5,347.5,332.5,342.5,489040000
2005-09-23T00:00:00Z,337.5,340.0,335.0,337.5,63350000
2005-09-26T00:00:00Z,337.5,350.0,337.5,342.5,314210000
2005-09-27T00:00:00Z,337.5,342.5,337.5,340.0,184660000
2005-09-28T00:00:00Z,340.0,340.0,330.0,332.5,75250000
2005-09-29T00:00:00Z,340.0,342.5,327.5,340.0,284010000
2005-09-30T00:00:00Z,345.0,345.0,340.0,345.0,159610000
2005-10-03T00:00:00Z,345.0,345.0,337.5,345.0,192690000
2005-10-04T00:00:00Z,360.0,360.0,345.0,360.0,556150000
2005-10-05T00:00:00Z,352.5,360.0,345.0,352.5,198820000
2005-10-06T00:00:00Z,352.5,352.5,345.0,352.5,137980000
2005-10-07T00:00:00Z,342.5,345.0,340.0,342.5,153300000
2005-10-10T00:00:00Z,347.5,347.5,337.5,347.5,144080000
2005-10-11T00:00:00Z,342.5,345.0,340.0,342.5,194160000
2005-10-12T00:00:00Z,340.0,342.5,337.5,340.0,66030000
2005-10-13T00:00:00Z,337.5,337.5,332.5,337.5,258860000
2005-10-14T00:00:00Z,337.5,337.5,332.5,337.5,127950000
2005-10-17T00:00:00Z,337.5,337.5,327.5,335.0,293810000
2005-10-18T00:00:00Z,335.0,335.0,332.5,335.0,43860000
2005-10-19T00:00:00Z,327.5,332.5,327.5,327.5,316580000
2005-10-20T00:00:00Z,330.0,330.0,325.0,330.0,259080000
2005-10-21T00:00:00Z,332.5,332.5,327.5,332.5,29050000
2005-10-24T00:00:00Z,332.5,340.0,332.5,332.5,141330000
2005-10-25T00:00:00Z,337.5,337.5,332.5,335.0,56170000
2005-10-26T00:00:00Z,332.5,335.0,330.0,332.5,685580000
2005-10-27T00:00:00Z,332.5,332.5,330.0,332.5,217930000
2005-10-28T00:00:00Z,322.5,330.0,317.5,322.5,221400000
2005-10-31T00:00:00Z,322.5,325.0,317.5,322.5,98050000
2005-11-01T00:00:00Z,312.5,325.0,302.5,312.5,616310000
2005-11-09T00:00:00Z,310.0,310.0,295.0,305.0,656090000
2005-11-10T00:00:00Z,300.0,305.0,297.5,300.0,429730000
2005-11-11T00:00:00Z,300.0,305.0,292.5,300.0,373910000
2005-11-14T00:00:00Z,302.5,302.5,292.5,302.5,312610000
2005-11-15T00:00:00Z,310.0,310.0,300.0,310.0,126800000
2005-11-16T00:00:00Z,320.0,320.0,310.0,320.0,155400000
2005-11-17T00:00:00Z,320.0,320.0,315.0,320.0,175140000
2005-11-18T00:00:00Z,317.5,320.0,312.5,317.5,850040000
2005-11-21T00:00:00Z,315.0,325.0,312.5,315.0,441580000
2005-11-22T00:00:00Z,317.5,317.5,312.5,317.5,480310000
2005-11-23T00:00:00Z,322.5,322.5,315.0,322.5,290430000
2005-11-24T00:00:00Z,330.0,330.0,325.0,330.0,585550000
2005-11-25T00:00:00Z,330.0,332.5,327.5,330.0,137590000
2005-11-28T00:00:00Z,330.0,332.5,327.5,330.0,336540000
2005-11-29T00:00:00Z,330.0,330.0,327.5,330.0,105850000
2005-11-30T00:00:00Z,330.0,330.0,327.5,330.0,380880000
2005-12-01T00:00:00Z,330.0,330.0,327.5,330.0,169410000
2005-12-02T00:00:00Z,335.0,335.0,330.0,335.0,769850000
2005-12-05T00:00:00Z,335.0,337.5,332.5,335.0,174390000
2005-12-06T00:00:00Z,340.0,345.0,335.0,340.0,429050000
2005-12-07T00:00:00Z,350.0,350.0,342.5,350.0,653040000
2005-12-08T00:00:00Z,352.5,357.5,350.0,352.5,521870000
2005-12-09T00:00:00Z,345.0,352.5,340.0,345.0,257400000
2005-12-12T00:00:00Z,345.0,347.5,342.5,345.0,121070000
2005-12-13T00:00:00Z,350.0,350.0,345.0,350.0,183230000
2005-12-14T00:00:00Z,340.0,350.0,337.5,340.0,228000000
2005-12-15T00:00:00Z,340.0,342.5,337.5,340.0,293870000
2005-12-16T00:00:00Z,340.0,342.5,337.5,340.0,192820000
2005-12-19T00:00:00Z,340.0,342.5,337.5,340.0,47610000
2005-12-20T00:00:00Z,340.0,340.0,337.5,340.0,124510000
2005-12-21T00:00:00Z,335.0,337.5,332.5,335.0,175910000
2005-12-22T00:00:00Z,340.0,340.0,335.0,340.0,80760000
2005-12-23T00:00:00Z,340.0,340.0,335.0,337.5,43350000
2005-12-27T00:00:00Z,335.0,340.0,335.0,335.0,22730000
2005-12-28T00:00:00Z,337.5,337.5,332.5,337.5,28800000
2005-12-29T00:00:00Z,340.0,340.0,332.5,340.0,83770000
2006-01-02T00:00:00Z,340.0,340.0,335.0,340.0,15680000
2006-01-03T00:00:00Z,347.5,347.5,337.5,347.5,171000000
2006-01-04T00:00:00Z,350.0,367.5,350.0,367.5,830650000
2006-01-05T00:00:00Z,367.5,370.0,357.5,360.0,195370000
2006-01-06T00:00:00Z,357.5,362.5,355.0,360.0,151170000
2006-01-09T00:00:00Z,360.0,365.0,360.0,365.0,274610000
2006-01-11T00:00:00Z,365.0,365.0,357.5,362.5,253190000
2006-01-12T00:00:00Z,362.5,362.5,360.0,360.0,175940000
2006-01-13T00:00:00Z,360.0,362.5,360.0,360.0,113580000
2006-01-16T00:00:00Z,360.0,367.5,357.5,360.0,329880000
2006-01-17T00:00:00Z,360.0,360.0,355.0,357.5,200860000
2006-01-18T00:00:00Z,355.0,355.0,350.0,350.0,96290000
2006-01-19T00:00:00Z,352.5,362.5,352.5,362.5,72780000
2006-01-20T00:00:00Z,362.5,365.0,360.0,362.5,116510000
2006-01-23T00:00:00Z,360.0,360.0,355.0,357.5,56250000
2006-01-24T00:00:00Z,357.5,357.5,355.0,357.5,28660000
2006-01-25T00:00:00Z,357.5,362.5,357.5,362.5,83890000
2006-01-26T00:00:00Z,362.5,362.5,360.0,360.0,57970000
2006-01-27T00:00:00Z,365.0,365.0,360.0,365.0,88090000
2006-01-30T00:00:00Z,362.5,365.0,360.0,362.5,21300000
2006-02-01T00:00:00Z,367.5,367.5,362.5,367.5,162360000
2006-02-02T00:00:00Z,365.0,365.0,362.5,365.0,60980000
2006-02-03T00:00:00Z,370.0,370.0,365.0,370.0,51120000
2006-02-06T00:00:00Z,370.0,370.0,367.5,370.0,47890000
2006-02-07T00:00:00Z,370.0,372.5,370.0,372.5,52120000
2006-02-08T00:00:00Z,370.0,370.0,360.0,365.0,189590000
2006-02-09T00:00:00Z,365.0,365.0,362.5,365.0,117880000
2006-02-10T00:00:00Z,365.0,365.0,360.0,365.0,20630000
2006-02-13T00:00:00Z,362.5,367.5,360.0,362.5,52900000
2006-02-14T00:00:00Z,362.5,362.5,357.5,362.5,160090000
2006-02-15T00:00:00Z,360.0,362.5,357.5,360.0,85540000
2006-02-16T00:00:00Z,362.5,367.5,360.0,362.5,52440000
2006-02-17T00:00:00Z,362.5,365.0,362.5,362.5,43480000
2006-02-20T00:00:00Z,360.0,362.5,357.5,360.0,80230000
2006-02-21T00:00:00Z,360.0,360.0,355.0,355.0,102720000
2006-02-22T00:00:00Z,350.0,357.5,350.0,350.0,182990000
2006-02-23T00:00:00Z,347.5,355.0,347.5,347.5,132590000
2006-02-24T00:00:00Z,347.5,352.5,347.5,347.5,1300000
2006-02-27T00:00:00Z,355.0,362.5,350.0,355.0,101770000
2006-02-28T00:00:00Z,360.0,360.0,355.0,360.0,66570000
2006-03-01T00:00:00Z,360.0,367.5,357.5,365.0,151120000
2006-03-02T00:00:00Z,375.0,380.0,365.0,375.0,395250000
2006-03-03T00:00:00Z,375.0,377.5,375.0,377.5,60190000
2006-03-06T00:00:00Z,375.0,377.5,372.5,372.5,55660000
2006-03-07T00:00:00Z,365.0,377.5,365.0,365.0,78660000
2006-03-08T00:00:00Z,362.5,365.0,360.0,360.0,147920000
2006-03-09T00:00:00Z,362.5,365.0,360.0,365.0,83830000
2006-03-10T00:00:00Z,382.5,382.5,367.5,382.5,249050000
2006-03-13T00:00:00Z,382.5,385.0,372.5,372.5,130360000
2006-03-14T00:00:00Z,372.5,380.0,370.0,370.0,80700000
2006-03-15T00:00:00Z,370.0,370.0,365.0,367.5,117390000
2006-03-16T00:00:00Z,380.0,387.5,370.0,380.0,359460000
2006-03-17T00:00:00Z,382.5,405.0,382.5,402.5,510420000
2006-03-20T00:00:00Z,417.5,417.5,400.0,417.5,523240000
2006-03-21T00:00:00Z,417.5,420.0,405.0,412.5,83610000
2006-03-22T00:00:00Z,395.0,410.0,390.0,395.0,136370000
2006-03-23T00:00:00Z,395.0,407.5,392.5,392.5,187380000
2006-03-24T00:00:00Z,392.5,395.0,390.0,392.5,121970000
2006-03-27T00:00:00Z,400.0,400.0,395.0,400.0,81430000
2006-03-28T00:00:00Z,412.5,417.5,400.0,412.5,143410000
2006-03-29T00:00:00Z,417.5,425.0,410.0,417.5,293470000
2006-04-03T00:00:00Z,417.5,420.0,415.0,417.5,104770000
2006-04-04T00:00:00Z,417.5,420.0,407.5,417.5,110800000
2006-04-05T00:00:00Z,440.0,442.5,420.0,440.0,270320000
2006-04-06T00:00:00Z,450.0,452.5,437.5,450.0,298440000
2006-04-07T00:00:00Z,455.0,467.5,450.0,455.0,234400000
2006-04-11T00:00:00Z,437.5,450.0,435.0,437.5,116980000
2006-04-12T00:00:00Z,425.0,437.5,422.5,425.0,365920000
2006-04-13T00:00:00Z,432.5,442.5,422.5,432.5,339500000
2006-04-17T00:00:00Z,435.0,437.5,430.0,435.0,54320000
2006-04-18T00:00:00Z,452.5,457.5,435.0,452.5,317180000
2006-04-19T00:00:00Z,480.0,482.5,457.5,480.0,217470000
2006-04-20T00:00:00Z,482.5,492.5,465.0,482.5,231260000
2006-04-21T00:00:00Z,472.5,482.5,472.5,472.5,102360000
2006-04-25T00:00:00Z,452.5,460.0,452.5,452.5,132380000
2006-04-26T00:00:00Z,457.5,465.0,452.5,457.5,331670000
2006-04-27T00:00:00Z,450.0,462.5,447.5,450.0,259060000
2006-04-28T00:00:00Z,450.0,455.0,435.0,437.5,336480000
2006-05-01T00:00:00Z,440.0,445.0,435.0,440.0,114280000
2006-05-02T00:00:00Z,440.0,452.5,437.5,440.0,238080000
2006-05-03T00:00:00Z,442.5,445.0,435.0,442.5,177260000
2006-05-04T00:00:00Z,432.5,445.0,427.5,432.5,331710000
2006-05-05T00:00:00Z,432.5,437.5,427.5,435.0,231560000
2006-05-08T00:00:00Z,442.5,445.0,432.5,442.5,280810000
2006-05-09T00:00:00Z,450.0,452.5,437.5,450.0,289290000
2006-05-10T00:00:00Z,455.0,455.0,447.5,455.0,236200000
2006-05-11T00:00:00Z,467.5,470.0,455.0,467.5,426210000
2006-05-12T00:00:00Z,450.0,462.5,445.0,450.0,199440000
2006-05-15T00:00:00Z,427.5,440.0,425.0,427.5,320970000
2006-05-16T00:00:00Z,430.0,430.0,400.0,430.0,433800000
2006-05-17T00:00:00Z,440.0,445.0,435.0,440.0,385440000
2006-05-18T00:00:00Z,417.5,427.5,412.5,427.5,251980000
2006-05-19T00:00:00Z,427.5,427.5,415.0,417.5,71100000
2006-05-22T00:00:00Z,402.5,412.5,400.0,402.5,308900000
2006-05-23T00:00:00Z,407.5,407.5,387.5,407.5,242860000
2006-05-24T00:00:00Z,410.0,412.5,390.0,410.0,388830000
2006-05-29T00:00:00Z,415.0,425.0,400.0,405.0,272530000
2006-05-30T00:00:00Z,420.0,422.5,405.0,420.0,171550000
2006-05-31T00:00:00Z,410.0,410.0,400.0,410.0,173050000
2006-06-01T00:00:00Z,405.0,412.5,402.5,405.0,66730000
2006-06-02T00:00:00Z,407.5,410.0,400.0,407.5,171970000
2006-06-05T00:00:00Z,415.0,417.5,405.0,415.0,51870000
2006-06-06T00:00:00Z,410.0,410.0,400.0,410.0,73560000
2006-06-07T00:00:00Z,405.0,405.0,400.0,405.0,122360000
2006-06-08T00:00:00Z,387.5,397.5,382.5,387.5,491020000
2006-06-09T00:00:00Z,397.5,397.5,390.0,397.5,479390000
2006-06-12T00:00:00Z,390.0,397.5,387.5,390.0,291020000
2006-06-13T00:00:00Z,382.5,385.0,377.5,382.5,498550000
2006-06-14T00:00:00Z,387.5,387.5,367.5,387.5,368740000
2006-06-15T00:00:00Z,387.5,397.5,387.5,387.5,136380000
2006-06-16T00:00:00Z,417.5,417.5,392.5,417.5,610130000
2006-06-19T00:00:00Z,410.0,417.5,405.0,410.0,75680000
2006-06-20T00:00:00Z,407.5,410.0,402.5,407.5,70600000
2006-06-21T00:00:00Z,405.0,410.0,405.0,405.0,39830000
2006-06-22T00:00:00Z,410.0,412.5,407.5,410.0,169220000
2006-06-23T00:00:00Z,407.5,410.0,405.0,407.5,31540000
2006-06-26T00:00:00Z,400.0,405.0,397.5,400.0,54400000
2006-06-27T00:00:00Z,402.5,407.5,400.0,402.5,40530000
2006-06-28T00:00:00Z,395.0,397.5,387.5,395.0,133550000
2006-06-30T00:00:00Z,410.0,417.5,402.5,410.0,334620000
2006-07-03T00:00:00Z,427.5,427.5,410.0,427.5,298940000
2006-07-04T00:00:00Z,430.0,435.0,427.5,430.0,222200000
2006-07-05T00:00:00Z,427.5,440.0,427.5,427.5,150650000
2006-07-06T00:00:00Z,425.0,430.0,422.5,425.0,140510000
2006-07-07T00:00:00Z,440.0,440.0,430.0,440.0,151830000
2006-07-10T00:00:00Z,435.0,440.0,435.0,435.0,71180000
2006-07-11T00:00:00Z,435.0,435.0,432.5,435.0,22370000
2006-07-12T00:00:00Z,432.5,437.5,432.5,432.5,39200000
2006-07-13T00:00:00Z,427.5,432.5,425.0,427.5,88510000
2006-07-14T00:00:00Z,412.5,420.0,407.5,412.5,117110000
2006-07-18T00:00:00Z,392.5,400.0,390.0,392.5,179680000
2006-07-19T00:00:00Z,397.5,400.0,392.5,392.5,122050000
2006-07-20T00:00:00Z,397.5,402.5,395.0,397.5,322950000
2006-07-21T00:00:00Z,402.5,402.5,395.0,402.5,134530000
2006-07-24T00:00:00Z,395.0,400.0,395.0,395.0,143610000
2006-07-25T00:00:00Z,395.0,402.5,395.0,395.0,99630000
2006-07-26T00:00:00Z,395.0,397.5,390.0,390.0,154460000
2006-07-27T00:00:00Z,392.5,407.5,392.5,405.0,438290000
2006-07-28T00:00:00Z,402.5,407.5,400.0,402.5,220860000
2006-07-31T00:00:00Z,417.5,420.0,407.5,417.5,338780000
2006-08-01T00:00:00Z,427.5,427.5,415.0,427.5,262800000
2006-08-02T00:00:00Z,432.5,435.0,420.0,432.5,427170000
2006-08-03T00:00:00Z,420.0,437.5,417.5,420.0,514210000
2006-08-04T00:00:00Z,420.0,425.0,415.0,420.0,205940000
2006-08-07T00:00:00Z,417.5,425.0,417.5,417.5,470810000
2006-08-08T00:00:00Z,412.5,422.5,412.5,412.5,175210000
2006-08-09T00:00:00Z,420.0,422.5,412.5,420.0,109080000
2006-08-10T00:00:00Z,410.0,422.5,407.5,410.0,284400000
2006-08-11T00:00:00Z,410.0,417.5,410.0,410.0,129380000
2006-08-14T00:00:00Z,420.0,420.0,412.5,420.0,201750000
2006-08-15T00:00:00Z,425.0,425.0,417.5,425.0,251960000
2006-08-16T00:00:00Z,430.0,435.0,427.5,430.0,661720000
2006-08-22T00:00:00Z,437.5,440.0,430.0,437.5,317840000
2006-08-23T00:00:00Z,437.5,437.5,432.5,435.0,168050000
2006-08-24T00:00:00Z,440.0,445.0,427.5,440.0,728080000
2006-08-25T00:00:00Z,442.5,450.0,440.0,442.5,479570000
2006-08-28T00:00:00Z,447.5,452.5,440.0,447.5,402810000
2006-08-29T00:00:00Z,447.5,450.0,445.0,447.5,185280000
2006-08-30T00:00:00Z,450.0,452.5,445.0,450.0,213880000
2006-08-31T00:00:00Z,455.0,455.0,447.5,455.0,199170000
2006-09-01T00:00:00Z,452.5,455.0,450.0,452.5,210570000
2006-09-04T00:00:00Z,460.0,460.0,447.5,460.0,189850000
2006-09-05T00:00:00Z,457.5,460.0,452.5,457.5,368160000
2006-09-06T00:00:00Z,450.0,455.0,445.0,450.0,562570000
2006-09-07T00:00:00Z,445.0,452.5,445.0,445.0,158290000
2006-09-08T00:00:00Z,447.5,450.0,445.0,447.5,58600000
2006-09-11T00:00:00Z,447.5,450.0,445.0,447.5,157680000
2006-09-12T00:00:00Z,445.0,447.5,440.0,445.0,310850000
2006-09-13T00:00:00Z,450.0,455.0,447.5,450.0,157070000
2006-09-14T00:00:00Z,455.0,455.0,450.0,455.0,74090000
2006-09-15T00:00:00Z,455.0,455.0,452.5,455.0,53700000
2006-09-18T00:00:00Z,455.0,460.0,455.0,460.0,92050000
2006-09-19T00:00:00Z,462.5,465.0,460.0,462.5,290460000
2006-09-20T00:00:00Z,460.0,462.5,455.0,460.0,916460000
2006-09-21T00:00:00Z,467.5,470.0,460.0,467.5,1020760000
2006-09-22T00:00:00Z,485.0,485.0,465.0,485.0,641900000
2006-09-25T00:00:00Z,492.5,492.5,480.0,492.5,450900000
2006-09-26T00:00:00Z,480.0,492.5,477.5,480.0,180600000
2006-09-27T00:00:00Z,482.5,487.5,480.0,482.5,107290000
2006-09-28T00:00:00Z,482.5,485.0,480.0,482.5,25630000
2006-09-29T00:00:00Z,482.5,485.0,477.5,482.5,126880000
2006-10-02T00:00:00Z,475.0,482.5,472.5,475.0,114180000
2006-10-03T00:00:00Z,475.0,475.0,470.0,475.0,105060000
2006-10-04T00:00:00Z,472.5,480.0,470.0,472.5,139260000
2006-10-05T00:00:00Z,472.5,480.0,470.0,472.5,225860000
2006-10-06T00:00:00Z,472.5,475.0,470.0,472.5,123460000
2006-10-09T00:00:00Z,465.0,472.5,462.5,465.0,256580000
2006-10-10T00:00:00Z,467.5,470.0,465.0,467.5,748900000
2006-10-11T00:00:00Z,462.5,465.0,460.0,462.5,142370000
2006-10-12T00:00:00Z,457.5,462.5,452.5,457.5,352110000
2006-10-13T00:00:00Z,467.5,470.0,457.5,467.5,438920000
2006-10-16T00:00:00Z,470.0,475.0,465.0,470.0,233820000
2006-10-17T00:00:00Z,480.0,480.0,467.5,480.0,348930000
2006-10-18T00:00:00Z,482.5,485.0,475.0,482.5,288650000
2006-10-19T00:00:00Z,482.5,485.0,477.5,482.5,216070000
2006-10-20T00:00:00Z,472.5,482.5,470.0,472.5,231520000
2006-10-30T00:00:00Z,465.0,475.0,462.5,465.0,206560000
2006-10-31T00:00:00Z,465.0,472.5,465.0,465.0,361330000
2006-11-01T00:00:00Z,470.0,472.5,465.0,470.0,119270000
2006-11-02T00:00:00Z,475.0,477.5,467.5,475.0,261490000
2006-11-03T00:00:00Z,472.5,480.0,472.5,472.5,160300000
2006-11-06T00:00:00Z,480.0,482.5,472.5,480.0,249450000
2006-11-07T00:00:00Z,485.0,490.0,482.5,485.0,526180000
2006-11-08T00:00:00Z,482.5,487.5,482.5,482.5,145590000
2006-11-09T00:00:00Z,500.0,500.0,482.5,500.0,278800000
2006-11-10T00:00:00Z,505.0,510.0,500.0,505.0,246720000
2006-11-13T00:00:00Z,480.0,505.0,480.0,480.0,197350000
2006-11-14T00:00:00Z,497.5,500.0,485.0,497.5,221250000
2006-11-15T00:00:00Z,500.0,502.5,495.0,500.0,284720000
2006-11-16T00:00:00Z,500.0,505.0,495.0,500.0,244120000
2006-11-17T00:00:00Z,500.0,510.0,500.0,500.0,99430000
2006-11-20T00:00:00Z,510.0,510.0,500.0,510.0,145280000
2006-11-21T00:00:00Z,510.0,515.0,505.0,515.0,146570000
2006-11-22T00:00:00Z,515.0,520.0,510.0,515.0,237220000
2006-11-23T00:00:00Z,520.0,520.0,515.0,520.0,104390000
2006-11-24T00:00:00Z,515.0,555.0,515.0,545.0,315160000
2006-11-27T00:00:00Z,545.0,555.0,535.0,545.0,140070000
2006-11-28T00:00:00Z,515.0,535.0,515.0,515.0,206470000
2006-11-29T00:00:00Z,525.0,530.0,520.0,525.0,253550000
2006-11-30T00:00:00Z,530.0,540.0,530.0,530.0,199480000
2006-12-01T00:00:00Z,540.0,540.0,535.0,540.0,91450000
2006-12-04T00:00:00Z,530.0,540.0,520.0,530.0,84870000
2006-12-05T00:00:00Z,535.0,535.0,525.0,535.0,101390000
2006-12-06T00:00:00Z,530.0,540.0,525.0,530.0,128260000
2006-12-07T00:00:00Z,520.0,530.0,515.0,520.0,141050000
2006-12-08T00:00:00Z,515.0,520.0,505.0,515.0,388020000
2006-12-11T00:00:00Z,510.0,520.0,510.0,510.0,301890000
2006-12-12T00:00:00Z,510.0,515.0,500.0,510.0,164940000
2006-12-13T00:00:00Z,520.0,520.0,505.0,520.0,171960000
2006-12-14T00:00:00Z,520.0,525.0,515.0,520.0,173290000
2006-12-15T00:00:00Z,520.0,525.0,515.0,520.0,109870000
2006-12-18T00:00:00Z,515.0,520.0,510.0,515.0,109490000
2006-12-19T00:00:00Z,500.0,515.0,490.0,500.0,281150000
2006-12-20T00:00:00Z,510.0,515.0,505.0,510.0,191880000
2006-12-21T00:00:00Z,515.0,515.0,510.0,515.0,48940000
2006-12-22T00:00:00Z,515.0,520.0,510.0,515.0,29700000
2006-12-26T00:00:00Z,510.0,515.0,510.0,510.0,121210000
2006-12-27T00:00:00Z,510.0,515.0,510.0,515.0,38850000
2006-12-28T00:00:00Z,515.0,520.0,510.0,520.0,103900000
2007-01-02T00:00:00Z,525.0,525.0,515.0,525.0,77000000
2007-01-03T00:00:00Z,515.0,525.0,515.0,515.0,117480000
2007-01-04T00:00:00Z,520.0,520.0,510.0,520.0,134150000
2007-01-05T00:00:00Z,520.0,520.0,515.0,520.0,70200000
2007-01-08T00:00:00Z,525.0,525.0,515.0,525.0,136480000
2007-01-09T00:00:00Z,520.0,525.0,510.0,520.0,171920000
2007-01-10T00:00:00Z,510.0,510.0,480.0,490.0,424290000
2007-01-11T00:00:00Z,482.5,497.5,477.5,482.5,221160000
2007-01-12T00:00:00Z,480.0,485.0,460.0,480.0,197160000
2007-01-15T00:00:00Z,500.0,500.0,480.0,500.0,165230000
2007-01-16T00:00:00Z,510.0,515.0,500.0,510.0,131040000
2007-01-17T00:00:00Z,505.0,515.0,505.0,505.0,126200000
2007-01-18T00:00:00Z,520.0,520.0,505.0,520.0,93760000
2007-01-19T00:00:00Z,525.0,525.0,515.0,525.0,148170000
2007-01-22T00:00:00Z,540.0,540.0,520.0,540.0,435570000
2007-01-23T00:00:00Z,530.0,535.0,520.0,530.0,257520000
2007-01-24T00:00:00Z,530.0,535.0,515.0,530.0,206290000
2007-01-25T00:00:00Z,520.0,530.0,515.0,520.0,95520000
2007-01-26T00:00:00Z,515.0,515.0,500.0,515.0,132300000
2007-01-29T00:00:00Z,505.0,515.0,500.0,505.0,244130000
2007-01-30T00:00:00Z,515.0,520.0,505.0,515.0,95730000
2007-01-31T00:00:00Z,510.0,515.0,505.0,510.0,103310000
2007-02-01T00:00:00Z,525.0,525.0,510.0,525.0,178610000
2007-02-02T00:00:00Z,545.0,545.0,525.0,545.0,393720000
2007-02-05T00:00:00Z,530.0,540.0,525.0,530.0,85780000
2007-02-06T00:00:00Z,515.0,530.0,515.0,515.0,65650000
2007-02-07T00:00:00Z,520.0,520.0,510.0,520.0,136460000
2007-02-08T00:00:00Z,505.0,520.0,500.0,505.0,158670000
2007-02-09T00:00:00Z,500.0,505.0,490.0,500.0,220750000
2007-02-12T00:00:00Z,500.0,500.0,485.0,500.0,37590000
2007-02-13T00:00:00Z,500.0,500.0,495.0,500.0,48620000
2007-02-14T00:00:00Z,505.0,505.0,500.0,505.0,122840000
2007-02-15T00:00:00Z,520.0,520.0,510.0,520.0,236410000
2007-02-16T00:00:00Z,525.0,525.0,515.0,525.0,190690000
2007-02-19T00:00:00Z,520.0,520.0,515.0,520.0,16680000
2007-02-20T00:00:00Z,520.0,520.0,515.0,520.0,6750000
2007-02-21T00:00:00Z,525.0,525.0,515.0,525.0,80560000
2007-02-22T00:00:00Z,515.0,525.0,510.0,515.0,72590000
2007-02-23T00:00:00Z,505.0,515.0,500.0,505.0,275790000
2007-02-26T00:00:00Z,495.0,505.0,495.0,495.0,83490000
2007-02-27T00:00:00Z,495.0,500.0,492.5,495.0,121760000
2007-02-28T00:00:00Z,492.5,492.5,470.0,492.5,339890000
2007-03-01T00:00:00Z,495.0,502.5,490.0,495.0,159400000
2007-03-02T00:00:00Z,485.0,495.0,485.0,485.0,423780000
2007-03-05T00:00:00Z,480.0,482.5,477.5,480.0,169810000
2007-03-06T00:00:00Z,492.5,492.5,485.0,492.5,102630000
2007-03-07T00:00:00Z,492.5,495.0,487.5,492.5,132480000
2007-03-08T00:00:00Z,497.5,497.5,490.0,497.5,87560000
2007-03-09T00:00:00Z,495.0,500.0,495.0,495.0,35830000
2007-03-12T00:00:00Z,510.0,512.5,497.5,510.0,139700000
2007-03-13T00:00:00Z,525.0,525.0,510.0,525.0,251260000
2007-03-14T00:00:00Z,510.0,510.0,505.0,510.0,98770000
2007-03-15T00:00:00Z,505.0,515.0,505.0,505.0,71690000
2007-03-16T00:00:00Z,500.0,510.0,495.0,500.0,45910000
2007-03-20T00:00:00Z,500.0,505.0,490.0,500.0,30090000
2007-03-21T00:00:00Z,505.0,510.0,495.0,505.0,33090000
2007-03-22T00:00:00Z,520.0,525.0,510.0,520.0,191630000
2007-03-23T00:00:00Z,515.0,520.0,510.0,515.0,66520000
2007-03-26T00:00:00Z,515.0,515.0,510.0,515.0,18670000
2007-03-27T00:00:00Z,515.0,520.0,510.0,515.0,121400000
2007-03-28T00:00:00Z,515.0,515.0,510.0,515.0,56460000
2007-03-29T00:00:00Z,510.0,515.0,505.0,510.0,97860000
2007-03-30T00:00:00Z,510.0,515.0,510.0,510.0,175860000
2007-04-02T00:00:00Z,525.0,525.0,515.0,525.0,125690000
2007-04-03T00:00:00Z,545.0,545.0,525.0,545.0,330880000
2007-04-04T00:00:00Z,545.0,555.0,540.0,545.0,246640000
2007-04-05T00:00:00Z,530.0,550.0,525.0,530.0,182980000
2007-04-09T00:00:00Z,535.0,540.0,525.0,535.0,129870000
2007-04-10T00:00:00Z,540.0,550.0,530.0,540.0,157620000
2007-04-11T00:00:00Z,535.0,550.0,530.0,535.0,177010000
2007-04-12T00:00:00Z,535.0,540.0,525.0,535.0,75520000
2007-04-13T00:00:00Z,530.0,535.0,525.0,530.0,80170000
2007-04-16T00:00:00Z,530.0,535.0,530.0,530.0,156850000
2007-04-17T00:00:00Z,535.0,535.0,530.0,535.0,116280000
2007-04-18T00:00:00Z,525.0,535.0,520.0,525.0,133120000
2007-04-19T00:00:00Z,515.0,530.0,510.0,515.0,115320000
2007-04-20T00:00:00Z,525.0,535.0,520.0,535.0,73070000
2007-04-23T00:00:00Z,535.0,540.0,530.0,535.0,171150000
2007-04-24T00:00:00Z,535.0,535.0,530.0,535.0,88920000
2007-04-25T00:00:00Z,540.0,540.0,535.0,540.0,59190000
2007-04-26T00:00:00Z,535.0,545.0,535.0,535.0,167980000
2007-04-27T00:00:00Z,545.0,550.0,535.0,545.0,224650000
2007-04-30T00:00:00Z,530.0,545.0,525.0,530.0,192140000
2007-05-01T00:00:00Z,530.0,535.0,530.0,530.0,82300000
2007-05-02T00:00:00Z,530.0,535.0,530.0,530.0,120330000
2007-05-03T00:00:00Z,530.0,545.0,530.0,530.0,70310000
2007-05-04T00:00:00Z,535.0,540.0,530.0,540.0,91930000
2007-05-07T00:00:00Z,545.0,545.0,535.0,545.0,59890000
2007-05-08T00:00:00Z,540.0,545.0,535.0,540.0,71060000
2007-05-09T00:00:00Z,545.0,545.0,530.0,545.0,134050000
2007-05-10T00:00:00Z,540.0,545.0,535.0,540.0,165000000
2007-05-11T00:00:00Z,525.0,540.0,525.0,525.0,92330000
2007-05-14T00:00:00Z,545.0,550.0,530.0,545.0,213440000
2007-05-15T00:00:00Z,545.0,545.0,540.0,545.0,85380000
2007-05-16T00:00:00Z,555.0,555.0,545.0,555.0,199430000
2007-05-21T00:00:00Z,550.0,555.0,540.0,550.0,141570000
2007-05-22T00:00:00Z,550.0,555.0,545.0,550.0,123530000
2007-05-23T00:00:00Z,555.0,565.0,550.0,555.0,456490000
2007-05-24T00:00:00Z,550.0,550.0,540.0,550.0,147000000
2007-05-25T00:00:00Z,535.0,540.0,530.0,535.0,215520000
2007-05-28T00:00:00Z,550.0,550.0,535.0,550.0,96840000
2007-05-29T00:00:00Z,535.0,550.0,535.0,535.0,53130000
2007-05-30T00:00:00Z,530.0,540.0,520.0,530.0,212350000
2007-05-31T00:00:00Z,535.0,535.0,515.0,525.0,405150000
2007-06-04T00:00:00Z,530.0,530.0,520.0,530.0,424280000
2007-06-05T00:00:00Z,540.0,540.0,525.0,540.0,310170000
2007-06-06T00:00:00Z,540.0,540.0,535.0,540.0,301230000
2007-06-07T00:00:00Z,550.0,550.0,535.0,550.0,332940000
2007-06-08T00:00:00Z,540.0,545.0,535.0,540.0,599000000
2007-06-11T00:00:00Z,530.0,540.0,520.0,530.0,309420000
2007-06-12T00:00:00Z,535.0,535.0,525.0,535.0,161110000
2007-06-13T00:00:00Z,535.0,535.0,525.0,535.0,112650000
2007-06-14T00:00:00Z,535.0,535.0,530.0,535.0,66460000
2007-06-15T00:00:00Z,535.0,535.0,530.0,535.0,296700000
2007-06-18T00:00:00Z,540.0,540.0,530.0,540.0,292620000
2007-06-19T00:00:00Z,535.0,540.0,530.0,535.0,157410000
2007-06-20T00:00:00Z,535.0,535.0,530.0,535.0,124290000
2007-06-21T00:00:00Z,535.0,535.0,525.0,535.0,271230000
2007-06-22T00:00:00Z,535.0,535.0,525.0,535.0,72600000
2007-06-25T00:00:00Z,535.0,535.0,525.0,535.0,123460000
2007-06-26T00:00:00Z,535.0,535.0,530.0,535.0,160440000
2007-06-27T00:00:00Z,535.0,535.0,525.0,535.0,148770000
2007-06-28T00:00:00Z,530.0,535.0,530.0,530.0,219430000
2007-06-29T00:00:00Z,530.0,550.0,530.0,545.0,759090000
2007-07-02T00:00:00Z,550.0,555.0,545.0,550.0,198660000
2007-07-03T00:00:00Z,550.0,580.0,550.0,580.0,1085570000
2007-07-04T00:00:00Z,575.0,585.0,570.0,575.0,273410000
2007-07-05T00:00:00Z,575.0,580.0,570.0,575.0,109180000
2007-07-06T00:00:00Z,570.0,570.0,555.0,570.0,318980000
2007-07-09T00:00:00Z,585.0,585.0,565.0,585.0,373960000
2007-07-10T00:00:00Z,590.0,590.0,575.0,590.0,280680000
2007-07-11T00:00:00Z,585.0,585.0,575.0,585.0,142950000
2007-07-12T00:00:00Z,580.0,590.0,580.0,580.0,128580000
2007-07-13T00:00:00Z,585.0,590.0,575.0,585.0,134830000
2007-07-16T00:00:00Z,575.0,590.0,575.0,575.0,60520000
2007-07-17T00:00:00Z,590.0,595.0,575.0,590.0,99710000
2007-07-18T00:00:00Z,590.0,590.0,585.0,590.0,113990000
2007-07-19T00:00:00Z,595.0,600.0,585.0,595.0,82300000
2007-07-20T00:00:00Z,620.0,625.0,600.0,620.0,321640000
2007-07-23T00:00:00Z,615.0,630.0,610.0,625.0,225720000
2007-07-24T00:00:00Z,630.0,645.0,620.0,630.0,300160000
2007-07-25T00:00:00Z,625.0,655.0,620.0,640.0,426390000
2007-07-26T00:00:00Z,640.0,640.0,615.0,620.0,277470000
2007-07-27T00:00:00Z,600.0,615.0,590.0,615.0,261680000
2007-07-30T00:00:00Z,615.0,615.0,600.0,610.0,240420000
2007-07-31T00:00:00Z,615.0,630.0,610.0,630.0,218630000
2007-08-01T00:00:00Z,600.0,620.0,595.0,600.0,364220000
2007-08-02T00:00:00Z,610.0,615.0,580.0,610.0,411970000
2007-08-03T00:00:00Z,615.0,620.0,600.0,615.0,305560000
2007-08-06T00:00:00Z,640.0,655.0,620.0,640.0,366600000
2007-08-07T00:00:00Z,585.0,600.0,585.0,585.0,199240000
2007-08-08T00:00:00Z,585.0,615.0,585.0,615.0,590770000
2007-08-09T00:00:00Z,615.0,620.0,600.0,615.0,127440000
2007-08-10T00:00:00Z,600.0,600.0,585.0,600.0,70780000
2007-08-13T00:00:00Z,605.0,605.0,590.0,605.0,30
2007-08-14T00:00:00Z,595.0,595.0,585.0,595.0,46050000
2007-08-15T00:00:00Z,555.0,590.0,555.0,555.0,293230000
2007-08-16T00:00:00Z,545.0,545.0,525.0,545.0,436690000
2007-08-20T00:00:00Z,560.0,585.0,550.0,560.0,588010000
2007-08-21T00:00:00Z,555.0,570.0,555.0,555.0,219250000
2007-08-22T00:00:00Z,575.0,580.0,555.0,575.0,161410000
2007-08-23T00:00:00Z,590.0,590.0,575.0,590.0,300110000
2007-08-24T00:00:00Z,600.0,600.0,575.0,600.0,169940000
2007-08-27T00:00:00Z,600.0,605.0,595.0,600.0,123490000
2007-08-28T00:00:00Z,605.0,605.0,595.0,605.0,110790000
2007-08-29T00:00:00Z,585.0,590.0,575.0,585.0,347050000
2007-08-30T00:00:00Z,590.0,600.0,590.0,590.0,119020000
2007-08-31T00:00:00Z,600.0,605.0,590.0,600.0,176790000
2007-09-03T00:00:00Z,605.0,610.0,595.0,605.0,70450000
2007-09-04T00:00:00Z,605.0,605.0,595.0,605.0,51960000
2007-09-05T00:00:00Z,610.0,610.0,600.0,610.0,123290000
2007-09-06T00:00:00Z,605.0,605.0,595.0,605.0,40740000
2007-09-07T00:00:00Z,605.0,605.0,600.0,605.0,50960000
2007-09-10T00:00:00Z,590.0,595.0,580.0,590.0,242330000
2007-09-11T00:00:00Z,585.0,590.0,580.0,585.0,116400000
2007-09-12T00:00:00Z,585.0,595.0,580.0,585.0,172750000
2007-09-13T00:00:00Z,595.0,600.0,585.0,595.0,100630000
2007-09-14T00:00:00Z,600.0,600.0,590.0,600.0,47970000
2007-09-17T00:00:00Z,595.0,605.0,585.0,595.0,83160000
2007-09-18T00:00:00Z,595.0,595.0,585.0,595.0,58910000
2007-09-19T00:00:00Z,615.0,615.0,605.0,615.0,227920000
2007-09-20T00:00:00Z,615.0,635.0,615.0,615.0,277020000
2007-09-21T00:00:00Z,630.0,630.0,615.0,630.0,100680000
2007-09-24T00:00:00Z,630.0,640.0,625.0,640.0,100360000
2007-09-25T00:00:00Z,640.0,650.0,635.0,635.0,91980000
2007-09-26T00:00:00Z,640.0,640.0,635.0,640.0,27370000
2007-09-27T00:00:00Z,640.0,650.0,640.0,640.0,73970000
2007-09-28T00:00:00Z,615.0,645.0,615.0,615.0,136150000
2007-10-01T00:00:00Z,630.0,630.0,620.0,630.0,41120000
2007-10-02T00:00:00Z,640.0,650.0,635.0,645.0,201300000
2007-10-03T00:00:00Z,645.0,665.0,640.0,645.0,377160000
2007-10-04T00:00:00Z,675.0,695.0,645.0,675.0,427230000
2007-10-05T00:00:00Z,685.0,690.0,675.0,685.0,166420000
2007-10-08T00:00:00Z,690.0,695.0,680.0,690.0,204440000
2007-10-09T00:00:00Z,685.0,690.0,675.0,685.0,97830000
2007-10-10T00:00:00Z,720.0,720.0,685.0,720.0,386390000
2007-10-11T00:00:00Z,725.0,725.0,710.0,725.0,104890000
2007-10-17T00:00:00Z,715.0,725.0,710.0,725.0,155480000
2007-10-18T00:00:00Z,710.0,725.0,705.0,710.0,106570000
2007-10-19T00:00:00Z,710.0,710.0,680.0,690.0,104690000
2007-10-22T00:00:00Z,665.0,675.0,655.0,660.0,109120000
2007-10-23T00:00:00Z,685.0,685.0,675.0,685.0,309830000
2007-10-24T00:00:00Z,690.0,695.0,665.0,670.0,211300000
2007-10-25T00:00:00Z,700.0,705.0,675.0,700.0,168550000
2007-10-26T00:00:00Z,710.0,730.0,710.0,710.0,142440000
2007-10-29T00:00:00Z,720.0,735.0,720.0,720.0,148270000
2007-10-30T00:00:00Z,720.0,740.0,720.0,730.0,159540000
2007-10-31T00:00:00Z,730.0,730.0,720.0,730.0,61460000
2007-11-01T00:00:00Z,740.0,755.0,735.0,745.0,273690000
2007-11-02T00:00:00Z,725.0,750.0,720.0,730.0,132370000
2007-11-05T00:00:00Z,730.0,730.0,710.0,715.0,86150000
2007-11-06T00:00:00Z,715.0,730.0,710.0,725.0,65730000
2007-11-07T00:00:00Z,725.0,735.0,715.0,725.0,108290000
2007-11-08T00:00:00Z,710.0,710.0,685.0,700.0,196100000
2007-11-09T00:00:00Z,700.0,700.0,685.0,700.0,122790000
2007-11-12T00:00:00Z,680.0,685.0,670.0,680.0,158460000
2007-11-13T00:00:00Z,680.0,715.0,680.0,700.0,293080000
2007-11-14T00:00:00Z,720.0,725.0,715.0,720.0,189810000
2007-11-15T00:00:00Z,720.0,720.0,700.0,710.0,93360000
2007-11-16T00:00:00Z,700.0,700.0,685.0,695.0,172050000
2007-11-19T00:00:00Z,695.0,710.0,695.0,710.0,138110000
2007-11-21T00:00:00Z,685.0,685.0,660.0,675.0,346350000
2007-11-22T00:00:00Z,670.0,700.0,665.0,700.0,176740000
2007-11-23T00:00:00Z,700.0,710.0,675.0,680.0,289710000
2007-11-26T00:00:00Z,690.0,695.0,685.0,695.0,143940000
2007-11-27T00:00:00Z,680.0,685.0,675.0,680.0,114640000
2007-11-28T00:00:00Z,690.0,695.0,685.0,695.0,183930000
2007-11-29T00:00:00Z,710.0,715.0,700.0,715.0,322750000
2007-11-30T00:00:00Z,715.0,715.0,695.0,710.0,340790000
2007-12-03T00:00:00Z,710.0,725.0,705.0,725.0,281730000
2007-12-04T00:00:00Z,725.0,725.0,715.0,725.0,392810000
2007-12-05T00:00:00Z,725.0,725.0,715.0,725.0,248850000
2007-12-06T00:00:00Z,730.0,745.0,725.0,745.0,550860000
2007-12-07T00:00:00Z,745.0,755.0,740.0,750.0,451380000
2007-12-10T00:00:00Z,760.0,760.0,745.0,760.0,135020000
2007-12-11T00:00:00Z,760.0,760.0,750.0,760.0,166780000
2007-12-12T00:00:00Z,735.0,750.0,735.0,740.0,211110000
2007-12-13T00:00:00Z,740.0,750.0,730.0,745.0,254490000
2007-12-14T00:00:00Z,740.0,740.0,725.0,740.0,148890000
2007-12-17T00:00:00Z,730.0,730.0,705.0,720.0,137280000
2007-12-18T00:00:00Z,705.0,710.0,695.0,700.0,305740000
2007-12-19T00:00:00Z,705.0,710.0,695.0,710.0,212110000
2007-12-26T00:00:00Z,715.0,735.0,710.0,735.0,214350000
2007-12-27T00:00:00Z,735.0,745.0,730.0,745.0,194980000
2007-12-28T00:00:00Z,745.0,750.0,730.0,730.0,267210000
2008-01-02T00:00:00Z,730.0,730.0,720.0,725.0,59000000
2008-01-03T00:00:00Z,715.0,720.0,700.0,710.0,206640000
2008-01-04T00:00:00Z,715.0,720.0,705.0,720.0,563740000
2008-01-07T00:00:00Z,710.0,710.0,700.0,710.0,219390000
2008-01-08T00:00:00Z,710.0,715.0,705.0,705.0,204010000
2008-01-09T00:00:00Z,700.0,725.0,700.0,725.0,432790000
2008-01-14T00:00:00Z,720.0,725.0,705.0,720.0,257530000
2008-01-15T00:00:00Z,720.0,720.0,700.0,710.0,156320000
2008-01-16T00:00:00Z,695.0,700.0,675.0,690.0,197000000
2008-01-17T00:00:00Z,690.0,700.0,665.0,690.0,246910000
2008-01-18T00:00:00Z,675.0,690.0,660.0,690.0,206560000
2008-01-21T00:00:00Z,660.0,680.0,655.0,660.0,82860000
2008-01-22T00:00:00Z,640.0,640.0,590.0,630.0,418480000
2008-01-23T00:00:00Z,650.0,665.0,645.0,665.0,256240000
2008-01-24T00:00:00Z,665.0,690.0,665.0,690.0,252500000
2008-01-25T00:00:00Z,690.0,720.0,690.0,720.0,265830000
2008-01-28T00:00:00Z,700.0,725.0,695.0,720.0,46232500
2008-01-29T00:00:00Z,720.0,720.0,700.0,715.0,43155000
2008-01-30T00:00:00Z,715.0,715.0,690.0,705.0,63280000
2008-01-31T00:00:00Z,705.0,710.0,690.0,710.0,67277500
2008-02-01T00:00:00Z,715.0,715.0,700.0,710.0,70682500
2008-02-04T00:00:00Z,715.0,730.0,715.0,720.0,160312500
2008-02-05T00:00:00Z,710.0,720.0,710.0,715.0,64340000
2008-02-11T00:00:00Z,700.0,710.0,670.0,685.0,45520000
2008-02-12T00:00:00Z,685.0,685.0,655.0,660.0,79762500
2008-02-13T00:00:00Z,670.0,670.0,645.0,655.0,164620000
2008-02-14T00:00:00Z,665.0,695.0,665.0,685.0,221150000
2008-02-15T00:00:00Z,670.0,690.0,670.0,690.0,114100000
2008-02-18T00:00:00Z,695.0,715.0,690.0,710.0,254127500
2008-02-19T00:00:00Z,715.0,725.0,710.0,715.0,175582500
2008-02-20T00:00:00Z,720.0,720.0,710.0,720.0,142767500
2008-02-21T00:00:00Z,720.0,730.0,715.0,730.0,246070000
2008-02-22T00:00:00Z,720.0,730.0,720.0,720.0,87932500
2008-02-25T00:00:00Z,725.0,735.0,720.0,735.0,161785000
2008-02-26T00:00:00Z,735.0,735.0,725.0,730.0,74787500
2008-02-27T00:00:00Z,730.0,735.0,710.0,715.0,98052500
2008-02-28T00:00:00Z,710.0,710.0,700.0,710.0,78697500
2008-02-29T00:00:00Z,705.0,715.0,700.0,715.0,239882500
2008-03-03T00:00:00Z,700.0,720.0,690.0,705.0,220445000
2008-03-04T00:00:00Z,710.0,720.0,695.0,720.0,99600000
2008-03-05T00:00:00Z,725.0,725.0,705.0,725.0,145715000
2008-03-06T00:00:00Z,725.0,725.0,705.0,710.0,47957500
2008-03-10T00:00:00Z,690.0,700.0,665.0,695.0,104792500
2008-03-11T00:00:00Z,680.0,685.0,665.0,680.0,136135000
2008-03-12T00:00:00Z,700.0,705.0,690.0,705.0,84707500
2008-03-13T00:00:00Z,690.0,700.0,670.0,680.0,169525000
2008-03-14T00:00:00Z,680.0,680.0,650.0,655.0,94057500
2008-03-17T00:00:00Z,640.0,640.0,580.0,595.0,306787500
2008-03-18T00:00:00Z,600.0,605.0,565.0,595.0,135127500
2008-03-19T00:00:00Z,615.0,640.0,590.0,640.0,269415000
2008-03-24T00:00:00Z,620.0,630.0,605.0,630.0,54520000
2008-03-25T00:00:00Z,635.0,640.0,620.0,630.0,236615000
2008-03-26T00:00:00Z,625.0,635.0,620.0,630.0,112637500
2008-03-27T00:00:00Z,625.0,625.0,610.0,625.0,175682500
2008-03-28T00:00:00Z,620.0,650.0,620.0,650.0,141785000
2008-03-31T00:00:00Z,640.0,660.0,635.0,650.0,208330000
2008-04-01T00:00:00Z,650.0,655.0,610.0,620.0,182272500
2008-04-02T00:00:00Z,630.0,635.0,610.0,615.0,99405000
2008-04-03T00:00:00Z,620.0,620.0,590.0,605.0,175502500
2008-04-04T00:00:00Z,610.0,645.0,575.0,645.0,210140000
2008-04-07T00:00:00Z,630.0,630.0,575.0,580.0,366425000
2008-04-08T00:00:00Z,575.0,575.0,555.0,565.0,135675000
2008-04-09T00:00:00Z,560.0,565.0,540.0,550.0,187262500
2008-04-10T00:00:00Z,540.0,585.0,535.0,580.0,186030000
2008-04-11T00:00:00Z,590.0,595.0,575.0,580.0,225492500
2008-04-14T00:00:00Z,565.0,570.0,555.0,570.0,102550000
2008-04-15T00:00:00Z,575.0,590.0,570.0,590.0,81452500
2008-04-16T00:00:00Z,595.0,610.0,590.0,610.0,117947500
2008-04-17T00:00:00Z,620.0,630.0,610.0,630.0,205577500
2008-04-18T00:00:00Z,635.0,655.0,630.0,650.0,207367500
2008-04-21T00:00:00Z,660.0,665.0,620.0,635.0,155187500
2008-04-22T00:00:00Z,630.0,630.0,590.0,600.0,105810000
2008-04-23T00:00:00Z,600.0,605.0,585.0,595.0,88570000
2008-04-24T00:00:00Z,605.0,605.0,590.0,600.0,79300000
2008-04-25T00:00:00Z,595.0,595.0,580.0,590.0,68750000
2008-04-28T00:00:00Z,590.0,590.0,560.0,570.0,41755000
2008-04-29T00:00:00Z,580.0,595.0,575.0,585.0,57597500
2008-04-30T00:00:00Z,580.0,600.0,575.0,600.0,60267500
2008-05-05T00:00:00Z,630.0,640.0,625.0,630.0,105005000
2008-05-06T00:00:00Z,635.0,650.0,625.0,630.0,119735000
2008-05-07T00:00:00Z,630.0,635.0,620.0,635.0,42477500
2008-05-08T00:00:00Z,630.0,645.0,625.0,635.0,102915000
2008-05-09T00:00:00Z,635.0,640.0,625.0,630.0,31062500
2008-05-12T00:00:00Z,620.0,635.0,620.0,635.0,37305000
2008-05-13T00:00:00Z,640.0,650.0,635.0,640.0,99812500
2008-05-14T00:00:00Z,635.0,635.0,620.0,625.0,84685000
2008-05-15T00:00:00Z,640.0,640.0,630.0,635.0,19942500
2008-05-16T00:00:00Z,640.0,640.0,620.0,625.0,34087500
2008-05-21T00:00:00Z,615.0,615.0,600.0,610.0,128967500
2008-05-22T00:00:00Z,605.0,605.0,595.0,605.0,92730000
2008-05-23T00:00:00Z,605.0,610.0,580.0,585.0,85275000
2008-05-26T00:00:00Z,570.0,585.0,570.0,575.0,113152500
2008-05-27T00:00:00Z,560.0,575.0,555.0,560.0,127025000
2008-05-28T00:00:00Z,560.0,565.0,550.0,560.0,117847500
2008-05-29T00:00:00Z,560.0,565.0,550.0,560.0,181555000
2008-05-30T00:00:00Z,565.0,565.0,555.0,555.0,60180000
2008-06-02T00:00:00Z,560.0,565.0,555.0,560.0,71402500
2008-06-03T00:00:00Z,545.0,555.0,540.0,545.0,146997500
2008-06-04T00:00:00Z,545.0,550.0,535.0,535.0,63477500
2008-06-05T00:00:00Z,535.0,545.0,530.0,540.0,166987500
2008-06-06T00:00:00Z,550.0,550.0,540.0,545.0,111212500
2008-06-09T00:00:00Z,520.0,535.0,520.0,535.0,77522500
2008-06-10T00:00:00Z,540.0,540.0,505.0,530.0,124242500
2008-06-11T00:00:00Z,530.0,535.0,520.0,525.0,76855000
2008-06-12T00:00:00Z,510.0,525.0,510.0,525.0,112672500
2008-06-13T00:00:00Z,520.0,525.0,510.0,520.0,58812500
2008-06-16T00:00:00Z,510.0,530.0,510.0,510.0,53297500
2008-06-17T00:00:00Z,500.0,510.0,495.0,500.0,102620000
2008-06-18T00:00:00Z,500.0,500.0,490.0,500.0,66712500
2008-06-19T00:00:00Z,495.0,500.0,485.0,495.0,86967500
2008-06-20T00:00:00Z,495.0,500.0,490.0,495.0,71782500
2008-06-23T00:00:00Z,470.0,490.0,465.0,470.0,131415000
2008-06-24T00:00:00Z,465.0,470.0,455.0,465.0,191915000
2008-06-25T00:00:00Z,475.0,475.0,460.0,475.0,139435000
2008-06-26T00:00:00Z,485.0,490.0,475.0,485.0,253072500
2008-06-27T00:00:00Z,470.0,480.0,465.0,470.0,103580000
2008-06-30T00:00:00Z,495.0,495.0,475.0,495.0,119597500
2008-07-01T00:00:00Z,515.0,525.0,500.0,515.0,139017500
2008-07-02T00:00:00Z,515.0,540.0,515.0,515.0,161507500
2008-07-03T00:00:00Z,525.0,525.0,495.0,525.0,132317500
2008-07-04T00:00:00Z,520.0,535.0,520.0,520.0,91017500
2008-07-07T00:00:00Z,520.0,525.0,500.0,520.0,23840000
2008-07-08T00:00:00Z,515.0,550.0,510.0,550.0,216222500
2008-07-09T00:00:00Z,570.0,570.0,550.0,570.0,163502500
2008-07-10T00:00:00Z,555.0,570.0,545.0,555.0,74302500
2008-07-11T00:00:00Z,560.0,560.0,545.0,560.0,33247500
2008-07-14T00:00:00Z,560.0,565.0,545.0,560.0,25897500
2008-07-15T00:00:00Z,525.0,550.0,525.0,525.0,42710000
2008-07-16T00:00:00Z,530.0,550.0,520.0,530.0,99762500
2008-07-17T00:00:00Z,530.0,550.0,530.0,530.0,69755000
2008-07-18T00:00:00Z,535.0,550.0,530.0,535.0,54415000
2008-07-21T00:00:00Z,560.0,565.0,545.0,560.0,107580000
2008-07-22T00:00:00Z,565.0,565.0,550.0,565.0,23800000
2008-07-23T00:00:00Z,580.0,585.0,570.0,580.0,192637500
2008-07-24T00:00:00Z,580.0,620.0,580.0,610.0,250862500
2008-07-25T00:00:00Z,590.0,600.0,575.0,590.0,80612500
2008-07-28T00:00:00Z,595.0,595.0,590.0,595.0,35960000
2008-07-29T00:00:00Z,600.0,605.0,580.0,600.0,66225000
2008-07-31T00:00:00Z,605.0,625.0,600.0,605.0,104527500
2008-08-01T00:00:00Z,585.0,605.0,585.0,585.0,49625000
2008-08-04T00:00:00Z,600.0,600.0,580.0,600.0,39932500
2008-08-05T00:00:00Z,600.0,610.0,590.0,600.0,60995000
2008-08-06T00:00:00Z,605.0,620.0,600.0,605.0,78732500
2008-08-07T00:00:00Z,605.0,620.0,600.0,605.0,94050000
2008-08-08T00:00:00Z,590.0,605.0,585.0,590.0,29585000
2008-08-11T00:00:00Z,595.0,605.0,590.0,595.0,34925000
2008-08-12T00:00:00Z,595.0,600.0,560.0,560.0,40422500
2008-08-13T00:00:00Z,560.0,600.0,560.0,600.0,44947500
2008-08-14T00:00:00Z,590.0,610.0,580.0,590.0,38817500
2008-08-15T00:00:00Z,585.0,615.0,585.0,615.0,124050000
2008-08-19T00:00:00Z,595.0,620.0,595.0,595.0,71922500
2008-08-20T00:00:00Z,595.0,605.0,595.0,595.0,51162500
2008-08-21T00:00:00Z,590.0,605.0,590.0,590.0,46097500
2008-08-22T00:00:00Z,585.0,600.0,585.0,585.0,27120000
2008-08-25T00:00:00Z,610.0,610.0,590.0,610.0,20980000
2008-08-26T00:00:00Z,590.0,600.0,590.0,590.0,17255000
2008-08-27T00:00:00Z,590.0,620.0,590.0,620.0,104745000
2008-08-28T00:00:00Z,630.0,640.0,620.0,630.0,151962500
2008-08-29T00:00:00Z,635.0,650.0,630.0,635.0,89802500
2008-09-01T00:00:00Z,640.0,660.0,640.0,650.0,150390000
2008-09-02T00:00:00Z,675.0,675.0,650.0,675.0,179015000
2008-09-03T00:00:00Z,660.0,675.0,660.0,660.0,133635000
2008-09-04T00:00:00Z,650.0,670.0,640.0,650.0,25277500
2008-09-05T00:00:00Z,650.0,665.0,625.0,650.0,138822500
2008-09-08T00:00:00Z,655.0,680.0,650.0,655.0,157897500
2008-09-09T00:00:00Z,660.0,660.0,600.0,605.0,92522500
2008-09-10T00:00:00Z,600.0,600.0,580.0,600.0,133175000
2008-09-11T00:00:00Z,575.0,600.0,560.0,575.0,85605000
2008-09-12T00:00:00Z,575.0,575.0,540.0,545.0,64500000
2008-09-15T00:00:00Z,530.0,545.0,525.0,530.0,209690000
2008-09-16T00:00:00Z,505.0,565.0,500.0,555.0,124852500
2008-09-17T00:00:00Z,565.0,575.0,560.0,565.0,63472500
2008-09-18T00:00:00Z,540.0,620.0,535.0,610.0,91932500
2008-09-19T00:00:00Z,635.0,650.0,620.0,635.0,102670000
2008-09-22T00:00:00Z,650.0,665.0,640.0,650.0,157812500
2008-09-23T00:00:00Z,630.0,650.0,630.0,630.0,142892500
2008-09-24T00:00:00Z,605.0,650.0,605.0,640.0,34525000
2008-09-25T00:00:00Z,645.0,655.0,640.0,645.0,31022500
2008-09-26T00:00:00Z,635.0,645.0,630.0,635.0,54060000
2008-10-06T00:00:00Z,580.0,650.0,575.0,610.0,124347500
2008-10-07T00:00:00Z,610.0,640.0,590.0,610.0,44155000
2008-10-08T00:00:00Z,575.0,610.0,575.0,575.0,38597500
2008-10-13T00:00:00Z,580.0,585.0,520.0,580.0,192295000
2008-10-14T00:00:00Z,590.0,635.0,590.0,635.0,158782500
2008-10-15T00:00:00Z,610.0,650.0,605.0,610.0,104467500
2008-10-16T00:00:00Z,550.0,575.0,550.0,550.0,181937500
2008-10-17T00:00:00Z,560.0,560.0,515.0,520.0,174940000
2008-10-20T00:00:00Z,535.0,555.0,520.0,535.0,72260000
2008-10-21T00:00:00Z,560.0,575.0,550.0,560.0,52875000
2008-10-22T00:00:00Z,610.0,610.0,530.0,530.0,120320000
2008-10-23T00:00:00Z,500.0,540.0,480.0,535.0,61472500
2008-10-24T00:00:00Z,520.0,520.0,485.0,485.0,43322500
2008-10-27T00:00:00Z,440.0,460.0,440.0,440.0,61052500
2008-10-28T00:00:00Z,440.0,445.0,400.0,405.0,165315000
2008-10-29T00:00:00Z,440.0,445.0,430.0,440.0,168795000
2008-10-30T00:00:00Z,420.0,480.0,420.0,480.0,123590000
2008-10-31T00:00:00Z,510.0,560.0,500.0,540.0,140230000
2008-11-03T00:00:00Z,565.0,590.0,545.0,565.0,160672500
2008-11-04T00:00:00Z,550.0,580.0,525.0,550.0,69542500
2008-11-05T00:00:00Z,570.0,590.0,560.0,570.0,145075000
2008-11-06T00:00:00Z,555.0,560.0,520.0,555.0,51927500
2008-11-07T00:00:00Z,575.0,585.0,540.0,575.0,53990000
2008-11-10T00:00:00Z,580.0,600.0,570.0,580.0,30482500
2008-11-11T00:00:00Z,580.0,580.0,560.0,580.0,43417500
2008-11-12T00:00:00Z,575.0,580.0,570.0,575.0,39960000
2008-11-13T00:00:00Z,545.0,580.0,535.0,545.0,56485000
2008-11-14T00:00:00Z,580.0,580.0,550.0,580.0,33582500
2008-11-17T00:00:00Z,545.0,575.0,530.0,545.0,58050000
2008-11-18T00:00:00Z,525.0,525.0,500.0,525.0,96530000
2008-11-19T00:00:00Z,550.0,550.0,505.0,550.0,93797500
2008-11-20T00:00:00Z,540.0,540.0,515.0,540.0,92990000
2008-11-21T00:00:00Z,515.0,515.0,490.0,515.0,186787500
2008-11-24T00:00:00Z,525.0,525.0,505.0,525.0,53637500
2008-11-25T00:00:00Z,530.0,540.0,520.0,530.0,50435000
2008-11-26T00:00:00Z,545.0,545.0,525.0,545.0,67052500
2008-11-27T00:00:00Z,540.0,560.0,525.0,540.0,75300000
2008-11-28T00:00:00Z,560.0,560.0,525.0,540.0,82652500
2008-12-01T00:00:00Z,540.0,560.0,520.0,540.0,79042500
2008-12-02T00:00:00Z,535.0,540.0,505.0,535.0,52512500
2008-12-03T00:00:00Z,535.0,545.0,535.0,535.0,31577500
2008-12-04T00:00:00Z,550.0,570.0,540.0,550.0,79845000
2008-12-05T00:00:00Z,560.0,560.0,540.0,560.0,56612500
2008-12-09T00:00:00Z,595.0,600.0,565.0,595.0,133162500
2008-12-10T00:00:00Z,585.0,605.0,585.0,585.0,82747500
2008-12-11T00:00:00Z,595.0,610.0,580.0,595.0,128255000
2008-12-12T00:00:00Z,590.0,590.0,555.0,555.0,37400000
2008-12-15T00:00:00Z,565.0,630.0,565.0,630.0,136477500
2008-12-16T00:00:00Z,620.0,625.0,605.0,620.0,55522500
2008-12-17T00:00:00Z,640.0,640.0,620.0,640.0,99505000
2008-12-18T00:00:00Z,640.0,645.0,630.0,640.0,26702500
2008-12-19T00:00:00Z,640.0,650.0,630.0,640.0,49090000
2008-12-22T00:00:00Z,640.0,650.0,625.0,640.0,58557500
2008-12-23T00:00:00Z,640.0,645.0,635.0,640.0,20405000
2008-12-24T00:00:00Z,630.0,650.0,630.0,630.0,23512500
2008-12-30T00:00:00Z,650.0,665.0,640.0,650.0,34487500
2009-01-05T00:00:00Z,700.0,700.0,650.0,700.0,76682500
2009-01-06T00:00:00Z,700.0,740.0,690.0,700.0,86082500
2009-01-07T00:00:00Z,715.0,715.0,630.0,675.0,65045000
2009-01-08T00:00:00Z,625.0,640.0,620.0,625.0,53797500
2009-01-09T00:00:00Z,600.0,630.0,595.0,600.0,59930000
2009-01-12T00:00:00Z,585.0,610.0,580.0,585.0,101640000
2009-01-13T00:00:00Z,590.0,605.0,570.0,590.0,136737500
2009-01-14T00:00:00Z,585.0,600.0,580.0,585.0,74107500
2009-01-15T00:00:00Z,555.0,570.0,545.0,555.0,85305000
2009-01-16T00:00:00Z,560.0,595.0,555.0,595.0,62925000
2009-01-19T00:00:00Z,585.0,605.0,565.0,585.0,76727500
2009-01-20T00:00:00Z,590.0,590.0,555.0,590.0,52827500
2009-01-21T00:00:00Z,550.0,580.0,545.0,550.0,192397500
2009-01-22T00:00:00Z,550.0,565.0,540.0,550.0,79192500
2009-01-23T00:00:00Z,555.0,555.0,540.0,555.0,26167500
2009-01-27T00:00:00Z,565.0,565.0,550.0,565.0,18065000
2009-01-28T00:00:00Z,550.0,570.0,550.0,550.0,33757500
2009-01-29T00:00:00Z,550.0,560.0,540.0,550.0,80987500
2009-01-30T00:00:00Z,550.0,555.0,540.0,550.0,27947500
2009-02-02T00:00:00Z,550.0,555.0,540.0,550.0,44225000
2009-02-03T00:00:00Z,555.0,555.0,545.0,555.0,28272500
2009-02-04T00:00:00Z,565.0,565.0,550.0,565.0,38587500
2009-02-05T00:00:00Z,555.0,560.0,550.0,555.0,32047500
2009-02-06T00:00:00Z,555.0,570.0,545.0,555.0,71415000
2009-02-09T00:00:00Z,550.0,560.0,540.0,550.0,29632500
2009-02-10T00:00:00Z,530.0,545.0,525.0,530.0,54927500
2009-02-11T00:00:00Z,515.0,525.0,495.0,515.0,89625000
2009-02-12T00:00:00Z,525.0,535.0,510.0,525.0,67057500
2009-02-13T00:00:00Z,530.0,540.0,520.0,530.0,58085000
2009-02-16T00:00:00Z,535.0,535.0,525.0,535.0,23660000
2009-02-17T00:00:00Z,505.0,530.0,500.0,505.0,81940000
2009-02-18T00:00:00Z,510.0,515.0,490.0,510.0,92457500
2009-02-19T00:00:00Z,515.0,525.0,510.0,515.0,61772500
2009-02-20T00:00:00Z,490.0,515.0,490.0,490.0,86685000
2009-02-23T00:00:00Z,500.0,505.0,495.0,500.0,46760000
2009-02-24T00:00:00Z,490.0,505.0,485.0,490.0,34192500
2009-02-25T00:00:00Z,500.0,505.0,470.0,470.0,134747500
2009-02-26T00:00:00Z,480.0,480.0,460.0,480.0,203025000
2009-02-27T00:00:00Z,470.0,480.0,465.0,470.0,109212500
2009-03-02T00:00:00Z,460.0,475.0,460.0,460.0,55142500
2009-03-03T00:00:00Z,455.0,485.0,455.0,480.0,70262500
2009-03-04T00:00:00Z,480.0,520.0,475.0,515.0,159980000
2009-03-05T00:00:00Z,520.0,530.0,515.0,520.0,148077500
2009-03-06T00:00:00Z,515.0,525.0,505.0,515.0,34262500
2009-03-10T00:00:00Z,540.0,540.0,515.0,540.0,116147500
2009-03-11T00:00:00Z,560.0,560.0,545.0,560.0,133940000
2009-03-12T00:00:00Z,550.0,560.0,540.0,550.0,47527500
2009-03-13T00:00:00Z,565.0,570.0,555.0,565.0,105687500
2009-03-16T00:00:00Z,565.0,575.0,560.0,565.0,36767500
2009-03-17T00:00:00Z,570.0,570.0,550.0,570.0,123345000
2009-03-18T00:00:00Z,560.0,575.0,550.0,560.0,63062500
2009-03-19T00:00:00Z,565.0,590.0,560.0,585.0,130515000
2009-03-20T00:00:00Z,590.0,595.0,580.0,590.0,48397500
2009-03-23T00:00:00Z,610.0,615.0,590.0,610.0,68005000
2009-03-24T00:00:00Z,625.0,630.0,615.0,625.0,147035000
2009-03-25T00:00:00Z,630.0,640.0,620.0,630.0,60182500
2009-03-27T00:00:00Z,635.0,650.0,630.0,635.0,37627500
2009-03-30T00:00:00Z,615.0,640.0,600.0,615.0,56115000
2009-03-31T00:00:00Z,620.0,640.0,615.0,620.0,109097500
2009-04-01T00:00:00Z,635.0,645.0,620.0,635.0,46275000
2009-04-02T00:00:00Z,655.0,655.0,635.0,655.0,157330000
2009-04-03T00:00:00Z,635.0,670.0,635.0,635.0,109970000
2009-04-06T00:00:00Z,645.0,660.0,630.0,645.0,75302500
2009-04-07T00:00:00Z,640.0,650.0,630.0,640.0,82950000
2009-04-08T00:00:00Z,610.0,645.0,605.0,610.0,84190000
2009-04-13T00:00:00Z,645.0,645.0,625.0,645.0,47767500
2009-04-14T00:00:00Z,670.0,680.0,640.0,670.0,253475000
2009-04-15T00:00:00Z,675.0,685.0,655.0,675.0,84102500
2009-04-16T00:00:00Z,695.0,700.0,680.0,695.0,137757500
2009-04-17T00:00:00Z,695.0,725.0,695.0,715.0,132667500
2009-04-20T00:00:00Z,705.0,715.0,690.0,705.0,55837500
2009-04-22T00:00:00Z,685.0,705.0,685.0,685.0,56322500
2009-04-23T00:00:00Z,670.0,680.0,665.0,670.0,28497500
2009-04-24T00:00:00Z,680.0,695.0,670.0,680.0,30782500
2009-04-27T00:00:00Z,645.0,670.0,640.0,645.0,22857500
2009-04-28T00:00:00Z,665.0,695.0,645.0,665.0,41195000
2009-04-29T00:00:00Z,665.0,680.0,665.0,665.0,40405000
2009-04-30T00:00:00Z,670.0,700.0,670.0,670.0,72955000
2009-05-01T00:00:00Z,695.0,700.0,680.0,695.0,40085000
2009-05-04T00:00:00Z,710.0,715.0,685.0,710.0,96350000
2009-05-05T00:00:00Z,700.0,720.0,675.0,700.0,94617500
2009-05-06T00:00:00Z,680.0,700.0,680.0,680.0,79777500
2009-05-07T00:00:00Z,670.0,705.0,670.0,670.0,75292500
2009-05-08T00:00:00Z,670.0,680.0,665.0,670.0,50752500
2009-05-11T00:00:00Z,675.0,685.0,640.0,640.0,110172500
2009-05-12T00:00:00Z,645.0,650.0,625.0,645.0,134105000
2009-05-13T00:00:00Z,650.0,665.0,635.0,650.0,91475000
2009-05-14T00:00:00Z,650.0,650.0,630.0,650.0,30230000
2009-05-15T00:00:00Z,650.0,660.0,640.0,650.0,43685000
2009-05-18T00:00:00Z,670.0,685.0,635.0,670.0,62312500
2009-05-19T00:00:00Z,700.0,700.0,680.0,700.0,66137500
2009-05-20T00:00:00Z,705.0,710.0,690.0,705.0,91387500
2009-05-22T00:00:00Z,695.0,700.0,680.0,695.0,33907500
2009-05-25T00:00:00Z,695.0,705.0,690.0,695.0,13902500
2009-05-26T00:00:00Z,675.0,705.0,670.0,675.0,32370000
2009-05-27T00:00:00Z,690.0,695.0,680.0,690.0,35222500
2009-05-28T00:00:00Z,690.0,690.0,680.0,690.0,21730000
2009-05-29T00:00:00Z,675.0,700.0,660.0,675.0,124640000
2009-06-01T00:00:00Z,685.0,690.0,675.0,685.0,84995000
2009-06-02T00:00:00Z,710.0,725.0,690.0,710.0,177885000
2009-06-03T00:00:00Z,705.0,720.0,695.0,705.0,81915000
2009-06-04T00:00:00Z,715.0,720.0,700.0,715.0,99930000
2009-06-05T00:00:00Z,745.0,755.0,710.0,745.0,243815000
2009-06-08T00:00:00Z,765.0,775.0,750.0,765.0,164275000
2009-06-09T00:00:00Z,795.0,795.0,765.0,795.0,174617500
2009-06-10T00:00:00Z,780.0,805.0,750.0,780.0,144150000
2009-06-11T00:00:00Z,775.0,780.0,765.0,775.0,58922500
2009-06-12T00:00:00Z,770.0,775.0,755.0,770.0,112405000
2009-06-15T00:00:00Z,770.0,775.0,765.0,770.0,105737500
2009-06-16T00:00:00Z,760.0,760.0,745.0,760.0,44185000
2009-06-17T00:00:00Z,755.0,755.0,715.0,715.0,119712500
2009-06-18T00:00:00Z,705.0,720.0,690.0,705.0,93282500
2009-06-19T00:00:00Z,705.0,715.0,695.0,705.0,39070000
2009-06-22T00:00:00Z,730.0,730.0,705.0,730.0,34227500
2009-06-23T00:00:00Z,715.0,720.0,695.0,715.0,55547500
2009-06-24T00:00:00Z,730.0,730.0,720.0,730.0,68552500
2009-06-25T00:00:00Z,765.0,765.0,730.0,765.0,137437500
2009-06-26T00:00:00Z,710.0,740.0,695.0,710.0,304050000
2009-06-29T00:00:00Z,705.0,725.0,700.0,705.0,99202500
2009-06-30T00:00:00Z,705.0,715.0,695.0,705.0,71202500
2009-07-01T00:00:00Z,720.0,725.0,700.0,720.0,114495000
2009-07-02T00:00:00Z,725.0,755.0,725.0,745.0,330582500
2009-07-03T00:00:00Z,725.0,745.0,725.0,725.0,90715000
2009-07-06T00:00:00Z,710.0,730.0,705.0,710.0,43245000
2009-07-07T00:00:00Z,720.0,725.0,710.0,720.0,102945000
2009-07-09T00:00:00Z,720.0,740.0,715.0,720.0,130030000
2009-07-10T00:00:00Z,720.0,725.0,705.0,705.0,50347500
2009-07-13T00:00:00Z,705.0,720.0,685.0,705.0,77227500
2009-07-14T00:00:00Z,705.0,720.0,700.0,705.0,50065000
2009-07-15T00:00:00Z,745.0,745.0,705.0,745.0,136127500
2009-07-16T00:00:00Z,760.0,770.0,750.0,760.0,149990000
2009-07-17T00:00:00Z,740.0,760.0,735.0,740.0,136840000
2009-07-21T00:00:00Z,740.0,755.0,725.0,740.0,168640000
2009-07-22T00:00:00Z,720.0,740.0,715.0,720.0,101367500
2009-07-23T00:00:00Z,740.0,740.0,720.0,740.0,73280000
2009-07-24T00:00:00Z,740.0,750.0,735.0,740.0,125932500
2009-07-27T00:00:00Z,740.0,750.0,730.0,740.0,69055000
2009-07-28T00:00:00Z,740.0,745.0,735.0,740.0,171927500
2009-07-29T00:00:00Z,730.0,745.0,725.0,730.0,45522500
2009-07-30T00:00:00Z,745.0,750.0,735.0,745.0,154247500
2009-07-31T00:00:00Z,755.0,760.0,745.0,755.0,190452500
2009-08-03T00:00:00Z,770.0,775.0,755.0,770.0,78417500
2009-08-04T00:00:00Z,785.0,790.0,770.0,785.0,117150000
2009-08-05T00:00:00Z,805.0,805.0,785.0,805.0,156017500
2009-08-06T00:00:00Z,835.0,835.0,805.0,835.0,126982500
2009-08-07T00:00:00Z,825.0,835.0,825.0,825.0,33302500
2009-08-10T00:00:00Z,845.0,845.0,825.0,845.0,48535000
2009-08-11T00:00:00Z,880.0,885.0,845.0,880.0,89407500
2009-08-12T00:00:00Z,870.0,870.0,845.0,865.0,83232500
2009-08-13T00:00:00Z,865.0,885.0,860.0,865.0,21430000
2009-08-14T00:00:00Z,870.0,870.0,855.0,870.0,42775000
2009-08-18T00:00:00Z,835.0,840.0,825.0,835.0,70377500
2009-08-19T00:00:00Z,840.0,855.0,830.0,840.0,82472500
2009-08-20T00:00:00Z,845.0,850.0,840.0,845.0,31722500
2009-08-21T00:00:00Z,865.0,865.0,850.0,865.0,26595000
2009-08-24T00:00:00Z,860.0,885.0,850.0,860.0,25527500
2009-08-25T00:00:00Z,855.0,870.0,850.0,855.0,37687500
2009-08-26T00:00:00Z,870.0,870.0,850.0,870.0,44412500
2009-08-27T00:00:00Z,865.0,870.0,850.0,865.0,47247500
2009-08-28T00:00:00Z,870.0,870.0,855.0,870.0,23142500
2009-08-31T00:00:00Z,850.0,870.0,850.0,850.0,33407500
2009-09-01T00:00:00Z,875.0,885.0,855.0,875.0,63022500
2009-09-02T00:00:00Z,855.0,870.0,840.0,855.0,51055000
2009-09-03T00:00:00Z,855.0,865.0,840.0,855.0,47240000
2009-09-04T00:00:00Z,855.0,860.0,850.0,855.0,9780000
2009-09-07T00:00:00Z,880.0,885.0,860.0,880.0,23210000
2009-09-08T00:00:00Z,880.0,885.0,870.0,880.0,27137500
2009-09-09T00:00:00Z,895.0,895.0,880.0,895.0,58807500
2009-09-10T00:00:00Z,900.0,905.0,895.0,900.0,26837500
2009-09-11T00:00:00Z,885.0,900.0,875.0,885.0,28032500
2009-09-14T00:00:00Z,860.0,875.0,855.0,860.0,46397500
2009-09-15T00:00:00Z,870.0,885.0,855.0,870.0,52265000
2009-09-16T00:00:00Z,875.0,885.0,865.0,875.0,33842500
2009-09-17T00:00:00Z,880.0,930.0,880.0,925.0,96955000
2009-09-24T00:00:00Z,960.0,970.0,940.0,960.0,96397500
2009-09-25T00:00:00Z,915.0,940.0,910.0,915.0,57715000
2009-09-28T00:00:00Z,890.0,930.0,890.0,890.0,33472500
2009-09-29T00:00:00Z,910.0,915.0,895.0,910.0,35802500
2009-09-30T00:00:00Z,925.0,930.0,905.0,925.0,55632500
2009-10-01T00:00:00Z,965.0,970.0,930.0,965.0,93842500
2009-10-02T00:00:00Z,955.0,1100.0,945.0,1010.0,53040000
2009-10-05T00:00:00Z,1000.0,1000.0,970.0,1000.0,71345000
2009-10-06T00:00:00Z,1040.0,1070.0,1000.0,1040.0,85385000
2009-10-07T00:00:00Z,1050.0,1070.0,970.0,985.0,123442500
2009-10-08T00:00:00Z,940.0,980.0,935.0,940.0,195182500
2009-10-09T00:00:00Z,950.0,955.0,935.0,950.0,213927500
2009-10-12T00:00:00Z,945.0,950.0,930.0,945.0,44470000
2009-10-13T00:00:00Z,950.0,965.0,940.0,950.0,106370000
2009-10-14T00:00:00Z,960.0,970.0,955.0,960.0,146687500
2009-10-15T00:00:00Z,955.0,975.0,945.0,955.0,119725000
2009-10-16T00:00:00Z,940.0,950.0,935.0,940.0,93432500
2009-10-19T00:00:00Z,960.0,960.0,935.0,960.0,61132500
2009-10-20T00:00:00Z,955.0,965.0,945.0,955.0,59992500
2009-10-21T00:00:00Z,955.0,960.0,940.0,955.0,36295000
2009-10-22T00:00:00Z,955.0,960.0,940.0,955.0,73320000
2009-10-23T00:00:00Z,955.0,960.0,945.0,955.0,91627500
2009-10-26T00:00:00Z,955.0,955.0,945.0,955.0,30062500
2009-10-27T00:00:00Z,940.0,950.0,930.0,940.0,50915000
2009-10-28T00:00:00Z,920.0,940.0,915.0,920.0,59547500
2009-10-29T00:00:00Z,915.0,915.0,840.0,915.0,223947500
2009-10-30T00:00:00Z,915.0,930.0,910.0,915.0,113667500
2009-11-02T00:00:00Z,920.0,925.0,895.0,920.0,45822500
2009-11-03T00:00:00Z,910.0,930.0,910.0,910.0,53547500
2009-11-04T00:00:00Z,920.0,925.0,905.0,920.0,30787500
2009-11-05T00:00:00Z,920.0,925.0,905.0,920.0,16727500
2009-11-06T00:00:00Z,945.0,945.0,925.0,945.0,37420000
2009-11-09T00:00:00Z,945.0,955.0,940.0,945.0,24652500
2009-11-10T00:00:00Z,950.0,960.0,945.0,950.0,50455000
2009-11-11T00:00:00Z,940.0,955.0,940.0,940.0,41377500
2009-11-12T00:00:00Z,960.0,960.0,945.0,960.0,24725000
2009-11-13T00:00:00Z,950.0,960.0,945.0,950.0,15125000
2009-11-16T00:00:00Z,945.0,955.0,945.0,945.0,38250000
2009-11-17T00:00:00Z,955.0,960.0,945.0,955.0,52965000
2009-11-18T00:00:00Z,945.0,955.0,945.0,945.0,20322500
2009-11-19T00:00:00Z,940.0,950.0,935.0,940.0,21455000
2009-11-20T00:00:00Z,940.0,950.0,935.0,940.0,12230000
2009-11-23T00:00:00Z,930.0,945.0,925.0,930.0,36412500
2009-11-24T00:00:00Z,930.0,945.0,930.0,930.0,32052500
2009-11-25T00:00:00Z,940.0,940.0,930.0,940.0,26697500
2009-11-26T00:00:00Z,935.0,940.0,925.0,935.0,32130000
2009-11-30T00:00:00Z,960.0,965.0,910.0,960.0,107092500
2009-12-01T00:00:00Z,985.0,985.0,955.0,985.0,134247500
2009-12-02T00:00:00Z,995.0,995.0,985.0,985.0,57652500
2009-12-03T00:00:00Z,985.0,995.0,980.0,980.0,24360000
2009-12-04T00:00:00Z,980.0,1000.0,975.0,995.0,31647500
2009-12-07T00:00:00Z,995.0,995.0,970.0,970.0,20192500
2009-12-08T00:00:00Z,970.0,970.0,945.0,945.0,37017500
2009-12-09T00:00:00Z,940.0,955.0,930.0,940.0,44022500
2009-12-10T00:00:00Z,950.0,965.0,940.0,950.0,56725000
2009-12-11T00:00:00Z,965.0,970.0,960.0,965.0,42972500
2009-12-14T00:00:00Z,970.0,980.0,955.0,970.0,28480000
2009-12-15T00:00:00Z,960.0,980.0,960.0,960.0,35655000
2009-12-16T00:00:00Z,965.0,980.0,960.0,965.0,20815000
2009-12-17T00:00:00Z,970.0,975.0,965.0,970.0,22095000
2009-12-21T00:00:00Z,925.0,955.0,925.0,925.0,41380000
2009-12-22T00:00:00Z,935.0,935.0,925.0,935.0,30935000
2009-12-23T00:00:00Z,945.0,945.0,930.0,945.0,9772500
2009-12-28T00:00:00Z,950.0,950.0,940.0,945.0,16760000
2009-12-29T00:00:00Z,945.0,950.0,940.0,945.0,13180000
2009-12-30T00:00:00Z,970.0,970.0,945.0,970.0,37152500
2010-01-04T00:00:00Z,1010.0,1010.0,965.0,1010.0,77812500
2010-01-05T00:00:00Z,1020.0,1020.0,990.0,1020.0,44442500
2010-01-06T00:00:00Z,990.0,1020.0,990.0,990.0,27782500
2010-01-07T00:00:00Z,995.0,995.0,965.0,995.0,38632500
2010-01-08T00:00:00Z,970.0,995.0,970.0,970.0,27427500
2010-01-11T00:00:00Z,980.0,995.0,980.0,980.0,38505000
2010-01-12T00:00:00Z,1030.0,1030.0,980.0,1030.0,53395000
2010-01-13T00:00:00Z,1000.0,1020.0,995.0,1000.0,48905000
2010-01-14T00:00:00Z,990.0,1030.0,990.0,990.0,28395000
2010-01-15T00:00:00Z,990.0,1010.0,990.0,990.0,25790000
2010-01-18T00:00:00Z,1000.0,1020.0,990.0,1010.0,12627500
2010-01-19T00:00:00Z,995.0,1030.0,995.0,995.0,30875000
2010-01-20T00:00:00Z,1010.0,1020.0,1000.0,1010.0,49412500
2010-01-21T00:00:00Z,975.0,1000.0,970.0,975.0,62377500
2010-01-22T00:00:00Z,965.0,970.0,950.0,965.0,63022500
2010-01-25T00:00:00Z,960.0,960.0,945.0,960.0,19035000
2010-01-26T00:00:00Z,965.0,970.0,955.0,960.0,87990000
2010-01-27T00:00:00Z,945.0,965.0,945.0,945.0,38155000
2010-01-28T00:00:00Z,975.0,975.0,945.0,975.0,33752500
2010-01-29T00:00:00Z,1000.0,1000.0,955.0,1000.0,59592500
2010-02-01T00:00:00Z,970.0,985.0,965.0,970.0,38507500
2010-02-02T00:00:00Z,955.0,975.0,950.0,955.0,52677500
2010-02-03T00:00:00Z,955.0,965.0,950.0,955.0,31232500
2010-02-04T00:00:00Z,950.0,965.0,945.0,950.0,35072500
2010-02-05T00:00:00Z,910.0,930.0,910.0,910.0,144220000
2010-02-08T00:00:00Z,905.0,910.0,885.0,905.0,82680000
2010-02-09T00:00:00Z,920.0,920.0,890.0,920.0,87217500
2010-02-10T00:00:00Z,910.0,930.0,900.0,910.0,111352500
2010-02-11T00:00:00Z,925.0,925.0,905.0,925.0,42910000
2010-02-12T00:00:00Z,925.0,930.0,920.0,925.0,32655000
2010-02-15T00:00:00Z,910.0,925.0,910.0,910.0,8075000
2010-02-16T00:00:00Z,935.0,940.0,915.0,935.0,25492500
2010-02-17T00:00:00Z,960.0,965.0,940.0,960.0,102187500
2010-02-18T00:00:00Z,965.0,970.0,950.0,965.0,44107500
2010-02-19T00:00:00Z,970.0,975.0,955.0,970.0,59805000
2010-02-22T00:00:00Z,1000.0,1020.0,970.0,1000.0,126982500
2010-02-23T00:00:00Z,990.0,1000.0,985.0,990.0,29417500
2010-02-24T00:00:00Z,1010.0,1010.0,980.0,1010.0,46500000
2010-02-25T00:00:00Z,975.0,1000.0,970.0,975.0,43217500
2010-03-01T00:00:00Z,960.0,985.0,960.0,960.0,54977500
2010-03-02T00:00:00Z,980.0,985.0,970.0,980.0,59565000
2010-03-03T00:00:00Z,965.0,985.0,965.0,965.0,22262500
2010-03-04T00:00:00Z,990.0,1000.0,965.0,990.0,80647500
2010-03-05T00:00:00Z,1000.0,1010.0,985.0,1000.0,27190000
2010-03-08T00:00:00Z,1010.0,1020.0,1000.0,1010.0,101510000
2010-03-09T00:00:00Z,1040.0,1040.0,1000.0,1040.0,68597500
2010-03-10T00:00:00Z,1030.0,1040.0,1020.0,1030.0,25587500
2010-03-11T00:00:00Z,1040.0,1060.0,1030.0,1040.0,97727500
2010-03-12T00:00:00Z,1020.0,1060.0,1020.0,1020.0,24825000
2010-03-15T00:00:00Z,1040.0,1070.0,1020.0,1040.0,83520000
2010-03-17T00:00:00Z,1060.0,1160.0,1060.0,1160.0,162297500
2010-03-18T00:00:00Z,1150.0,1160.0,1090.0,1090.0,86902500
2010-03-19T00:00:00Z,1090.0,1130.0,1060.0,1090.0,88387500
2010-03-22T00:00:00Z,1090.0,1120.0,1080.0,1090.0,25450000
2010-03-23T00:00:00Z,1120.0,1130.0,1090.0,1120.0,25870000
2010-03-24T00:00:00Z,1140.0,1140.0,1120.0,1140.0,49425000
2010-03-25T00:00:00Z,1150.0,1150.0,1120.0,1150.0,49617500
2010-03-26T00:00:00Z,1150.0,1170.0,1140.0,1150.0,49207500
2010-03-29T00:00:00Z,1120.0,1150.0,1110.0,1120.0,73050000
2010-03-30T00:00:00Z,1110.0,1150.0,1100.0,1110.0,22600000
2010-03-31T00:00:00Z,1100.0,1140.0,1080.0,1100.0,56682500
2010-04-01T00:00:00Z,1090.0,1130.0,1090.0,1090.0,30090000
2010-04-05T00:00:00Z,1120.0,1160.0,1120.0,1150.0,63510000
2010-04-06T00:00:00Z,1140.0,1240.0,1140.0,1140.0,70010000
2010-04-07T00:00:00Z,1170.0,1210.0,1140.0,1170.0,63040000
2010-04-08T00:00:00Z,1190.0,1190.0,1120.0,1130.0,52942500
2010-04-09T00:00:00Z,1110.0,1140.0,1110.0,1110.0,24150000
2010-04-12T00:00:00Z,1110.0,1170.0,1110.0,1170.0,34100000
2010-04-13T00:00:00Z,1170.0,1180.0,1140.0,1140.0,15842500
2010-04-14T00:00:00Z,1160.0,1170.0,1150.0,1160.0,21332500
2010-04-15T00:00:00Z,1160.0,1170.0,1140.0,1160.0,31015000
2010-04-16T00:00:00Z,1150.0,1160.0,1110.0,1150.0,23242500
2010-04-19T00:00:00Z,1130.0,1140.0,1110.0,1130.0,23337500
2010-04-20T00:00:00Z,1170.0,1170.0,1130.0,1170.0,84177500
2010-04-21T00:00:00Z,1150.0,1180.0,1150.0,1150.0,34060000
2010-04-22T00:00:00Z,1140.0,1150.0,1120.0,1140.0,82577500
2010-04-23T00:00:00Z,1140.0,1140.0,1120.0,1140.0,21560000
2010-04-26T00:00:00Z,1140.0,1150.0,1140.0,1140.0,15572500
2010-04-27T00:00:00Z,1140.0,1150.0,1120.0,1140.0,43650000
2010-04-28T00:00:00Z,1090.0,1120.0,1080.0,1090.0,189310000
2010-04-29T00:00:00Z,1090.0,1120.0,1080.0,1090.0,105970000
2010-04-30T00:00:00Z,1090.0,1120.0,1090.0,1090.0,222497500
2010-05-03T00:00:00Z,1100.0,1100.0,1080.0,1100.0,73280000
2010-05-04T00:00:00Z,1100.0,1110.0,1080.0,1100.0,68060000
2010-05-05T00:00:00Z,1040.0,1080.0,1030.0,1040.0,165802500
2010-05-06T00:00:00Z,1020.0,1050.0,990.0,1020.0,168800000
2010-05-07T00:00:00Z,985.0,1000.0,965.0,985.0,166700000
2010-05-10T00:00:00Z,1000.0,1050.0,1000.0,1040.0,170602500
2010-05-11T00:00:00Z,1050.0,1060.0,1020.0,1030.0,149087500
2010-05-12T00:00:00Z,1030.0,1040.0,1020.0,1030.0,48815000
2010-05-14T00:00:00Z,1050.0,1060.0,1030.0,1050.0,90022500
2010-05-17T00:00:00Z,1070.0,1070.0,1010.0,1070.0,57930000
2010-05-18T00:00:00Z,1090.0,1110.0,1060.0,1090.0,155627500
2010-05-19T00:00:00Z,1050.0,1090.0,1040.0,1050.0,83387500
2010-05-20T00:00:00Z,1040.0,1060.0,1010.0,1040.0,100820000
2010-05-21T00:00:00Z,1020.0,1030.0,995.0,1020.0,97032500
2010-05-24T00:00:00Z,1030.0,1070.0,1020.0,1030.0,81047500
2010-05-25T00:00:00Z,1000.0,1010.0,990.0,1000.0,97905000
2010-05-26T00:00:00Z,1050.0,1050.0,1000.0,1050.0,79927500
2010-05-27T00:00:00Z,1060.0,1060.0,1010.0,1060.0,91890000
2010-05-31T00:00:00Z,1110.0,1120.0,1060.0,1110.0,176372500
2010-06-01T00:00:00Z,1060.0,1100.0,1060.0,1060.0,63780000
2010-06-02T00:00:00Z,1090.0,1100.0,1060.0,1090.0,38995000
2010-06-03T00:00:00Z,1110.0,1120.0,1100.0,1110.0,66697500
2010-06-04T00:00:00Z,1130.0,1130.0,1110.0,1130.0,97427500
2010-06-07T00:00:00Z,1100.0,1110.0,1050.0,1100.0,53332500
2010-06-08T00:00:00Z,1120.0,1120.0,1100.0,1120.0,18865000
2010-06-09T00:00:00Z,1120.0,1120.0,1090.0,1120.0,14632500
2010-06-10T00:00:00Z,1090.0,1130.0,1070.0,1090.0,25792500
2010-06-11T00:00:00Z,1090.0,1120.0,1090.0,1090.0,23995000
2010-06-14T00:00:00Z,1090.0,1100.0,1090.0,1090.0,7280000
2010-06-15T00:00:00Z,1100.0,1130.0,1090.0,1100.0,48675000
2010-06-16T00:00:00Z,1130.0,1140.0,1120.0,1130.0,36692500
2010-06-17T00:00:00Z,1120.0,1150.0,1110.0,1120.0,140135000
2010-06-18T00:00:00Z,1140.0,1160.0,1110.0,1140.0,138940000
2010-06-21T00:00:00Z,1160.0,1180.0,1140.0,1160.0,99095000
2010-06-22T00:00:00Z,1170.0,1190.0,1160.0,1170.0,74737500
2010-06-23T00:00:00Z,1160.0,1170.0,1140.0,1160.0,22247500
2010-06-24T00:00:00Z,1130.0,1170.0,1130.0,1130.0,22237500
2010-06-25T00:00:00Z,1150.0,1160.0,1140.0,1150.0,17182500
2010-06-28T00:00:00Z,1160.0,1180.0,1160.0,1160.0,23612500
2010-06-29T00:00:00Z,1160.0,1180.0,1140.0,1160.0,29610000
2010-06-30T00:00:00Z,1130.0,1200.0,1130.0,1190.0,47522500
2010-07-01T00:00:00Z,1140.0,1190.0,1130.0,1140.0,45510000
2010-07-02T00:00:00Z,1120.0,1150.0,1110.0,1120.0,32860000
2010-07-05T00:00:00Z,1120.0,1130.0,1110.0,1120.0,13822500
2010-07-06T00:00:00Z,1140.0,1160.0,1100.0,1140.0,30530000
2010-07-07T00:00:00Z,1160.0,1160.0,1140.0,1160.0,25077500
2010-07-08T00:00:00Z,1150.0,1180.0,1150.0,1150.0,50300000
2010-07-09T00:00:00Z,1170.0,1190.0,1160.0,1170.0,37857500
2010-07-12T00:00:00Z,1180.0,1200.0,1160.0,1180.0,31345000
2010-07-13T00:00:00Z,1180.0,1200.0,1180.0,1180.0,20750000
2010-07-14T00:00:00Z,1190.0,1200.0,1180.0,1190.0,37702500
2010-07-15T00:00:00Z,1180.0,1190.0,1180.0,1180.0,10990000
2010-07-16T00:00:00Z,1210.0,1210.0,1180.0,1210.0,53175000
2010-07-19T00:00:00Z,1190.0,1200.0,1180.0,1190.0,24957500
2010-07-20T00:00:00Z,1190.0,1190.0,1160.0,1190.0,38907500
2010-07-21T00:00:00Z,1190.0,1200.0,1180.0,1190.0,44420000
2010-07-22T00:00:00Z,1190.0,1200.0,1180.0,1190.0,28990000
2010-07-23T00:00:00Z,1200.0,1210.0,1200.0,1200.0,30435000
2010-07-26T00:00:00Z,1190.0,1220.0,1190.0,1190.0,18632500
2010-07-27T00:00:00Z,1200.0,1220.0,1200.0,1200.0,51112500
2010-07-28T00:00:00Z,1200.0,1230.0,1200.0,1200.0,34165000
2010-07-29T00:00:00Z,1240.0,1240.0,1210.0,1240.0,52437500
2010-07-30T00:00:00Z,1190.0,1260.0,1190.0,1190.0,51642500
2010-08-02T00:00:00Z,1190.0,1210.0,1180.0,1190.0,51620000
2010-08-03T00:00:00Z,1150.0,1200.0,1130.0,1150.0,110575000
2010-08-04T00:00:00Z,1150.0,1180.0,1130.0,1150.0,47535000
2010-08-05T00:00:00Z,1190.0,1210.0,1170.0,1190.0,45402500
2010-08-06T00:00:00Z,1200.0,1210.0,1180.0,1200.0,23047500
2010-08-09T00:00:00Z,1230.0,1230.0,1180.0,1230.0,29055000
2010-08-10T00:00:00Z,1200.0,1220.0,1190.0,1200.0,31437500
2010-08-11T00:00:00Z,1190.0,1210.0,1170.0,1190.0,27060000
2010-08-12T00:00:00Z,1180.0,1190.0,1160.0,1180.0,14530000
2010-08-13T00:00:00Z,1200.0,1210.0,1180.0,1200.0,24037500
2010-08-16T00:00:00Z,1180.0,1220.0,1180.0,1180.0,33652500
2010-08-18T00:00:00Z,1200.0,1200.0,1180.0,1200.0,54657500
2010-08-19T00:00:00Z,1190.0,1220.0,1190.0,1190.0,55960000
2010-08-20T00:00:00Z,1200.0,1220.0,1190.0,1200.0,30572500
2010-08-23T00:00:00Z,1210.0,1220.0,1200.0,1210.0,13170000
2010-08-24T00:00:00Z,1210.0,1230.0,1210.0,1210.0,36465000
2010-08-25T00:00:00Z,1210.0,1220.0,1190.0,1210.0,20832500
2010-08-26T00:00:00Z,1190.0,1210.0,1190.0,1190.0,21760000
2010-08-27T00:00:00Z,1180.0,1200.0,1160.0,1180.0,66232500
2010-08-30T00:00:00Z,1160.0,1190.0,1150.0,1160.0,34660000
2010-08-31T00:00:00Z,1160.0,1180.0,1150.0,1160.0,37080000
2010-09-01T00:00:00Z,1210.0,1220.0,1170.0,1210.0,43047500
2010-09-02T00:00:00Z,1180.0,1220.0,1170.0,1180.0,66080000
2010-09-03T00:00:00Z,1200.0,1200.0,1180.0,1200.0,40217500
2010-09-06T00:00:00Z,1210.0,1210.0,1190.0,1210.0,52815000
2010-09-07T00:00:00Z,1210.0,1210.0,1190.0,1210.0,28272500
2010-09-15T00:00:00Z,1220.0,1340.0,1220.0,1300.0,140677500
2010-09-16T00:00:00Z,1270.0,1300.0,1260.0,1270.0,52155000
2010-09-17T00:00:00Z,1300.0,1300.0,1280.0,1300.0,42170000
2010-09-20T00:00:00Z,1290.0,1320.0,1250.0,1290.0,40667500
2010-09-21T00:00:00Z,1280.0,1310.0,1240.0,1280.0,58230000
2010-09-22T00:00:00Z,1250.0,1300.0,1250.0,1250.0,49210000
2010-09-23T00:00:00Z,1280.0,1290.0,1250.0,1280.0,23255000
2010-09-24T00:00:00Z,1300.0,1330.0,1290.0,1300.0,78577500
2010-09-27T00:00:00Z,1340.0,1360.0,1320.0,1340.0,61030000
2010-09-28T00:00:00Z,1350.0,1370.0,1330.0,1350.0,51845000
2010-09-29T00:00:00Z,1360.0,1360.0,1340.0,1360.0,54582500
2010-09-30T00:00:00Z,1340.0,1380.0,1340.0,1340.0,51877500
2010-10-01T00:00:00Z,1400.0,1400.0,1360.0,1400.0,69325000
2010-10-04T00:00:00Z,1370.0,1400.0,1360.0,1370.0,67662500
2010-10-05T00:00:00Z,1360.0,1380.0,1340.0,1360.0,80902500
2010-10-06T00:00:00Z,1380.0,1380.0,1360.0,1380.0,53687500
2010-10-07T00:00:00Z,1390.0,1390.0,1360.0,1390.0,42997500
2010-10-08T00:00:00Z,1370.0,1380.0,1350.0,1370.0,29765000
2010-10-11T00:00:00Z,1350.0,1380.0,1350.0,1350.0,20362500
2010-10-12T00:00:00Z,1350.0,1370.0,1350.0,1350.0,26775000
2010-10-13T00:00:00Z,1360.0,1360.0,1330.0,1360.0,79412500
2010-10-14T00:00:00Z,1360.0,1380.0,1350.0,1360.0,62847500
2010-10-15T00:00:00Z,1330.0,1360.0,1320.0,1330.0,57540000
2010-10-18T00:00:00Z,1320.0,1340.0,1310.0,1320.0,23737500
2010-10-19T00:00:00Z,1350.0,1350.0,1320.0,1350.0,26372500
2010-10-20T00:00:00Z,1360.0,1360.0,1320.0,1360.0,29332500
2010-10-21T00:00:00Z,1360.0,1380.0,1360.0,1360.0,34870000
2010-10-22T00:00:00Z,1370.0,1380.0,1360.0,1370.0,74575000
2010-10-25T00:00:00Z,1380.0,1390.0,1370.0,1380.0,60352500
2010-10-26T00:00:00Z,1410.0,1420.0,1380.0,1410.0,156982500
2010-10-27T00:00:00Z,1400.0,1420.0,1380.0,1400.0,50765000
2010-10-28T00:00:00Z,1370.0,1390.0,1370.0,1370.0,25535000
2010-10-29T00:00:00Z,1400.0,1400.0,1370.0,1400.0,31145000
2010-11-01T00:00:00Z,1410.0,1410.0,1380.0,1410.0,38750000
2010-11-02T00:00:00Z,1410.0,1420.0,1380.0,1410.0,63380000
2010-11-03T00:00:00Z,1430.0,1430.0,1400.0,1430.0,53247500
2010-11-04T00:00:00Z,1430.0,1430.0,1390.0,1430.0,62787500
2010-11-05T00:00:00Z,1420.0,1430.0,1410.0,1420.0,18817500
2010-11-08T00:00:00Z,1430.0,1430.0,1380.0,1430.0,40787500
2010-11-09T00:00:00Z,1400.0,1440.0,1390.0,1400.0,89047500
2010-11-10T00:00:00Z,1410.0,1410.0,1380.0,1410.0,45297500
2010-11-11T00:00:00Z,1390.0,1420.0,1370.0,1390.0,61105000
2010-11-12T00:00:00Z,1380.0,1390.0,1370.0,1380.0,32450000
2010-11-15T00:00:00Z,1360.0,1390.0,1350.0,1360.0,30840000
2010-11-16T00:00:00Z,1410.0,1410.0,1360.0,1410.0,43115000
2010-11-18T00:00:00Z,1370.0,1410.0,1350.0,1370.0,107235000
2010-11-19T00:00:00Z,1390.0,1390.0,1360.0,1390.0,70927500
2010-11-22T00:00:00Z,1360.0,1380.0,1350.0,1360.0,70885000
2010-11-23T00:00:00Z,1320.0,1360.0,1310.0,1320.0,97042500
2010-11-24T00:00:00Z,1320.0,1340.0,1300.0,1320.0,73470000
2010-11-25T00:00:00Z,1320.0,1340.0,1310.0,1320.0,36077500
2010-11-26T00:00:00Z,1290.0,1330.0,1280.0,1290.0,56182500
2010-11-29T00:00:00Z,1290.0,1290.0,1250.0,1290.0,37220000
2010-11-30T00:00:00Z,1210.0,1290.0,1210.0,1210.0,120562500
2010-12-01T00:00:00Z,1280.0,1290.0,1230.0,1280.0,104555000
2010-12-02T00:00:00Z,1300.0,1330.0,1300.0,1300.0,81537500
2010-12-03T00:00:00Z,1290.0,1320.0,1280.0,1290.0,28212500
2010-12-06T00:00:00Z,1310.0,1320.0,1280.0,1310.0,45037500
2010-12-08T00:00:00Z,1340.0,1340.0,1320.0,1340.0,97242500
2010-12-09T00:00:00Z,1320.0,1350.0,1310.0,1320.0,55515000
2010-12-10T00:00:00Z,1310.0,1340.0,1280.0,1310.0,61057500
2010-12-13T00:00:00Z,1280.0,1320.0,1260.0,1280.0,69262500
2010-12-14T00:00:00Z,1300.0,1310.0,1280.0,1300.0,53307500
2010-12-15T00:00:00Z,1300.0,1310.0,1260.0,1300.0,68772500
2010-12-16T00:00:00Z,1280.0,1300.0,1250.0,1280.0,65460000
2010-12-17T00:00:00Z,1340.0,1340.0,1270.0,1340.0,108775000
2010-12-20T00:00:00Z,1320.0,1340.0,1290.0,1320.0,37627500
2010-12-21T00:00:00Z,1330.0,1340.0,1310.0,1330.0,40780000
2010-12-22T00:00:00Z,1290.0,1340.0,1280.0,1290.0,42852500
2010-12-23T00:00:00Z,1270.0,1310.0,1250.0,1270.0,47290000
2010-12-27T00:00:00Z,1290.0,1310.0,1280.0,1290.0,37525000
2010-12-28T00:00:00Z,1290.0,1320.0,1290.0,1290.0,24520000
2010-12-29T00:00:00Z,1300.0,1320.0,1290.0,1300.0,36677500
2010-12-30T00:00:00Z,1280.0,1340.0,1280.0,1280.0,59500000
2011-01-03T00:00:00Z,1290.0,1330.0,1290.0,1290.0,30687500
2011-01-04T00:00:00Z,1300.0,1330.0,1300.0,1300.0,60622500
2011-01-05T00:00:00Z,1320.0,1330.0,1290.0,1320.0,93312500
2011-01-06T00:00:00Z,1310.0,1330.0,1290.0,1310.0,56425000
2011-01-07T00:00:00Z,1280.0,1300.0,1260.0,1280.0,108225000
2011-01-10T00:00:00Z,1180.0,1270.0,1180.0,1180.0,206805000
2011-01-11T00:00:00Z,1140.0,1220.0,1130.0,1140.0,174027500
2011-01-12T00:00:00Z,1160.0,1180.0,1150.0,1160.0,108485000
2011-01-13T00:00:00Z,1180.0,1220.0,1160.0,1180.0,130262500
2011-01-14T00:00:00Z,1210.0,1210.0,1150.0,1210.0,75755000
2011-01-17T00:00:00Z,1190.0,1200.0,1160.0,1190.0,69715000
2011-01-18T00:00:00Z,1160.0,1190.0,1150.0,1160.0,96855000
2011-01-19T00:00:00Z,1150.0,1170.0,1130.0,1150.0,78937500
2011-01-20T00:00:00Z,1140.0,1150.0,1120.0,1140.0,48695000
2011-01-21T00:00:00Z,1090.0,1110.0,1070.0,1090.0,202035000
2011-01-24T00:00:00Z,1080.0,1100.0,1060.0,1080.0,139710000
2011-01-25T00:00:00Z,1120.0,1140.0,1080.0,1120.0,159697500
2011-01-26T00:00:00Z,1170.0,1170.0,1090.0,1170.0,127820000
2011-01-27T00:00:00Z,1180.0,1200.0,1150.0,1180.0,107552500
2011-01-28T00:00:00Z,1160.0,1170.0,1130.0,1160.0,88790000
2011-01-31T00:00:00Z,1130.0,1140.0,1110.0,1130.0,111635000
2011-02-01T00:00:00Z,1130.0,1150.0,1120.0,1130.0,124292500
2011-02-02T00:00:00Z,1170.0,1170.0,1150.0,1170.0,57712500
2011-02-04T00:00:00Z,1200.0,1200.0,1150.0,1200.0,52730000
2011-02-07T00:00:00Z,1210.0,1210.0,1180.0,1210.0,72517500
2011-02-08T00:00:00Z,1200.0,1210.0,1180.0,1200.0,47717500
2011-02-09T00:00:00Z,1180.0,1200.0,1160.0,1180.0,51515000
2011-02-10T00:00:00Z,1140.0,1160.0,1110.0,1140.0,156037500
2011-02-11T00:00:00Z,1190.0,1200.0,1130.0,1190.0,82470000
2011-02-14T00:00:00Z,1220.0,1220.0,1190.0,1220.0,51780000
2011-02-16T00:00:00Z,1210.0,1220.0,1190.0,1210.0,74892500
2011-02-17T00:00:00Z,1200.0,1220.0,1190.0,1200.0,60722500
2011-02-18T00:00:00Z,1230.0,1240.0,1210.0,1230.0,114060000
2011-02-21T00:00:00Z,1250.0,1250.0,1230.0,1250.0,39370000
2011-02-22T00:00:00Z,1250.0,1270.0,1230.0,1250.0,97897500
2011-02-23T00:00:00Z,1280.0,1290.0,1240.0,1280.0,84700000
2011-02-24T00:00:00Z,1250.0,1270.0,1230.0,1250.0,79745000
2011-02-25T00:00:00Z,1220.0,1250.0,1210.0,1220.0,36402500
2011-02-28T00:00:00Z,1260.0,1260.0,1220.0,1260.0,93285000
2011-03-01T00:00:00Z,1290.0,1300.0,1260.0,1290.0,72402500
2011-03-02T00:00:00Z,1300.0,1310.0,1270.0,1300.0,75597500
2011-03-03T00:00:00Z,1330.0,1350.0,1300.0,1330.0,127657500
2011-03-04T00:00:00Z,1360.0,1370.0,1340.0,1360.0,81507500
2011-03-07T00:00:00Z,1380.0,1390.0,1360.0,1380.0,63065000
2011-03-08T00:00:00Z,1370.0,1400.0,1360.0,1370.0,53710000
2011-03-09T00:00:00Z,1370.0,1400.0,1370.0,1370.0,89597500
2011-03-10T00:00:00Z,1380.0,1380.0,1360.0,1380.0,21752500
2011-03-11T00:00:00Z,1360.0,1360.0,1320.0,1360.0,82232500
2011-03-14T00:00:00Z,1360.0,1360.0,1330.0,1360.0,34250000
2011-03-15T00:00:00Z,1330.0,1340.0,1310.0,1330.0,79232500
2011-03-16T00:00:00Z,1340.0,1340.0,1310.0,1340.0,71250000
2011-03-17T00:00:00Z,1310.0,1330.0,1300.0,1310.0,45040000
2011-03-18T00:00:00Z,1310.0,1330.0,1310.0,1310.0,47140000
2011-03-21T00:00:00Z,1340.0,1340.0,1310.0,1340.0,18092500
2011-03-22T00:00:00Z,1350.0,1350.0,1330.0,1350.0,36987500
2011-03-23T00:00:00Z,1350.0,1380.0,1340.0,1360.0,132667500
2011-03-24T00:00:00Z,1370.0,1380.0,1330.0,1370.0,76077500
2011-03-25T00:00:00Z,1380.0,1390.0,1370.0,1380.0,84322500
2011-03-28T00:00:00Z,1390.0,1390.0,1360.0,1390.0,12435000
2011-03-29T00:00:00Z,1390.0,1400.0,1370.0,1390.0,35272500
2011-03-30T00:00:00Z,1370.0,1390.0,1360.0,1370.0,33162500
2011-03-31T00:00:00Z,1390.0,1400.0,1370.0,1390.0,67942500
2011-04-01T00:00:00Z,1420.0,1420.0,1390.0,1420.0,113392500
2011-04-04T00:00:00Z,1400.0,1430.0,1380.0,1400.0,32142500
2011-04-05T00:00:00Z,1400.0,1400.0,1380.0,1400.0,25945000
2011-04-06T00:00:00Z,1390.0,1400.0,1360.0,1390.0,60717500
2011-04-07T00:00:00Z,1410.0,1410.0,1390.0,1410.0,64167500
2011-04-08T00:00:00Z,1400.0,1430.0,1400.0,1400.0,69687500
2011-04-11T00:00:00Z,1420.0,1440.0,1400.0,1420.0,76545000
2011-04-12T00:00:00Z,1410.0,1420.0,1390.0,1410.0,24292500
2011-04-13T00:00:00Z,1430.0,1430.0,1400.0,1430.0,36337500
2011-04-14T00:00:00Z,1430.0,1440.0,1410.0,1430.0,36335000
2011-04-15T00:00:00Z,1460.0,1460.0,1420.0,1460.0,53817500
2011-04-18T00:00:00Z,1480.0,1490.0,1450.0,1480.0,56122500
2011-04-19T00:00:00Z,1490.0,1490.0,1450.0,1490.0,34050000
2011-04-20T00:00:00Z,1510.0,1510.0,1470.0,1510.0,53392500
2011-04-21T00:00:00Z,1500.0,1540.0,1490.0,1500.0,31302500
2011-04-25T00:00:00Z,1500.0,1530.0,1500.0,1500.0,3702500
2011-04-26T00:00:00Z,1510.0,1520.0,1470.0,1510.0,26105000
2011-04-27T00:00:00Z,1500.0,1520.0,1490.0,1500.0,15235000
2011-04-28T00:00:00Z,1520.0,1520.0,1500.0,1520.0,25942500
2011-04-29T00:00:00Z,1480.0,1520.0,1470.0,1480.0,40062500
2011-05-02T00:00:00Z,1500.0,1500.0,1480.0,1500.0,11520000
2011-05-03T00:00:00Z,1450.0,1500.0,1450.0,1450.0,29397500
2011-05-04T00:00:00Z,1470.0,1470.0,1420.0,1470.0,66220000
2011-05-05T00:00:00Z,1430.0,1450.0,1430.0,1430.0,48987500
2011-05-06T00:00:00Z,1460.0,1460.0,1410.0,1460.0,39665000
2011-05-09T00:00:00Z,1440.0,1460.0,1440.0,1440.0,17860000
2011-05-10T00:00:00Z,1460.0,1470.0,1440.0,1460.0,8327500
2011-05-11T00:00:00Z,1470.0,1470.0,1440.0,1470.0,32395000
2011-05-12T00:00:00Z,1440.0,1460.0,1440.0,1440.0,21392500
2011-05-13T00:00:00Z,1460.0,1470.0,1430.0,1460.0,56490000
2011-05-16T00:00:00Z,1420.0,1440.0,1410.0,1420.0,61670000
2011-05-18T00:00:00Z,1430.0,1460.0,1420.0,1430.0,93630000
2011-05-19T00:00:00Z,1450.0,1480.0,1440.0,1450.0,45402500
2011-05-20T00:00:00Z,1460.0,1480.0,1440.0,1460.0,50617500
2011-05-23T00:00:00Z,1430.0,1450.0,1410.0,1430.0,57972500
2011-05-24T00:00:00Z,1410.0,1430.0,1400.0,1410.0,65605000
2011-05-25T00:00:00Z,1420.0,1420.0,1400.0,1420.0,38462500
2011-05-26T00:00:00Z,1450.0,1450.0,1410.0,1450.0,45005000
2011-05-27T00:00:00Z,1430.0,1440.0,1420.0,1430.0,34222500
2011-05-30T00:00:00Z,1420.0,1440.0,1410.0,1420.0,35297500
2011-05-31T00:00:00Z,1420.0,1440.0,1410.0,1420.0,58780000
2011-06-01T00:00:00Z,1420.0,1450.0,1420.0,1420.0,57902500
2011-06-03T00:00:00Z,1430.0,1440.0,1410.0,1430.0,44422500
2011-06-06T00:00:00Z,1430.0,1440.0,1420.0,1430.0,8880000
2011-06-07T00:00:00Z,1420.0,1420.0,1400.0,1420.0,22255000
2011-06-08T00:00:00Z,1400.0,1420.0,1400.0,1400.0,42807500
2011-06-09T00:00:00Z,1400.0,1420.0,1400.0,1400.0,24090000
2011-06-10T00:00:00Z,1400.0,1420.0,1400.0,1400.0,28940000
2011-06-13T00:00:00Z,1400.0,1420.0,1400.0,1400.0,19725000
2011-06-14T00:00:00Z,1400.0,1420.0,1400.0,1400.0,20355000
2011-06-15T00:00:00Z,1430.0,1440.0,1400.0,1430.0,56987500
2011-06-16T00:00:00Z,1420.0,1440.0,1410.0,1420.0,79695000
2011-06-17T00:00:00Z,1440.0,1450.0,1430.0,1440.0,93155000
2011-06-20T00:00:00Z,1450.0,1460.0,1440.0,1450.0,46735000
2011-06-21T00:00:00Z,1440.0,1470.0,1440.0,1440.0,51507500
2011-06-22T00:00:00Z,1460.0,1460.0,1430.0,1460.0,79382500
2011-06-23T00:00:00Z,1480.0,1480.0,1450.0,1480.0,51712500
2011-06-24T00:00:00Z,1490.0,1500.0,1470.0,1490.0,72752500
2011-06-27T00:00:00Z,1490.0,1500.0,1470.0,1490.0,35657500
2011-06-28T00:00:00Z,1490.0,1510.0,1470.0,1490.0,28940000
2011-06-30T00:00:00Z,1530.0,1540.0,1490.0,1530.0,132837500
2011-07-01T00:00:00Z,1560.0,1580.0,1530.0,1560.0,67542500
2011-07-05T00:00:00Z,1570.0,1580.0,1550.0,1570.0,61467500
2011-07-06T00:00:00Z,1560.0,1560.0,1510.0,1560.0,48725000
2011-07-07T00:00:00Z,1560.0,1590.0,1540.0,1560.0,49885000
2011-07-08T00:00:00Z,1610.0,1640.0,1570.0,1610.0,116662500
2011-07-11T00:00:00Z,1610.0,1610.0,1580.0,1610.0,33392500
2011-07-12T00:00:00Z,1590.0,1620.0,1590.0,1590.0,50810000
2011-07-13T00:00:00Z,1590.0,1610.0,1580.0,1590.0,37732500
2011-07-14T00:00:00Z,1600.0,1610.0,1570.0,1600.0,44520000
2011-07-15T00:00:00Z,1660.0,1660.0,1600.0,1660.0,62700000
2011-07-18T00:00:00Z,1630.0,1670.0,1630.0,1630.0,20880000
2011-07-19T00:00:00Z,1600.0,1630.0,1570.0,1600.0,56675000
2011-07-20T00:00:00Z,1600.0,1620.0,1580.0,1600.0,33077500
2011-07-21T00:00:00Z,1620.0,1630.0,1580.0,1620.0,31912500
2011-07-22T00:00:00Z,1650.0,1650.0,1630.0,1650.0,46740000
2011-07-25T00:00:00Z,1630.0,1640.0,1610.0,1630.0,44627500
2011-07-26T00:00:00Z,1660.0,1660.0,1620.0,1660.0,43510000
2011-07-27T00:00:00Z,1670.0,1700.0,1640.0,1670.0,65255000
2011-07-28T00:00:00Z,1640.0,1650.0,1620.0,1640.0,34940000
2011-07-29T00:00:00Z,1660.0,1660.0,1610.0,1660.0,50025000
2011-08-01T00:00:00Z,1710.0,1710.0,1650.0,1710.0,61725000
2011-08-02T00:00:00Z,1750.0,1750.0,1700.0,1750.0,39217500
2011-08-03T00:00:00Z,1740.0,1770.0,1730.0,1740.0,43412500
2011-08-04T00:00:00Z,1720.0,1750.0,1680.0,1720.0,36387500
2011-08-05T00:00:00Z,1660.0,1690.0,1600.0,1660.0,213177500
2011-08-08T00:00:00Z,1610.0,1620.0,1510.0,1610.0,255862500
2011-08-09T00:00:00Z,1570.0,1600.0,1450.0,1570.0,393682500
2011-08-10T00:00:00Z,1600.0,1620.0,1570.0,1600.0,150000000
2011-08-11T00:00:00Z,1570.0,1590.0,1550.0,1570.0,96177500
2011-08-12T00:00:00Z,1590.0,1600.0,1570.0,1590.0,80202500
2011-08-15T00:00:00Z,1630.0,1630.0,1590.0,1630.0,51152500
2011-08-16T00:00:00Z,1630.0,1650.0,1610.0,1630.0,74242500
2011-08-18T00:00:00Z,1640.0,1650.0,1590.0,1640.0,89110000
2011-08-19T00:00:00Z,1600.0,1600.0,1550.0,1600.0,150657500
2011-08-22T00:00:00Z,1550.0,1600.0,1540.0,1550.0,79432500
2011-08-23T00:00:00Z,1590.0,1590.0,1550.0,1590.0,61300000
2011-08-24T00:00:00Z,1580.0,1600.0,1560.0,1580.0,72725000
2011-08-25T00:00:00Z,1600.0,1610.0,1580.0,1600.0,53972500
2011-08-26T00:00:00Z,1600.0,1610.0,1560.0,1600.0,84487500
2011-09-05T00:00:00Z,1630.0,1660.0,1610.0,1630.0,135552500
2011-09-06T00:00:00Z,1640.0,1660.0,1610.0,1640.0,67305000
2011-09-07T00:00:00Z,1670.0,1670.0,1640.0,1670.0,46445000
2011-09-08T00:00:00Z,1680.0,1690.0,1640.0,1680.0,55657500
2011-09-09T00:00:00Z,1670.0,1700.0,1660.0,1670.0,49180000
2011-09-12T00:00:00Z,1610.0,1660.0,1610.0,1610.0,35762500
2011-09-13T00:00:00Z,1620.0,1640.0,1590.0,1620.0,26415000
2011-09-14T00:00:00Z,1550.0,1630.0,1550.0,1550.0,113207500
2011-09-15T00:00:00Z,1580.0,1580.0,1500.0,1580.0,131155000
2011-09-16T00:00:00Z,1580.0,1610.0,1550.0,1580.0,72417500
2011-09-19T00:00:00Z,1570.0,1590.0,1550.0,1570.0,15482500
2011-09-20T00:00:00Z,1590.0,1590.0,1530.0,1590.0,75652500
2011-09-21T00:00:00Z,1550.0,1600.0,1550.0,1550.0,56505000
2011-09-22T00:00:00Z,1420.0,1510.0,1410.0,1420.0,106810000
2011-09-23T00:00:00Z,1500.0,1500.0,1390.0,1500.0,77040000
2011-09-26T00:00:00Z,1470.0,1500.0,1420.0,1470.0,88715000
2011-09-27T00:00:00Z,1500.0,1530.0,1490.0,1500.0,136180000
2011-09-28T00:00:00Z,1510.0,1520.0,1490.0,1510.0,60455000
2011-09-29T00:00:00Z,1530.0,1530.0,1500.0,1530.0,68760000
2011-09-30T00:00:00Z,1540.0,1560.0,1490.0,1540.0,93900000
2011-10-03T00:00:00Z,1470.0,1500.0,1440.0,1470.0,48765000
2011-10-04T00:00:00Z,1440.0,1460.0,1410.0,1440.0,69762500
2011-10-05T00:00:00Z,1460.0,1470.0,1440.0,1460.0,34615000
2011-10-06T00:00:00Z,1500.0,1510.0,1480.0,1500.0,97712500
2011-10-07T00:00:00Z,1490.0,1550.0,1490.0,1490.0,61852500
2011-10-10T00:00:00Z,1500.0,1510.0,1460.0,1500.0,38945000
2011-10-11T00:00:00Z,1550.0,1580.0,1520.0,1550.0,82820000
2011-10-12T00:00:00Z,1590.0,1610.0,1550.0,1590.0,55447500
2011-10-13T00:00:00Z,1600.0,1630.0,1590.0,1600.0,48185000
2011-10-14T00:00:00Z,1590.0,1610.0,1590.0,1590.0,38470000
2011-10-17T00:00:00Z,1610.0,1620.0,1590.0,1610.0,20700000
2011-10-18T00:00:00Z,1550.0,1590.0,1530.0,1550.0,62032500
2011-10-19T00:00:00Z,1570.0,1580.0,1560.0,1570.0,43955000
2011-10-20T00:00:00Z,1530.0,1560.0,1500.0,1530.0,123015000
2011-10-21T00:00:00Z,1530.0,1560.0,1510.0,1530.0,88665000
2011-10-24T00:00:00Z,1590.0,1600.0,1560.0,1590.0,39880000
2011-10-25T00:00:00Z,1600.0,1620.0,1570.0,1600.0,60845000
2011-10-26T00:00:00Z,1600.0,1600.0,1590.0,1600.0,17485000
2011-10-27T00:00:00Z,1590.0,1620.0,1580.0,1590.0,94132500
2011-10-28T00:00:00Z,1600.0,1610.0,1580.0,1600.0,81692500
2011-10-31T00:00:00Z,1620.0,1620.0,1570.0,1620.0,46517500
2011-11-01T00:00:00Z,1580.0,1610.0,1570.0,1580.0,40640000
2011-11-02T00:00:00Z,1590.0,1600.0,1540.0,1590.0,72637500
2011-11-03T00:00:00Z,1560.0,1580.0,1540.0,1560.0,46015000
2011-11-04T00:00:00Z,1600.0,1610.0,1580.0,1600.0,81922500
2011-11-07T00:00:00Z,1590.0,1600.0,1590.0,1590.0,19212500
2011-11-08T00:00:00Z,1640.0,1640.0,1590.0,1640.0,62685000
2011-11-09T00:00:00Z,1660.0,1680.0,1640.0,1660.0,101030000
2011-11-10T00:00:00Z,1630.0,1640.0,1590.0,1630.0,106470000
2011-11-11T00:00:00Z,1630.0,1650.0,1600.0,1630.0,59430000
2011-11-14T00:00:00Z,1650.0,1650.0,1630.0,1650.0,35945000
2011-11-15T00:00:00Z,1630.0,1640.0,1610.0,1630.0,59007500
2011-11-16T00:00:00Z,1610.0,1640.0,1600.0,1610.0,57665000
2011-11-17T00:00:00Z,1610.0,1630.0,1590.0,1610.0,71010000
2011-11-18T00:00:00Z,1570.0,1590.0,1560.0,1570.0,135915000
2011-11-21T00:00:00Z,1550.0,1570.0,1540.0,1550.0,86947500
2011-11-22T00:00:00Z,1560.0,1570.0,1550.0,1560.0,89785000
2011-11-23T00:00:00Z,1540.0,1550.0,1530.0,1540.0,46025000
2011-11-24T00:00:00Z,1530.0,1550.0,1530.0,1530.0,44170000
2011-11-25T00:00:00Z,1490.0,1530.0,1490.0,1490.0,58897500
2011-11-28T00:00:00Z,1510.0,1520.0,1490.0,1510.0,71170000
2011-11-29T00:00:00Z,1540.0,1570.0,1510.0,1540.0,91865000
2011-11-30T00:00:00Z,1580.0,1590.0,1540.0,1580.0,100960000
2011-12-02T00:00:00Z,1600.0,1600.0,1580.0,1600.0,25070000
2011-12-05T00:00:00Z,1610.0,1610.0,1590.0,1610.0,32640000
2011-12-06T00:00:00Z,1580.0,1600.0,1580.0,1580.0,22985000
2011-12-07T00:00:00Z,1610.0,1610.0,1580.0,1610.0,25502500
2011-12-08T00:00:00Z,1590.0,1610.0,1580.0,1590.0,46430000
2011-12-09T00:00:00Z,1580.0,1600.0,1560.0,1580.0,33962500
2011-12-12T00:00:00Z,1600.0,1610.0,1590.0,1600.0,26842500
2011-12-13T00:00:00Z,1570.0,1590.0,1560.0,1570.0,54307500
2011-12-14T00:00:00Z,1580.0,1600.0,1570.0,1580.0,33220000
2011-12-15T00:00:00Z,1560.0,1570.0,1540.0,1560.0,57962500
2011-12-16T00:00:00Z,1600.0,1650.0,1570.0,1600.0,119220000
2011-12-20T00:00:00Z,1580.0,1610.0,1580.0,1580.0,21510000
2011-12-21T00:00:00Z,1590.0,1610.0,1580.0,1590.0,68717500
2011-12-22T00:00:00Z,1590.0,1610.0,1590.0,1590.0,16920000
2011-12-23T00:00:00Z,1610.0,1610.0,1590.0,1610.0,20207500
2011-12-27T00:00:00Z,1600.0,1610.0,1580.0,1600.0,21387500
2011-12-28T00:00:00Z,1590.0,1610.0,1570.0,1590.0,28450000
2011-12-29T00:00:00Z,1610.0,1610.0,1570.0,1610.0,18447500
2011-12-30T00:00:00Z,1600.0,1610.0,1590.0,1600.0,24237500
2012-01-02T00:00:00Z,1600.0,1600.0,1590.0,1600.0,7870000
2012-01-03T00:00:00Z,1620.0,1620.0,1590.0,1620.0,27775000
2012-01-04T00:00:00Z,1620.0,1630.0,1600.0,1620.0,87245000
2012-01-05T00:00:00Z,1610.0,1630.0,1610.0,1610.0,57197500
2012-01-06T00:00:00Z,1600.0,1610.0,1590.0,1600.0,27190000
2012-01-09T00:00:00Z,1630.0,1630.0,1580.0,1630.0,46510000
2012-01-10T00:00:00Z,1630.0,1640.0,1620.0,1630.0,49875000
2012-01-11T00:00:00Z,1620.0,1650.0,1610.0,1620.0,73070000
2012-01-12T00:00:00Z,1630.0,1640.0,1610.0,1630.0,63142500
2012-01-13T00:00:00Z,1600.0,1630.0,1600.0,1600.0,15
2012-01-16T00:00:00Z,1590.0,1620.0,1580.0,1590.0,16345000
2012-01-17T00:00:00Z,1590.0,1600.0,1580.0,1590.0,83357500
2012-01-18T00:00:00Z,1590.0,1600.0,1580.0,1590.0,53990000
2012-01-19T00:00:00Z,1600.0,1620.0,1590.0,1600.0,85020000
2012-01-20T00:00:00Z,1600.0,1610.0,1590.0,1600.0,46197500
2012-01-24T00:00:00Z,1620.0,1620.0,1590.0,1620.0,38160000
2012-01-25T00:00:00Z,1610.0,1620.0,1600.0,1610.0,26652500
2012-01-26T00:00:00Z,1630.0,1630.0,1600.0,1630.0,43782500
2012-01-27T00:00:00Z,1620.0,1630.0,1610.0,1620.0,33117500
2012-01-30T00:00:00Z,1590.0,1620.0,1570.0,1590.0,32272500
2012-01-31T00:00:00Z,1600.0,1600.0,1570.0,1600.0,78315000
2012-02-01T00:00:00Z,1600.0,1610.0,1590.0,1600.0,27752500
2012-02-02T00:00:00Z,1620.0,1650.0,1590.0,1620.0,125027500
2012-02-03T00:00:00Z,1610.0,1630.0,1610.0,1610.0,50905000
2012-02-06T00:00:00Z,1610.0,1620.0,1600.0,1610.0,50542500
2012-02-07T00:00:00Z,1580.0,1610.0,1570.0,1580.0,58400000
2012-02-08T00:00:00Z,1580.0,1580.0,1560.0,1580.0,91372500
2012-02-09T00:00:00Z,1580.0,1590.0,1570.0,1580.0,58690000
2012-02-10T00:00:00Z,1510.0,1580.0,1490.0,1510.0,175732500
2012-02-13T00:00:00Z,1520.0,1520.0,1500.0,1520.0,119025000
2012-02-14T00:00:00Z,1480.0,1520.0,1470.0,1480.0,135105000
2012-02-15T00:00:00Z,1460.0,1500.0,1440.0,1460.0,259055000
2012-02-16T00:00:00Z,1470.0,1470.0,1440.0,1470.0,192460000
2012-02-17T00:00:00Z,1490.0,1490.0,1460.0,1490.0,125565000
2012-02-20T00:00:00Z,1490.0,1500.0,1470.0,1490.0,164060000
2012-02-21T00:00:00Z,1510.0,1510.0,1480.0,1510.0,194715000
2012-02-22T00:00:00Z,1510.0,1510.0,1490.0,1510.0,70177500
2012-02-23T00:00:00Z,1500.0,1510.0,1480.0,1500.0,66537500
2012-02-24T00:00:00Z,1490.0,1490.0,1460.0,1490.0,85332500
2012-02-27T00:00:00Z,1480.0,1500.0,1450.0,1480.0,59277500
2012-02-28T00:00:00Z,1490.0,1500.0,1470.0,1490.0,44117500
2012-02-29T00:00:00Z,1520.0,1530.0,1500.0,1520.0,97972500
2012-03-01T00:00:00Z,1530.0,1540.0,1500.0,1530.0,28105000
2012-03-02T00:00:00Z,1550.0,1550.0,1520.0,1550.0,59080000
2012-03-05T00:00:00Z,1540.0,1540.0,1520.0,1540.0,23535000
2012-03-06T00:00:00Z,1540.0,1540.0,1510.0,1540.0,45050000
2012-03-07T00:00:00Z,1500.0,1540.0,1500.0,1500.0,57577500
2012-03-08T00:00:00Z,1510.0,1520.0,1490.0,1510.0,34130000
2012-03-09T00:00:00Z,1500.0,1540.0,1500.0,1500.0,10
2012-03-12T00:00:00Z,1540.0,1540.0,1520.0,1540.0,55520000
2012-03-13T00:00:00Z,1530.0,1550.0,1530.0,1530.0,29742500
2012-03-14T00:00:00Z,1570.0,1570.0,1540.0,1570.0,71655000
2012-03-15T00:00:00Z,1560.0,1580.0,1550.0,1560.0,49402500
2012-03-16T00:00:00Z,1580.0,1590.0,1560.0,1580.0,66615000
2012-03-19T00:00:00Z,1590.0,1600.0,1580.0,1590.0,35462500
2012-03-20T00:00:00Z,1600.0,1600.0,1580.0,1600.0,41565000
2012-03-21T00:00:00Z,1580.0,1590.0,1570.0,1580.0,35377500
2012-03-22T00:00:00Z,1590.0,1590.0,1570.0,1590.0,18127500
2012-03-26T00:00:00Z,1600.0,1620.0,1590.0,1600.0,57982500
2012-03-27T00:00:00Z,1620.0,1620.0,1600.0,1620.0,60522500
2012-03-28T00:00:00Z,1620.0,1630.0,1610.0,1620.0,37185000
2012-03-29T00:00:00Z,1610.0,1610.0,1600.0,1610.0,38730000
2012-03-30T00:00:00Z,1600.0,1620.0,1600.0,1600.0,80725000
2012-04-02T00:00:00Z,1610.0,1620.0,1600.0,1610.0,47550000
2012-04-04T00:00:00Z,1550.0,1620.0,1550.0,1550.0,56172500
2012-04-05T00:00:00Z,1590.0,1610.0,1550.0,1590.0,52040000
2012-04-09T00:00:00Z,1590.0,1600.0,1580.0,1590.0,14337500
2012-04-10T00:00:00Z,1580.0,1590.0,1570.0,1580.0,19992500
2012-04-11T00:00:00Z,1580.0,1590.0,1570.0,1580.0,41255000
2012-04-12T00:00:00Z,1600.0,1600.0,1570.0,1600.0,61607500
2012-04-13T00:00:00Z,1590.0,1610.0,1590.0,1590.0,21652500
2012-04-16T00:00:00Z,1570.0,1600.0,1570.0,1570.0,22787500
2012-04-17T00:00:00Z,1580.0,1600.0,1570.0,1580.0,56015000
2012-04-18T00:00:00Z,1580.0,1590.0,1580.0,1580.0,15495000
2012-04-19T00:00:00Z,1590.0,1590.0,1570.0,1590.0,13320000
2012-04-20T00:00:00Z,1600.0,1600.0,1580.0,1600.0,33567500
2012-04-23T00:00:00Z,1600.0,1600.0,1590.0,1600.0,24640000
2012-04-24T00:00:00Z,1600.0,1600.0,1580.0,1600.0,32217500
2012-04-25T00:00:00Z,1590.0,1600.0,1570.0,1590.0,79782500
2012-04-26T00:00:00Z,1600.0,1650.0,1590.0,1600.0,129467500
2012-04-27T00:00:00Z,1570.0,1610.0,1570.0,1570.0,41677500
2012-04-30T00:00:00Z,1600.0,1600.0,1570.0,1600.0,28325000
2012-05-01T00:00:00Z,1600.0,1600.0,1590.0,1600.0,11152500
2012-05-02T00:00:00Z,1600.0,1600.0,1590.0,1600.0,79442500
2012-05-03T00:00:00Z,1610.0,1620.0,1600.0,1610.0,48850000
2012-05-04T00:00:00Z,1610.0,1610.0,1590.0,1610.0,26457500
2012-05-07T00:00:00Z,1600.0,1610.0,1580.0,1600.0,49982500
2012-05-08T00:00:00Z,1600.0,1610.0,1590.0,1600.0,32460000
2012-05-09T00:00:00Z,1600.0,1610.0,1590.0,1600.0,29172500
2012-05-10T00:00:00Z,1600.0,1610.0,1590.0,1600.0,53300000
2012-05-11T00:00:00Z,1600.0,1610.0,1590.0,1600.0,26522500
2012-05-14T00:00:00Z,1550.0,1600.0,1550.0,1550.0,23975000
2012-05-15T00:00:00Z,1560.0,1570.0,1540.0,1560.0,63640000
2012-05-16T00:00:00Z,1510.0,1550.0,1480.0,1510.0,108870000
2012-05-21T00:00:00Z,1460.0,1500.0,1450.0,1460.0,233590000
2012-05-22T00:00:00Z,1490.0,1500.0,1460.0,1490.0,153852500
2012-05-23T00:00:00Z,1490.0,1500.0,1460.0,1490.0,102672500
2012-05-24T00:00:00Z,1490.0,1500.0,1470.0,1490.0,57627500
2012-05-25T00:00:00Z,1450.0,1480.0,1440.0,1450.0,159350000
2012-05-28T00:00:00Z,1450.0,1460.0,1410.0,1450.0,57350000
2012-05-29T00:00:00Z,1450.0,1460.0,1440.0,1450.0,38047500
2012-05-30T00:00:00Z,1460.0,1480.0,1440.0,1460.0,58610000
2012-05-31T00:00:00Z,1400.0,1460.0,1400.0,1400.0,139705000
2012-06-01T00:00:00Z,1420.0,1430.0,1400.0,1420.0,40160000
2012-06-04T00:00:00Z,1380.0,1390.0,1350.0,1380.0,76612500
2012-06-05T00:00:00Z,1410.0,1430.0,1390.0,1410.0,63450000
2012-06-06T00:00:00Z,1440.0,1450.0,1410.0,1440.0,127570000
2012-06-07T00:00:00Z,1440.0,1480.0,1430.0,1440.0,88797500
2012-06-08T00:00:00Z,1410.0,1440.0,1390.0,1410.0,49850000
2012-06-11T00:00:00Z,1440.0,1440.0,1410.0,1440.0,62040000
2012-06-12T00:00:00Z,1430.0,1440.0,1410.0,1430.0,67950000
2012-06-13T00:00:00Z,1430.0,1450.0,1430.0,1430.0,55727500
2012-06-14T00:00:00Z,1430.0,1450.0,1420.0,1430.0,47427500
2012-06-15T00:00:00Z,1420.0,1450.0,1420.0,1420.0,56565000
2012-06-18T00:00:00Z,1460.0,1480.0,1450.0,1460.0,65207500
2012-06-19T00:00:00Z,1490.0,1490.0,1440.0,1490.0,41772500
2012-06-20T00:00:00Z,1500.0,1500.0,1470.0,1500.0,33107500
2012-06-21T00:00:00Z,1470.0,1500.0,1450.0,1470.0,53065000
2012-06-22T00:00:00Z,1450.0,1460.0,1430.0,1450.0,39137500
2012-06-25T00:00:00Z,1450.0,1460.0,1440.0,1450.0,28382500
2012-06-26T00:00:00Z,1450.0,1480.0,1440.0,1470.0,47840000
2012-06-27T00:00:00Z,1470.0,1500.0,1460.0,1490.0,84212500
2012-06-28T00:00:00Z,1490.0,1500.0,1460.0,1460.0,48790000
2012-06-29T00:00:00Z,1460.0,1500.0,1460.0,1460.0,66730000
2012-07-02T00:00:00Z,1470.0,1470.0,1450.0,1470.0,58465000
2012-07-03T00:00:00Z,1500.0,1500.0,1470.0,1500.0,53447500
2012-07-04T00:00:00Z,1490.0,1500.0,1470.0,1490.0,75215000
2012-07-05T00:00:00Z,1480.0,1500.0,1470.0,1480.0,37292500
2012-07-06T00:00:00Z,1480.0,1490.0,1470.0,1480.0,24270000
2012-07-09T00:00:00Z,1460.0,1480.0,1450.0,1460.0,41192500
2012-07-10T00:00:00Z,1470.0,1480.0,1460.0,1470.0,27405000
2012-07-11T00:00:00Z,1470.0,1480.0,1460.0,1470.0,51890000
2012-07-12T00:00:00Z,1490.0,1490.0,1460.0,1490.0,137945000
2012-07-13T00:00:00Z,1490.0,1500.0,1480.0,1490.0,57005000
2012-07-16T00:00:00Z,1520.0,1530.0,1490.0,1520.0,130710000
2012-07-17T00:00:00Z,1550.0,1550.0,1520.0,1550.0,71452500
2012-07-18T00:00:00Z,1550.0,1580.0,1540.0,1550.0,76970000
2012-07-19T00:00:00Z,1560.0,1570.0,1540.0,1560.0,64327500
2012-07-20T00:00:00Z,1570.0,1570.0,1540.0,1570.0,56250000
2012-07-23T00:00:00Z,1550.0,1560.0,1540.0,1550.0,49825000
2012-07-24T00:00:00Z,1530.0,1550.0,1520.0,1530.0,40815000
2012-07-25T00:00:00Z,1510.0,1530.0,1510.0,1510.0,13607500
2012-07-26T00:00:00Z,1540.0,1540.0,1500.0,1540.0,38755000
2012-07-27T00:00:00Z,1600.0,1600.0,1550.0,1600.0,124662500
2012-07-30T00:00:00Z,1590.0,1600.0,1570.0,1590.0,88275000
2012-07-31T00:00:00Z,1600.0,1610.0,1580.0,1600.0,149710000
2012-08-01T00:00:00Z,1590.0,1600.0,1580.0,1590.0,63445000
2012-08-02T00:00:00Z,1570.0,1600.0,1570.0,1570.0,72640000
2012-08-03T00:00:00Z,1540.0,1580.0,1540.0,1540.0,75950000
2012-08-06T00:00:00Z,1540.0,1580.0,1530.0,1540.0,114585000
2012-08-07T00:00:00Z,1560.0,1570.0,1530.0,1560.0,58060000
2012-08-08T00:00:00Z,1570.0,1580.0,1560.0,1570.0,64907500
2012-08-09T00:00:00Z,1600.0,1610.0,1570.0,1600.0,72555000
2012-08-10T00:00:00Z,1590.0,1610.0,1590.0,1590.0,44675000
2012-08-13T00:00:00Z,1580.0,1610.0,1580.0,1580.0,53760000
2012-08-14T00:00:00Z,1580.0,1590.0,1570.0,1580.0,29730000
2012-08-15T00:00:00Z,1590.0,1590.0,1580.0,1590.0,43050000
2012-08-16T00:00:00Z,1610.0,1610.0,1580.0,1610.0,56532500
2012-08-23T00:00:00Z,1580.0,1610.0,1580.0,1580.0,74685000
2012-08-24T00:00:00Z,1560.0,1590.0,1550.0,1560.0,68592500
2012-08-27T00:00:00Z,1580.0,1580.0,1550.0,1580.0,3227500
2012-08-28T00:00:00Z,1580.0,1590.0,1570.0,1580.0,19660000
2012-08-29T00:00:00Z,1550.0,1580.0,1550.0,1550.0,76017500
2012-08-30T00:00:00Z,1560.0,1570.0,1540.0,1560.0,35282500
2012-08-31T00:00:00Z,1550.0,1570.0,1540.0,1550.0,94292500
2012-09-03T00:00:00Z,1590.0,1600.0,1550.0,1590.0,79117500
2012-09-04T00:00:00Z,1580.0,1610.0,1580.0,1580.0,84045000
2012-09-05T00:00:00Z,1570.0,1600.0,1570.0,1570.0,65945000
2012-09-06T00:00:00Z,1590.0,1600.0,1580.0,1590.0,33817500
2012-09-07T00:00:00Z,1610.0,1610.0,1600.0,1610.0,83832500
2012-09-10T00:00:00Z,1590.0,1620.0,1590.0,1590.0,33725000
2012-09-11T00:00:00Z,1610.0,1610.0,1580.0,1610.0,40245000
2012-09-12T00:00:00Z,1600.0,1610.0,1590.0,1600.0,47265000
2012-09-13T00:00:00Z,1580.0,1610.0,1580.0,1580.0,52632500
2012-09-14T00:00:00Z,1610.0,1630.0,1600.0,1610.0,98762500
2012-09-17T00:00:00Z,1600.0,1620.0,1590.0,1600.0,52685000
2012-09-18T00:00:00Z,1580.0,1600.0,1560.0,1580.0,54887500
2012-09-19T00:00:00Z,1570.0,1600.0,1570.0,1570.0,37347500
2012-09-20T00:00:00Z,1600.0,1600.0,1570.0,1600.0,38820000
2012-09-21T00:00:00Z,1590.0,1600.0,1570.0,1590.0,64372500
2012-09-24T00:00:00Z,1580.0,1590.0,1570.0,1580.0,44267500
2012-09-25T00:00:00Z,1570.0,1590.0,1570.0,1570.0,17130000
2012-09-26T00:00:00Z,1560.0,1580.0,1560.0,1560.0,29932500
2012-09-27T00:00:00Z,1580.0,1590.0,1560.0,1580.0,41885000
2012-09-28T00:00:00Z,1580.0,1590.0,1570.0,1580.0,61477500
2012-10-01T00:00:00Z,1570.0,1590.0,1560.0,1570.0,52115000
2012-10-02T00:00:00Z,1580.0,1590.0,1570.0,1580.0,14870000
2012-10-03T00:00:00Z,1570.0,1590.0,1570.0,1570.0,29290000
2012-10-04T00:00:00Z,1580.0,1590.0,1570.0,1580.0,46405000
2012-10-05T00:00:00Z,1570.0,1590.0,1570.0,1570.0,74300000
2012-10-08T00:00:00Z,1580.0,1590.0,1570.0,1580.0,33475000
2012-10-09T00:00:00Z,1590.0,1590.0,1570.0,1590.0,65707500
2012-10-10T00:00:00Z,1590.0,1600.0,1580.0,1590.0,50050000
2012-10-11T00:00:00Z,1600.0,1600.0,1580.0,1600.0,28885000
2012-10-12T00:00:00Z,1630.0,1630.0,1600.0,1630.0,129407500
2012-10-15T00:00:00Z,1610.0,1620.0,1610.0,1610.0,37295000
2012-10-16T00:00:00Z,1630.0,1630.0,1600.0,1630.0,64515000
2012-10-17T00:00:00Z,1630.0,1640.0,1620.0,1630.0,72267500
2012-10-18T00:00:00Z,1640.0,1640.0,1620.0,1640.0,34140000
2012-10-19T00:00:00Z,1630.0,1640.0,1630.0,1630.0,37127500
2012-10-22T00:00:00Z,1620.0,1640.0,1600.0,1620.0,22047500
2012-10-23T00:00:00Z,1640.0,1650.0,1620.0,1640.0,49570000
2012-10-24T00:00:00Z,1640.0,1640.0,1620.0,1640.0,32770000
2012-10-25T00:00:00Z,1630.0,1640.0,1620.0,1630.0,57990000
2012-10-29T00:00:00Z,1620.0,1630.0,1610.0,1620.0,39347500
2012-10-30T00:00:00Z,1640.0,1650.0,1610.0,1640.0,99347500
2012-10-31T00:00:00Z,1640.0,1650.0,1620.0,1640.0,40565000
2012-11-01T00:00:00Z,1660.0,1660.0,1630.0,1660.0,59242500
2012-11-02T00:00:00Z,1670.0,1670.0,1640.0,1670.0,43790000
2012-11-05T00:00:00Z,1650.0,1670.0,1650.0,1650.0,40745000
2012-11-06T00:00:00Z,1700.0,1700.0,1660.0,1700.0,65490000
2012-11-07T00:00:00Z,1700.0,1710.0,1680.0,1700.0,47120000
2012-11-08T00:00:00Z,1690.0,1700.0,1680.0,1690.0,45147500
2012-11-09T00:00:00Z,1710.0,1710.0,1680.0,1710.0,64312500
2012-11-12T00:00:00Z,1740.0,1750.0,1700.0,1740.0,57865000
2012-11-13T00:00:00Z,1800.0,1800.0,1750.0,1800.0,36342500
2012-11-14T00:00:00Z,1810.0,1870.0,1790.0,1810.0,79057500
2012-11-19T00:00:00Z,1720.0,1810.0,1720.0,1720.0,56560000
2012-11-20T00:00:00Z,1770.0,1770.0,1730.0,1770.0,30310000
2012-11-21T00:00:00Z,1770.0,1780.0,1750.0,1770.0,22267500
2012-11-22T00:00:00Z,1780.0,1790.0,1760.0,1780.0,27582500
2012-11-23T00:00:00Z,1810.0,1810.0,1780.0,1810.0,23250000
2012-11-26T00:00:00Z,1820.0,1840.0,1800.0,1820.0,17165000
2012-11-27T00:00:00Z,1790.0,1880.0,1790.0,1790.0,67267500
2012-11-28T00:00:00Z,1790.0,1800.0,1760.0,1790.0,38332500
2012-11-29T00:00:00Z,1800.0,1820.0,1770.0,1800.0,47047500
2012-11-30T00:00:00Z,1760.0,1820.0,1760.0,1760.0,64790000
2012-12-03T00:00:00Z,1900.0,1900.0,1750.0,1900.0,44270000
2012-12-04T00:00:00Z,1750.0,1830.0,1750.0,1750.0,81522500
2012-12-05T00:00:00Z,1760.0,1810.0,1750.0,1760.0,61945000
2012-12-06T00:00:00Z,1760.0,1800.0,1760.0,1760.0,59472500
2012-12-07T00:00:00Z,1760.0,1800.0,1760.0,1760.0,60002500
2012-12-10T00:00:00Z,1830.0,1860.0,1780.0,1830.0,79410000
2012-12-11T00:00:00Z,1850.0,1870.0,1830.0,1850.0,58915000
2012-12-12T00:00:00Z,1890.0,1890.0,1840.0,1890.0,51297500
2012-12-13T00:00:00Z,1890.0,1900.0,1870.0,1890.0,47857500
2012-12-14T00:00:00Z,1850.0,1900.0,1830.0,1850.0,31957500
2012-12-17T00:00:00Z,1840.0,1860.0,1810.0,1840.0,47492500
2012-12-18T00:00:00Z,1830.0,1870.0,1810.0,1830.0,49697500
2012-12-19T00:00:00Z,1810.0,1850.0,1800.0,1810.0,55587500
2012-12-20T00:00:00Z,1840.0,1840.0,1780.0,1840.0,64220000
2012-12-21T00:00:00Z,1780.0,1880.0,1760.0,1780.0,75872500
2012-12-26T00:00:00Z,1840.0,1840.0,1780.0,1840.0,15
2012-12-27T00:00:00Z,1840.0,1860.0,1820.0,1840.0,25415000
2012-12-28T00:00:00Z,1820.0,1890.0,1820.0,1820.0,15
2013-01-02T00:00:00Z,1820.0,1850.0,1800.0,1820.0,17272500
2013-01-03T00:00:00Z,1830.0,1850.0,1810.0,1830.0,42030000
2013-01-04T00:00:00Z,1810.0,1840.0,1800.0,1810.0,15
2013-01-07T00:00:00Z,1840.0,1850.0,1810.0,1840.0,77035000
2013-01-08T00:00:00Z,1830.0,1850.0,1820.0,1830.0,57940000
2013-01-09T00:00:00Z,1820.0,1840.0,1800.0,1820.0,53327500
2013-01-10T00:00:00Z,1780.0,1820.0,1780.0,1780.0,72327500
2013-01-11T00:00:00Z,1770.0,1800.0,1770.0,1770.0,61210000
2013-01-14T00:00:00Z,1820.0,1820.0,1780.0,1820.0,57025000
2013-01-15T00:00:00Z,1830.0,1830.0,1810.0,1830.0,58432500
2013-01-16T00:00:00Z,1830.0,1830.0,1810.0,1830.0,61665000
2013-01-17T00:00:00Z,1830.0,1840.0,1810.0,1830.0,57637500
2013-01-18T00:00:00Z,1900.0,1900.0,1820.0,1900.0,68715000
2013-01-21T00:00:00Z,1860.0,1900.0,1860.0,1860.0,42340000
2013-01-22T00:00:00Z,1860.0,1860.0,1820.0,1860.0,58305000
2013-01-23T00:00:00Z,1860.0,1860.0,1830.0,1860.0,42685000
2013-01-25T00:00:00Z,1870.0,1880.0,1850.0,1870.0,55445000
2013-01-28T00:00:00Z,1860.0,1870.0,1840.0,1860.0,51417500
2013-01-29T00:00:00Z,1890.0,1900.0,1860.0,1890.0,43950000
2013-01-30T00:00:00Z,1890.0,1910.0,1870.0,1890.0,66112500
2013-01-31T00:00:00Z,1930.0,1950.0,1900.0,1930.0,117667500
2013-02-01T00:00:00Z,1970.0,2010.0,1930.0,1970.0,86365000
2013-02-04T00:00:00Z,2010.0,2020.0,1990.0,2010.0,94540000
2013-02-05T00:00:00Z,1980.0,2040.0,1980.0,1980.0,92840000
2013-02-06T00:00:00Z,1980.0,2000.0,1960.0,1980.0,63205000
2013-02-07T00:00:00Z,2010.0,2010.0,1980.0,2010.0,63375000
2013-02-08T00:00:00Z,1990.0,2020.0,1980.0,1990.0,39770000
2013-02-11T00:00:00Z,2030.0,2030.0,1990.0,2030.0,11472500
2013-02-12T00:00:00Z,2010.0,2030.0,1990.0,2010.0,25785000
2013-02-13T00:00:00Z,1970.0,2010.0,1960.0,1970.0,55012500
2013-02-14T00:00:00Z,2000.0,2000.0,1990.0,2000.0,74697500
2013-02-15T00:00:00Z,2010.0,2020.0,1990.0,2010.0,39815000
2013-02-18T00:00:00Z,2040.0,2050.0,2010.0,2040.0,58192500
2013-02-19T00:00:00Z,2050.0,2050.0,2020.0,2050.0,33442500
2013-02-20T00:00:00Z,2060.0,2070.0,2040.0,2060.0,60172500
2013-02-21T00:00:00Z,2070.0,2080.0,2030.0,2070.0,41210000
2013-02-22T00:00:00Z,2110.0,2110.0,2070.0,2110.0,15
2013-02-25T00:00:00Z,2260.0,2260.0,2120.0,2260.0,51457500
2013-02-26T00:00:00Z,2160.0,2200.0,2090.0,2160.0,52450000
2013-02-27T00:00:00Z,2130.0,2170.0,2110.0,2130.0,69830000
2013-02-28T00:00:00Z,2200.0,2200.0,2140.0,2200.0,64185000
2013-03-01T00:00:00Z,2140.0,2180.0,2130.0,2140.0,50347500
2013-03-05T00:00:00Z,2100.0,2170.0,2100.0,2100.0,53132500
2013-03-06T00:00:00Z,2140.0,2160.0,2110.0,2140.0,46110000
2013-03-07T00:00:00Z,2150.0,2180.0,2120.0,2150.0,41627500
2013-03-08T00:00:00Z,2160.0,2180.0,2140.0,2160.0,50730000
2013-03-11T00:00:00Z,2150.0,2180.0,2140.0,2150.0,37485000
2013-03-13T00:00:00Z,2140.0,2160.0,2120.0,2140.0,81725000
2013-03-14T00:00:00Z,2140.0,2150.0,2120.0,2130.0,76367500
2013-03-15T00:00:00Z,2140.0,2160.0,2130.0,2150.0,69972500
2013-03-18T00:00:00Z,2130.0,2140.0,2120.0,2130.0,78970000
2013-03-19T00:00:00Z,2140.0,2170.0,2140.0,2140.0,64912500
2013-03-20T00:00:00Z,2160.0,2180.0,2130.0,2180.0,71960000
2013-03-21T00:00:00Z,2180.0,2180.0,2140.0,2150.0,54885000
2013-03-22T00:00:00Z,2140.0,2170.0,2120.0,2120.0,79960000
2013-03-25T00:00:00Z,2100.0,2180.0,2100.0,2180.0,26472500
2013-03-26T00:00:00Z,2170.0,2180.0,2130.0,2130.0,47417500
2013-03-27T00:00:00Z,2140.0,2230.0,2140.0,2200.0,90137500
2013-03-28T00:00:00Z,2220.0,2280.0,2170.0,2280.0,36450000
2013-04-01T00:00:00Z,2200.0,2240.0,2190.0,2200.0,13892500
2013-04-02T00:00:00Z,2240.0,2240.0,2210.0,2210.0,19645000
2013-04-03T00:00:00Z,2240.0,2250.0,2200.0,2240.0,15
2013-04-04T00:00:00Z,2240.0,2240.0,2170.0,2170.0,47235000
2013-04-05T00:00:00Z,2190.0,2210.0,2170.0,2210.0,32585000
2013-04-08T00:00:00Z,2200.0,2210.0,2130.0,2140.0,98920000
2013-04-09T00:00:00Z,2160.0,2170.0,2110.0,2120.0,68320000
2013-04-10T00:00:00Z,2140.0,2150.0,2090.0,2110.0,76150000
2013-04-11T00:00:00Z,2130.0,2160.0,2120.0,2160.0,89122500
2013-04-12T00:00:00Z,2170.0,2190.0,2150.0,2180.0,57235000
2013-04-15T00:00:00Z,2160.0,2160.0,2120.0,2120.0,68192500
2013-04-16T00:00:00Z,2130.0,2170.0,2120.0,2160.0,59685000
2013-04-17T00:00:00Z,2170.0,2200.0,2160.0,2200.0,84745000
2013-04-18T00:00:00Z,2180.0,2200.0,2180.0,2200.0,48295000
2013-04-19T00:00:00Z,2210.0,2210.0,2180.0,2200.0,30870000
2013-04-22T00:00:00Z,2200.0,2210.0,2150.0,2180.0,43217500
2013-04-24T00:00:00Z,2160.0,2210.0,2150.0,2210.0,67985000
2013-04-25T00:00:00Z,2190.0,2220.0,2180.0,2220.0,43275000
2013-04-26T00:00:00Z,2220.0,2220.0,2150.0,2150.0,40227500
2013-04-29T00:00:00Z,2180.0,2200.0,2170.0,2200.0,52362500
2013-04-30T00:00:00Z,2190.0,2190.0,2140.0,2150.0,219367500
2013-05-01T00:00:00Z,2140.0,2150.0,2130.0,2150.0,63260000
2013-05-02T00:00:00Z,2140.0,2170.0,2130.0,2130.0,101727500
2013-05-03T00:00:00Z,2150.0,2160.0,2130.0,2150.0,29542500
2013-05-06T00:00:00Z,2160.0,2200.0,2160.0,2190.0,42975000
2013-05-07T00:00:00Z,2200.0,2200.0,2170.0,2190.0,40920000
2013-05-08T00:00:00Z,2200.0,2210.0,2180.0,2200.0,24297500
2013-05-10T00:00:00Z,2200.0,2210.0,2180.0,2210.0,40982500
2013-05-13T00:00:00Z,2200.0,2210.0,2170.0,2210.0,41902500
2013-05-14T00:00:00Z,2220.0,2220.0,2180.0,2200.0,39110000
2013-05-15T00:00:00Z,2210.0,2210.0,2180.0,2200.0,26505000
2013-05-16T00:00:00Z,2190.0,2200.0,2170.0,2180.0,53305000
2013-05-17T00:00:00Z,2160.0,2200.0,2160.0,2200.0,33765000
2013-05-20T00:00:00Z,2210.0,2230.0,2180.0,2180.0,70080000
2013-05-21T00:00:00Z,2200.0,2210.0,2180.0,2200.0,53060000
2013-05-22T00:00:00Z,2200.0,2210.0,2190.0,2190.0,28505000
2013-05-23T00:00:00Z,2200.0,2210.0,2160.0,2180.0,67457500
2013-05-24T00:00:00Z,2190.0,2210.0,2190.0,2190.0,40755000
2013-05-27T00:00:00Z,2200.0,2210.0,2140.0,2140.0,68725000
2013-05-28T00:00:00Z,2130.0,2200.0,2130.0,2180.0,32057500
2013-05-29T00:00:00Z,2170.0,2210.0,2160.0,2200.0,78410000
2013-05-30T00:00:00Z,2170.0,2180.0,2150.0,2160.0,46785000
2013-05-31T00:00:00Z,2160.0,2160.0,2070.0,2070.0,135412500
2013-06-03T00:00:00Z,2070.0,2070.0,1990.0,1990.0,199652500
2013-06-04T00:00:00Z,1980.0,2040.0,1970.0,2020.0,97930000
2013-06-05T00:00:00Z,2020.0,2020.0,2000.0,2010.0,81832500
2013-06-07T00:00:00Z,2000.0,2010.0,1920.0,1920.0,128835000
2013-06-10T00:00:00Z,1940.0,1940.0,1880.0,1890.0,105015000
2013-06-11T00:00:00Z,1870.0,1900.0,1830.0,1850.0,136012500
2013-06-12T00:00:00Z,1830.0,1900.0,1780.0,1880.0,295162500
2013-06-13T00:00:00Z,1840.0,1950.0,1810.0,1860.0,195845000
2013-06-14T00:00:00Z,1910.0,1980.0,1910.0,1960.0,159700000
2013-06-17T00:00:00Z,1960.0,1990.0,1960.0,1990.0,51422500
2013-06-18T00:00:00Z,2020.0,2050.0,1990.0,2010.0,79180000
2013-06-19T00:00:00Z,2010.0,2020.0,1970.0,1990.0,61667500
2013-06-20T00:00:00Z,1930.0,1940.0,1890.0,1890.0,101530000
2013-06-21T00:00:00Z,1850.0,1880.0,1830.0,1840.0,160320000
2013-06-24T00:00:00Z,1850.0,1890.0,1820.0,1820.0,65597500
2013-06-25T00:00:00Z,1850.0,1860.0,1790.0,1790.0,95547500
2013-06-26T00:00:00Z,1830.0,1890.0,1820.0,1870.0,87612500
2013-06-27T00:00:00Z,1890.0,1950.0,1890.0,1890.0,106682500
2013-06-28T00:00:00Z,1920.0,2000.0,1910.0,2000.0,107192500
2013-07-01T00:00:00Z,1990.0,2000.0,1940.0,1980.0,29862500
2013-07-02T00:00:00Z,2000.0,2010.0,1970.0,1990.0,41852500
2013-07-03T00:00:00Z,1980.0,1990.0,1890.0,1890.0,82480000
2013-07-04T00:00:00Z,1900.0,1950.0,1890.0,1910.0,48242500
2013-07-05T00:00:00Z,1940.0,1940.0,1870.0,1900.0,55322500
2013-07-08T00:00:00Z,1900.0,1900.0,1820.0,1820.0,51312500
2013-07-09T00:00:00Z,1860.0,1880.0,1820.0,1850.0,53335000
2013-07-10T00:00:00Z,1840.0,1920.0,1820.0,1890.0,41935000
2013-07-11T00:00:00Z,1920.0,1970.0,1910.0,1960.0,78802500
2013-07-12T00:00:00Z,1980.0,2020.0,1960.0,2020.0,79200000
2013-07-15T00:00:00Z,2040.0,2040.0,1990.0,2040.0,34235000
2013-07-16T00:00:00Z,2040.0,2040.0,1980.0,2020.0,26815000
2013-07-17T00:00:00Z,2030.0,2050.0,2010.0,2040.0,37555000
2013-07-18T00:00:00Z,2040.0,2040.0,2000.0,2040.0,56212500
2013-07-19T00:00:00Z,2030.0,2040.0,2010.0,2040.0,24767500
2013-07-22T00:00:00Z,2050.0,2050.0,2000.0,2000.0,17430000
2013-07-23T00:00:00Z,2030.0,2060.0,2020.0,2060.0,70500000
2013-07-24T00:00:00Z,2070.0,2080.0,2040.0,2080.0,37715000
2013-07-25T00:00:00Z,2070.0,2080.0,2040.0,2040.0,19677500
2013-07-26T00:00:00Z,2040.0,2080.0,2040.0,2070.0,25532500
2013-07-29T00:00:00Z,2040.0,2060.0,2020.0,2020.0,19867500
2013-07-30T00:00:00Z,2060.0,2070.0,2040.0,2060.0,30145000
2013-07-31T00:00:00Z,2080.0,2090.0,2070.0,2080.0,56340000
2013-08-01T00:00:00Z,2080.0,2110.0,2060.0,2090.0,51290000
2013-08-02T00:00:00Z,2100.0,2150.0,2080.0,2140.0,37957500
2013-08-12T00:00:00Z,2100.0,2120.0,2000.0,2060.0,55177500
2013-08-13T00:00:00Z,2040.0,2140.0,2040.0,2140.0,24667500
2013-08-14T00:00:00Z,2110.0,2180.0,2100.0,2180.0,31005000
2013-08-15T00:00:00Z,2180.0,2190.0,2150.0,2150.0,33870000
2013-08-16T00:00:00Z,2120.0,2150.0,2060.0,2060.0,51192500
2013-08-19T00:00:00Z,2070.0,2070.0,1900.0,1900.0,116827500
2013-08-20T00:00:00Z,1900.0,1940.0,1830.0,1890.0,166267500
2013-08-21T00:00:00Z,1900.0,1940.0,1870.0,1920.0,71172500
2013-08-22T00:00:00Z,1860.0,1920.0,1850.0,1870.0,74967500
2013-08-23T00:00:00Z,1900.0,1910.0,1870.0,1870.0,51027500
2013-08-26T00:00:00Z,1840.0,1860.0,1820.0,1820.0,98412500
2013-08-27T00:00:00Z,1800.0,1810.0,1770.0,1790.0,69030000
2013-08-28T00:00:00Z,1740.0,1860.0,1700.0,1830.0,140495000
2013-08-29T00:00:00Z,1800.0,1840.0,1770.0,1800.0,86805000
2013-08-30T00:00:00Z,1780.0,1820.0,1770.0,1810.0,81837500
2013-09-02T00:00:00Z,1820.0,1830.0,1700.0,1780.0,77840000
2013-09-03T00:00:00Z,1810.0,1810.0,1760.0,1770.0,74055000
2013-09-04T00:00:00Z,1770.0,1770.0,1700.0,1710.0,89020000
2013-09-05T00:00:00Z,1740.0,1750.0,1690.0,1720.0,80572500
2013-09-06T00:00:00Z,1740.0,1760.0,1710.0,1760.0,47942500
2013-09-09T00:00:00Z,1770.0,1870.0,1740.0,1870.0,65470000
2013-09-10T00:00:00Z,1890.0,1960.0,1880.0,1960.0,152682500
2013-09-11T00:00:00Z,1960.0,1980.0,1900.0,1980.0,73045000
2013-09-12T00:00:00Z,1930.0,1990.0,1930.0,1990.0,82987500
2013-09-13T00:00:00Z,1970.0,2000.0,1960.0,1990.0,84125000
2013-09-16T00:00:00Z,2010.0,2020.0,1990.0,2010.0,66107500
2013-09-17T00:00:00Z,2010.0,2020.0,1990.0,2020.0,59975000
2013-09-18T00:00:00Z,2000.0,2020.0,1970.0,2020.0,43920000
2013-09-19T00:00:00Z,2120.0,2500.0,2120.0,2160.0,144540000
2013-09-20T00:00:00Z,2150.0,2180.0,2090.0,2100.0,60110000
2013-09-23T00:00:00Z,2010.0,2130.0,2010.0,2130.0,60310000
2013-09-24T00:00:00Z,2130.0,2150.0,2060.0,2090.0,75472500
2013-09-25T00:00:00Z,2060.0,2090.0,2060.0,2090.0,72055000
2013-09-26T00:00:00Z,2090.0,2110.0,2070.0,2070.0,40112500
2013-09-27T00:00:00Z,2090.0,2110.0,2060.0,2060.0,26217500
2013-09-30T00:00:00Z,2070.0,2080.0,2000.0,2000.0,76705000
2013-10-01T00:00:00Z,1950.0,2040.0,1950.0,2000.0,35170000
2013-10-02T00:00:00Z,2000.0,2060.0,2000.0,2060.0,23207500
2013-10-03T00:00:00Z,2060.0,2090.0,2040.0,2090.0,49987500
2013-10-04T00:00:00Z,2060.0,2090.0,2040.0,2080.0,38085000
2013-10-07T00:00:00Z,2090.0,2090.0,2060.0,2070.0,13995000
2013-10-08T00:00:00Z,2050.0,2110.0,2050.0,2090.0,94080000
2013-10-09T00:00:00Z,2060.0,2110.0,2060.0,2080.0,38232500
2013-10-10T00:00:00Z,2070.0,2140.0,2070.0,2120.0,88567500
2013-10-11T00:00:00Z,2140.0,2150.0,2110.0,2140.0,31747500
2013-10-16T00:00:00Z,2140.0,2160.0,2090.0,2110.0,55770000
2013-10-17T00:00:00Z,2110.0,2130.0,2100.0,2110.0,63902500
2013-10-18T00:00:00Z,2110.0,2120.0,2090.0,2120.0,43780000
2013-10-21T00:00:00Z,2100.0,2160.0,2100.0,2140.0,67070000
2013-10-22T00:00:00Z,2110.0,2120.0,2090.0,2110.0,27285000
2013-10-23T00:00:00Z,2110.0,2140.0,2100.0,2100.0,66357500
2013-10-24T00:00:00Z,2100.0,2140.0,2100.0,2140.0,66387500
2013-10-25T00:00:00Z,2110.0,2160.0,2110.0,2150.0,44082500
2013-10-28T00:00:00Z,2150.0,2160.0,2140.0,2150.0,24035000
2013-10-29T00:00:00Z,2110.0,2140.0,2110.0,2120.0,54500000
2013-10-30T00:00:00Z,2080.0,2140.0,2080.0,2140.0,43352500
2013-10-31T00:00:00Z,2090.0,2140.0,2090.0,2090.0,57892500
2013-11-01T00:00:00Z,2050.0,2100.0,2050.0,2080.0,48997500
2013-11-04T00:00:00Z,2060.0,2090.0,2060.0,2070.0,36960000
2013-11-06T00:00:00Z,2070.0,2120.0,2070.0,2090.0,73615000
2013-11-07T00:00:00Z,2090.0,2130.0,2090.0,2120.0,67800000
2013-11-08T00:00:00Z,2090.0,2110.0,2070.0,2070.0,53672500
2013-11-11T00:00:00Z,2080.0,2080.0,2040.0,2050.0,52492500
2013-11-12T00:00:00Z,2050.0,2060.0,2000.0,2010.0,76340000
2013-11-13T00:00:00Z,2000.0,2050.0,1960.0,1990.0,87837500
2013-11-14T00:00:00Z,1990.0,2040.0,1990.0,2010.0,50885000
2013-11-15T00:00:00Z,2020.0,2050.0,2010.0,2040.0,36625000
2013-11-18T00:00:00Z,2050.0,2070.0,2050.0,2060.0,48500000
2013-11-19T00:00:00Z,2060.0,2070.0,2020.0,2040.0,48530000
2013-11-20T00:00:00Z,2040.0,2050.0,1920.0,2010.0,105277500
2013-11-21T00:00:00Z,1980.0,2000.0,1950.0,1970.0,51580000
2013-11-22T00:00:00Z,2000.0,2010.0,1970.0,2000.0,29545000
2013-11-25T00:00:00Z,2040.0,2050.0,2020.0,2030.0,33342500
2013-11-26T00:00:00Z,2000.0,2010.0,1930.0,1930.0,115220000
2013-11-27T00:00:00Z,1940.0,1960.0,1930.0,1940.0,51270000
2013-11-28T00:00:00Z,1950.0,1970.0,1910.0,1950.0,34975000
2013-11-29T00:00:00Z,1940.0,1960.0,1910.0,1930.0,30025000
2013-12-02T00:00:00Z,1930.0,1960.0,1930.0,1960.0,48172500
2013-12-03T00:00:00Z,1960.0,1970.0,1930.0,1960.0,38585000
2013-12-04T00:00:00Z,1960.0,1960.0,1930.0,1930.0,44122500
2013-12-05T00:00:00Z,1930.0,1930.0,1890.0,1910.0,49362500
2013-12-06T00:00:00Z,1900.0,1910.0,1850.0,1900.0,93720000
2013-12-09T00:00:00Z,1920.0,1930.0,1880.0,1880.0,65925000
2013-12-10T00:00:00Z,1860.0,1960.0,1860.0,1960.0,52402500
2013-12-11T00:00:00Z,1930.0,1970.0,1930.0,1970.0,24415000
2013-12-12T00:00:00Z,1960.0,1960.0,1920.0,1930.0,44672500
2013-12-13T00:00:00Z,1910.0,1920.0,1890.0,1900.0,62717500
2013-12-16T00:00:00Z,1910.0,1910.0,1860.0,1870.0,37930000
2013-12-17T00:00:00Z,1870.0,1930.0,1870.0,1900.0,44157500
2013-12-18T00:00:00Z,1900.0,1930.0,1890.0,1890.0,56400000
2013-12-19T00:00:00Z,1920.0,1930.0,1900.0,1910.0,34795000
2013-12-20T00:00:00Z,1910.0,1910.0,1850.0,1850.0,57612500
2013-12-23T00:00:00Z,1870.0,1900.0,1860.0,1900.0,45522500
2013-12-24T00:00:00Z,1900.0,1910.0,1880.0,1890.0,15830000
2013-12-27T00:00:00Z,1910.0,1920.0,1880.0,1880.0,24310000
2013-12-30T00:00:00Z,1910.0,1930.0,1900.0,1920.0,29707500
2014-01-02T00:00:00Z,1940.0,1970.0,1930.0,1960.0,33065000
2014-01-03T00:00:00Z,1940.0,1950.0,1870.0,1900.0,71912500
2014-01-06T00:00:00Z,1880.0,1900.0,1860.0,1870.0,58190000
2014-01-07T00:00:00Z,1870.0,1890.0,1865.0,1875.0,36152000
2014-01-08T00:00:00Z,1880.0,1890.0,1850.0,1865.0,55877500
2014-01-09T00:00:00Z,1860.0,1885.0,1855.0,1880.0,97317500
2014-01-10T00:00:00Z,1880.0,1890.0,1865.0,1880.0,120076000
2014-01-13T00:00:00Z,1890.0,1970.0,1890.0,1960.0,196030500
2014-01-15T00:00:00Z,1970.0,2040.0,1965.0,1990.0,132835000
2014-01-16T00:00:00Z,2010.0,2015.0,1980.0,2000.0,45956000
2014-01-17T00:00:00Z,2000.0,2005.0,1980.0,1980.0,31507500
2014-01-20T00:00:00Z,2000.0,2000.0,1950.0,1965.0,39292500
2014-01-21T00:00:00Z,1955.0,1985.0,1955.0,1970.0,28476000
2014-01-22T00:00:00Z,1965.0,1980.0,1945.0,1980.0,100006500
2014-01-23T00:00:00Z,2000.0,2050.0,1980.0,2040.0,160911500
2014-01-24T00:00:00Z,2035.0,2050.0,1995.0,2035.0,90143000
2014-01-27T00:00:00Z,1990.0,1990.0,1930.0,1960.0,106837500
2014-01-28T00:00:00Z,1960.0,2010.0,1950.0,2000.0,77513500
2014-01-29T00:00:00Z,2010.0,2070.0,2000.0,2000.0,144919000
2014-01-30T00:00:00Z,1970.0,1990.0,1965.0,1985.0,81985500
2014-02-03T00:00:00Z,1980.0,2000.0,1965.0,1965.0,55407000
2014-02-04T00:00:00Z,1970.0,1980.0,1940.0,1970.0,83683500
2014-02-05T00:00:00Z,1980.0,1990.0,1965.0,1990.0,42715000
2014-02-06T00:00:00Z,1975.0,2030.0,1970.0,2030.0,63581000
2014-02-07T00:00:00Z,2050.0,2060.0,2035.0,2050.0,104825500
2014-02-10T00:00:00Z,2060.0,2075.0,1995.0,2010.0,61835500
2014-02-11T00:00:00Z,2020.0,2060.0,2015.0,2030.0,71441500
2014-02-12T00:00:00Z,2050.0,2070.0,2035.0,2060.0,112510500
2014-02-13T00:00:00Z,2070.0,2080.0,2040.0,2050.0,58160500
2014-02-14T00:00:00Z,2080.0,2080.0,2065.0,2075.0,77919000
2014-02-17T00:00:00Z,2095.0,2110.0,2085.0,2095.0,97666500
2014-02-18T00:00:00Z,2095.0,2095.0,2080.0,2080.0,47891500
2014-02-19T00:00:00Z,2080.0,2090.0,2030.0,2050.0,78352000
2014-02-20T00:00:00Z,2045.0,2080.0,2040.0,2080.0,82013000
2014-02-21T00:00:00Z,2100.0,2105.0,2085.0,2090.0,64951500
2014-02-24T00:00:00Z,2095.0,2100.0,2065.0,2080.0,37548000
2014-02-25T00:00:00Z,2080.0,2090.0,2065.0,2075.0,58889000
2014-02-26T00:00:00Z,2080.0,2080.0,2035.0,2055.0,76855000
2014-02-27T00:00:00Z,2055.0,2065.0,2035.0,2060.0,66554500
2014-02-28T00:00:00Z,2060.0,2065.0,2030.0,2045.0,120073000
2014-03-03T00:00:00Z,2040.0,2065.0,2030.0,2055.0,86498000
2014-03-04T00:00:00Z,2050.0,2105.0,2050.0,2095.0,96861000
2014-03-05T00:00:00Z,2105.0,2115.0,2095.0,2110.0,76239000
2014-03-06T00:00:00Z,2120.0,2130.0,2110.0,2115.0,96116500
2014-03-07T00:00:00Z,2120.0,2135.0,2110.0,2120.0,90006500
2014-03-10T00:00:00Z,2120.0,2120.0,2085.0,2100.0,67316500
2014-03-11T00:00:00Z,2095.0,2110.0,2070.0,2080.0,80642000
2014-03-12T00:00:00Z,2075.0,2080.0,2065.0,2070.0,71547000
2014-03-13T00:00:00Z,2090.0,2090.0,2065.0,2075.0,41286500
2014-03-14T00:00:00Z,2065.0,2225.0,2050.0,2215.0,198642500
2014-03-17T00:00:00Z,2215.0,2215.0,2150.0,2190.0,137724000
2014-03-18T00:00:00Z,2200.0,2200.0,2140.0,2160.0,112634000
2014-03-19T00:00:00Z,2160.0,2180.0,2115.0,2140.0,66348000
2014-03-20T00:00:00Z,2120.0,2120.0,2070.0,2085.0,120952000
2014-03-21T00:00:00Z,2085.0,2100.0,2040.0,2065.0,127408500
2014-03-24T00:00:00Z,2065.0,2070.0,2050.0,2055.0,70342000
2014-03-25T00:00:00Z,2065.0,2065.0,2050.0,2060.0,32775000
2014-03-26T00:00:00Z,2075.0,2085.0,2070.0,2075.0,73571500
2014-03-27T00:00:00Z,2090.0,2120.0,2070.0,2070.0,104411000
2014-03-28T00:00:00Z,2100.0,2130.0,2090.0,2120.0,126387500
2014-04-01T00:00:00Z,2140.0,2220.0,2140.0,2190.0,207948500
2014-04-02T00:00:00Z,2190.0,2195.0,2170.0,2180.0,110242500
2014-04-03T00:00:00Z,2190.0,2190.0,2180.0,2190.0,51530500
2014-04-04T00:00:00Z,2205.0,2205.0,2155.0,2170.0,63947000
2014-04-07T00:00:00Z,2180.0,2220.0,2170.0,2180.0,130536000
2014-04-08T00:00:00Z,2175.0,2195.0,2170.0,2190.0,121323000
2014-04-10T00:00:00Z,2085.0,2180.0,2085.0,2180.0,208691000
2014-04-11T00:00:00Z,2160.0,2225.0,2145.0,2220.0,150497500
2014-04-14T00:00:00Z,2210.0,2250.0,2200.0,2250.0,75612000
2014-04-15T00:00:00Z,2205.0,2245.0,2200.0,2220.0,44675500
2014-04-16T00:00:00Z,2210.0,2235.0,2205.0,2210.0,91011500
2014-04-17T00:00:00Z,2220.0,2240.0,2220.0,2240.0,64706500
2014-04-21T00:00:00Z,2240.0,2245.0,2230.0,2235.0,25826500
2014-04-22T00:00:00Z,2190.0,2215.0,2180.0,2210.0,113037000
2014-04-23T00:00:00Z,2180.0,2215.0,2180.0,2210.0,65790500
2014-04-24T00:00:00Z,2210.0,2210.0,2190.0,2200.0,41550000
2014-04-25T00:00:00Z,2200.0,2210.0,2200.0,2200.0,43241000
2014-04-28T00:00:00Z,2205.0,2245.0,2120.0,2120.0,56595500
2014-04-29T00:00:00Z,2180.0,2210.0,2180.0,2200.0,85302500
2014-04-30T00:00:00Z,2200.0,2205.0,2190.0,2200.0,91065500
2014-05-02T00:00:00Z,2220.0,2275.0,2195.0,2195.0,56020500
2014-05-05T00:00:00Z,2195.0,2200.0,2195.0,2195.0,15491000
2014-05-06T00:00:00Z,2200.0,2225.0,2195.0,2200.0,16333000
2014-05-07T00:00:00Z,2200.0,2220.0,2190.0,2200.0,35320000
2014-05-08T00:00:00Z,2235.0,2240.0,2190.0,2210.0,30284000
2014-05-09T00:00:00Z,2190.0,2240.0,2190.0,2240.0,33977000
2014-05-12T00:00:00Z,2240.0,2240.0,2210.0,2240.0,59734500
2014-05-13T00:00:00Z,2240.0,2255.0,2220.0,2240.0,40691000
2014-05-14T00:00:00Z,2260.0,2300.0,2240.0,2270.0,104184500
2014-05-16T00:00:00Z,2225.0,2295.0,2225.0,2270.0,109104000
2014-05-19T00:00:00Z,2270.0,2305.0,2250.0,2270.0,119587500
2014-05-20T00:00:00Z,2230.0,2275.0,2205.0,2230.0,101861000
2014-05-21T00:00:00Z,2235.0,2255.0,2210.0,2235.0,64016000
2014-05-22T00:00:00Z,2285.0,2285.0,2220.0,2285.0,79345000
2014-05-23T00:00:00Z,2275.0,2285.0,2250.0,2275.0,45565000
2014-05-26T00:00:00Z,2260.0,2280.0,2250.0,2260.0,23381500
2014-05-28T00:00:00Z,2255.0,2280.0,2250.0,2255.0,40749000
2014-05-30T00:00:00Z,2155.0,2265.0,2155.0,2155.0,167224000
2014-06-02T00:00:00Z,2230.0,2230.0,2195.0,2230.0,64835500
2014-06-03T00:00:00Z,2250.0,2280.0,2205.0,2250.0,81122000
2014-06-04T00:00:00Z,2210.0,2240.0,2205.0,2210.0,35102000
2014-06-05T00:00:00Z,2215.0,2215.0,2200.0,2210.0,25373000
2014-06-06T00:00:00Z,2210.0,2220.0,2200.0,2210.0,32177500
2014-06-09T00:00:00Z,2215.0,2220.0,2195.0,2215.0,99228000
2014-06-10T00:00:00Z,2250.0,2250.0,2205.0,2250.0,45216000
2014-06-11T00:00:00Z,2250.0,2250.0,2215.0,2250.0,41013000
2014-06-12T00:00:00Z,2240.0,2250.0,2205.0,2240.0,34239500
2014-06-13T00:00:00Z,2215.0,2245.0,2210.0,2215.0,40222500
2014-06-16T00:00:00Z,2205.0,2225.0,2190.0,2205.0,51139500
2014-06-17T00:00:00Z,2215.0,2215.0,2180.0,2215.0,73381000
2014-06-18T00:00:00Z,2205.0,2210.0,2200.0,2205.0,75782500
2014-06-19T00:00:00Z,2210.0,2215.0,2195.0,2210.0,41139000
2014-06-20T00:00:00Z,2180.0,2230.0,2165.0,2180.0,66914500
2014-06-23T00:00:00Z,2200.0,2210.0,2190.0,2200.0,33760000
2014-06-24T00:00:00Z,2190.0,2210.0,2190.0,2190.0,28983500
2014-06-25T00:00:00Z,2140.0,2200.0,2140.0,2140.0,21102000
2014-06-26T00:00:00Z,2200.0,2200.0,2175.0,2200.0,62898500
2014-06-27T00:00:00Z,2165.0,2190.0,2165.0,2165.0,93469500
2014-06-30T00:00:00Z,2200.0,2200.0,2150.0,2200.0,50699500
2014-07-01T00:00:00Z,2200.0,2200.0,2175.0,2200.0,53438500
2014-07-02T00:00:00Z,2215.0,2215.0,2190.0,2215.0,31442000
2014-07-03T00:00:00Z,2195.0,2215.0,2195.0,2195.0,25151000
2014-07-04T00:00:00Z,2220.0,2240.0,2195.0,2220.0,55804000
2014-07-07T00:00:00Z,2255.0,2260.0,2235.0,2255.0,71875000
2014-07-08T00:00:00Z,2260.0,2290.0,2245.0,2260.0,68302000
2014-07-10T00:00:00Z,2295.0,2335.0,2285.0,2295.0,307891500
2014-07-11T00:00:00Z,2260.0,2300.0,2225.0,2260.0,81939000
2014-07-14T00:00:00Z,2260.0,2285.0,2245.0,2260.0,53238500
2014-07-15T00:00:00Z,2280.0,2295.0,2260.0,2280.0,71305500
2014-07-16T00:00:00Z,2330.0,2360.0,2300.0,2330.0,169153000
2014-07-17T00:00:00Z,2330.0,2360.0,2285.0,2330.0,73349500
2014-07-18T00:00:00Z,2330.0,2350.0,2300.0,2330.0,106019500
2014-07-21T00:00:00Z,2330.0,2345.0,2325.0,2330.0,61900500
2014-07-22T00:00:00Z,2335.0,2350.0,2315.0,2335.0,94294000
2014-07-23T00:00:00Z,2325.0,2345.0,2310.0,2325.0,36247000
2014-07-24T00:00:00Z,2330.0,2345.0,2315.0,2330.0,71035000
2014-07-25T00:00:00Z,2320.0,2330.0,2300.0,2320.0,70788500
2014-08-04T00:00:00Z,2345.0,2345.0,2190.0,2345.0,120248500
2014-08-05T00:00:00Z,2350.0,2350.0,2340.0,2350.0,39322000
2014-08-06T00:00:00Z,2350.0,2350.0,2315.0,2350.0,38810000
2014-08-07T00:00:00Z,2320.0,2345.0,2310.0,2320.0,40512500
2014-08-08T00:00:00Z,2325.0,2335.0,2320.0,2325.0,27918500
2014-08-11T00:00:00Z,2340.0,2365.0,2330.0,2340.0,27767500
2014-08-12T00:00:00Z,2340.0,2360.0,2335.0,2340.0,26468500
2014-08-13T00:00:00Z,2350.0,2355.0,2325.0,2350.0,51492000
2014-08-14T00:00:00Z,2350.0,2360.0,2340.0,2350.0,35854500
2014-08-15T00:00:00Z,2360.0,2360.0,2345.0,2360.0,29399500
2014-08-18T00:00:00Z,2355.0,2360.0,2345.0,2355.0,31281500
2014-08-19T00:00:00Z,2335.0,2370.0,2335.0,2335.0,39867000
2014-08-20T00:00:00Z,2355.0,2355.0,2335.0,2355.0,34300500
2014-08-21T00:00:00Z,2360.0,2360.0,2340.0,2360.0,30454000
2014-08-22T00:00:00Z,2360.0,2370.0,2340.0,2360.0,34615000
2014-08-25T00:00:00Z,2355.0,2365.0,2350.0,2355.0,33482500
2014-08-26T00:00:00Z,2360.0,2365.0,2340.0,2360.0,58021500
2014-08-27T00:00:00Z,2370.0,2370.0,2335.0,2370.0,56590500
2014-08-28T00:00:00Z,2370.0,2370.0,2345.0,2370.0,64730500
2014-08-29T00:00:00Z,2240.0,2370.0,2240.0,2240.0,84465500
2014-09-01T00:00:00Z,2340.0,2345.0,2325.0,2340.0,53283000
2014-09-02T00:00:00Z,2340.0,2360.0,2340.0,2340.0,44688000
2014-09-03T00:00:00Z,2340.0,2360.0,2340.0,2340.0,29420500
2014-09-04T00:00:00Z,2360.0,2360.0,2345.0,2360.0,37696000
2014-09-05T00:00:00Z,2420.0,2420.0,2350.0,2420.0,66048000
2014-09-08T00:00:00Z,2455.0,2475.0,2410.0,2455.0,108762500
2014-09-09T00:00:00Z,2505.0,2515.0,2460.0,2505.0,97355000
2014-09-10T00:00:00Z,2470.0,2510.0,2430.0,2470.0,75900500
2014-09-11T00:00:00Z,2440.0,2485.0,2440.0,2440.0,47693500
2014-09-12T00:00:00Z,2410.0,2445.0,2405.0,2410.0,108570500
2014-09-15T00:00:00Z,2405.0,2420.0,2380.0,2405.0,42618500
2014-09-16T00:00:00Z,2390.0,2415.0,2390.0,2390.0,58327500
2014-09-17T00:00:00Z,2450.0,2460.0,2405.0,2450.0,60281000
2014-09-18T00:00:00Z,2510.0,2515.0,2450.0,2510.0,67597000
2014-09-19T00:00:00Z,2520.0,2545.0,2500.0,2520.0,117897500
2014-09-22T00:00:00Z,2560.0,2560.0,2510.0,2560.0,55171500
2014-09-23T00:00:00Z,2530.0,2555.0,2525.0,2530.0,37956500
2014-09-24T00:00:00Z,2495.0,2540.0,2495.0,2495.0,40181500
2014-09-25T00:00:00Z,2575.0,2585.0,2500.0,2575.0,91340000
2014-09-26T00:00:00Z,2560.0,2570.0,2525.0,2560.0,78450000
2014-09-29T00:00:00Z,2615.0,2615.0,2560.0,2615.0,56664500
2014-09-30T00:00:00Z,2615.0,2625.0,2545.0,2615.0,120284000
2014-10-01T00:00:00Z,2605.0,2715.0,2605.0,2605.0,55827500
2014-10-02T00:00:00Z,2480.0,2580.0,2470.0,2480.0,151528500
2014-10-03T00:00:00Z,2425.0,2510.0,2415.0,2425.0,69873000
2014-10-06T00:00:00Z,2460.0,2475.0,2410.0,2460.0,36362500
2014-10-07T00:00:00Z,2495.0,2510.0,2445.0,2495.0,64333500
2014-10-08T00:00:00Z,2500.0,2520.0,2445.0,2500.0,69397500
2014-10-09T00:00:00Z,2550.0,2575.0,2510.0,2550.0,80639000
2014-10-10T00:00:00Z,2560.0,2590.0,2520.0,2560.0,76848000
2014-10-13T00:00:00Z,2520.0,2560.0,2520.0,2520.0,54695000
2014-10-14T00:00:00Z,2525.0,2550.0,2500.0,2525.0,43902500
2014-10-15T00:00:00Z,2535.0,2570.0,2525.0,2535.0,42555500
2014-10-16T00:00:00Z,2520.0,2550.0,2520.0,2520.0,46722000
2014-10-17T00:00:00Z,2515.0,2570.0,2500.0,2515.0,77883000
2014-10-20T00:00:00Z,2525.0,2565.0,2525.0,2525.0,47758000
2014-10-21T00:00:00Z,2550.0,2565.0,2525.0,2550.0,51469500
2014-10-22T00:00:00Z,2605.0,2615.0,2555.0,2605.0,70014000
2014-10-23T00:00:00Z,2655.0,2660.0,2610.0,2655.0,89350000
2014-10-24T00:00:00Z,2665.0,2715.0,2620.0,2665.0,56123500
2014-10-27T00:00:00Z,2635.0,2690.0,2635.0,2635.0,40672000
2014-10-28T00:00:00Z,2665.0,2680.0,2645.0,2665.0,25416000
2014-10-29T00:00:00Z,2675.0,2680.0,2650.0,2675.0,48666500
2014-10-30T00:00:00Z,2600.0,2640.0,2595.0,2600.0,65087000
2014-10-31T00:00:00Z,2610.0,2645.0,2565.0,2610.0,86931000
2014-11-03T00:00:00Z,2615.0,2630.0,2590.0,2615.0,45283500
2014-11-04T00:00:00Z,2605.0,2610.0,2585.0,2605.0,47220500
2014-11-05T00:00:00Z,2620.0,2625.0,2605.0,2620.0,35484000
2014-11-06T00:00:00Z,2595.0,2620.0,2590.0,2595.0,51025500
2014-11-07T00:00:00Z,2540.0,2600.0,2520.0,2540.0,72696000
2014-11-10T00:00:00Z,2510.0,2540.0,2500.0,2510.0,49966500
2014-11-11T00:00:00Z,2565.0,2585.0,2520.0,2565.0,63908500
2014-11-12T00:00:00Z,2575.0,2590.0,2535.0,2575.0,45788000
2014-11-13T00:00:00Z,2575.0,2590.0,2545.0,2575.0,35376500
2014-11-14T00:00:00Z,2585.0,2600.0,2565.0,2585.0,58056000
2014-11-17T00:00:00Z,2585.0,2610.0,2580.0,2580.0,39718000
2014-11-18T00:00:00Z,2620.0,2630.0,2595.0,2620.0,68719500
2014-11-19T00:00:00Z,2670.0,2680.0,2635.0,2670.0,146475500
2014-11-20T00:00:00Z,2650.0,2670.0,2645.0,2650.0,71286000
2014-11-21T00:00:00Z,2665.0,2680.0,2630.0,2665.0,52218500
2014-11-24T00:00:00Z,2655.0,2705.0,2645.0,2655.0,77269000
2014-11-25T00:00:00Z,2650.0,2665.0,2650.0,2650.0,83678500
2014-11-26T00:00:00Z,2645.0,2665.0,2645.0,2645.0,30011000
2014-11-27T00:00:00Z,2620.0,2665.0,2610.0,2620.0,76328500
2014-11-28T00:00:00Z,2620.0,2635.0,2605.0,2620.0,40601500
2014-12-01T00:00:00Z,2640.0,2640.0,2610.0,2615.0,66768000
2014-12-02T00:00:00Z,2615.0,2660.0,2615.0,2640.0,87585500
2014-12-03T00:00:00Z,2645.0,2670.0,2620.0,2650.0,56958500
2014-12-04T00:00:00Z,2670.0,2680.0,2650.0,2650.0,52848000
2014-12-05T00:00:00Z,2660.0,2685.0,2655.0,2670.0,66586500
2014-12-08T00:00:00Z,2655.0,2680.0,2645.0,2655.0,37435500
2014-12-09T00:00:00Z,2660.0,2680.0,2630.0,2650.0,38254000
2014-12-10T00:00:00Z,2630.0,2675.0,2630.0,2660.0,32998000
2014-12-11T00:00:00Z,2660.0,2675.0,2645.0,2655.0,54459500
2014-12-12T00:00:00Z,2640.0,2665.0,2640.0,2650.0,50302000
2014-12-15T00:00:00Z,2600.0,2620.0,2575.0,2610.0,94633000
2014-12-16T00:00:00Z,2590.0,2640.0,2565.0,2570.0,70763000
2014-12-17T00:00:00Z,2600.0,2610.0,2570.0,2570.0,51464000
2014-12-18T00:00:00Z,2600.0,2610.0,2585.0,2595.0,52271000
2014-12-19T00:00:00Z,2630.0,2650.0,2620.0,2635.0,83389500
2014-12-22T00:00:00Z,2650.0,2650.0,2615.0,2615.0,33301000
2014-12-23T00:00:00Z,2640.0,2640.0,2625.0,2630.0,21132000
2014-12-24T00:00:00Z,2650.0,2655.0,2635.0,2640.0,19135500
2014-12-29T00:00:00Z,2630.0,2650.0,2625.0,2630.0,24315000
2014-12-30T00:00:00Z,2615.0,2640.0,2615.0,2625.0,32338500
2015-01-02T00:00:00Z,2655.0,2655.0,2630.0,2645.0,29302500
2015-01-05T00:00:00Z,2630.0,2640.0,2625.0,2640.0,25434500
2015-01-06T00:00:00Z,2600.0,2640.0,2600.0,2620.0,48681500
2015-01-07T00:00:00Z,2610.0,2640.0,2610.0,2625.0,40334000
2015-01-08T00:00:00Z,2625.0,2630.0,2595.0,2595.0,54457000
2015-01-09T00:00:00Z,2605.0,2615.0,2585.0,2585.0,108957500
2015-01-12T00:00:00Z,2585.0,2600.0,2560.0,2600.0,81651000
2015-01-13T00:00:00Z,2610.0,2610.0,2595.0,2600.0,36024000
2015-01-14T00:00:00Z,2605.0,2605.0,2585.0,2585.0,29728000
2015-01-15T00:00:00Z,2590.0,2610.0,2590.0,2590.0,27580500
2015-01-16T00:00:00Z,2605.0,2605.0,2590.0,2590.0,46354500
2015-01-19T00:00:00Z,2595.0,2605.0,2595.0,2600.0,26134500
2015-01-20T00:00:00Z,2595.0,2610.0,2585.0,2605.0,36285500
2015-01-21T00:00:00Z,2610.0,2640.0,2605.0,2615.0,73258000
2015-01-22T00:00:00Z,2610.0,2645.0,2610.0,2640.0,58654000
2015-01-23T00:00:00Z,2645.0,2680.0,2645.0,2665.0,121011000
2015-01-26T00:00:00Z,2665.0,2680.0,2605.0,2630.0,103089000
2015-01-27T00:00:00Z,2630.0,2645.0,2625.0,2640.0,49988500
2015-01-28T00:00:00Z,2635.0,2665.0,2630.0,2655.0,48230000
2015-01-29T00:00:00Z,2650.0,2665.0,2640.0,2665.0,41599500
2015-01-30T00:00:00Z,2680.0,2685.0,2665.0,2675.0,94142500
2015-02-02T00:00:00Z,2670.0,2675.0,2650.0,2670.0,38816500
2015-02-03T00:00:00Z,2675.0,2700.0,2670.0,2700.0,67046500
2015-02-04T00:00:00Z,2705.0,2800.0,2695.0,2780.0,136306000
2015-02-05T00:00:00Z,2780.0,2785.0,2675.0,2740.0,83923500
2015-02-06T00:00:00Z,2755.0,2760.0,2730.0,2740.0,54060500
2015-02-09T00:00:00Z,2700.0,2780.0,2700.0,2760.0,68609000
2015-02-10T00:00:00Z,2775.0,2780.0,2730.0,2750.0,50540500
2015-02-11T00:00:00Z,2755.0,2785.0,2740.0,2785.0,46471500
2015-02-12T00:00:00Z,2785.0,2790.0,2770.0,2780.0,58455500
2015-02-13T00:00:00Z,2800.0,2850.0,2795.0,2805.0,90653500
2015-02-16T00:00:00Z,2810.0,2835.0,2800.0,2800.0,30501000
2015-02-17T00:00:00Z,2800.0,2825.0,2800.0,2815.0,47945000
2015-02-18T00:00:00Z,2840.0,2910.0,2800.0,2815.0,57782000
2015-02-20T00:00:00Z,2860.0,2865.0,2810.0,2810.0,25162000
2015-02-23T00:00:00Z,2815.0,2845.0,2795.0,2805.0,55871500
2015-02-24T00:00:00Z,2810.0,2815.0,2785.0,2810.0,46482000
2015-02-25T00:00:00Z,2800.0,2835.0,2800.0,2820.0,39573000
2015-02-26T00:00:00Z,2795.0,2835.0,2795.0,2815.0,63400500
2015-02-27T00:00:00Z,2800.0,2830.0,2800.0,2820.0,91257500
2015-03-02T00:00:00Z,2830.0,2860.0,2820.0,2845.0,105783500
2015-03-03T00:00:00Z,2870.0,2915.0,2865.0,2880.0,100166000
2015-03-04T00:00:00Z,2900.0,2915.0,2875.0,2885.0,61321500
2015-03-05T00:00:00Z,2900.0,2930.0,2895.0,2900.0,63347500
2015-03-06T00:00:00Z,2900.0,2935.0,2900.0,2920.0,84722000
2015-03-09T00:00:00Z,2880.0,2895.0,2820.0,2875.0,75837500
2015-03-10T00:00:00Z,2880.0,2905.0,2850.0,2885.0,56405500
2015-03-11T00:00:00Z,2850.0,2875.0,2845.0,2855.0,86270500
2015-03-12T00:00:00Z,2845.0,2855.0,2830.0,2840.0,57496500
2015-03-13T00:00:00Z,2840.0,2855.0,2810.0,2820.0,79901500
2015-03-16T00:00:00Z,2805.0,2865.0,2805.0,2830.0,60353500
2015-03-17T00:00:00Z,2855.0,2860.0,2820.0,2820.0,50729500
2015-03-18T00:00:00Z,2820.0,2850.0,2820.0,2845.0,52346500
2015-03-19T00:00:00Z,2860.0,2870.0,2835.0,2850.0,58573500
2015-03-20T00:00:00Z,2835.0,2895.0,2835.0,2865.0,104343000
2015-03-23T00:00:00Z,2880.0,2910.0,2880.0,2890.0,44297500
2015-03-24T00:00:00Z,2910.0,2935.0,2900.0,2910.0,64996000
2015-03-25T00:00:00Z,2910.0,2950.0,2900.0,2925.0,36811000
2015-03-26T00:00:00Z,2900.0,2945.0,2895.0,2905.0,71972500
2015-03-27T00:00:00Z,2895.0,2905.0,2875.0,2890.0,69993000
2015-03-30T00:00:00Z,2890.0,2930.0,2890.0,2900.0,50985500
2015-03-31T00:00:00Z,2960.0,2965.0,2935.0,2965.0,85598000
2015-04-01T00:00:00Z,2975.0,2985.0,2955.0,2965.0,42093500
2015-04-02T00:00:00Z,2985.0,2985.0,2945.0,2960.0,42424000
2015-04-06T00:00:00Z,2960.0,3090.0,2955.0,3035.0,71232500
2015-04-07T00:00:00Z,3095.0,3120.0,3055.0,3060.0,58844000
2015-04-08T00:00:00Z,3015.0,3030.0,2980.0,3005.0,86916000
2015-04-09T00:00:00Z,3015.0,3040.0,2990.0,3015.0,68708000
2015-04-10T00:00:00Z,3040.0,3045.0,2990.0,3010.0,56706000
2015-04-13T00:00:00Z,3005.0,3015.0,2995.0,3005.0,41635500
2015-04-14T00:00:00Z,3000.0,3025.0,2985.0,2990.0,80112500
2015-04-15T00:00:00Z,2980.0,2990.0,2930.0,2950.0,108377000
2015-04-16T00:00:00Z,2960.0,2985.0,2935.0,2980.0,93601500
2015-04-17T00:00:00Z,2980.0,2980.0,2950.0,2950.0,129331500
2015-04-20T00:00:00Z,2940.0,2980.0,2925.0,2940.0,57051500
2015-04-21T00:00:00Z,2945.0,3000.0,2940.0,2980.0,101934500
2015-04-22T00:00:00Z,2990.0,2990.0,2965.0,2975.0,80424500
2015-04-23T00:00:00Z,2990.0,3000.0,2975.0,2980.0,45916500
2015-04-24T00:00:00Z,2980.0,3000.0,2970.0,2980.0,51549000
2015-04-27T00:00:00Z,2960.0,2970.0,2805.0,2840.0,214693500
2015-04-28T00:00:00Z,2820.0,2840.0,2780.0,2810.0,145994000
2015-04-29T00:00:00Z,2800.0,2800.0,2640.0,2700.0,289103500
2015-04-30T00:00:00Z,2660.0,2740.0,2580.0,2695.0,201869500
2015-05-04T00:00:00Z,2695.0,2770.0,2690.0,2745.0,87705000
2015-05-05T00:00:00Z,2750.0,2785.0,2735.0,2770.0,90141500
2015-05-06T00:00:00Z,2750.0,2755.0,2715.0,2740.0,150119000
2015-05-07T00:00:00Z,2720.0,2755.0,2715.0,2740.0,55087000
2015-05-08T00:00:00Z,2750.0,2775.0,2735.0,2755.0,56698000
2015-05-11T00:00:00Z,2760.0,2765.0,2725.0,2740.0,67537000
2015-05-12T00:00:00Z,2725.0,2765.0,2720.0,2745.0,54424500
2015-05-13T00:00:00Z,2730.0,2760.0,2730.0,2745.0,68930000
2015-05-15T00:00:00Z,2745.0,2755.0,2680.0,2705.0,102469000
2015-05-18T00:00:00Z,2720.0,2725.0,2705.0,2720.0,43827000
2015-05-19T00:00:00Z,2725.0,2770.0,2710.0,2730.0,52107000
2015-05-20T00:00:00Z,2755.0,2805.0,2740.0,2775.0,58482500
2015-05-21T00:00:00Z,2790.0,2875.0,2780.0,2825.0,63650000
2015-05-22T00:00:00Z,2850.0,2900.0,2820.0,2870.0,63902500
2015-05-25T00:00:00Z,2870.0,2875.0,2850.0,2860.0,39425000
2015-05-26T00:00:00Z,2840.0,2900.0,2830.0,2870.0,117738500
2015-05-27T00:00:00Z,2870.0,2880.0,2850.0,2850.0,79384000
2015-05-28T00:00:00Z,2820.0,2850.0,2810.0,2830.0,36940000
2015-05-29T00:00:00Z,2845.0,2860.0,2815.0,2825.0,111287500
2015-06-01T00:00:00Z,2800.0,2825.0,2790.0,2825.0,24317000
2015-06-03T00:00:00Z,2800.0,2805.0,2695.0,2720.0,159175000
2015-06-04T00:00:00Z,2700.0,2750.0,2700.0,2725.0,58319500
2015-06-05T00:00:00Z,2690.0,2740.0,2690.0,2730.0,48272000
2015-06-08T00:00:00Z,2700.0,2720.0,2680.0,2715.0,86888000
2015-06-09T00:00:00Z,2680.0,2705.0,2610.0,2660.0,131941500
2015-06-10T00:00:00Z,2660.0,2720.0,2610.0,2665.0,82218000
2015-06-11T00:00:00Z,2680.0,2695.0,2630.0,2670.0,64210500
2015-06-12T00:00:00Z,2635.0,2660.0,2625.0,2650.0,77427500
2015-06-15T00:00:00Z,2660.0,2665.0,2645.0,2660.0,44849000
2015-06-16T00:00:00Z,2655.0,2695.0,2630.0,2670.0,67394000
2015-06-17T00:00:00Z,2700.0,2765.0,2690.0,2745.0,69230000
2015-06-18T00:00:00Z,2740.0,2740.0,2700.0,2725.0,29546500
2015-06-19T00:00:00Z,2725.0,2765.0,2725.0,2740.0,70895500
2015-06-22T00:00:00Z,2740.0,2760.0,2730.0,2745.0,36878000
2015-06-23T00:00:00Z,2745.0,2750.0,2735.0,2735.0,41165500
2015-06-24T00:00:00Z,2730.0,2755.0,2725.0,2725.0,58809500
2015-06-25T00:00:00Z,2725.0,2740.0,2670.0,2695.0,82101000
2015-06-26T00:00:00Z,2690.0,2750.0,2660.0,2710.0,65003500
2015-06-29T00:00:00Z,2680.0,2710.0,2665.0,2700.0,50187000
2015-06-30T00:00:00Z,2725.0,2750.0,2700.0,2700.0,69145000
2015-07-01T00:00:00Z,2720.0,2730.0,2700.0,2700.0,35987500
2015-07-02T00:00:00Z,2695.0,2745.0,2670.0,2720.0,54548500
2015-07-03T00:00:00Z,2700.0,2730.0,2700.0,2725.0,22845500
2015-07-06T00:00:00Z,2715.0,2730.0,2700.0,2720.0,45003000
2015-07-07T00:00:00Z,2705.0,2725.0,2640.0,2640.0,64968500
2015-07-08T00:00:00Z,2680.0,2690.0,2620.0,2665.0,74970000
2015-07-09T00:00:00Z,2630.0,2650.0,2610.0,2650.0,58611000
2015-07-10T00:00:00Z,2650.0,2680.0,2650.0,2660.0,42836500
2015-07-13T00:00:00Z,2660.0,2710.0,2660.0,2700.0,53040500
2015-07-14T00:00:00Z,2710.0,2730.0,2700.0,2720.0,41833500
2015-07-15T00:00:00Z,2695.0,2700.0,2680.0,2700.0,61445000
2015-07-22T00:00:00Z,2715.0,2715.0,2655.0,2710.0,89975500
2015-07-23T00:00:00Z,2720.0,2780.0,2705.0,2750.0,37129500
2015-07-24T00:00:00Z,2755.0,2755.0,2720.0,2745.0,19026000
2015-07-27T00:00:00Z,2700.0,2705.0,2640.0,2690.0,64015500
2015-07-28T00:00:00Z,2640.0,2645.0,2580.0,2600.0,112963500
2015-07-29T00:00:00Z,2600.0,2630.0,2530.0,2570.0,81937500
2015-07-30T00:00:00Z,2575.0,2625.0,2560.0,2560.0,46801000
2015-07-31T00:00:00Z,2590.0,2630.0,2570.0,2620.0,115876500
2015-08-03T00:00:00Z,2585.0,2650.0,2585.0,2650.0,61213000
2015-08-04T00:00:00Z,2660.0,2680.0,2625.0,2660.0,44712500
2015-08-05T00:00:00Z,2660.0,2770.0,2645.0,2740.0,73984500
2015-08-06T00:00:00Z,2740.0,2780.0,2740.0,2760.0,66426000
2015-08-07T00:00:00Z,2740.0,2760.0,2715.0,2750.0,27262000
2015-08-10T00:00:00Z,2730.0,2770.0,2715.0,2770.0,25633500
2015-08-11T00:00:00Z,2770.0,2780.0,2670.0,2710.0,52619000
2015-08-12T00:00:00Z,2640.0,2650.0,2595.0,2630.0,148795000
2015-08-13T00:00:00Z,2570.0,2645.0,2570.0,2640.0,102339000
2015-08-14T00:00:00Z,2650.0,2655.0,2635.0,2650.0,31860000
2015-08-18T00:00:00Z,2650.0,2665.0,2585.0,2595.0,102204500
2015-08-19T00:00:00Z,2570.0,2590.0,2530.0,2540.0,82035000
2015-08-20T00:00:00Z,2540.0,2540.0,2450.0,2455.0,127105500
2015-08-21T00:00:00Z,2420.0,2440.0,2370.0,2375.0,109838000
2015-08-24T00:00:00Z,2280.0,2370.0,2200.0,2260.0,173094000
2015-08-25T00:00:00Z,2300.0,2395.0,2280.0,2325.0,184156000
2015-08-26T00:00:00Z,2370.0,2380.0,2305.0,2370.0,104006500
2015-08-27T00:00:00Z,2430.0,2550.0,2430.0,2520.0,113488500
2015-08-28T00:00:00Z,2570.0,2580.0,2550.0,2570.0,108531000
2015-08-31T00:00:00Z,2570.0,2580.0,2545.0,2580.0,98327000
2015-09-01T00:00:00Z,2570.0,2570.0,2500.0,2515.0,51436500
2015-09-02T00:00:00Z,2440.0,2490.0,2440.0,2455.0,106837000
2015-09-03T00:00:00Z,2485.0,2490.0,2450.0,2460.0,44130500
2015-09-04T00:00:00Z,2455.0,2455.0,2435.0,2450.0,50424000
2015-09-07T00:00:00Z,2440.0,2440.0,2385.0,2385.0,35620000
2015-09-08T00:00:00Z,2365.0,2400.0,2350.0,2360.0,66183500
2015-09-09T00:00:00Z,2380.0,2405.0,2380.0,2385.0,53327500
2015-09-10T00:00:00Z,2370.0,2405.0,2355.0,2385.0,63130500
2015-09-11T00:00:00Z,2400.0,2400.0,2380.0,2385.0,45032500
2015-09-14T00:00:00Z,2400.0,2425.0,2385.0,2420.0,35836000
2015-09-15T00:00:00Z,2400.0,2420.0,2365.0,2390.0,38335000
2015-09-16T00:00:00Z,2380.0,2385.0,2360.0,2370.0,66782000
2015-09-17T00:00:00Z,2390.0,2445.0,2385.0,2445.0,57698000
2015-09-18T00:00:00Z,2420.0,2455.0,2410.0,2455.0,99438000
2015-09-21T00:00:00Z,2420.0,2445.0,2405.0,2435.0,47211000
2015-09-22T00:00:00Z,2410.0,2440.0,2410.0,2430.0,58871000
2015-09-23T00:00:00Z,2385.0,2400.0,2370.0,2375.0,90731500
2015-09-25T00:00:00Z,2385.0,2395.0,2345.0,2360.0,71245500
2015-09-28T00:00:00Z,2350.0,2350.0,2290.0,2295.0,49442500
2015-09-29T00:00:00Z,2275.0,2395.0,2260.0,2380.0,68056000
2015-09-30T00:00:00Z,2400.0,2490.0,2380.0,2455.0,91292000
2015-10-01T00:00:00Z,2460.0,2500.0,2400.0,2400.0,49868500
2015-10-02T00:00:00Z,2400.0,2470.0,2375.0,2375.0,43348000
2015-10-05T00:00:00Z,2460.0,2560.0,2435.0,2510.0,110755500
2015-10-06T00:00:00Z,2520.0,2615.0,2520.0,2590.0,141434500
2015-10-07T00:00:00Z,2600.0,2640.0,2590.0,2600.0,121875500
2015-10-08T00:00:00Z,2620.0,2670.0,2605.0,2620.0,80631000
2015-10-09T00:00:00Z,2665.0,2685.0,2640.0,2640.0,148204000
2015-10-12T00:00:00Z,2650.0,2720.0,2650.0,2675.0,154913500
2015-10-13T00:00:00Z,2680.0,2680.0,2585.0,2590.0,86162000
2015-10-15T00:00:00Z,2600.0,2630.0,2585.0,2595.0,112243500
2015-10-16T00:00:00Z,2600.0,2600.0,2550.0,2560.0,80741500
2015-10-19T00:00:00Z,2560.0,2655.0,2560.0,2625.0,75688000
2015-10-20T00:00:00Z,2655.0,2660.0,2630.0,2640.0,76519500
2015-10-21T00:00:00Z,2660.0,2700.0,2660.0,2665.0,48500500
2015-10-22T00:00:00Z,2690.0,2700.0,2670.0,2680.0,41297500
2015-10-23T00:00:00Z,2755.0,2755.0,2685.0,2695.0,54593500
2015-10-26T00:00:00Z,2730.0,2745.0,2715.0,2730.0,72511000
2015-10-27T00:00:00Z,2710.0,2740.0,2690.0,2730.0,41899000
2015-10-28T00:00:00Z,2685.0,2745.0,2685.0,2715.0,51959500
2015-10-29T00:00:00Z,2725.0,2745.0,2600.0,2630.0,73029000
2015-10-30T00:00:00Z,2650.0,2650.0,2580.0,2580.0,66730000
2015-11-02T00:00:00Z,2560.0,2580.0,2535.0,2555.0,85304000
2015-11-03T00:00:00Z,2580.0,2645.0,2580.0,2630.0,61280000
2015-11-04T00:00:00Z,2650.0,2725.0,2650.0,2685.0,81950500
2015-11-05T00:00:00Z,2700.0,2745.0,2665.0,2710.0,58454500
2015-11-06T00:00:00Z,2750.0,2750.0,2690.0,2710.0,28853500
2015-11-09T00:00:00Z,2700.0,2700.0,2605.0,2625.0,37358000
2015-11-10T00:00:00Z,2600.0,2650.0,2585.0,2585.0,68137000
2015-11-11T00:00:00Z,2590.0,2625.0,2585.0,2595.0,43298000
2015-11-12T00:00:00Z,2595.0,2660.0,2595.0,2595.0,26996500
2015-11-13T00:00:00Z,2580.0,2605.0,2580.0,2585.0,39106500
2015-11-16T00:00:00Z,2570.0,2580.0,2530.0,2580.0,36399000
2015-11-17T00:00:00Z,2620.0,2660.0,2620.0,2625.0,77918000
2015-11-18T00:00:00Z,2625.0,2665.0,2610.0,2615.0,34843500
2015-11-19T00:00:00Z,2620.0,2645.0,2590.0,2590.0,85414000
2015-11-20T00:00:00Z,2590.0,2640.0,2580.0,2630.0,51167500
2015-11-23T00:00:00Z,2650.0,2665.0,2635.0,2660.0,52341000
2015-11-24T00:00:00Z,2650.0,2715.0,2650.0,2695.0,94665500
2015-11-25T00:00:00Z,2695.0,2725.0,2690.0,2700.0,51458500
2015-11-26T00:00:00Z,2720.0,2745.0,2700.0,2705.0,84898500
2015-11-27T00:00:00Z,2720.0,2720.0,2620.0,2630.0,23257500
2015-11-30T00:00:00Z,2620.0,2625.0,2475.0,2475.0,356188000
2015-12-01T00:00:00Z,2540.0,2665.0,2540.0,2650.0,144760000
2015-12-02T00:00:00Z,2655.0,2690.0,2620.0,2660.0,69710500
2015-12-03T00:00:00Z,2640.0,2670.0,2625.0,2660.0,38554500
2015-12-04T00:00:00Z,2660.0,2660.0,2620.0,2625.0,45929500
2015-12-07T00:00:00Z,2640.0,2670.0,2635.0,2645.0,49197000
2015-12-08T00:00:00Z,2615.0,2670.0,2600.0,2605.0,52757500
2015-12-10T00:00:00Z,2580.0,2700.0,2580.0,2700.0,76059500
2015-12-11T00:00:00Z,2690.0,2690.0,2605.0,2640.0,59727500
2015-12-14T00:00:00Z,2600.0,2640.0,2590.0,2640.0,47580500
2015-12-15T00:00:00Z,2610.0,2640.0,2610.0,2620.0,47291500
2015-12-16T00:00:00Z,2675.0,2710.0,2655.0,2695.0,70100000
2015-12-17T00:00:00Z,2760.0,2760.0,2715.0,2720.0,114667500
2015-12-18T00:00:00Z,2690.0,2700.0,2645.0,2645.0,90887000
2015-12-21T00:00:00Z,2630.0,2675.0,2630.0,2635.0,34568000
2015-12-22T00:00:00Z,2640.0,2660.0,2635.0,2640.0,61600500
2015-12-23T00:00:00Z,2630.0,2660.0,2625.0,2635.0,45442000
2015-12-28T00:00:00Z,2620.0,2680.0,2620.0,2665.0,65440500
2015-12-29T00:00:00Z,2640.0,2680.0,2640.0,2650.0,57153500
2015-12-30T00:00:00Z,2650.0,2740.0,2650.0,2660.0,72863000
2016-01-04T00:00:00Z,2635.0,2685.0,2630.0,2645.0,77479500
2016-01-05T00:00:00Z,2640.0,2710.0,2640.0,2675.0,96609000
2016-01-06T00:00:00Z,2665.0,2700.0,2640.0,2640.0,105370000
2016-01-07T00:00:00Z,2620.0,2630.0,2600.0,2600.0,146746500
2016-01-08T00:00:00Z,2590.0,2620.0,2590.0,2600.0,125820000
2016-01-11T00:00:00Z,2590.0,2595.0,2550.0,2550.0,75952000
2016-01-12T00:00:00Z,2580.0,2645.0,2580.0,2620.0,86093500
2016-01-13T00:00:00Z,2645.0,2660.0,2630.0,2635.0,76587000
2016-01-14T00:00:00Z,2600.0,2630.0,2595.0,2605.0,119213500
2016-01-15T00:00:00Z,2620.0,2630.0,2600.0,2600.0,68326000
2016-01-18T00:00:00Z,2570.0,2620.0,2565.0,2595.0,81317000
2016-01-19T00:00:00Z,2610.0,2620.0,2590.0,2615.0,54711000
2016-01-20T00:00:00Z,2600.0,2615.0,2595.0,2605.0,75676000
2016-01-21T00:00:00Z,2610.0,2610.0,2590.0,2590.0,76938000
2016-01-22T00:00:00Z,2610.0,2620.0,2590.0,2600.0,71511000
2016-01-25T00:00:00Z,2640.0,2645.0,2605.0,2625.0,56835500
2016-01-26T00:00:00Z,2610.0,2630.0,2595.0,2600.0,57143000
2016-01-27T00:00:00Z,2620.0,2640.0,2615.0,2620.0,122278500
2016-01-28T00:00:00Z,2620.0,2655.0,2620.0,2630.0,126774000
2016-01-29T00:00:00Z,2640.0,2645.0,2595.0,2620.0,175698000
2016-02-01T00:00:00Z,2620.0,2645.0,2595.0,2645.0,89371000
2016-02-02T00:00:00Z,2645.0,2645.0,2615.0,2620.0,96631000
2016-02-03T00:00:00Z,2600.0,2620.0,2595.0,2610.0,65229000
2016-02-04T00:00:00Z,2600.0,2650.0,2600.0,2630.0,82874000
2016-02-05T00:00:00Z,2620.0,2715.0,2620.0,2685.0,265133500
2016-02-09T00:00:00Z,2680.0,2685.0,2640.0,2660.0,54516500
2016-02-10T00:00:00Z,2650.0,2680.0,2650.0,2655.0,69001500
2016-02-11T00:00:00Z,2640.0,2710.0,2640.0,2670.0,159586000
2016-02-12T00:00:00Z,2675.0,2710.0,2650.0,2655.0,121062500
2016-02-15T00:00:00Z,2680.0,2690.0,2665.0,2670.0,64452500
2016-02-16T00:00:00Z,2665.0,2705.0,2665.0,2680.0,100538500
2016-02-17T00:00:00Z,2680.0,2695.0,2670.0,2680.0,76406500
2016-02-18T00:00:00Z,2700.0,2715.0,2680.0,2680.0,146528500
2016-02-19T00:00:00Z,2660.0,2660.0,2585.0,2610.0,147712000
2016-02-22T00:00:00Z,2605.0,2650.0,2600.0,2635.0,55658000
2016-02-23T00:00:00Z,2640.0,2655.0,2605.0,2620.0,92492000
2016-02-24T00:00:00Z,2605.0,2630.0,2575.0,2605.0,84799500
2016-02-25T00:00:00Z,2620.0,2640.0,2605.0,2615.0,74008000
2016-02-26T00:00:00Z,2630.0,2700.0,2630.0,2670.0,141175000
2016-02-29T00:00:00Z,2700.0,2705.0,2675.0,2695.0,138837000
2016-03-01T00:00:00Z,2695.0,2710.0,2670.0,2680.0,79590500
2016-03-02T00:00:00Z,2705.0,2710.0,2665.0,2690.0,126069500
2016-03-03T00:00:00Z,2685.0,2710.0,2685.0,2705.0,115057500
2016-03-04T00:00:00Z,2720.0,2740.0,2705.0,2715.0,102347000
2016-03-07T00:00:00Z,2720.0,2730.0,2700.0,2715.0,105623000
2016-03-08T00:00:00Z,2700.0,2715.0,2640.0,2680.0,110122000
2016-03-10T00:00:00Z,2665.0,2690.0,2630.0,2680.0,109073500
2016-03-15T00:00:00Z,2715.0,2720.0,2700.0,2715.0,70072000
2016-03-16T00:00:00Z,2720.0,2725.0,2705.0,2720.0,72058000
2016-03-17T00:00:00Z,2735.0,2770.0,2725.0,2745.0,125371000
2016-03-18T00:00:00Z,2730.0,2785.0,2710.0,2740.0,120955000
2016-03-21T00:00:00Z,2740.0,2780.0,2730.0,2755.0,46224000
2016-03-22T00:00:00Z,2750.0,2750.0,2715.0,2730.0,47434000
2016-03-23T00:00:00Z,2730.0,2730.0,2685.0,2700.0,52128000
2016-03-24T00:00:00Z,2680.0,2690.0,2650.0,2665.0,73214500
2016-03-28T00:00:00Z,2665.0,2665.0,2610.0,2635.0,59829500
2016-03-29T00:00:00Z,2635.0,2645.0,2615.0,2615.0,88822500
2016-03-30T00:00:00Z,2625.0,2690.0,2625.0,2625.0,137086000
2016-03-31T00:00:00Z,2655.0,2665.0,2635.0,2660.0,107951000
2016-04-01T00:00:00Z,2660.0,2665.0,2640.0,2660.0,73802500
2016-04-04T00:00:00Z,2685.0,2685.0,2660.0,2665.0,49630500
2016-04-05T00:00:00Z,2665.0,2690.0,2660.0,2665.0,83700500
2016-04-06T00:00:00Z,2660.0,2685.0,2610.0,2610.0,89264000
2016-04-07T00:00:00Z,2640.0,2650.0,2620.0,2620.0,101318500
2016-04-08T00:00:00Z,2620.0,2640.0,2615.0,2615.0,70473500
2016-04-12T00:00:00Z,2600.0,2625.0,2595.0,2610.0,56727000
2016-04-20T00:00:00Z,2605.0,2630.0,2600.0,2620.0,69313000
2016-04-21T00:00:00Z,2620.0,2625.0,2600.0,2620.0,62586000
2016-04-22T00:00:00Z,2620.0,2630.0,2610.0,2625.0,39264000
2016-04-25T00:00:00Z,2620.0,2625.0,2585.0,2620.0,62079000
2016-04-26T00:00:00Z,2610.0,2610.0,2555.0,2590.0,129737500
2016-04-27T00:00:00Z,2590.0,2610.0,2585.0,2610.0,64185500
2016-04-28T00:00:00Z,2625.0,2635.0,2600.0,2605.0,68854000
2016-04-29T00:00:00Z,2605.0,2625.0,2600.0,2610.0,61001500
2016-05-02T00:00:00Z,2620.0,2625.0,2595.0,2620.0,26048000
2016-05-03T00:00:00Z,2625.0,2635.0,2605.0,2610.0,82224500
2016-05-04T00:00:00Z,2610.0,2620.0,2605.0,2620.0,75545000
2016-05-09T00:00:00Z,2620.0,2640.0,2610.0,2625.0,91446000
2016-05-10T00:00:00Z,2610.0,2660.0,2610.0,2635.0,158328000
2016-05-11T00:00:00Z,2630.0,2660.0,2620.0,2630.0,91480000
2016-05-12T00:00:00Z,2620.0,2640.0,2620.0,2630.0,43259500
2016-05-13T00:00:00Z,2600.0,2640.0,2600.0,2630.0,75686000
2016-05-16T00:00:00Z,2620.0,2620.0,2590.0,2605.0,84077000
2016-05-17T00:00:00Z,2605.0,2610.0,2580.0,2600.0,64829000
2016-05-18T00:00:00Z,2580.0,2610.0,2580.0,2605.0,66771000
2016-05-19T00:00:00Z,2600.0,2605.0,2590.0,2595.0,105881500
2016-05-20T00:00:00Z,2590.0,2605.0,2590.0,2605.0,68004000
2016-05-23T00:00:00Z,2600.0,2620.0,2585.0,2620.0,31748500
2016-05-24T00:00:00Z,2610.0,2615.0,2595.0,2595.0,69157000
2016-05-25T00:00:00Z,2600.0,2605.0,2575.0,2600.0,84150500
2016-05-26T00:00:00Z,2615.0,2615.0,2580.0,2605.0,42055000
2016-05-27T00:00:00Z,2600.0,2605.0,2580.0,2600.0,80811500
2016-05-30T00:00:00Z,2605.0,2660.0,2595.0,2640.0,99330000
2016-05-31T00:00:00Z,2660.0,2660.0,2600.0,2600.0,160724000
2016-06-01T00:00:00Z,2620.0,2635.0,2610.0,2635.0,82418000
2016-06-02T00:00:00Z,2620.0,2640.0,2615.0,2630.0,88747000
2016-06-03T00:00:00Z,2610.0,2630.0,2605.0,2625.0,53839500
2016-06-06T00:00:00Z,2625.0,2640.0,2615.0,2625.0,105900000
2016-06-07T00:00:00Z,2630.0,2630.0,2615.0,2620.0,87665500
2016-06-08T00:00:00Z,2615.0,2625.0,2600.0,2620.0,89579500
2016-06-09T00:00:00Z,2605.0,2610.0,2590.0,2600.0,67474500
2016-06-10T00:00:00Z,2595.0,2600.0,2580.0,2585.0,77928000
2016-06-13T00:00:00Z,2570.0,2590.0,2550.0,2555.0,75798500
2016-06-14T00:00:00Z,2540.0,2570.0,2535.0,2570.0,78620500
2016-06-15T00:00:00Z,2570.0,2590.0,2560.0,2585.0,35512500
2016-06-16T00:00:00Z,2590.0,2605.0,2585.0,2600.0,49661000
2016-06-17T00:00:00Z,2600.0,2605.0,2570.0,2580.0,60702000
2016-06-20T00:00:00Z,2580.0,2590.0,2545.0,2565.0,46267000
2016-06-21T00:00:00Z,2565.0,2580.0,2545.0,2565.0,89712000
2016-06-22T00:00:00Z,2565.0,2615.0,2565.0,2580.0,60166000
2016-06-23T00:00:00Z,2580.0,2605.0,2570.0,2590.0,30252000
2016-06-24T00:00:00Z,2575.0,2590.0,2525.0,2555.0,86883500
2016-06-27T00:00:00Z,2530.0,2565.0,2530.0,2560.0,44316000
2016-06-28T00:00:00Z,2565.0,2625.0,2565.0,2605.0,121856000
2016-06-29T00:00:00Z,2630.0,2660.0,2630.0,2660.0,200147000
2016-06-30T00:00:00Z,2680.0,2690.0,2655.0,2665.0,186770500
2016-07-01T00:00:00Z,2675.0,2695.0,2640.0,2645.0,126695500
2016-07-11T00:00:00Z,2670.0,2720.0,2650.0,2700.0,197073000
2016-07-12T00:00:00Z,2720.0,2775.0,2710.0,2750.0,190642000
2016-07-13T00:00:00Z,2760.0,2765.0,2750.0,2760.0,138530500
2016-07-14T00:00:00Z,2780.0,2790.0,2765.0,2770.0,148394000
2016-07-15T00:00:00Z,2765.0,2805.0,2765.0,2800.0,195893000
2016-07-18T00:00:00Z,2780.0,2800.0,2765.0,2790.0,116023000
2016-07-19T00:00:00Z,2800.0,2865.0,2800.0,2860.0,195665500
2016-07-20T00:00:00Z,2870.0,2895.0,2865.0,2890.0,142149000
2016-07-21T00:00:00Z,2905.0,2935.0,2900.0,2910.0,202871500
2016-07-22T00:00:00Z,2900.0,2920.0,2850.0,2905.0,111507000
2016-07-25T00:00:00Z,2905.0,2915.0,2875.0,2900.0,111434500
2016-07-26T00:00:00Z,2905.0,2905.0,2840.0,2870.0,138118000
2016-07-27T00:00:00Z,2885.0,2930.0,2880.0,2910.0,208198500
2016-07-28T00:00:00Z,2900.0,2900.0,2860.0,2885.0,94670000
2016-07-29T00:00:00Z,2900.0,2925.0,2890.0,2890.0,115674000
2016-08-01T00:00:00Z,2875.0,2995.0,2875.0,2975.0,221091000
2016-08-02T00:00:00Z,2975.0,3000.0,2965.0,3000.0,158875000
2016-08-03T00:00:00Z,3000.0,3010.0,2985.0,2995.0,115363500
2016-08-04T00:00:00Z,3000.0,3015.0,2995.0,3000.0,131859500
2016-08-05T00:00:00Z,3010.0,3050.0,3000.0,3020.0,175943500
2016-08-08T00:00:00Z,3030.0,3060.0,2995.0,3020.0,79174000
2016-08-09T00:00:00Z,3020.0,3020.0,2990.0,3000.0,96702000
2016-08-10T00:00:00Z,3000.0,3000.0,2970.0,2990.0,64883500
2016-08-11T00:00:00Z,3020.0,3020.0,2980.0,2990.0,107876500
2016-08-12T00:00:00Z,3005.0,3045.0,2990.0,3000.0,131484500
2016-08-15T00:00:00Z,3030.0,3045.0,3000.0,3010.0,104034500
2016-08-16T00:00:00Z,3040.0,3040.0,3020.0,3025.0,60200500
2016-08-18T00:00:00Z,3025.0,3060.0,3025.0,3040.0,186254500
2016-08-19T00:00:00Z,3080.0,3090.0,3050.0,3060.0,169403500
2016-08-22T00:00:00Z,3080.0,3080.0,3055.0,3060.0,110468500
2016-08-23T00:00:00Z,3100.0,3100.0,3020.0,3055.0,76704500
2016-08-24T00:00:00Z,3060.0,3070.0,3055.0,3060.0,111416000
2016-08-25T00:00:00Z,3070.0,3070.0,2995.0,3050.0,71705000
2016-08-26T00:00:00Z,3050.0,3050.0,3030.0,3040.0,48785500
2016-08-29T00:00:00Z,3045.0,3045.0,2990.0,3005.0,40904000
2016-08-30T00:00:00Z,3005.0,3005.0,2990.0,3000.0,70749500
2016-08-31T00:00:00Z,2970.0,3035.0,2970.0,3010.0,169155000
2016-09-01T00:00:00Z,2970.0,3015.0,2970.0,3000.0,56229500
2016-09-02T00:00:00Z,3010.0,3060.0,2995.0,3000.0,63478000
2016-09-05T00:00:00Z,3055.0,3055.0,2995.0,3000.0,74444000
2016-09-06T00:00:00Z,3010.0,3020.0,2990.0,3005.0,70876500
2016-09-07T00:00:00Z,3060.0,3060.0,3020.0,3040.0,137103000
2016-09-08T00:00:00Z,3060.0,3060.0,3030.0,3035.0,88467500
2016-09-09T00:00:00Z,3035.0,3035.0,2995.0,3010.0,86764000
2016-09-13T00:00:00Z,3010.0,3020.0,2970.0,3005.0,108835000
2016-09-14T00:00:00Z,2990.0,3000.0,2960.0,2995.0,92904000
2016-09-15T00:00:00Z,3040.0,3060.0,2995.0,3020.0,159713000
2016-09-16T00:00:00Z,3020.0,3045.0,3000.0,3020.0,151477000
2016-09-19T00:00:00Z,3050.0,3055.0,3020.0,3050.0,70684000
2016-09-20T00:00:00Z,3040.0,3055.0,3020.0,3020.0,74726500
2016-09-21T00:00:00Z,3020.0,3045.0,3015.0,3035.0,93367000
2016-09-22T00:00:00Z,3070.0,3120.0,3065.0,3070.0,112772500
2016-09-23T00:00:00Z,3095.0,3120.0,3075.0,3095.0,111259000
2016-09-26T00:00:00Z,3095.0,3095.0,3050.0,3070.0,56087500
2016-09-27T00:00:00Z,3020.0,3200.0,3000.0,3200.0,121486000
2016-09-28T00:00:00Z,3115.0,3135.0,3080.0,3085.0,104262000
2016-09-29T00:00:00Z,3100.0,3180.0,3100.0,3145.0,131983000
2016-09-30T00:00:00Z,3195.0,3200.0,3100.0,3140.0,146694500
2016-10-03T00:00:00Z,3190.0,3240.0,3190.0,3195.0,78715000
2016-10-04T00:00:00Z,3240.0,3240.0,3180.0,3190.0,81285000
2016-10-05T00:00:00Z,3150.0,3200.0,3150.0,3160.0,63367500
2016-10-06T00:00:00Z,3200.0,3210.0,3150.0,3155.0,58324500
2016-10-07T00:00:00Z,3200.0,3200.0,3150.0,3160.0,46006500
2016-10-10T00:00:00Z,3140.0,3185.0,3130.0,3140.0,24959000
2016-10-11T00:00:00Z,3185.0,3185.0,3145.0,3160.0,72176500
2016-10-12T00:00:00Z,3160.0,3170.0,3075.0,3120.0,78936000
2016-10-13T00:00:00Z,3120.0,3135.0,3070.0,3090.0,57745000
2016-10-14T00:00:00Z,3095.0,3210.0,3075.0,3160.0,107271500
2016-10-17T00:00:00Z,3160.0,3185.0,3160.0,3180.0,114630500
2016-10-18T00:00:00Z,3200.0,3215.0,3190.0,3210.0,160526000
2016-10-19T00:00:00Z,3195.0,3230.0,3165.0,3195.0,43748000
2016-10-20T00:00:00Z,3170.0,3190.0,3150.0,3150.0,38996000
2016-10-21T00:00:00Z,3170.0,3170.0,3155.0,3160.0,52681000
2016-10-24T00:00:00Z,3175.0,3175.0,3110.0,3135.0,64539500
2016-10-25T00:00:00Z,3125.0,3140.0,3095.0,3100.0,105666000
2016-10-26T00:00:00Z,3120.0,3120.0,3095.0,3100.0,61653500
2016-10-27T00:00:00Z,3100.0,3115.0,3095.0,3105.0,79667000
2016-10-28T00:00:00Z,3105.0,3120.0,3085.0,3120.0,72105000
2016-10-31T00:00:00Z,3100.0,3120.0,3085.0,3105.0,65543500
2016-11-01T00:00:00Z,3100.0,3130.0,3090.0,3090.0,77657500
2016-11-02T00:00:00Z,3090.0,3105.0,3065.0,3095.0,101446000
2016-11-03T00:00:00Z,3100.0,3100.0,3060.0,3085.0,68455000
2016-11-04T00:00:00Z,3070.0,3100.0,3060.0,3100.0,62182500
2016-11-07T00:00:00Z,3050.0,3105.0,3020.0,3080.0,110497000
2016-11-08T00:00:00Z,3080.0,3120.0,3080.0,3100.0,106514500
2016-11-09T00:00:00Z,3100.0,3115.0,3050.0,3060.0,126875000
2016-11-10T00:00:00Z,3060.0,3085.0,3045.0,3045.0,69882500
2016-11-11T00:00:00Z,3000.0,3000.0,2900.0,2935.0,222566500
2016-11-14T00:00:00Z,2880.0,2880.0,2790.0,2875.0,156689000
2016-11-15T00:00:00Z,2860.0,2975.0,2820.0,2910.0,135474500
2016-11-16T00:00:00Z,2915.0,2985.0,2915.0,2945.0,129035500
2016-11-17T00:00:00Z,2950.0,2970.0,2940.0,2950.0,120499000
2016-11-18T00:00:00Z,2940.0,2950.0,2925.0,2945.0,80701500
2016-11-21T00:00:00Z,2940.0,2955.0,2925.0,2945.0,87375000
2016-11-22T00:00:00Z,2900.0,2945.0,2900.0,2930.0,129317000
2016-11-23T00:00:00Z,2930.0,2950.0,2925.0,2940.0,51143500
2016-11-24T00:00:00Z,2900.0,2940.0,2880.0,2910.0,83313000
2016-11-25T00:00:00Z,2900.0,2910.0,2890.0,2905.0,71262500
2016-11-28T00:00:00Z,2890.0,2905.0,2865.0,2875.0,75786000
2016-11-29T00:00:00Z,2865.0,2885.0,2825.0,2870.0,101969000
2016-11-30T00:00:00Z,2870.0,2880.0,2855.0,2860.0,163078500
2016-12-01T00:00:00Z,2860.0,2915.0,2855.0,2900.0,107127500
2016-12-02T00:00:00Z,2930.0,3025.0,2915.0,2935.0,137411500
2016-12-05T00:00:00Z,2935.0,2965.0,2900.0,2930.0,64879000
2016-12-06T00:00:00Z,2940.0,2950.0,2920.0,2935.0,59009500
2016-12-07T00:00:00Z,2940.0,2945.0,2920.0,2930.0,69524500
2016-12-08T00:00:00Z,2900.0,2975.0,2900.0,2940.0,121795500
2016-12-09T00:00:00Z,2960.0,2960.0,2930.0,2940.0,86596000
2016-12-13T00:00:00Z,2935.0,2955.0,2900.0,2940.0,121360000
2016-12-14T00:00:00Z,2940.0,3000.0,2940.0,2950.0,128356000
2016-12-15T00:00:00Z,2945.0,2965.0,2940.0,2955.0,125417000
2016-12-16T00:00:00Z,2940.0,3000.0,2930.0,2960.0,105628500
2016-12-19T00:00:00Z,2900.0,2965.0,2900.0,2945.0,53658000
2016-12-20T00:00:00Z,2910.0,2960.0,2910.0,2955.0,37145000
2016-12-21T00:00:00Z,2960.0,2960.0,2925.0,2935.0,97165000
2016-12-22T00:00:00Z,2900.0,2915.0,2880.0,2910.0,75773000
2016-12-23T00:00:00Z,2880.0,2920.0,2855.0,2890.0,73656500
2016-12-27T00:00:00Z,2860.0,2970.0,2825.0,2960.0,41749000
2016-12-28T00:00:00Z,2980.0,3005.0,2945.0,2945.0,70098000
2016-12-29T00:00:00Z,2960.0,3085.0,2945.0,3070.0,122316500
2016-12-30T00:00:00Z,3070.0,3110.0,3065.0,3100.0,235500500
2017-01-03T00:00:00Z,3100.0,3155.0,3045.0,3155.0,46748000
2017-01-04T00:00:00Z,3170.0,3175.0,3130.0,3140.0,85216500
2017-01-05T00:00:00Z,3140.0,3155.0,3125.0,3135.0,97909000
2017-01-06T00:00:00Z,3090.0,3140.0,3090.0,3120.0,36603000
2017-01-09T00:00:00Z,3110.0,3120.0,3030.0,3070.0,88087500
2017-01-10T00:00:00Z,3090.0,3100.0,3065.0,3080.0,52004500
2017-01-11T00:00:00Z,3110.0,3115.0,3060.0,3060.0,43772500
2017-01-12T00:00:00Z,3060.0,3090.0,3055.0,3065.0,30781000
2017-01-13T00:00:00Z,3040.0,3115.0,3040.0,3055.0,69512500
2017-01-16T00:00:00Z,3040.0,3050.0,3000.0,3035.0,62039500
2017-01-17T00:00:00Z,3035.0,3050.0,3030.0,3035.0,22368500
2017-01-18T00:00:00Z,3055.0,3060.0,3030.0,3060.0,93410500
2017-01-19T00:00:00Z,3070.0,3080.0,3050.0,3075.0,34360500
2017-01-20T00:00:00Z,3050.0,3055.0,3010.0,3050.0,44242500
2017-01-23T00:00:00Z,3040.0,3060.0,3010.0,3010.0,21962000
2017-01-24T00:00:00Z,3040.0,3050.0,3010.0,3010.0,36251000
2017-01-25T00:00:00Z,3055.0,3055.0,2990.0,2990.0,33161500
2017-01-26T00:00:00Z,3000.0,3085.0,3000.0,3060.0,53606000
2017-01-27T00:00:00Z,3030.0,3110.0,3030.0,3080.0,37555500
2017-01-30T00:00:00Z,3115.0,3115.0,3065.0,3090.0,33673000
2017-01-31T00:00:00Z,3060.0,3110.0,3050.0,3060.0,36946500
2017-02-01T00:00:00Z,3100.0,3100.0,3085.0,3085.0,43359000
2017-02-02T00:00:00Z,3065.0,3095.0,3055.0,3090.0,61584000
2017-02-03T00:00:00Z,3090.0,3100.0,3085.0,3095.0,44754000
2017-02-06T00:00:00Z,3115.0,3135.0,3100.0,3120.0,63275000
2017-02-07T00:00:00Z,3085.0,3125.0,3085.0,3125.0,47873500
2017-02-08T00:00:00Z,3125.0,3130.0,3105.0,3120.0,73968000
2017-02-09T00:00:00Z,3120.0,3130.0,3120.0,3125.0,134806500
2017-02-10T00:00:00Z,3125.0,3140.0,3000.0,3000.0,82921000
2017-02-13T00:00:00Z,3100.0,3130.0,3070.0,3105.0,98775500
2017-02-14T00:00:00Z,3090.0,3110.0,3075.0,3100.0,68492000
2017-02-16T00:00:00Z,3120.0,3120.0,3075.0,3100.0,109934500
2017-02-17T00:00:00Z,3090.0,3115.0,3070.0,3095.0,54111500
2017-02-20T00:00:00Z,3120.0,3120.0,3080.0,3090.0,49225000
2017-02-21T00:00:00Z,3080.0,3105.0,3080.0,3100.0,47016500
2017-02-22T00:00:00Z,3080.0,3115.0,3080.0,3100.0,47767500
2017-02-23T00:00:00Z,3080.0,3115.0,3080.0,3100.0,81655500
2017-02-24T00:00:00Z,3105.0,3120.0,3100.0,3100.0,33280500
2017-02-27T00:00:00Z,3100.0,3105.0,3080.0,3100.0,28618000
2017-02-28T00:00:00Z,3100.0,3110.0,3080.0,3090.0,110184500
2017-03-01T00:00:00Z,3080.0,3105.0,3080.0,3100.0,102209000
2017-03-02T00:00:00Z,3130.0,3135.0,3095.0,3100.0,78309500
2017-03-03T00:00:00Z,3090.0,3110.0,3085.0,3095.0,88454000
2017-03-06T00:00:00Z,3080.0,3095.0,3070.0,3095.0,44661500
2017-03-07T00:00:00Z,3080.0,3100.0,3080.0,3090.0,52582000
2017-03-08T00:00:00Z,3100.0,3105.0,3090.0,3100.0,87391500
2017-03-09T00:00:00Z,3125.0,3140.0,3100.0,3125.0,47322000
2017-03-10T00:00:00Z,3140.0,3140.0,3095.0,3125.0,34386000
2017-03-13T00:00:00Z,3120.0,3130.0,3095.0,3110.0,24933000
2017-03-14T00:00:00Z,3140.0,3180.0,3130.0,3135.0,62225000
2017-03-15T00:00:00Z,3155.0,3155.0,3105.0,3130.0,70286000
2017-03-16T00:00:00Z,3180.0,3200.0,3160.0,3175.0,186021500
2017-03-17T00:00:00Z,3200.0,3240.0,3175.0,3190.0,223808500
2017-03-20T00:00:00Z,3220.0,3245.0,3190.0,3215.0,191276500
2017-03-21T00:00:00Z,3245.0,3255.0,3230.0,3250.0,133231500
2017-03-22T00:00:00Z,3210.0,3270.0,3210.0,3265.0,178821000
2017-03-23T00:00:00Z,3280.0,3350.0,3275.0,3320.0,195774000
2017-03-24T00:00:00Z,3360.0,3360.0,3290.0,3310.0,86403000
2017-03-27T00:00:00Z,3310.0,3325.0,3300.0,3310.0,74524000
2017-03-29T00:00:00Z,3335.0,3365.0,3325.0,3340.0,112645500
2017-03-30T00:00:00Z,3365.0,3375.0,3340.0,3365.0,96488000
2017-03-31T00:00:00Z,3365.0,3400.0,3310.0,3310.0,81642500
2017-04-03T00:00:00Z,3315.0,3390.0,3315.0,3315.0,186889000
2017-04-04T00:00:00Z,3350.0,3380.0,3330.0,3350.0,74096500
2017-04-06T00:00:00Z,3440.0,3475.0,3440.0,3465.0,117034500
2017-04-07T00:00:00Z,3495.0,3495.0,3440.0,3470.0,133337000
2017-04-10T00:00:00Z,3525.0,3550.0,3450.0,3470.0,79805500
2017-04-11T00:00:00Z,3500.0,3520.0,3450.0,3490.0,88702000
2017-04-12T00:00:00Z,3490.0,3540.0,3485.0,3530.0,56825500
2017-04-13T00:00:00Z,3540.0,3540.0,3440.0,3470.0,52786000
2017-04-17T00:00:00Z,3470.0,3470.0,3340.0,3385.0,93984000
2017-04-18T00:00:00Z,3395.0,3410.0,3370.0,3385.0,102219500
2017-04-20T00:00:00Z,3440.0,3530.0,3425.0,3465.0,146846500
2017-04-21T00:00:00Z,3415.0,3500.0,3405.0,3495.0,86655500
2017-04-25T00:00:00Z,3530.0,3530.0,3460.0,3480.0,111180500
2017-04-26T00:00:00Z,3530.0,3600.0,3460.0,3600.0,82166000
2017-04-27T00:00:00Z,3480.0,3525.0,3480.0,3505.0,68316500
2017-04-28T00:00:00Z,3505.0,3555.0,3505.0,3550.0,68971000
2017-05-02T00:00:00Z,3550.0,3590.0,3550.0,3580.0,138473000
2017-05-03T00:00:00Z,3560.0,3570.0,3550.0,3550.0,43521500
2017-05-04T00:00:00Z,3560.0,3600.0,3555.0,3565.0,123050500
2017-05-05T00:00:00Z,3550.0,3565.0,3515.0,3555.0,33583500
2017-05-08T00:00:00Z,3575.0,3630.0,3565.0,3590.0,64042500
2017-05-09T00:00:00Z,3660.0,3670.0,3570.0,3600.0,50148500
2017-05-10T00:00:00Z,3550.0,3615.0,3550.0,3585.0,78922000
2017-05-12T00:00:00Z,3705.0,3710.0,3570.0,3600.0,141996500
2017-05-15T00:00:00Z,3600.0,3650.0,3600.0,3650.0,41290500
2017-05-16T00:00:00Z,3580.0,3590.0,3445.0,3480.0,237774500
2017-05-17T00:00:00Z,3480.0,3485.0,3385.0,3390.0,166786000
2017-05-18T00:00:00Z,3360.0,3490.0,3360.0,3480.0,203136500
2017-05-19T00:00:00Z,3480.0,3615.0,3420.0,3580.0,182948000
2017-05-22T00:00:00Z,3630.0,3650.0,3485.0,3530.0,81751500
2017-05-23T00:00:00Z,3530.0,3550.0,3465.0,3540.0,87609500
2017-05-24T00:00:00Z,3490.0,3495.0,3475.0,3495.0,97663500
2017-05-26T00:00:00Z,3500.0,3545.0,3490.0,3515.0,126066500
2017-05-29T00:00:00Z,3535.0,3590.0,3505.0,3555.0,103340500
2017-05-30T00:00:00Z,3540.0,3560.0,3520.0,3520.0,56862000
2017-05-31T00:00:00Z,3520.0,3530.0,3430.0,3430.0,1062861500
2017-06-02T00:00:00Z,3485.0,3530.0,3465.0,3510.0,241656500
2017-06-05T00:00:00Z,3560.0,3565.0,3495.0,3545.0,102575000
2017-06-06T00:00:00Z,3500.0,3535.0,3500.0,3510.0,87003500
2017-06-07T00:00:00Z,3530.0,3570.0,3520.0,3560.0,74324000
2017-06-08T00:00:00Z,3570.0,3610.0,3570.0,3585.0,92743000
2017-06-09T00:00:00Z,3620.0,3620.0,3505.0,3540.0,101066500
2017-06-12T00:00:00Z,3540.0,3580.0,3520.0,3550.0,38489500
2017-06-13T00:00:00Z,3550.0,3590.0,3545.0,3575.0,49797000
2017-06-14T00:00:00Z,3540.0,3595.0,3540.0,3595.0,79121500
2017-06-15T00:00:00Z,3600.0,3620.0,3575.0,3610.0,116159000
2017-06-16T00:00:00Z,3630.0,3630.0,3560.0,3560.0,607322000
2017-06-19T00:00:00Z,3600.0,3610.0,3575.0,3585.0,56511500
2017-06-20T00:00:00Z,3585.0,3635.0,3585.0,3620.0,87824500
2017-06-21T00:00:00Z,3620.0,3645.0,3610.0,3640.0,68809000
2017-06-22T00:00:00Z,3650.0,3665.0,3595.0,3630.0,82107500
2017-07-03T00:00:00Z,3680.0,3700.0,3615.0,3700.0,213038500
2017-07-04T00:00:00Z,3700.0,3745.0,3685.0,3710.0,64599000
2017-07-05T00:00:00Z,3710.0,3735.0,3660.0,3670.0,56981000
2017-07-06T00:00:00Z,3640.0,3670.0,3620.0,3645.0,89306500
2017-07-07T00:00:00Z,3670.0,3710.0,3665.0,3700.0,82260000
2017-07-10T00:00:00Z,3700.0,3730.0,3650.0,3660.0,40506000
2017-07-11T00:00:00Z,3665.0,3690.0,3650.0,3665.0,61603500
2017-07-12T00:00:00Z,3640.0,3695.0,3620.0,3685.0,89196500
2017-07-13T00:00:00Z,3700.0,3705.0,3655.0,3700.0,64456000
2017-07-14T00:00:00Z,3710.0,3710.0,3660.0,3680.0,41700000
2017-07-17T00:00:00Z,3650.0,3680.0,3650.0,3660.0,61702000
2017-07-18T00:00:00Z,3640.0,3670.0,3635.0,3670.0,39056500
2017-07-19T00:00:00Z,3670.0,3695.0,3660.0,3695.0,45057500
2017-07-20T00:00:00Z,3695.0,3700.0,3670.0,3690.0,59790000
2017-07-21T00:00:00Z,3690.0,3695.0,3645.0,3645.0,25438500
2017-07-24T00:00:00Z,3670.0,3725.0,3640.0,3715.0,91781000
2017-07-25T00:00:00Z,3730.0,3735.0,3680.0,3715.0,64479500
2017-07-26T00:00:00Z,3730.0,3780.0,3710.0,3755.0,118081000
2017-07-27T00:00:00Z,3755.0,3770.0,3740.0,3760.0,63409500
2017-07-28T00:00:00Z,3800.0,3800.0,3740.0,3760.0,84735000
2017-07-31T00:00:00Z,3720.0,3765.0,3715.0,3740.0,65311000
2017-08-01T00:00:00Z,3775.0,3795.0,3745.0,3785.0,88810000
2017-08-02T00:00:00Z,3785.0,3795.0,3765.0,3785.0,62681500
2017-08-03T00:00:00Z,3810.0,3810.0,3710.0,3750.0,43917500
2017-08-04T00:00:00Z,3750.0,3750.0,3710.0,3715.0,70007000
2017-08-07T00:00:00Z,3750.0,3750.0,3715.0,3725.0,57609000
2017-08-08T00:00:00Z,3740.0,3810.0,3740.0,3800.0,58013000
2017-08-09T00:00:00Z,3805.0,3805.0,3750.0,3795.0,62335500
2017-08-10T00:00:00Z,3810.0,3810.0,3745.0,3765.0,38466500
2017-08-11T00:00:00Z,3745.0,3765.0,3715.0,3735.0,68837000
2017-08-14T00:00:00Z,3735.0,3765.0,3730.0,3750.0,32254000
2017-08-15T00:00:00Z,3740.0,3760.0,3700.0,3735.0,42814000
2017-08-16T00:00:00Z,3745.0,3785.0,3730.0,3780.0,54188500
2017-08-18T00:00:00Z,3750.0,3780.0,3725.0,3740.0,54443500
2017-08-21T00:00:00Z,3760.0,3765.0,3740.0,3760.0,20734000
2017-08-22T00:00:00Z,3760.0,3775.0,3760.0,3760.0,35817000
2017-08-23T00:00:00Z,3780.0,3830.0,3770.0,3830.0,48576500
2017-08-24T00:00:00Z,3830.0,3830.0,3775.0,3790.0,57641000
2017-08-25T00:00:00Z,3820.0,3840.0,3795.0,3820.0,43855500
2017-08-28T00:00:00Z,3780.0,3820.0,3775.0,3815.0,28840500
2017-08-29T00:00:00Z,3810.0,3815.0,3780.0,3815.0,32155000
2017-08-30T00:00:00Z,3840.0,3840.0,3785.0,3820.0,42254000
2017-08-31T00:00:00Z,3790.0,3840.0,3790.0,3790.0,65610500
2017-09-04T00:00:00Z,3795.0,3800.0,3740.0,3775.0,37213500
2017-09-05T00:00:00Z,3800.0,3800.0,3735.0,3800.0,73701500
2017-09-06T00:00:00Z,3800.0,3805.0,3760.0,3780.0,59771000
2017-09-07T00:00:00Z,3820.0,3820.0,3750.0,3790.0,44964000
2017-09-08T00:00:00Z,3745.0,3805.0,3740.0,3770.0,51583000
2017-09-11T00:00:00Z,3795.0,3805.0,3780.0,3780.0,36496500
2017-09-12T00:00:00Z,3790.0,3820.0,3785.0,3805.0,52225000
2017-09-13T00:00:00Z,3770.0,3825.0,3770.0,3810.0,29835000
2017-09-14T00:00:00Z,3825.0,3830.0,3810.0,3820.0,37754000
2017-09-15T00:00:00Z,3800.0,3805.0,3765.0,3775.0,163473500
2017-09-18T00:00:00Z,3800.0,3800.0,3765.0,3795.0,30903500
2017-09-19T00:00:00Z,3770.0,3835.0,3765.0,3815.0,59579500
2017-09-20T00:00:00Z,3820.0,3820.0,3795.0,3810.0,76382000
2017-09-22T00:00:00Z,3820.0,3995.0,3805.0,3975.0,125871000
2017-09-25T00:00:00Z,3950.0,3960.0,3925.0,3935.0,97549500
2017-09-26T00:00:00Z,3935.0,3955.0,3920.0,3930.0,99934500
2017-09-27T00:00:00Z,3960.0,3960.0,3930.0,3950.0,122173500
2017-09-28T00:00:00Z,3965.0,3970.0,3930.0,3965.0,101703500
2017-09-29T00:00:00Z,3995.0,4075.0,3965.0,4060.0,188602500
2017-10-02T00:00:00Z,4110.0,4120.0,4045.0,4065.0,52865500
2017-10-03T00:00:00Z,4065.0,4100.0,4040.0,4070.0,48209500
2017-10-04T00:00:00Z,4110.0,4110.0,4055.0,4065.0,101610500
2017-10-05T00:00:00Z,4065.0,4065.0,4015.0,4055.0,120569000
2017-10-06T00:00:00Z,4050.0,4105.0,4020.0,4090.0,100290500
2017-10-09T00:00:00Z,4060.0,4080.0,4050.0,4070.0,65156500
2017-10-10T00:00:00Z,4040.0,4080.0,4040.0,4075.0,55606000
2017-10-11T00:00:00Z,4040.0,4085.0,4040.0,4075.0,67298000
2017-10-12T00:00:00Z,4075.0,4165.0,4075.0,4160.0,103676500
2017-10-13T00:00:00Z,4160.0,4190.0,4110.0,4135.0,55690000
2017-10-16T00:00:00Z,4160.0,4210.0,4135.0,4145.0,54328000
2017-10-17T00:00:00Z,4150.0,4150.0,4010.0,4100.0,115934500
2017-10-18T00:00:00Z,4140.0,4140.0,4015.0,4040.0,124576000
2017-10-19T00:00:00Z,4040.0,4070.0,4030.0,4065.0,68639000
2017-10-20T00:00:00Z,4100.0,4190.0,4070.0,4070.0,60758000
2017-10-23T00:00:00Z,4130.0,4275.0,4130.0,4200.0,62843500
2017-10-24T00:00:00Z,4200.0,4250.0,4120.0,4120.0,65380000
2017-10-25T00:00:00Z,4120.0,4210.0,4080.0,4210.0,69421500
2017-10-26T00:00:00Z,4160.0,4200.0,4120.0,4155.0,41336000
2017-10-27T00:00:00Z,4150.0,4150.0,4040.0,4060.0,101701000
2017-10-30T00:00:00Z,4065.0,4095.0,4060.0,4085.0,55210500
2017-10-31T00:00:00Z,4165.0,4185.0,4105.0,4180.0,78009000
2017-11-01T00:00:00Z,4200.0,4275.0,4200.0,4265.0,103776500
2017-11-02T00:00:00Z,4300.0,4325.0,4280.0,4295.0,95839000
2017-11-03T00:00:00Z,4300.0,4300.0,4140.0,4205.0,70070000
2017-11-06T00:00:00Z,4240.0,4240.0,4200.0,4200.0,38234000
2017-11-07T00:00:00Z,4170.0,4215.0,4150.0,4210.0,49234500
2017-11-08T00:00:00Z,4180.0,4225.0,4160.0,4160.0,61518000
2017-11-09T00:00:00Z,4190.0,4210.0,4155.0,4160.0,51541000
2017-11-10T00:00:00Z,4160.0,4180.0,4120.0,4130.0,79178500
2017-11-13T00:00:00Z,4105.0,4140.0,4080.0,4095.0,56963000
2017-11-14T00:00:00Z,4100.0,4110.0,4085.0,4095.0,54986000
2017-11-15T00:00:00Z,4120.0,4230.0,4100.0,4205.0,94253500
2017-11-16T00:00:00Z,4240.0,4240.0,4190.0,4205.0,61512500
2017-11-17T00:00:00Z,4230.0,4240.0,4165.0,4235.0,126881500
2017-11-20T00:00:00Z,4235.0,4255.0,4205.0,4205.0,90902500
2017-11-21T00:00:00Z,4245.0,4245.0,4175.0,4225.0,63695000
2017-11-22T00:00:00Z,4200.0,4245.0,4200.0,4235.0,86719000
2017-11-23T00:00:00Z,4250.0,4250.0,4170.0,4200.0,66003500
2017-11-24T00:00:00Z,4175.0,4210.0,4155.0,4200.0,60888000
2017-11-27T00:00:00Z,4165.0,4260.0,4165.0,4260.0,78146500
2017-11-28T00:00:00Z,4260.0,4260.0,4210.0,4260.0,77432000
2017-11-29T00:00:00Z,4260.0,4265.0,4185.0,4235.0,103370500
2017-11-30T00:00:00Z,4260.0,4260.0,4070.0,4070.0,205897500
2017-12-04T00:00:00Z,4165.0,4230.0,4130.0,4160.0,128402500
2017-12-05T00:00:00Z,4210.0,4225.0,4180.0,4200.0,62670500
2017-12-06T00:00:00Z,4230.0,4275.0,4200.0,4260.0,106299500
2017-12-07T00:00:00Z,4260.0,4260.0,4175.0,4195.0,69664000
2017-12-08T00:00:00Z,4220.0,4245.0,4205.0,4225.0,40480000
2017-12-11T00:00:00Z,4250.0,4250.0,4200.0,4215.0,32973500
2017-12-12T00:00:00Z,4235.0,4250.0,4170.0,4250.0,67854000
2017-12-13T00:00:00Z,4235.0,4235.0,4185.0,4185.0,61131000
2017-12-14T00:00:00Z,4185.0,4230.0,4175.0,4220.0,75550000
2017-12-15T00:00:00Z,4180.0,4220.0,4180.0,4220.0,64630500
2017-12-18T00:00:00Z,4180.0,4220.0,4170.0,4220.0,76474000
2017-12-19T00:00:00Z,4190.0,4250.0,4190.0,4220.0,76553500
2017-12-20T00:00:00Z,4210.0,4210.0,4175.0,4185.0,102963500
2017-12-21T00:00:00Z,4190.0,4230.0,4190.0,4220.0,61100000
2017-12-22T00:00:00Z,4235.0,4335.0,4195.0,4300.0,94573000
2017-12-27T00:00:00Z,4300.0,4340.0,4280.0,4305.0,86689000
2017-12-28T00:00:00Z,4300.0,4400.0,4295.0,4385.0,106501000
2017-12-29T00:00:00Z,4410.0,4550.0,4330.0,4380.0,81347000
2018-01-02T00:00:00Z,4380.0,4505.0,4365.0,4380.0,82303500
2018-01-03T00:00:00Z,4385.0,4390.0,4265.0,4380.0,68214000
2018-01-04T00:00:00Z,4380.0,4445.0,4380.0,4445.0,76567000
2018-01-05T00:00:00Z,4460.0,4480.0,4435.0,4450.0,65268000
2018-01-08T00:00:00Z,4450.0,4515.0,4445.0,4470.0,57928000
2018-01-09T00:00:00Z,4500.0,4510.0,4490.0,4505.0,61213000
2018-01-10T00:00:00Z,4505.0,4545.0,4465.0,4490.0,47292000
2018-01-11T00:00:00Z,4490.0,4540.0,4460.0,4540.0,57569000
2018-01-12T00:00:00Z,4540.0,4545.0,4465.0,4485.0,66590500
2018-01-15T00:00:00Z,4490.0,4500.0,4460.0,4495.0,41875000
2018-01-16T00:00:00Z,4490.0,4535.0,4490.0,4520.0,50055000
2018-01-17T00:00:00Z,4540.0,4540.0,4430.0,4430.0,183003000
2018-01-18T00:00:00Z,4450.0,4520.0,4450.0,4515.0,84980500
2018-01-19T00:00:00Z,4525.0,4530.0,4480.0,4490.0,50450500
2018-01-22T00:00:00Z,4510.0,4515.0,4485.0,4495.0,81367500
2018-01-23T00:00:00Z,4530.0,4540.0,4505.0,4530.0,68752000
2018-01-24T00:00:00Z,4525.0,4525.0,4500.0,4515.0,94254500
2018-01-25T00:00:00Z,4510.0,4530.0,4490.0,4515.0,53653500
2018-01-26T00:00:00Z,4525.0,4570.0,4505.0,4540.0,58121000
2018-01-29T00:00:00Z,4560.0,4565.0,4510.0,4560.0,114814500
2018-01-30T00:00:00Z,4540.0,4690.0,4530.0,4560.0,114055000
2018-01-31T00:00:00Z,4560.0,4580.0,4540.0,4545.0,106803000
2018-02-01T00:00:00Z,4570.0,4685.0,4570.0,4675.0,138208000
2018-02-02T00:00:00Z,4725.0,4940.0,4720.0,4795.0,98474000
2018-02-05T00:00:00Z,4750.0,4805.0,4700.0,4760.0,49501500
2018-02-06T00:00:00Z,4690.0,4735.0,4660.0,4705.0,117589500
2018-02-07T00:00:00Z,4730.0,4795.0,4695.0,4700.0,121947000
2018-02-08T00:00:00Z,4710.0,4760.0,4700.0,4740.0,68461000
2018-02-09T00:00:00Z,4680.0,4745.0,4670.0,4715.0,71076500
2018-02-12T00:00:00Z,4760.0,4760.0,4700.0,4700.0,38409500
2018-02-13T00:00:00Z,4760.0,4785.0,4750.0,4760.0,59406000
2018-02-14T00:00:00Z,4745.0,4775.0,4710.0,4740.0,75553000
2018-02-15T00:00:00Z,4780.0,4785.0,4690.0,4690.0,52958500
2018-02-19T00:00:00Z,4735.0,4850.0,4730.0,4850.0,50185500
2018-02-20T00:00:00Z,4820.0,4840.0,4775.0,4805.0,34830000
2018-02-21T00:00:00Z,4790.0,4835.0,4745.0,4805.0,62499000
2018-02-22T00:00:00Z,4820.0,4835.0,4750.0,4780.0,47217000
2018-02-23T00:00:00Z,4805.0,4895.0,4790.0,4850.0,82233000
2018-02-26T00:00:00Z,4830.0,4845.0,4700.0,4705.0,85227500
2018-02-27T00:00:00Z,4745.0,4755.0,4660.0,4710.0,87429500
2018-02-28T00:00:00Z,4680.0,4690.0,4615.0,4635.0,132869000
2018-03-01T00:00:00Z,4620.0,4645.0,4620.0,4635.0,125474500
2018-03-02T00:00:00Z,4615.0,4625.0,4550.0,4575.0,151511000
2018-03-05T00:00:00Z,4630.0,4660.0,4575.0,4575.0,87744000
2018-03-06T00:00:00Z,4635.0,4640.0,4545.0,4555.0,75907000
2018-03-07T00:00:00Z,4620.0,4630.0,4505.0,4520.0,106152000
2018-03-08T00:00:00Z,4600.0,4680.0,4550.0,4660.0,102994500
2018-03-09T00:00:00Z,4660.0,4660.0,4595.0,4660.0,66797000
2018-03-12T00:00:00Z,4680.0,4730.0,4670.0,4725.0,111180500
2018-03-13T00:00:00Z,4720.0,4740.0,4655.0,4690.0,80643000
2018-03-14T00:00:00Z,4695.0,4720.0,4645.0,4680.0,54505500
2018-03-15T00:00:00Z,4680.0,4685.0,4650.0,4675.0,60774500
2018-03-16T00:00:00Z,4730.0,4735.0,4600.0,4670.0,193122000
2018-03-19T00:00:00Z,4660.0,4675.0,4640.0,4670.0,74200000
2018-03-20T00:00:00Z,4655.0,4660.0,4600.0,4655.0,89683500
2018-03-21T00:00:00Z,4670.0,4705.0,4655.0,4675.0,67617500
2018-03-22T00:00:00Z,4695.0,4700.0,4670.0,4690.0,60791500
2018-03-23T00:00:00Z,4600.0,4760.0,4600.0,4760.0,62978000
2018-03-26T00:00:00Z,4680.0,4690.0,4640.0,4655.0,100407000
2018-03-27T00:00:00Z,4730.0,4755.0,4685.0,4690.0,66088000
2018-03-28T00:00:00Z,4690.0,4690.0,4630.0,4665.0,36212500
2018-03-29T00:00:00Z,4630.0,4665.0,4565.0,4660.0,77650500
2018-04-02T00:00:00Z,4690.0,4695.0,4620.0,4680.0,37162500
2018-04-03T00:00:00Z,4675.0,4700.0,4665.0,4680.0,56261000
2018-04-04T00:00:00Z,4700.0,4700.0,4605.0,4660.0,49877000
2018-04-05T00:00:00Z,4700.0,4700.0,4610.0,4610.0,22521500
2018-04-06T00:00:00Z,4625.0,4625.0,4520.0,4545.0,47941500
2018-04-09T00:00:00Z,4570.0,4580.0,4515.0,4555.0,51013000
2018-04-10T00:00:00Z,4575.0,4690.0,4560.0,4660.0,79533500
2018-04-11T00:00:00Z,4700.0,4730.0,4660.0,4665.0,41891500
2018-04-12T00:00:00Z,4665.0,4665.0,4610.0,4630.0,45957000
2018-04-13T00:00:00Z,4620.0,4630.0,4580.0,4580.0,70179500
2018-04-18T00:00:00Z,4565.0,4595.0,4545.0,4595.0,43716000
2018-04-23T00:00:00Z,4640.0,4640.0,4585.0,4600.0,46236000
2018-04-24T00:00:00Z,4620.0,4625.0,4575.0,4585.0,72223500
2018-04-30T00:00:00Z,4300.0,4480.0,4290.0,4420.0,90414000
2018-05-02T00:00:00Z,4420.0,4580.0,4420.0,4580.0,82346000
2018-05-03T00:00:00Z,4560.0,4575.0,4460.0,4460.0,138704500
2018-05-04T00:00:00Z,4460.0,4465.0,4400.0,4405.0,74133500
2018-05-07T00:00:00Z,4410.0,4460.0,4360.0,4460.0,49054500
2018-05-08T00:00:00Z,4400.0,4405.0,4340.0,4405.0,70739000
2018-05-09T00:00:00Z,4305.0,4580.0,4305.0,4580.0,72094000
2018-05-11T00:00:00Z,4550.0,4610.0,4510.0,4550.0,80000500
2018-05-14T00:00:00Z,4490.0,4595.0,4465.0,4595.0,57370500
2018-05-15T00:00:00Z,4535.0,4540.0,4400.0,4440.0,130583000
2018-05-16T00:00:00Z,4380.0,4480.0,4380.0,4475.0,87185000
2018-05-17T00:00:00Z,4440.0,4455.0,4400.0,4400.0,84030500
2018-05-18T00:00:00Z,4400.0,4405.0,4340.0,4340.0,88681000
2018-05-21T00:00:00Z,4310.0,4345.0,4295.0,4330.0,82237000
2018-05-22T00:00:00Z,4390.0,4420.0,4340.0,4400.0,62761000
2018-05-23T00:00:00Z,4420.0,4470.0,4400.0,4400.0,79515500
2018-05-24T00:00:00Z,4460.0,4525.0,4455.0,4490.0,77697000
2018-05-25T00:00:00Z,4485.0,4535.0,4475.0,4510.0,63913500
2018-05-28T00:00:00Z,4500.0,4600.0,4480.0,4570.0,64104500
2018-05-30T00:00:00Z,4570.0,4595.0,4490.0,4540.0,109761500
2018-05-31T00:00:00Z,4575.0,4590.0,4490.0,4540.0,178023000
2018-06-04T00:00:00Z,4590.0,4595.0,4560.0,4585.0,89585000
2018-06-05T00:00:00Z,4560.0,4585.0,4480.0,4545.0,77233000
2018-06-06T00:00:00Z,4545.0,4630.0,4525.0,4605.0,57913500
2018-06-07T00:00:00Z,4630.0,4630.0,4580.0,4595.0,40681500
2018-06-08T00:00:00Z,4570.0,4600.0,4420.0,4450.0,170845000
2018-06-20T00:00:00Z,4400.0,4405.0,4230.0,4300.0,253439000
2018-06-21T00:00:00Z,4325.0,4390.0,4230.0,4230.0,90593500
2018-06-22T00:00:00Z,4280.0,4385.0,4220.0,4385.0,96509500
2018-06-25T00:00:00Z,4385.0,4495.0,4365.0,4440.0,62513000
2018-06-26T00:00:00Z,4420.0,4460.0,4275.0,4275.0,54763500
2018-06-27T00:00:00Z,4280.0,4340.0,4270.0,4270.0,67309500
2018-06-28T00:00:00Z,4275.0,4275.0,4185.0,4190.0,118098500
2018-06-29T00:00:00Z,4190.0,4295.0,4165.0,4295.0,119188000
2018-07-02T00:00:00Z,4330.0,4330.0,4285.0,4290.0,59441500
2018-07-03T00:00:00Z,4320.0,4325.0,4120.0,4120.0,73038000
2018-07-04T00:00:00Z,4195.0,4280.0,4140.0,4245.0,61994500
2018-07-05T00:00:00Z,4210.0,4260.0,4200.0,4245.0,34144000
2018-07-06T00:00:00Z,4195.0,4210.0,4185.0,4185.0,37609000
2018-07-09T00:00:00Z,4240.0,4400.0,4215.0,4380.0,80049500
2018-07-10T00:00:00Z,4370.0,4400.0,4280.0,4380.0,116639500
2018-07-11T00:00:00Z,4300.0,4490.0,4300.0,4465.0,95570000
2018-07-12T00:00:00Z,4440.0,4580.0,4435.0,4565.0,79008000
2018-07-13T00:00:00Z,4600.0,4615.0,4560.0,4605.0,73936000
2018-07-16T00:00:00Z,4610.0,4625.0,4580.0,4625.0,71571000
2018-07-17T00:00:00Z,4585.0,4600.0,4505.0,4545.0,30322000
2018-07-18T00:00:00Z,4590.0,4640.0,4590.0,4640.0,80090500
2018-07-19T00:00:00Z,4620.0,4640.0,4610.0,4640.0,76925500
2018-07-20T00:00:00Z,4630.0,4630.0,4585.0,4620.0,57104000
2018-07-23T00:00:00Z,4640.0,4700.0,4620.0,4670.0,70157500
2018-07-24T00:00:00Z,4700.0,4705.0,4660.0,4705.0,88291000
2018-07-25T00:00:00Z,4705.0,4715.0,4685.0,4715.0,50131500
2018-07-26T00:00:00Z,4645.0,4725.0,4645.0,4665.0,54317500
2018-07-27T00:00:00Z,4660.0,4670.0,4625.0,4645.0,46642500
2018-07-30T00:00:00Z,4680.0,4680.0,4600.0,4655.0,40096500
2018-07-31T00:00:00Z,4640.0,4660.0,4530.0,4655.0,66803000
2018-08-01T00:00:00Z,4680.0,4695.0,4650.0,4695.0,56594000
2018-08-02T00:00:00Z,4720.0,4780.0,4690.0,4690.0,79333000
2018-08-03T00:00:00Z,4690.0,4730.0,4670.0,4690.0,41404000
2018-08-06T00:00:00Z,4680.0,4760.0,4680.0,4760.0,63000500
2018-08-07T00:00:00Z,4740.0,4775.0,4740.0,4760.0,114379000
2018-08-08T00:00:00Z,4780.0,4790.0,4710.0,4785.0,64702500
2018-08-09T00:00:00Z,4800.0,4820.0,4780.0,4820.0,65947500
2018-08-10T00:00:00Z,4800.0,4815.0,4740.0,4775.0,80348000
2018-08-13T00:00:00Z,4705.0,4710.0,4610.0,4665.0,80184000
2018-08-14T00:00:00Z,4690.0,4780.0,4605.0,4700.0,85527500
2018-08-15T00:00:00Z,4720.0,4720.0,4660.0,4690.0,57330500
2018-08-16T00:00:00Z,4690.0,4695.0,4640.0,4675.0,52903500
2018-08-20T00:00:00Z,4700.0,4780.0,4685.0,4780.0,96832000
2018-08-21T00:00:00Z,4770.0,4795.0,4770.0,4775.0,67938000
2018-08-23T00:00:00Z,4760.0,4930.0,4755.0,4915.0,145868000
2018-08-24T00:00:00Z,4920.0,5095.0,4915.0,5015.0,103975000
2018-08-27T00:00:00Z,5020.0,5070.0,4935.0,4955.0,91285000
2018-08-28T00:00:00Z,5020.0,5020.0,4910.0,4995.0,63353500
2018-08-29T00:00:00Z,4900.0,4960.0,4895.0,4960.0,87695500
2018-08-30T00:00:00Z,4995.0,5030.0,4985.0,5015.0,96273500
2018-08-31T00:00:00Z,5000.0,5010.0,4960.0,4960.0,111563000
2018-09-03T00:00:00Z,5010.0,5015.0,4920.0,4955.0,38489500
2018-09-04T00:00:00Z,4965.0,4980.0,4900.0,4950.0,42271500
2018-09-05T00:00:00Z,4900.0,4900.0,4730.0,4800.0,95608500
2018-09-06T00:00:00Z,4805.0,5040.0,4720.0,4940.0,95265000
2018-09-07T00:00:00Z,4965.0,4970.0,4875.0,4970.0,72551500
2018-09-10T00:00:00Z,4920.0,4950.0,4830.0,4950.0,66696500
2018-09-12T00:00:00Z,4950.0,4965.0,4765.0,4780.0,87900500
2018-09-13T00:00:00Z,4840.0,4875.0,4780.0,4800.0,94051000
2018-09-14T00:00:00Z,4780.0,4840.0,4740.0,4795.0,72473500
2018-09-17T00:00:00Z,4750.0,4795.0,4750.0,4785.0,39478000
2018-09-18T00:00:00Z,4740.0,4850.0,4740.0,4800.0,75119500
2018-09-19T00:00:00Z,4815.0,4845.0,4765.0,4800.0,111558500
2018-09-20T00:00:00Z,4840.0,4845.0,4780.0,4790.0,60786000
2018-09-21T00:00:00Z,4780.0,4830.0,4740.0,4740.0,152052000
2018-09-24T00:00:00Z,4780.0,4815.0,4760.0,4785.0,59902000
2018-09-25T00:00:00Z,4800.0,4800.0,4765.0,4785.0,42771000
2018-09-26T00:00:00Z,4760.0,4860.0,4760.0,4840.0,71715500
2018-09-27T00:00:00Z,4780.0,4825.0,4770.0,4800.0,71001000
2018-09-28T00:00:00Z,4780.0,4830.0,4780.0,4830.0,96975000
2018-10-01T00:00:00Z,4800.0,4840.0,4790.0,4790.0,36388000
2018-10-02T00:00:00Z,4815.0,4840.0,4750.0,4790.0,50639500
2018-10-03T00:00:00Z,4750.0,4795.0,4745.0,4785.0,33524500
2018-10-04T00:00:00Z,4785.0,4785.0,4700.0,4720.0,67869500
2018-10-05T00:00:00Z,4710.0,4710.0,4595.0,4610.0,98249500
2018-10-08T00:00:00Z,4615.0,4790.0,4615.0,4690.0,57250000
2018-10-09T00:00:00Z,4700.0,4750.0,4680.0,4750.0,36940000
2018-10-10T00:00:00Z,4780.0,4825.0,4650.0,4675.0,59394500
2018-10-11T00:00:00Z,4600.0,4660.0,4495.0,4545.0,102336000
2018-10-12T00:00:00Z,4600.0,4695.0,4600.0,4650.0,82574500
2018-10-15T00:00:00Z,4700.0,4770.0,4695.0,4770.0,65950000
2018-10-16T00:00:00Z,4770.0,4820.0,4700.0,4820.0,47449000
2018-10-17T00:00:00Z,4830.0,4835.0,4755.0,4805.0,38359000
2018-10-18T00:00:00Z,4760.0,4775.0,4720.0,4720.0,29360500
2018-10-19T00:00:00Z,4660.0,4730.0,4645.0,4675.0,45219500
2018-10-22T00:00:00Z,4675.0,4720.0,4630.0,4630.0,63484000
2018-10-23T00:00:00Z,4680.0,4685.0,4575.0,4590.0,62162500
2018-10-24T00:00:00Z,4600.0,4630.0,4530.0,4530.0,59493500
2018-10-25T00:00:00Z,4435.0,4635.0,4435.0,4580.0,87732500
2018-10-26T00:00:00Z,4620.0,4720.0,4600.0,4720.0,83994000
2018-10-29T00:00:00Z,4660.0,4710.0,4625.0,4625.0,34553000
2018-10-30T00:00:00Z,4625.0,4730.0,4620.0,4700.0,68882500
2018-10-31T00:00:00Z,4750.0,4775.0,4700.0,4730.0,128908500
2018-11-01T00:00:00Z,4770.0,4810.0,4745.0,4760.0,117906500
2018-11-02T00:00:00Z,4800.0,4835.0,4760.0,4800.0,114054500
2018-11-05T00:00:00Z,4800.0,4850.0,4790.0,4835.0,76754500
2018-11-06T00:00:00Z,4860.0,4945.0,4850.0,4880.0,94410500
2018-11-07T00:00:00Z,4920.0,4920.0,4780.0,4820.0,83875500
2018-11-08T00:00:00Z,4880.0,4900.0,4780.0,4800.0,99739000
2018-11-09T00:00:00Z,4800.0,4810.0,4785.0,4800.0,62938500
2018-11-12T00:00:00Z,4830.0,4835.0,4740.0,4740.0,65125000
2018-11-13T00:00:00Z,4740.0,4820.0,4670.0,4815.0,61231500
2018-11-14T00:00:00Z,4815.0,4850.0,4780.0,4810.0,68511500
2018-11-15T00:00:00Z,4855.0,4870.0,4790.0,4835.0,87085500
2018-11-16T00:00:00Z,4870.0,4980.0,4860.0,4965.0,134145500
2018-11-19T00:00:00Z,5000.0,5080.0,4980.0,5020.0,103822500
2018-11-21T00:00:00Z,5000.0,5010.0,4955.0,4960.0,107889000
2018-11-22T00:00:00Z,4940.0,5040.0,4940.0,5020.0,87270000
2018-11-23T00:00:00Z,5060.0,5090.0,4975.0,5020.0,57460000
2018-11-26T00:00:00Z,4960.0,5080.0,4960.0,5045.0,64336500
2018-11-27T00:00:00Z,5040.0,5100.0,5000.0,5100.0,73989000
2018-11-28T00:00:00Z,5125.0,5125.0,5080.0,5090.0,90687500
2018-11-29T00:00:00Z,5100.0,5240.0,5100.0,5240.0,113847500
2018-11-30T00:00:00Z,5240.0,5240.0,5155.0,5210.0,178034500
2018-12-03T00:00:00Z,5215.0,5395.0,5100.0,5160.0,100923000
2018-12-04T00:00:00Z,5160.0,5295.0,5155.0,5240.0,119232500
2018-12-05T00:00:00Z,5120.0,5230.0,5115.0,5230.0,74994000
2018-12-06T00:00:00Z,5170.0,5260.0,5120.0,5260.0,75450000
2018-12-07T00:00:00Z,5190.0,5210.0,5160.0,5190.0,71070000
2018-12-10T00:00:00Z,5120.0,5205.0,5120.0,5180.0,81221000
2018-12-11T00:00:00Z,5130.0,5200.0,5125.0,5160.0,93017000
2018-12-12T00:00:00Z,5190.0,5190.0,5130.0,5165.0,121623000
2018-12-13T00:00:00Z,5200.0,5205.0,5145.0,5165.0,84280500
2018-12-14T00:00:00Z,5160.0,5180.0,5140.0,5165.0,184435000
2018-12-17T00:00:00Z,5185.0,5200.0,5150.0,5165.0,101438500
2018-12-18T00:00:00Z,5100.0,5115.0,4980.0,5065.0,132039000
2018-12-19T00:00:00Z,5040.0,5230.0,5040.0,5230.0,102220500
2018-12-20T00:00:00Z,5120.0,5170.0,5070.0,5115.0,94455000
2018-12-21T00:00:00Z,5040.0,5175.0,5040.0,5170.0,89979500
2018-12-26T00:00:00Z,5170.0,5225.0,5140.0,5225.0,66511500
2018-12-27T00:00:00Z,5240.0,5255.0,5180.0,5195.0,50265500
2018-12-28T00:00:00Z,5195.0,5240.0,5180.0,5200.0,54467500
2019-01-02T00:00:00Z,5200.0,5245.0,5200.0,5240.0,35956000
2019-01-03T00:00:00Z,5200.0,5220.0,5115.0,5180.0,72358000
2019-01-04T00:00:00Z,5175.0,5205.0,5125.0,5205.0,51465000
2019-01-07T00:00:00Z,5265.0,5325.0,5245.0,5245.0,73438000
2019-01-08T00:00:00Z,5230.0,5320.0,5205.0,5240.0,66247500
2019-01-09T00:00:00Z,5300.0,5320.0,5225.0,5255.0,84871000
2019-01-10T00:00:00Z,5300.0,5300.0,5190.0,5255.0,114314500
2019-01-11T00:00:00Z,5280.0,5300.0,5235.0,5250.0,84826500
2019-01-14T00:00:00Z,5220.0,5235.0,5150.0,5200.0,87547500
2019-01-15T00:00:00Z,5230.0,5260.0,5190.0,5260.0,87763000
2019-01-16T00:00:00Z,5260.0,5285.0,5245.0,5285.0,94972500
2019-01-17T00:00:00Z,5290.0,5330.0,5285.0,5330.0,91654000
2019-01-18T00:00:00Z,5340.0,5425.0,5315.0,5425.0,100873500
2019-01-21T00:00:00Z,5425.0,5600.0,5390.0,5545.0,87118000
2019-01-22T00:00:00Z,5600.0,5620.0,5450.0,5600.0,91907000
2019-01-23T00:00:00Z,5600.0,5600.0,5475.0,5500.0,98512500
2019-01-24T00:00:00Z,5430.0,5485.0,5355.0,5460.0,106781000
2019-01-25T00:00:00Z,5400.0,5520.0,5400.0,5500.0,68944000
2019-01-28T00:00:00Z,5515.0,5515.0,5475.0,5495.0,69704000
2019-01-29T00:00:00Z,5445.0,5550.0,5440.0,5540.0,77679000
2019-01-30T00:00:00Z,5560.0,5560.0,5495.0,5520.0,76285000
2019-01-31T00:00:00Z,5520.0,5640.0,5520.0,5635.0,135904500
2019-02-01T00:00:00Z,5680.0,5750.0,5560.0,5635.0,57719500
2019-02-04T00:00:00Z,5635.0,5635.0,5500.0,5500.0,113846500
2019-02-06T00:00:00Z,5500.0,5540.0,5495.0,5535.0,121996500
2019-02-07T00:00:00Z,5535.0,5535.0,5505.0,5530.0,63697500
2019-02-08T00:00:00Z,5530.0,5535.0,5500.0,5520.0,65268500
2019-02-11T00:00:00Z,5520.0,5530.0,5460.0,5495.0,37639000
2019-02-12T00:00:00Z,5530.0,5530.0,5450.0,5460.0,95883500
2019-02-13T00:00:00Z,5460.0,5490.0,5410.0,5420.0,103115500
2019-02-14T00:00:00Z,5405.0,5405.0,5380.0,5380.0,108738500
2019-02-15T00:00:00Z,5360.0,5410.0,5335.0,5360.0,81340000
2019-02-18T00:00:00Z,5410.0,5500.0,5410.0,5480.0,62991000
2019-02-19T00:00:00Z,5420.0,5480.0,5380.0,5380.0,64469000
2019-02-20T00:00:00Z,5450.0,5595.0,5440.0,5500.0,89583000
2019-02-21T00:00:00Z,5540.0,5560.0,5470.0,5505.0,54561500
2019-02-22T00:00:00Z,5475.0,5525.0,5460.0,5490.0,48271500
2019-02-25T00:00:00Z,5490.0,5500.0,5455.0,5490.0,47887000
2019-02-26T00:00:00Z,5500.0,5555.0,5495.0,5555.0,98446000
2019-02-27T00:00:00Z,5565.0,5570.0,5545.0,5565.0,78519500
2019-02-28T00:00:00Z,5570.0,5580.0,5510.0,5515.0,99366000
2019-03-01T00:00:00Z,5565.0,5600.0,5535.0,5540.0,72589500
2019-03-04T00:00:00Z,5520.0,5540.0,5515.0,5535.0,63910500
2019-03-05T00:00:00Z,5500.0,5505.0,5440.0,5495.0,46499500
2019-03-06T00:00:00Z,5555.0,5555.0,5490.0,5490.0,37777000
2019-03-08T00:00:00Z,5545.0,5570.0,5440.0,5440.0,61126000
2019-03-11T00:00:00Z,5530.0,5530.0,5460.0,5505.0,32469000
2019-03-12T00:00:00Z,5540.0,5540.0,5450.0,5500.0,40178500
2019-03-13T00:00:00Z,5450.0,5505.0,5450.0,5500.0,17722000
2019-03-14T00:00:00Z,5450.0,5495.0,5450.0,5480.0,41096000
2019-03-15T00:00:00Z,5520.0,5545.0,5485.0,5540.0,41759500
2019-03-18T00:00:00Z,5555.0,5560.0,5535.0,5550.0,42791000
2019-03-19T00:00:00Z,5540.0,5545.0,5485.0,5490.0,51527000
2019-03-20T00:00:00Z,5540.0,5555.0,5465.0,5470.0,42388500
2019-03-21T00:00:00Z,5490.0,5520.0,5465.0,5475.0,39866000
2019-03-22T00:00:00Z,5465.0,5500.0,5465.0,5485.0,29601000
2019-03-25T00:00:00Z,5440.0,5500.0,5440.0,5455.0,23054500
2019-03-26T00:00:00Z,5480.0,5510.0,5455.0,5470.0,19895500
2019-03-27T00:00:00Z,5510.0,5510.0,5460.0,5485.0,17804500
2019-03-28T00:00:00Z,5460.0,5485.0,5425.0,5470.0,32187500
2019-03-29T00:00:00Z,5515.0,5530.0,5460.0,5510.0,36234000
2019-04-01T00:00:00Z,5550.0,5550.0,5480.0,5500.0,21786000
2019-04-02T00:00:00Z,5530.0,5570.0,5480.0,5500.0,36853000
2019-04-04T00:00:00Z,5540.0,5560.0,5490.0,5540.0,48112000
2019-04-05T00:00:00Z,5560.0,5560.0,5525.0,5530.0,21913500
2019-04-08T00:00:00Z,5505.0,5540.0,5450.0,5480.0,39910000
2019-04-09T00:00:00Z,5535.0,5550.0,5515.0,5535.0,29447000
2019-04-10T00:00:00Z,5550.0,5555.0,5515.0,5525.0,19508500
2019-04-11T00:00:00Z,5560.0,5560.0,5480.0,5480.0,25356000
2019-04-12T00:00:00Z,5460.0,5510.0,5460.0,5500.0,18577000
2019-04-15T00:00:00Z,5560.0,5570.0,5490.0,5505.0,68152000
2019-04-16T00:00:00Z,5495.0,5505.0,5475.0,5495.0,71017000
2019-04-18T00:00:00Z,5600.0,5805.0,5580.0,5625.0,129332500
2019-04-22T00:00:00Z,5625.0,5680.0,5585.0,5625.0,62837500
2019-04-23T00:00:00Z,5680.0,5710.0,5595.0,5630.0,48654000
2019-04-24T00:00:00Z,5640.0,5640.0,5600.0,5630.0,46975000
2019-04-25T00:00:00Z,5535.0,5620.0,5525.0,5595.0,61482500
2019-04-26T00:00:00Z,5585.0,5645.0,5570.0,5620.0,66204500
2019-04-29T00:00:00Z,5610.0,5695.0,5595.0,5685.0,65480500
2019-04-30T00:00:00Z,5670.0,5760.0,5670.0,5750.0,107607500
2019-05-02T00:00:00Z,5800.0,5810.0,5675.0,5685.0,80879500
2019-05-03T00:00:00Z,5680.0,5750.0,5615.0,5675.0,58244500
2019-05-06T00:00:00Z,5600.0,5660.0,5595.0,5620.0,36649500
2019-05-07T00:00:00Z,5675.0,5710.0,5650.0,5660.0,59177000
2019-05-08T00:00:00Z,5600.0,5700.0,5595.0,5700.0,59062000
2019-05-09T00:00:00Z,5700.0,5700.0,5625.0,5630.0,126636500
2019-05-10T00:00:00Z,5610.0,5680.0,5600.0,5610.0,76130500
2019-05-13T00:00:00Z,5680.0,5695.0,5600.0,5610.0,63720500
2019-05-14T00:00:00Z,5560.0,5630.0,5495.0,5495.0,114800500
2019-05-15T00:00:00Z,5555.0,5555.0,5445.0,5460.0,72065000
2019-05-16T00:00:00Z,5460.0,5480.0,5280.0,5280.0,87939000
2019-05-17T00:00:00Z,5280.0,5310.0,5180.0,5180.0,74207000
2019-05-20T00:00:00Z,5180.0,5390.0,5140.0,5380.0,54764500
2019-05-21T00:00:00Z,5470.0,5495.0,5400.0,5460.0,97371000
2019-05-22T00:00:00Z,5530.0,5530.0,5400.0,5460.0,38519000
2019-05-23T00:00:00Z,5440.0,5605.0,5340.0,5605.0,54926000
2019-05-24T00:00:00Z,5610.0,5630.0,5605.0,5610.0,37402000
2019-05-27T00:00:00Z,5535.0,5700.0,5530.0,5685.0,68564000
2019-05-28T00:00:00Z,5655.0,5770.0,5655.0,5735.0,209923000
2019-05-29T00:00:00Z,5800.0,5895.0,5730.0,5740.0,133044500
2019-05-31T00:00:00Z,5740.0,5870.0,5735.0,5820.0,96875000
2019-06-10T00:00:00Z,6000.0,6190.0,5810.0,5880.0,179238000
2019-06-11T00:00:00Z,5900.0,5960.0,5845.0,5910.0,72901000
2019-06-12T00:00:00Z,5840.0,5900.0,5820.0,5845.0,69255500
2019-06-13T00:00:00Z,5885.0,5885.0,5790.0,5805.0,78802500
2019-06-14T00:00:00Z,5845.0,5845.0,5790.0,5800.0,57220500
2019-06-17T00:00:00Z,5810.0,5840.0,5790.0,5795.0,83624000
2019-06-18T00:00:00Z,5795.0,5900.0,5795.0,5900.0,78788000
2019-06-19T00:00:00Z,5900.0,5960.0,5890.0,5940.0,66944500
2019-06-20T00:00:00Z,5900.0,5940.0,5805.0,5910.0,59504500
2019-06-21T00:00:00Z,5910.0,5935.0,5840.0,5880.0,144149000
2019-06-24T00:00:00Z,5895.0,5900.0,5865.0,5875.0,30084000
2019-06-25T00:00:00Z,5930.0,5960.0,5875.0,5910.0,40561500
2019-06-26T00:00:00Z,5940.0,5940.0,5860.0,5865.0,59334500
2019-06-27T00:00:00Z,5850.0,5935.0,5805.0,5935.0,77525000
2019-06-28T00:00:00Z,5980.0,5995.0,5960.0,5995.0,80919000
2019-07-01T00:00:00Z,5995.0,6025.0,5965.0,5990.0,56612500
2019-07-02T00:00:00Z,5990.0,6000.0,5950.0,6000.0,48563500
2019-07-03T00:00:00Z,5950.0,6000.0,5940.0,6000.0,43640000
2019-07-04T00:00:00Z,6000.0,6010.0,5965.0,5990.0,28224500
2019-07-05T00:00:00Z,6020.0,6020.0,5970.0,5970.0,32722500
2019-07-08T00:00:00Z,5935.0,5960.0,5865.0,5880.0,38361000
2019-07-09T00:00:00Z,5870.0,6000.0,5870.0,6000.0,47740500
2019-07-10T00:00:00Z,6000.0,6040.0,5995.0,6000.0,52183500
2019-07-11T00:00:00Z,6020.0,6025.0,5980.0,6025.0,34279500
2019-07-12T00:00:00Z,6000.0,6030.0,5995.0,6010.0,29838000
2019-07-15T00:00:00Z,6060.0,6115.0,6035.0,6105.0,61453500
2019-07-16T00:00:00Z,6080.0,6105.0,6070.0,6085.0,38075000
2019-07-17T00:00:00Z,6080.0,6150.0,6045.0,6150.0,45487000
2019-07-18T00:00:00Z,6100.0,6170.0,6055.0,6145.0,43625500
2019-07-19T00:00:00Z,6195.0,6210.0,6150.0,6200.0,43973500
2019-07-22T00:00:00Z,6260.0,6290.0,6200.0,6290.0,37314500
2019-07-23T00:00:00Z,6240.0,6290.0,6205.0,6235.0,39129500
2019-07-24T00:00:00Z,6260.0,6265.0,6165.0,6250.0,51343500
2019-07-25T00:00:00Z,6270.0,6275.0,6200.0,6250.0,53477500
2019-07-26T00:00:00Z,6250.0,6250.0,6190.0,6195.0,51797500
2019-07-29T00:00:00Z,6220.0,6230.0,6160.0,6190.0,68509500
2019-07-30T00:00:00Z,6205.0,6250.0,6190.0,6220.0,38225500
2019-07-31T00:00:00Z,6190.0,6240.0,6180.0,6190.0,64129000
2019-08-01T00:00:00Z,6190.0,6270.0,6185.0,6210.0,78228000
2019-08-02T00:00:00Z,6160.0,6205.0,6160.0,6165.0,62989500
2019-08-05T00:00:00Z,6215.0,6215.0,6000.0,6000.0,90924000
2019-08-06T00:00:00Z,5880.0,5955.0,5765.0,5880.0,183296000
2019-08-07T00:00:00Z,5975.0,6050.0,5905.0,6010.0,92102000
2019-08-08T00:00:00Z,6010.0,6080.0,5980.0,6005.0,58295500
2019-08-09T00:00:00Z,6055.0,6120.0,6055.0,6065.0,48118500
2019-08-12T00:00:00Z,6070.0,6080.0,6000.0,6040.0,52705000
2019-08-13T00:00:00Z,6000.0,6040.0,6000.0,6015.0,84406000
2019-08-14T00:00:00Z,6040.0,6060.0,5980.0,6010.0,81942000
2019-08-15T00:00:00Z,5920.0,6000.0,5860.0,6000.0,52561500
2019-08-16T00:00:00Z,6040.0,6040.0,5960.0,5960.0,49821500
2019-08-19T00:00:00Z,6030.0,6030.0,5965.0,6015.0,30619000
2019-08-20T00:00:00Z,6035.0,6035.0,5985.0,5985.0,58393500
2019-08-21T00:00:00Z,6000.0,6005.0,5975.0,5975.0,55927500
2019-08-22T00:00:00Z,5925.0,6000.0,5920.0,6000.0,65888000
2019-08-23T00:00:00Z,5920.0,5995.0,5905.0,5995.0,33083500
2019-08-26T00:00:00Z,5940.0,6000.0,5860.0,5990.0,41388500
2019-08-27T00:00:00Z,6040.0,6040.0,5950.0,6005.0,123780000
2019-08-28T00:00:00Z,6000.0,6020.0,5985.0,5995.0,55688000
2019-08-29T00:00:00Z,5990.0,6025.0,5985.0,6005.0,51525500
2019-08-30T00:00:00Z,6080.0,6100.0,6005.0,6100.0,73650000
2019-09-02T00:00:00Z,6100.0,6100.0,6000.0,6000.0,42429000
2019-09-03T00:00:00Z,6000.0,6055.0,6000.0,6055.0,42743500
2019-09-04T00:00:00Z,6060.0,6060.0,6005.0,6020.0,41979000
2019-09-05T00:00:00Z,6085.0,6085.0,6015.0,6040.0,53650500
2019-09-06T00:00:00Z,6060.0,6060.0,6025.0,6025.0,54349000
2019-09-09T00:00:00Z,6050.0,6055.0,5980.0,6035.0,25912000
2019-09-10T00:00:00Z,6020.0,6055.0,5985.0,6055.0,40291000
2019-09-11T00:00:00Z,6050.0,6100.0,6010.0,6100.0,45243500
2019-09-12T00:00:00Z,6100.0,6105.0,6010.0,6020.0,40034000
2019-09-13T00:00:00Z,6080.0,6090.0,6010.0,6030.0,28419500
2019-09-16T00:00:00Z,6000.0,6015.0,5985.0,6005.0,77289000
2019-09-17T00:00:00Z,5990.0,6035.0,5985.0,6030.0,92037500
2019-09-18T00:00:00Z,5990.0,6040.0,5990.0,6040.0,28667000
2019-09-19T00:00:00Z,6015.0,6045.0,6000.0,6030.0,61988500
2019-09-20T00:00:00Z,6050.0,6050.0,5990.0,5990.0,133433000
2019-09-23T00:00:00Z,6030.0,6030.0,6000.0,6025.0,47231500
2019-09-24T00:00:00Z,5980.0,6000.0,5940.0,5945.0,79718500
2019-09-25T00:00:00Z,5900.0,5935.0,5780.0,5935.0,88620000
2019-09-26T00:00:00Z,6000.0,6060.0,5970.0,6060.0,109859000
2019-09-27T00:00:00Z,6005.0,6075.0,6000.0,6070.0,48010000
2019-09-30T00:00:00Z,6070.0,6070.0,6005.0,6070.0,73391000
2019-10-01T00:00:00Z,6010.0,6065.0,6010.0,6040.0,40057000
2019-10-02T00:00:00Z,6010.0,6070.0,6010.0,6050.0,52376500
2019-10-03T00:00:00Z,6010.0,6045.0,5950.0,6040.0,50269000
2019-10-04T00:00:00Z,5980.0,6065.0,5980.0,6045.0,56890500
2019-10-07T00:00:00Z,6070.0,6080.0,6050.0,6070.0,56705500
2019-10-08T00:00:00Z,6080.0,6100.0,6015.0,6100.0,46997500
2019-10-09T00:00:00Z,6100.0,6100.0,6050.0,6070.0,41496500
2019-10-10T00:00:00Z,6020.0,6110.0,6020.0,6110.0,65806500
2019-10-11T00:00:00Z,6080.0,6155.0,6080.0,6125.0,40863500
2019-10-14T00:00:00Z,6130.0,6200.0,6130.0,6200.0,37514500
2019-10-15T00:00:00Z,6190.0,6190.0,6145.0,6175.0,40935000
2019-10-16T00:00:00Z,6200.0,6215.0,6175.0,6215.0,65776500
2019-10-17T00:00:00Z,6185.0,6210.0,6105.0,6115.0,45666500
2019-10-18T00:00:00Z,6160.0,6170.0,6140.0,6160.0,41008500
2019-10-21T00:00:00Z,6200.0,6255.0,6185.0,6220.0,59971500
2019-10-22T00:00:00Z,6270.0,6300.0,6225.0,6300.0,67259500
2019-10-23T00:00:00Z,6300.0,6305.0,6260.0,6275.0,62219000
2019-10-24T00:00:00Z,6290.0,6320.0,6270.0,6300.0,73101000
2019-10-25T00:00:00Z,6320.0,6325.0,6175.0,6200.0,61929500
2019-10-28T00:00:00Z,6200.0,6250.0,6200.0,6205.0,43249500
2019-10-29T00:00:00Z,6205.0,6240.0,6150.0,6220.0,79861500
2019-10-30T00:00:00Z,6280.0,6285.0,6200.0,6265.0,60738000
2019-10-31T00:00:00Z,6270.0,6300.0,6250.0,6290.0,58420500
2019-11-01T00:00:00Z,6300.0,6325.0,6275.0,6325.0,42080500
2019-11-04T00:00:00Z,6350.0,6380.0,6260.0,6275.0,43794500
2019-11-05T00:00:00Z,6350.0,6360.0,6270.0,6360.0,66161500
2019-11-06T00:00:00Z,6380.0,6380.0,6295.0,6295.0,63393000
2019-11-07T00:00:00Z,6335.0,6335.0,6250.0,6285.0,61972000
2019-11-08T00:00:00Z,6315.0,6315.0,6250.0,6280.0,90040500
2019-11-11T00:00:00Z,6335.0,6340.0,6265.0,6295.0,70207000
2019-11-12T00:00:00Z,6220.0,6280.0,6220.0,6265.0,47635500
2019-11-13T00:00:00Z,6265.0,6285.0,6265.0,6280.0,40083500
2019-11-14T00:00:00Z,6265.0,6280.0,6210.0,6270.0,37862000
2019-11-15T00:00:00Z,6280.0,6290.0,6255.0,6275.0,47138000
2019-11-18T00:00:00Z,6245.0,6285.0,6210.0,6280.0,65599000
2019-11-19T00:00:00Z,6330.0,6350.0,6300.0,6315.0,60115000
2019-11-20T00:00:00Z,6255.0,6350.0,6255.0,6350.0,43229500
2019-11-21T00:00:00Z,6350.0,6350.0,6300.0,6300.0,57523500
2019-11-22T00:00:00Z,6280.0,6310.0,6270.0,6305.0,56035000
2019-11-25T00:00:00Z,6330.0,6335.0,6275.0,6275.0,55133500
2019-11-26T00:00:00Z,6330.0,6330.0,6270.0,6285.0,192783500
2019-11-27T00:00:00Z,6270.0,6300.0,6240.0,6300.0,58833500
2019-11-28T00:00:00Z,6295.0,6295.0,6245.0,6250.0,44248000
2019-11-29T00:00:00Z,6230.0,6295.0,6225.0,6280.0,52954500
2019-12-02T00:00:00Z,6280.0,6425.0,6270.0,6425.0,49909000
2019-12-03T00:00:00Z,6420.0,6420.0,6345.0,6375.0,42823000
2019-12-04T00:00:00Z,6360.0,6400.0,6355.0,6365.0,37552000
2019-12-05T00:00:00Z,6360.0,6385.0,6330.0,6340.0,54168000
2019-12-06T00:00:00Z,6340.0,6395.0,6320.0,6395.0,69920500
2019-12-09T00:00:00Z,6370.0,6395.0,6360.0,6395.0,51667500
2019-12-10T00:00:00Z,6395.0,6400.0,6360.0,6365.0,57654000
2019-12-11T00:00:00Z,6365.0,6385.0,6350.0,6380.0,48469000
2019-12-12T00:00:00Z,6400.0,6405.0,6340.0,6340.0,79198500
2019-12-13T00:00:00Z,6395.0,6420.0,6350.0,6360.0,70822500
2019-12-16T00:00:00Z,6340.0,6395.0,6340.0,6360.0,78684000
2019-12-17T00:00:00Z,6395.0,6500.0,6365.0,6500.0,102914500
2019-12-18T00:00:00Z,6500.0,6800.0,6440.0,6755.0,181804000
2019-12-19T00:00:00Z,6700.0,6720.0,6590.0,6600.0,74171000
2019-12-20T00:00:00Z,6680.0,6740.0,6610.0,6660.0,99453000
2019-12-23T00:00:00Z,6680.0,6730.0,6650.0,6660.0,46558500
2019-12-26T00:00:00Z,6660.0,6725.0,6660.0,6680.0,38188500
2019-12-27T00:00:00Z,6670.0,6700.0,6670.0,6695.0,29945000
2019-12-30T00:00:00Z,6680.0,6720.0,6670.0,6685.0,61168000
2020-01-02T00:00:00Z,6695.0,6780.0,6680.0,6690.0,49445000
2020-01-03T00:00:00Z,6750.0,6800.0,6725.0,6800.0,47755500
2020-01-06T00:00:00Z,6720.0,6750.0,6690.0,6735.0,27300000
2020-01-07T00:00:00Z,6735.0,6770.0,6730.0,6740.0,45022500
2020-01-08T00:00:00Z,6670.0,6745.0,6670.0,6680.0,53692500
2020-01-09T00:00:00Z,6740.0,6755.0,6730.0,6740.0,40363500
2020-01-10T00:00:00Z,6765.0,6825.0,6710.0,6725.0,73362000
2020-01-13T00:00:00Z,6740.0,6760.0,6735.0,6745.0,67855000
2020-01-14T00:00:00Z,6745.0,6885.0,6740.0,6870.0,93582000
2020-01-15T00:00:00Z,6870.0,7060.0,6800.0,6835.0,75623500
2020-01-16T00:00:00Z,6805.0,6890.0,6795.0,6850.0,88931500
2020-01-17T00:00:00Z,6840.0,6890.0,6800.0,6875.0,38249500
2020-01-20T00:00:00Z,6950.0,6975.0,6830.0,6835.0,93554500
2020-01-21T00:00:00Z,6885.0,6895.0,6825.0,6830.0,103984500
2020-01-22T00:00:00Z,6855.0,6895.0,6835.0,6840.0,94311500
2020-01-23T00:00:00Z,6885.0,6895.0,6830.0,6840.0,87728000
2020-01-24T00:00:00Z,6820.0,6880.0,6810.0,6810.0,69653500
2020-01-27T00:00:00Z,6865.0,6940.0,6815.0,6840.0,39679000
2020-01-28T00:00:00Z,6835.0,6845.0,6755.0,6790.0,82615000
2020-01-29T00:00:00Z,6800.0,6845.0,6770.0,6785.0,43821000
2020-01-30T00:00:00Z,6845.0,6845.0,6730.0,6740.0,71990000
2020-01-31T00:00:00Z,6800.0,6805.0,6480.0,6480.0,163136500
2020-02-03T00:00:00Z,6480.0,6585.0,6370.0,6440.0,149797000
2020-02-04T00:00:00Z,6570.0,6620.0,6520.0,6600.0,113316500
2020-02-05T00:00:00Z,6780.0,6780.0,6650.0,6730.0,123002500
2020-02-06T00:00:00Z,6740.0,6780.0,6680.0,6740.0,154693500
2020-02-07T00:00:00Z,6710.0,6780.0,6705.0,6760.0,82609000
2020-02-10T00:00:00Z,6760.0,6785.0,6630.0,6785.0,66578500
2020-02-11T00:00:00Z,6785.0,6785.0,6745.0,6780.0,77526500
2020-02-12T00:00:00Z,6800.0,6800.0,6760.0,6800.0,69971500
2020-02-13T00:00:00Z,6820.0,6820.0,6740.0,6790.0,49737000
2020-02-14T00:00:00Z,6780.0,6795.0,6675.0,6680.0,147028500
2020-02-17T00:00:00Z,6680.0,6750.0,6680.0,6720.0,115319000
2020-02-18T00:00:00Z,6685.0,6720.0,6670.0,6695.0,98436500
2020-02-19T00:00:00Z,6665.0,6760.0,6665.0,6695.0,74594000
2020-02-20T00:00:00Z,6690.0,6695.0,6565.0,6595.0,136724500
2020-02-21T00:00:00Z,6600.0,6660.0,6595.0,6615.0,98261000
2020-02-24T00:00:00Z,6565.0,6600.0,6510.0,6525.0,84910000
2020-02-25T00:00:00Z,6550.0,6560.0,6510.0,6530.0,86446500
2020-02-26T00:00:00Z,6500.0,6535.0,6420.0,6420.0,92824500
2020-02-27T00:00:00Z,6470.0,6475.0,6200.0,6290.0,129254500
2020-02-28T00:00:00Z,6200.0,6290.0,6035.0,6290.0,169946500
2020-03-02T00:00:00Z,6290.0,6290.0,6035.0,6080.0,144871500
2020-03-03T00:00:00Z,6200.0,6350.0,6200.0,6320.0,114663500
2020-03-04T00:00:00Z,6315.0,6500.0,6260.0,6440.0,83025000
2020-03-05T00:00:00Z,6540.0,6540.0,6340.0,6435.0,77583000
2020-03-06T00:00:00Z,6350.0,6350.0,6200.0,6200.0,77835500
2020-03-09T00:00:00Z,6000.0,6040.0,5785.0,5785.0,140889500
2020-03-10T00:00:00Z,5840.0,6010.0,5840.0,5925.0,133667000
2020-03-11T00:00:00Z,5950.0,5980.0,5790.0,5850.0,93204500
2020-03-12T00:00:00Z,5600.0,5640.0,5460.0,5560.0,129845500
2020-03-17T00:00:00Z,5495.0,5505.0,5120.0,5120.0,212200000
2020-03-18T00:00:00Z,5120.0,5380.0,4765.0,5000.0,180053500
2020-03-19T00:00:00Z,4995.0,4995.0,4650.0,4650.0,264419000
2020-03-20T00:00:00Z,4600.0,5385.0,4325.0,4735.0,335132000
2020-03-23T00:00:00Z,4760.0,5000.0,4405.0,4430.0,217843500
2020-03-24T00:00:00Z,4450.0,4995.0,4450.0,4500.0,253971000
2020-03-26T00:00:00Z,4650.0,5395.0,4650.0,5280.0,331633000
2020-03-27T00:00:00Z,5360.0,5895.0,5355.0,5510.0,269683000
2020-03-30T00:00:00Z,5480.0,5555.0,5155.0,5495.0,159964500
2020-03-31T00:00:00Z,5660.0,5710.0,5485.0,5525.0,182638500
2020-04-01T00:00:00Z,5560.0,5750.0,5425.0,5480.0,152831500
2020-04-02T00:00:00Z,5470.0,5470.0,5360.0,5410.0,136623500
2020-04-03T00:00:00Z,5460.0,5530.0,5365.0,5495.0,110506000
2020-04-06T00:00:00Z,5520.0,5740.0,5495.0,5735.0,78184000
2020-04-07T00:00:00Z,5735.0,6100.0,5580.0,5655.0,149153500
2020-04-08T00:00:00Z,5655.0,5660.0,5480.0,5635.0,106111500
2020-04-09T00:00:00Z,5600.0,5695.0,5500.0,5595.0,89997000
2020-04-13T00:00:00Z,5540.0,5615.0,5480.0,5500.0,58043000
2020-04-14T00:00:00Z,5505.0,5590.0,5445.0,5515.0,95796000
2020-04-15T00:00:00Z,5515.0,5630.0,5445.0,5485.0,95342000
2020-04-16T00:00:00Z,5485.0,5520.0,5185.0,5240.0,176990500
2020-04-17T00:00:00Z,5300.0,5445.0,5280.0,5425.0,160935500
2020-04-20T00:00:00Z,5430.0,5500.0,5330.0,5355.0,90744000
2020-04-21T00:00:00Z,5355.0,5355.0,5160.0,5160.0,73431000
2020-04-22T00:00:00Z,5160.0,5235.0,5045.0,5145.0,107263500
2020-04-23T00:00:00Z,5180.0,5245.0,5120.0,5120.0,105419500
2020-04-24T00:00:00Z,5120.0,5140.0,4920.0,4920.0,131149500
2020-04-27T00:00:00Z,4940.0,5020.0,4855.0,4960.0,151103500
2020-04-28T00:00:00Z,4960.0,4975.0,4805.0,4830.0,180488000
2020-04-29T00:00:00Z,4825.0,4850.0,4800.0,4850.0,121161000
2020-04-30T00:00:00Z,4880.0,5250.0,4880.0,5170.0,174081000
2020-05-04T00:00:00Z,5150.0,5300.0,5000.0,5220.0,114497500
2020-05-05T00:00:00Z,5220.0,5340.0,5200.0,5285.0,118643500
2020-05-06T00:00:00Z,5315.0,5370.0,5300.0,5355.0,86395500
2020-05-08T00:00:00Z,5345.0,5400.0,5150.0,5245.0,123028000
2020-05-11T00:00:00Z,5245.0,5325.0,5245.0,5295.0,40615500
2020-05-12T00:00:00Z,5340.0,5340.0,5030.0,5220.0,118660000
2020-05-13T00:00:00Z,5160.0,5170.0,5085.0,5110.0,94973000
2020-05-14T00:00:00Z,5070.0,5110.0,4905.0,4920.0,131268000
2020-05-15T00:00:00Z,4920.0,4995.0,4680.0,4785.0,205790000
2020-05-18T00:00:00Z,4800.0,4845.0,4750.0,4765.0,139997500
2020-05-19T00:00:00Z,4840.0,4960.0,4680.0,4680.0,128504500
2020-05-20T00:00:00Z,4720.0,4800.0,4690.0,4765.0,119158000
2020-05-26T00:00:00Z,4775.0,5000.0,4775.0,4970.0,176076500
2020-05-27T00:00:00Z,4970.0,5000.0,4855.0,4965.0,151753500
2020-05-28T00:00:00Z,5000.0,5320.0,5000.0,5295.0,229233000
2020-05-29T00:00:00Z,5295.0,5295.0,5190.0,5190.0,399414000
2020-06-02T00:00:00Z,5260.0,5500.0,5240.0,5360.0,181369500
2020-06-03T00:00:00Z,5410.0,5780.0,5400.0,5780.0,279673500
2020-06-04T00:00:00Z,5780.0,5990.0,5600.0,5790.0,236158500
2020-06-05T00:00:00Z,5790.0,5855.0,5585.0,5725.0,88157500
2020-06-08T00:00:00Z,5755.0,5925.0,5755.0,5900.0,173557500
2020-06-09T00:00:00Z,5940.0,5995.0,5795.0,5805.0,100110000
2020-06-10T00:00:00Z,5800.0,5865.0,5595.0,5800.0,115382500
2020-06-11T00:00:00Z,5750.0,5810.0,5605.0,5680.0,85187500
2020-06-12T00:00:00Z,5680.0,5680.0,5480.0,5670.0,96044000
2020-06-15T00:00:00Z,5680.0,5710.0,5500.0,5500.0,100844500
2020-06-16T00:00:00Z,5580.0,5795.0,5580.0,5760.0,91518500
2020-06-17T00:00:00Z,5800.0,5800.0,5680.0,5720.0,79800000
2020-06-18T00:00:00Z,5720.0,5740.0,5585.0,5585.0,68032000
2020-06-19T00:00:00Z,5600.0,5650.0,5545.0,5575.0,110071000
2020-06-22T00:00:00Z,5595.0,5660.0,5530.0,5540.0,51590500
2020-06-23T00:00:00Z,5570.0,5660.0,5520.0,5620.0,69954000
2020-06-24T00:00:00Z,5650.0,5760.0,5640.0,5705.0,57333000
2020-06-25T00:00:00Z,5700.0,5745.0,5640.0,5725.0,51415000
2020-06-26T00:00:00Z,5720.0,5760.0,5640.0,5645.0,57467500
2020-06-29T00:00:00Z,5640.0,5695.0,5585.0,5675.0,48796500
2020-06-30T00:00:00Z,5700.0,5740.0,5660.0,5695.0,74474000
2020-07-01T00:00:00Z,5700.0,5800.0,5675.0,5800.0,63959000
2020-07-02T00:00:00Z,5775.0,5870.0,5760.0,5870.0,75585500
2020-07-03T00:00:00Z,5870.0,5905.0,5840.0,5870.0,52219000
2020-07-06T00:00:00Z,5860.0,5935.0,5850.0,5935.0,67800000
2020-07-07T00:00:00Z,5940.0,5995.0,5900.0,5990.0,74168000
2020-07-08T00:00:00Z,5990.0,6265.0,5980.0,6200.0,106444500
2020-07-09T00:00:00Z,6210.0,6240.0,6030.0,6100.0,93543500
2020-07-10T00:00:00Z,6100.0,6240.0,6080.0,6200.0,67224000
2020-07-13T00:00:00Z,6230.0,6240.0,6140.0,6175.0,86006000
2020-07-14T00:00:00Z,6175.0,6200.0,6110.0,6200.0,45616500
2020-07-15T00:00:00Z,6200.0,6240.0,6150.0,6150.0,61468000
2020-07-16T00:00:00Z,6150.0,6200.0,6140.0,6180.0,66520500
2020-07-17T00:00:00Z,6135.0,6180.0,6040.0,6120.0,73348000
2020-07-20T00:00:00Z,6120.0,6160.0,6060.0,6140.0,59794500
2020-07-21T00:00:00Z,6100.0,6235.0,6100.0,6200.0,84159500
2020-07-22T00:00:00Z,6210.0,6250.0,6130.0,6180.0,44725500
2020-07-23T00:00:00Z,6180.0,6215.0,6140.0,6200.0,84026500
2020-07-24T00:00:00Z,6200.0,6200.0,6100.0,6100.0,58366500
2020-07-27T00:00:00Z,6100.0,6140.0,6000.0,6100.0,41972500
2020-07-28T00:00:00Z,6120.0,6200.0,6060.0,6185.0,65279000
2020-07-29T00:00:00Z,6185.0,6185.0,6100.0,6135.0,50262500
2020-07-30T00:00:00Z,6135.0,6240.0,6055.0,6240.0,80533500
2020-08-03T00:00:00Z,6220.0,6235.0,5825.0,6130.0,137079000
2020-08-04T00:00:00Z,6155.0,6220.0,6130.0,6210.0,79357000
2020-08-05T00:00:00Z,6200.0,6220.0,6100.0,6205.0,49393000
2020-08-06T00:00:00Z,6215.0,6295.0,6185.0,6260.0,55258500
2020-08-07T00:00:00Z,6265.0,6285.0,6160.0,6180.0,43621000
2020-08-10T00:00:00Z,6180.0,6200.0,6105.0,6120.0,37774500
2020-08-11T00:00:00Z,6140.0,6200.0,6130.0,6175.0,38795500
2020-08-12T00:00:00Z,6175.0,6260.0,6160.0,6260.0,35612000
2020-08-13T00:00:00Z,6260.0,6300.0,6180.0,6300.0,48581000
2020-08-14T00:00:00Z,6300.0,6405.0,6240.0,6405.0,57316000
2020-08-18T00:00:00Z,6405.0,6425.0,6300.0,6360.0,81563500
2020-08-19T00:00:00Z,6360.0,6410.0,6310.0,6330.0,58793500
2020-08-24T00:00:00Z,6340.0,6380.0,6280.0,6315.0,66882500
2020-08-25T00:00:00Z,6320.0,6380.0,6305.0,6365.0,49211000
2020-08-26T00:00:00Z,6385.0,6390.0,6305.0,6340.0,42983000
2020-08-27T00:00:00Z,6365.0,6600.0,6340.0,6600.0,68326000
2020-08-28T00:00:00Z,6560.0,6600.0,6425.0,6495.0,52292500
2020-08-31T00:00:00Z,6500.0,6540.0,6275.0,6275.0,97032000
2020-09-01T00:00:00Z,6280.0,6520.0,6240.0,6520.0,67446000
2020-09-02T00:00:00Z,6520.0,6560.0,6365.0,6435.0,66065000
2020-09-03T00:00:00Z,6465.0,6500.0,6300.0,6500.0,68208500
2020-09-04T00:00:00Z,6450.0,6450.0,6265.0,6380.0,80613500
2020-09-07T00:00:00Z,6335.0,6360.0,6200.0,6285.0,64249500
2020-09-08T00:00:00Z,6285.0,6360.0,6285.0,6335.0,39649000
2020-09-09T00:00:00Z,6300.0,6320.0,6210.0,6245.0,49285000
2020-09-10T00:00:00Z,6220.0,6220.0,5810.0,5810.0,175735000
2020-09-11T00:00:00Z,5800.0,5975.0,5620.0,5905.0,403032500
2020-09-14T00:00:00Z,6000.0,6115.0,5985.0,6050.0,138115000
2020-09-15T00:00:00Z,6040.0,6100.0,5860.0,5860.0,170087000
2020-09-16T00:00:00Z,5860.0,5870.0,5745.0,5750.0,158565500
2020-09-17T00:00:00Z,5750.0,5855.0,5665.0,5755.0,138796000
2020-09-18T00:00:00Z,5700.0,5735.0,5570.0,5630.0,316912000
2020-09-21T00:00:00Z,5640.0,5735.0,5595.0,5605.0,112443000
2020-09-22T00:00:00Z,5520.0,5565.0,5430.0,5450.0,163442500
2020-09-23T00:00:00Z,5450.0,5585.0,5425.0,5505.0,100517000
2020-09-24T00:00:00Z,5430.0,5535.0,5390.0,5445.0,88618500
2020-09-25T00:00:00Z,5480.0,5625.0,5460.0,5610.0,100705000
2020-09-28T00:00:00Z,5650.0,5695.0,5500.0,5515.0,93522000
2020-09-29T00:00:00Z,5575.0,5635.0,5460.0,5505.0,117778500
2020-09-30T00:00:00Z,5565.0,5565.0,5420.0,5420.0,107377000
2020-10-01T00:00:00Z,5485.0,5570.0,5480.0,5570.0,56893000
2020-10-02T00:00:00Z,5560.0,5565.0,5440.0,5505.0,66848000
2020-10-05T00:00:00Z,5515.0,5560.0,5460.0,5520.0,58291000
2020-10-06T00:00:00Z,5630.0,5715.0,5600.0,5700.0,141955500
2020-10-07T00:00:00Z,5600.0,5755.0,5580.0,5755.0,89937500
2020-10-08T00:00:00Z,5790.0,5800.0,5710.0,5780.0,77384500
2020-10-09T00:00:00Z,5750.0,5775.0,5720.0,5775.0,54250500
2020-10-12T00:00:00Z,5840.0,5875.0,5830.0,5855.0,82918500
2020-10-13T00:00:00Z,5840.0,5860.0,5770.0,5855.0,48250500
2020-10-14T00:00:00Z,5840.0,5900.0,5810.0,5900.0,83117500
2020-10-15T00:00:00Z,5875.0,5880.0,5760.0,5785.0,82067000
2020-10-16T00:00:00Z,5785.0,5790.0,5730.0,5760.0,89051500
2020-10-19T00:00:00Z,5750.0,5900.0,5710.0,5900.0,56871500
2020-10-20T00:00:00Z,5880.0,5880.0,5785.0,5805.0,74995500
2020-10-21T00:00:00Z,5860.0,5865.0,5730.0,5780.0,77944000
2020-10-22T00:00:00Z,5740.0,5800.0,5705.0,5800.0,96872500
2020-10-23T00:00:00Z,5840.0,5840.0,5750.0,5770.0,66328000
2020-10-26T00:00:00Z,5725.0,5835.0,5725.0,5815.0,70452500
2020-10-27T00:00:00Z,5815.0,5830.0,5755.0,5790.0,89482000
2020-11-02T00:00:00Z,5760.0,5825.0,5720.0,5820.0,151006500
2020-11-03T00:00:00Z,5840.0,5895.0,5835.0,5890.0,78152000
2020-11-04T00:00:00Z,5900.0,5940.0,5785.0,5820.0,78626000
2020-11-05T00:00:00Z,5900.0,6180.0,5900.0,6150.0,161090000
2020-11-06T00:00:00Z,6160.0,6300.0,6060.0,6300.0,137303500
2020-11-09T00:00:00Z,6300.0,6400.0,6215.0,6285.0,82739500
2020-11-10T00:00:00Z,6395.0,6600.0,6380.0,6480.0,191073500
2020-11-11T00:00:00Z,6540.0,6565.0,6480.0,6540.0,131383500
2020-11-12T00:00:00Z,6410.0,6495.0,6405.0,6420.0,83082500
2020-11-13T00:00:00Z,6420.0,6450.0,6320.0,6390.0,82374500
2020-11-16T00:00:00Z,6485.0,6485.0,6385.0,6480.0,54905000
2020-11-17T00:00:00Z,6500.0,6565.0,6490.0,6550.0,119784000
2020-11-18T00:00:00Z,6550.0,6575.0,6540.0,6570.0,99789000
2020-11-19T00:00:00Z,6520.0,6640.0,6515.0,6615.0,147346500
2020-11-20T00:00:00Z,6640.0,6650.0,6550.0,6600.0,68468500
2020-11-23T00:00:00Z,6600.0,6610.0,6550.0,6600.0,75265500
2020-11-24T00:00:00Z,6600.0,6600.0,6545.0,6565.0,72349500
2020-11-25T00:00:00Z,6580.0,6585.0,6380.0,6410.0,170140500
2020-11-26T00:00:00Z,6350.0,6490.0,6300.0,6480.0,64339000
2020-11-27T00:00:00Z,6480.0,6490.0,6380.0,6385.0,87361500
2020-11-30T00:00:00Z,6385.0,6400.0,6135.0,6205.0,393091500
2020-12-01T00:00:00Z,6220.0,6435.0,6220.0,6395.0,114563500
2020-12-02T00:00:00Z,6460.0,6485.0,6340.0,6450.0,93897500
2020-12-03T00:00:00Z,6500.0,6525.0,6425.0,6460.0,98210000
2020-12-04T00:00:00Z,6460.0,6465.0,6360.0,6390.0,64995500
2020-12-07T00:00:00Z,6500.0,6580.0,6480.0,6520.0,96636000
2020-12-08T00:00:00Z,6520.0,6520.0,6425.0,6490.0,70561500
2020-12-10T00:00:00Z,6590.0,6600.0,6540.0,6575.0,151420500
2020-12-11T00:00:00Z,6600.0,6780.0,6595.0,6735.0,214160000
2020-12-14T00:00:00Z,6800.0,6830.0,6795.0,6820.0,179785500
2020-12-15T00:00:00Z,6830.0,6900.0,6605.0,6790.0,164024500
2020-12-16T00:00:00Z,6860.0,6950.0,6840.0,6950.0,138674000
2020-12-17T00:00:00Z,6965.0,7000.0,6820.0,6935.0,91920000
2020-12-18T00:00:00Z,6935.0,6935.0,6755.0,6800.0,147238500
2020-12-21T00:00:00Z,6890.0,6890.0,6800.0,6830.0,93692500
2020-12-22T00:00:00Z,6740.0,6820.0,6710.0,6715.0,61790500
2020-12-23T00:00:00Z,6905.0,6905.0,6620.0,6725.0,76948000
2020-12-28T00:00:00Z,6790.0,6820.0,6660.0,6780.0,60234000
2020-12-29T00:00:00Z,6775.0,6810.0,6740.0,6765.0,34212500
2020-12-30T00:00:00Z,6800.0,6800.0,6700.0,6770.0,52675500
2021-01-04T00:00:00Z,6800.0,6855.0,6720.0,6835.0,47937000
2021-01-05T00:00:00Z,6860.0,7090.0,6850.0,7090.0,104831000
2021-01-06T00:00:00Z,7050.0,7075.0,6880.0,6945.0,89753500
2021-01-07T00:00:00Z,7000.0,7050.0,6910.0,6965.0,71360000
2021-01-08T00:00:00Z,7035.0,7080.0,6975.0,7050.0,75033500
2021-01-11T00:00:00Z,7150.0,7360.0,7145.0,7345.0,169034500
2021-01-12T00:00:00Z,7345.0,7380.0,7160.0,7160.0,95235000
2021-01-13T00:00:00Z,7245.0,7275.0,7070.0,7120.0,76581500
2021-01-14T00:00:00Z,7050.0,7090.0,6995.0,7020.0,89319500
2021-01-15T00:00:00Z,7095.0,7100.0,6840.0,6955.0,89853500
2021-01-18T00:00:00Z,6955.0,7125.0,6845.0,7120.0,86343000
2021-01-19T00:00:00Z,7120.0,7120.0,7005.0,7095.0,73777000
2021-01-20T00:00:00Z,7165.0,7295.0,7070.0,7095.0,107216000
2021-01-21T00:00:00Z,7280.0,7300.0,7060.0,7075.0,66428000
2021-01-22T00:00:00Z,7075.0,7160.0,7075.0,7080.0,80829000
2021-01-25T00:00:00Z,7200.0,7200.0,7000.0,7035.0,76836500
2021-01-26T00:00:00Z,6955.0,7000.0,6820.0,6820.0,98658000
2021-01-27T00:00:00Z,6820.0,6930.0,6705.0,6790.0,97920000
2021-01-28T00:00:00Z,6790.0,6925.0,6790.0,6900.0,104627000
2021-01-29T00:00:00Z,6900.0,7000.0,6760.0,6760.0,132762500
2021-02-01T00:00:00Z,6760.0,6920.0,6595.0,6820.0,113129000
2021-02-02T00:00:00Z,6965.0,6980.0,6800.0,6800.0,86741000
2021-02-03T00:00:00Z,7000.0,7000.0,6825.0,6825.0,67291000
2021-02-04T00:00:00Z,6920.0,7000.0,6835.0,6855.0,80950500
2021-02-05T00:00:00Z,6870.0,6950.0,6855.0,6915.0,51602000
2021-02-08T00:00:00Z,7050.0,7055.0,6880.0,6920.0,45604000
2021-02-09T00:00:00Z,7000.0,7030.0,6955.0,6980.0,75574000
2021-02-10T00:00:00Z,7050.0,7050.0,6900.0,6920.0,44984500
2021-02-11T00:00:00Z,6985.0,6985.0,6840.0,6880.0,36926000
2021-02-15T00:00:00Z,6830.0,6890.0,6720.0,6800.0,83922000
2021-02-16T00:00:00Z,6880.0,6945.0,6830.0,6940.0,47221000
2021-02-17T00:00:00Z,6890.0,6960.0,6850.0,6900.0,66011500
2021-02-18T00:00:00Z,6850.0,6900.0,6735.0,6735.0,91204000
2021-02-19T00:00:00Z,6780.0,6850.0,6760.0,6825.0,70487500
2021-02-22T00:00:00Z,6900.0,6940.0,6790.0,6790.0,68913000
2021-02-23T00:00:00Z,6820.0,6845.0,6775.0,6825.0,58360000
2021-02-24T00:00:00Z,6825.0,6835.0,6725.0,6725.0,71869000
2021-02-25T00:00:00Z,6740.0,6770.0,6680.0,6705.0,78688000
2021-02-26T00:00:00Z,6705.0,6810.0,6645.0,6710.0,173631500
2021-03-01T00:00:00Z,6830.0,7045.0,6800.0,7045.0,205539000
2021-03-02T00:00:00Z,7120.0,7160.0,7000.0,7015.0,81446500
2021-03-03T00:00:00Z,7065.0,7085.0,7000.0,7000.0,84470000
2021-03-04T00:00:00Z,6905.0,7000.0,6720.0,6720.0,120802500
2021-03-05T00:00:00Z,6720.0,6925.0,6720.0,6800.0,111871500
2021-03-08T00:00:00Z,6950.0,6950.0,6720.0,6720.0,90883000
2021-03-09T00:00:00Z,6700.0,6715.0,6600.0,6605.0,135582000
2021-03-10T00:00:00Z,6720.0,6720.0,6620.0,6705.0,50302000
2021-03-12T00:00:00Z,6875.0,6880.0,6715.0,6765.0,74328000
2021-03-15T00:00:00Z,6815.0,6820.0,6665.0,6665.0,57416000
2021-03-16T00:00:00Z,6710.0,6710.0,6620.0,6625.0,70755500
2021-03-17T00:00:00Z,6650.0,6665.0,6605.0,6610.0,71474500
2021-03-18T00:00:00Z,6620.0,6720.0,6610.0,6705.0,70067500
2021-03-19T00:00:00Z,6770.0,6770.0,6625.0,6760.0,125853000
2021-03-22T00:00:00Z,6640.0,6680.0,6610.0,6620.0,67523500
2021-03-23T00:00:00Z,6720.0,6720.0,6555.0,6565.0,127762500
2021-03-24T00:00:00Z,6515.0,6550.0,6420.0,6440.0,152050000
2021-03-25T00:00:00Z,6400.0,6440.0,6330.0,6370.0,119101500
2021-03-26T00:00:00Z,6370.0,6445.0,6300.0,6415.0,134467500
2021-03-29T00:00:00Z,6410.0,6515.0,6360.0,6360.0,113370500
2021-03-30T00:00:00Z,6370.0,6455.0,6370.0,6395.0,83115500
2021-03-31T00:00:00Z,6390.0,6395.0,6145.0,6215.0,223390500
2021-04-01T00:00:00Z,6215.0,6270.0,6155.0,6225.0,112286000
2021-04-05T00:00:00Z,6250.0,6290.0,6155.0,6155.0,73311500
2021-04-06T00:00:00Z,6135.0,6170.0,6080.0,6165.0,80215000
2021-04-07T00:00:00Z,6155.0,6275.0,6135.0,6250.0,107908000
2021-04-08T00:00:00Z,6200.0,6215.0,6125.0,6135.0,123697500
2021-04-09T00:00:00Z,6315.0,6320.0,6145.0,6200.0,116961000
2021-04-12T00:00:00Z,6295.0,6295.0,6060.0,6065.0,110411500
2021-04-13T00:00:00Z,6050.0,6060.0,5980.0,6000.0,119211500
2021-04-14T00:00:00Z,6105.0,6305.0,6060.0,6305.0,135519500
2021-04-15T00:00:00Z,6305.0,6310.0,6180.0,6280.0,102686500
2021-04-16T00:00:00Z,6370.0,6370.0,6215.0,6275.0,79293500
2021-04-19T00:00:00Z,6275.0,6280.0,6230.0,6270.0,47095000
2021-04-20T00:00:00Z,6200.0,6250.0,6185.0,6235.0,72721000
2021-04-21T00:00:00Z,6200.0,6225.0,6165.0,6165.0,68397000
2021-04-22T00:00:00Z,6200.0,6275.0,6180.0,6215.0,63758000
2021-04-23T00:00:00Z,6280.0,6395.0,6225.0,6390.0,108498500
2021-04-26T00:00:00Z,6395.0,6400.0,6280.0,6285.0,108742000
2021-04-27T00:00:00Z,6370.0,6435.0,6355.0,6405.0,132650000
2021-04-28T00:00:00Z,6400.0,6405.0,6315.0,6320.0,87660000
2021-04-29T00:00:00Z,6460.0,6460.0,6360.0,6410.0,57355000
2021-04-30T00:00:00Z,6450.0,6450.0,6380.0,6405.0,65829500
2021-05-03T00:00:00Z,6480.0,6480.0,6345.0,6390.0,42065500
2021-05-04T00:00:00Z,6350.0,6430.0,6340.0,6400.0,50123500
2021-05-05T00:00:00Z,6420.0,6430.0,6400.0,6425.0,51685000
2021-05-06T00:00:00Z,6400.0,6450.0,6400.0,6425.0,38115500
2021-05-07T00:00:00Z,6460.0,6460.0,6385.0,6400.0,48864000
2021-05-10T00:00:00Z,6400.0,6420.0,6395.0,6420.0,68180500
2021-05-11T00:00:00Z,6400.0,6480.0,6305.0,6480.0,70680000
2021-05-17T00:00:00Z,6500.0,6500.0,6375.0,6500.0,129058500
2021-05-18T00:00:00Z,6400.0,6455.0,6365.0,6390.0,73563000
2021-05-19T00:00:00Z,6380.0,6400.0,6335.0,6345.0,64912500
2021-05-20T00:00:00Z,6390.0,6435.0,6350.0,6380.0,64950000
2021-05-21T00:00:00Z,6450.0,6450.0,6260.0,6360.0,92620000
2021-05-24T00:00:00Z,6355.0,6380.0,6290.0,6325.0,59210000
2021-05-25T00:00:00Z,6300.0,6440.0,6300.0,6355.0,87470000
2021-05-27T00:00:00Z,6440.0,6480.0,6270.0,6270.0,537971500
2021-05-28T00:00:00Z,6330.0,6370.0,6330.0,6340.0,102108500
2021-05-31T00:00:00Z,6360.0,6390.0,6325.0,6375.0,101442000
2021-06-02T00:00:00Z,6500.0,6515.0,6420.0,6465.0,141732500
2021-06-03T00:00:00Z,6495.0,6600.0,6430.0,6600.0,133810500
2021-06-04T00:00:00Z,6620.0,6620.0,6500.0,6580.0,62108500
2021-06-07T00:00:00Z,6560.0,6570.0,6430.0,6530.0,62576000
2021-06-08T00:00:00Z,6575.0,6575.0,6430.0,6430.0,64348000
2021-06-09T00:00:00Z,6360.0,6535.0,6360.0,6530.0,77198000
2021-06-10T00:00:00Z,6555.0,6620.0,6490.0,6620.0,73262500
2021-06-11T00:00:00Z,6570.0,6580.0,6460.0,6470.0,72780500
2021-06-14T00:00:00Z,6520.0,6520.0,6400.0,6410.0,61478500
2021-06-15T00:00:00Z,6445.0,6470.0,6405.0,6470.0,87799000
2021-06-16T00:00:00Z,6420.0,6435.0,6360.0,6385.0,48984000
2021-06-17T00:00:00Z,6390.0,6390.0,6275.0,6330.0,68448500
2021-06-18T00:00:00Z,6300.0,6345.0,6280.0,6325.0,118043000
2021-06-21T00:00:00Z,6300.0,6300.0,6210.0,6250.0,60823500
2021-06-22T00:00:00Z,6250.0,6390.0,6240.0,6340.0,65824000
2021-06-23T00:00:00Z,6295.0,6340.0,6230.0,6230.0,52451000
2021-06-24T00:00:00Z,6310.0,6310.0,6200.0,6210.0,56010000
2021-06-25T00:00:00Z,6230.0,6260.0,6190.0,6190.0,68939500
2021-06-28T00:00:00Z,6100.0,6150.0,6055.0,6055.0,84420500
2021-06-29T00:00:00Z,6050.0,6090.0,6040.0,6045.0,53704000
2021-06-30T00:00:00Z,6000.0,6070.0,6000.0,6025.0,65795000
2021-07-01T00:00:00Z,6060.0,6075.0,6000.0,6025.0,58153000
2021-07-02T00:00:00Z,6070.0,6140.0,6040.0,6100.0,67392500
2021-07-05T00:00:00Z,6100.0,6130.0,6070.0,6110.0,39710500
2021-07-06T00:00:00Z,6110.0,6110.0,6055.0,6055.0,34279500
2021-07-07T00:00:00Z,6180.0,6180.0,6030.0,6065.0,35595000
2021-07-08T00:00:00Z,6000.0,6040.0,5980.0,6015.0,47297000
2021-07-09T00:00:00Z,6010.0,6020.0,5990.0,6020.0,40707500
2021-07-12T00:00:00Z,6070.0,6180.0,6020.0,6170.0,65981500
2021-07-13T00:00:00Z,6170.0,6175.0,6015.0,6045.0,65946500
2021-07-14T00:00:00Z,6020.0,6030.0,5980.0,5990.0,59321000
2021-07-15T00:00:00Z,6000.0,6115.0,5995.0,6115.0,49724000
2021-07-16T00:00:00Z,6170.0,6170.0,6055.0,6110.0,47998500
2021-07-19T00:00:00Z,6110.0,6110.0,6005.0,6005.0,47119000
2021-07-21T00:00:00Z,6050.0,6120.0,6010.0,6010.0,55009500
2021-07-22T00:00:00Z,6115.0,6155.0,6050.0,6155.0,60792000
2021-07-23T00:00:00Z,6180.0,6190.0,6025.0,6035.0,79938000
2021-07-26T00:00:00Z,6040.0,6060.0,6005.0,6005.0,48171500
2021-07-27T00:00:00Z,6005.0,6060.0,6000.0,6005.0,53107500
2021-07-28T00:00:00Z,6005.0,6010.0,5970.0,5980.0,74133000
2021-07-29T00:00:00Z,6055.0,6085.0,5980.0,6040.0,84605000
2021-07-30T00:00:00Z,6040.0,6100.0,5960.0,5970.0,105685000
2021-08-02T00:00:00Z,6060.0,6065.0,5905.0,5960.0,119981500
2021-08-03T00:00:00Z,6025.0,6180.0,5985.0,6145.0,110071500
2021-08-04T00:00:00Z,6145.0,6150.0,6060.0,6120.0,41112000
2021-08-05T00:00:00Z,6170.0,6310.0,6140.0,6300.0,93768000
2021-08-06T00:00:00Z,6360.0,6360.0,6135.0,6160.0,67285000
2021-08-09T00:00:00Z,6135.0,6200.0,6105.0,6200.0,52858500
2021-08-10T00:00:00Z,6250.0,6300.0,6115.0,6300.0,60446000
2021-08-12T00:00:00Z,6120.0,6320.0,6120.0,6300.0,118325500
2021-08-13T00:00:00Z,6350.0,6435.0,6325.0,6410.0,86929000
2021-08-16T00:00:00Z,6420.0,6420.0,6305.0,6420.0,69282000
2021-08-18T00:00:00Z,6520.0,6760.0,6460.0,6600.0,186354500
2021-08-19T00:00:00Z,6600.0,6600.0,6530.0,6600.0,100926000
2021-08-20T00:00:00Z,6600.0,6600.0,6510.0,6600.0,120163500
2021-08-23T00:00:00Z,6515.0,6590.0,6515.0,6590.0,68253000
2021-08-24T00:00:00Z,6570.0,6600.0,6500.0,6600.0,59561500
2021-08-25T00:00:00Z,6600.0,6605.0,6585.0,6600.0,80751500
2021-08-26T00:00:00Z,6560.0,6580.0,6470.0,6560.0,74337000
2021-08-27T00:00:00Z,6490.0,6530.0,6490.0,6510.0,71572500
2021-08-30T00:00:00Z,6530.0,6580.0,6520.0,6565.0,74564500
2021-08-31T00:00:00Z,6520.0,6570.0,6515.0,6550.0,115373500
2021-09-01T00:00:00Z,6550.0,6600.0,6535.0,6565.0,67362500
2021-09-02T00:00:00Z,6525.0,6575.0,6455.0,6540.0,53257000
2021-09-03T00:00:00Z,6560.0,6600.0,6515.0,6600.0,35764500
2021-09-06T00:00:00Z,6600.0,6605.0,6550.0,6575.0,36780000
2021-09-07T00:00:00Z,6595.0,6605.0,6570.0,6570.0,53902000
2021-09-08T00:00:00Z,6550.0,6595.0,6420.0,6440.0,77888000
2021-09-09T00:00:00Z,6410.0,6570.0,6410.0,6570.0,110074000
2021-09-10T00:00:00Z,6495.0,6565.0,6495.0,6520.0,41483500
2021-09-13T00:00:00Z,6560.0,6560.0,6525.0,6555.0,29929000
2021-09-14T00:00:00Z,6590.0,6595.0,6495.0,6545.0,51990500
2021-09-15T00:00:00Z,6545.0,6550.0,6485.0,6495.0,44514000
2021-09-16T00:00:00Z,6580.0,6580.0,6480.0,6500.0,58672500
2021-09-17T00:00:00Z,6490.0,6535.0,6480.0,6520.0,117540000
2021-09-20T00:00:00Z,6570.0,6590.0,6510.0,6585.0,73157500
2021-09-21T00:00:00Z,6510.0,6535.0,6470.0,6490.0,57115500
2021-09-22T00:00:00Z,6500.0,6580.0,6500.0,6555.0,68722000
2021-09-23T00:00:00Z,6555.0,6590.0,6545.0,6580.0,60998500
2021-09-24T00:00:00Z,6500.0,6585.0,6500.0,6585.0,60539500
2021-09-27T00:00:00Z,6585.0,6595.0,6555.0,6580.0,55052500
2021-09-28T00:00:00Z,6540.0,6560.0,6500.0,6520.0,80186000
2021-09-29T00:00:00Z,6520.0,6580.0,6515.0,6580.0,74079000
2021-09-30T00:00:00Z,6600.0,7000.0,6595.0,7000.0,156848000
2021-10-01T00:00:00Z,6900.0,6900.0,6710.0,6760.0,103954500
2021-10-04T00:00:00Z,6740.0,6960.0,6740.0,6960.0,74719000
2021-10-05T00:00:00Z,6910.0,6945.0,6860.0,6945.0,54986500
2021-10-06T00:00:00Z,6980.0,7180.0,6970.0,7180.0,174312000
2021-10-07T00:00:00Z,7175.0,7175.0,7080.0,7160.0,107263500
2021-10-08T00:00:00Z,7200.0,7300.0,7175.0,7290.0,94643500
2021-10-11T00:00:00Z,7240.0,7290.0,7230.0,7255.0,47201000
2021-10-12T00:00:00Z,7255.0,7320.0,7245.0,7320.0,91067000
2021-10-13T00:00:00Z,7400.0,8250.0,7400.0,7525.0,210893300
2021-10-14T00:00:00Z,7600.0,7900.0,7600.0,7750.0,138811900
2021-10-15T00:00:00Z,7800.0,7875.0,7450.0,7650.0,142378200
2021-10-18T00:00:00Z,7650.0,7675.0,7475.0,7525.0,116644300
2021-10-19T00:00:00Z,7475.0,7525.0,7350.0,7500.0,134601200
2021-10-21T00:00:00Z,7500.0,7550.0,7350.0,7400.0,106120100
2021-10-22T00:00:00Z,7450.0,7550.0,7425.0,7525.0,96730700
2021-10-25T00:00:00Z,7400.0,7525.0,7400.0,7525.0,60329800
2021-10-26T00:00:00Z,7600.0,7600.0,7500.0,7525.0,70103000
2021-10-27T00:00:00Z,7575.0,7575.0,7425.0,7450.0,57067000
2021-10-28T00:00:00Z,7350.0,7425.0,7350.0,7375.0,75271900
2021-10-29T00:00:00Z,7450.0,7475.0,7375.0,7475.0,60639200
2021-11-01T00:00:00Z,7550.0,7550.0,7400.0,7400.0,38593400
2021-11-02T00:00:00Z,7375.0,7425.0,7250.0,7300.0,90535400
2021-11-03T00:00:00Z,7300.0,7400.0,7250.0,7350.0,61621500
2021-11-04T00:00:00Z,7425.0,7475.0,7375.0,7375.0,61081400
2021-11-05T00:00:00Z,7475.0,7475.0,7375.0,7450.0,43120400
2021-11-08T00:00:00Z,7500.0,7600.0,7450.0,7575.0,85441700
2021-11-09T00:00:00Z,7600.0,7675.0,7575.0,7675.0,101785800
2021-11-10T00:00:00Z,7675.0,7675.0,7575.0,7650.0,47503900
2021-11-11T00:00:00Z,7700.0,7750.0,7600.0,7675.0,55790000
2021-11-12T00:00:00Z,7750.0,7750.0,7525.0,7525.0,52590100
2021-11-15T00:00:00Z,7625.0,7625.0,7500.0,7500.0,67344200
2021-11-16T00:00:00Z,7400.0,7475.0,7325.0,7475.0,98616900
2021-11-17T00:00:00Z,7500.0,7575.0,7425.0,7575.0,61968100
2021-11-18T00:00:00Z,7425.0,7500.0,7400.0,7400.0,78839600
2021-11-19T00:00:00Z,7425.0,7450.0,7375.0,7425.0,68203700
2021-11-22T00:00:00Z,7425.0,7525.0,7400.0,7475.0,66328300
2021-11-23T00:00:00Z,7400.0,7500.0,7400.0,7475.0,43477500
2021-11-24T00:00:00Z,7575.0,7575.0,7425.0,7475.0,35181400
2021-11-25T00:00:00Z,7450.0,7525.0,7425.0,7425.0,40216100
2021-11-26T00:00:00Z,7400.0,7450.0,7250.0,7275.0,113288400
2021-11-29T00:00:00Z,7275.0,7425.0,7175.0,7400.0,87907900
2021-11-30T00:00:00Z,7325.0,7425.0,7275.0,7275.0,144923700
2021-12-01T00:00:00Z,7275.0,7450.0,7275.0,7300.0,76538100
2021-12-02T00:00:00Z,7375.0,7500.0,7300.0,7500.0,66831000
2021-12-03T00:00:00Z,7525.0,7525.0,7350.0,7375.0,63283700
2021-12-06T00:00:00Z,7450.0,7475.0,7350.0,7350.0,56944100
2021-12-07T00:00:00Z,7450.0,7475.0,7350.0,7350.0,51258200
2021-12-08T00:00:00Z,7450.0,7475.0,7400.0,7425.0,74775000
2021-12-09T00:00:00Z,7400.0,7450.0,7350.0,7350.0,54886400
2021-12-10T00:00:00Z,7325.0,7375.0,7275.0,7375.0,91092400
2021-12-13T00:00:00Z,7375.0,7400.0,7300.0,7300.0,59977100
2021-12-14T00:00:00Z,7300.0,7375.0,7275.0,7300.0,49763600
2021-12-15T00:00:00Z,7300.0,7375.0,7275.0,7300.0,52477600
2021-12-16T00:00:00Z,7375.0,7400.0,7275.0,7275.0,95171400
2021-12-17T00:00:00Z,7325.0,7500.0,7300.0,7500.0,107096800
2021-12-20T00:00:00Z,7350.0,7400.0,7325.0,7375.0,74753000
2021-12-21T00:00:00Z,7325.0,7400.0,7325.0,7375.0,52386100
2021-12-22T00:00:00Z,7425.0,7425.0,7325.0,7325.0,33232000
2021-12-23T00:00:00Z,7325.0,7350.0,7300.0,7300.0,37136400
2021-12-24T00:00:00Z,7300.0,7350.0,7300.0,7300.0,30802100
2021-12-27T00:00:00Z,7300.0,7350.0,7300.0,7350.0,20722100
2021-12-28T00:00:00Z,7375.0,7400.0,7325.0,7350.0,39343800
2021-12-29T00:00:00Z,7350.0,7375.0,7300.0,7300.0,42079500
2021-12-30T00:00:00Z,7350.0,7350.0,7300.0,7300.0,49954700
2022-01-03T00:00:00Z,7325.0,7400.0,7300.0,7325.0,54287400
2022-01-04T00:00:00Z,7325.0,7450.0,7325.0,7400.0,70624000
2022-01-05T00:00:00Z,7450.0,7525.0,7375.0,7450.0,76164900
2022-01-06T00:00:00Z,7500.0,7525.0,7425.0,7475.0,63657100
2022-01-07T00:00:00Z,7550.0,7700.0,7500.0,7650.0,143433300
2022-01-10T00:00:00Z,7575.0,7650.0,7550.0,7600.0,45351900
2022-01-11T00:00:00Z,7650.0,7700.0,7625.0,7700.0,110334600
2022-01-12T00:00:00Z,7700.0,7700.0,7650.0,7700.0,62606000
2022-01-13T00:00:00Z,7700.0,7750.0,7650.0,7700.0,50025200
2022-01-14T00:00:00Z,7700.0,7850.0,7650.0,7850.0,65898700
2022-01-17T00:00:00Z,7900.0,7900.0,7700.0,7750.0,63902600
2022-01-18T00:00:00Z,7775.0,7775.0,7550.0,7675.0,71476300
2022-01-19T00:00:00Z,7650.0,7725.0,7575.0,7675.0,60389700
2022-01-20T00:00:00Z,7725.0,7775.0,7625.0,7775.0,59925500
2022-01-21T00:00:00Z,7775.0,7950.0,7700.0,7950.0,63370500
2022-01-24T00:00:00Z,7825.0,7850.0,7775.0,7800.0,40278300
2022-01-25T00:00:00Z,7675.0,7775.0,7625.0,7775.0,106796900
2022-01-26T00:00:00Z,7700.0,7750.0,7650.0,7700.0,53350200
2022-01-27T00:00:00Z,7625.0,7800.0,7625.0,7800.0,71945100
2022-01-28T00:00:00Z,7800.0,7825.0,7700.0,7775.0,70595000
2022-01-31T00:00:00Z,7775.0,7775.0,7625.0,7625.0,68122000
2022-02-02T00:00:00Z,7775.0,7800.0,7675.0,7800.0,65308100
2022-02-03T00:00:00Z,7800.0,7825.0,7700.0,7725.0,35100600
2022-02-04T00:00:00Z,7750.0,7800.0,7700.0,7725.0,39324700
2022-02-07T00:00:00Z,7775.0,7800.0,7700.0,7800.0,56813200
2022-02-08T00:00:00Z,7750.0,7850.0,7725.0,7725.0,61883100
2022-02-09T00:00:00Z,7850.0,7950.0,7800.0,7950.0,108922200
2022-02-10T00:00:00Z,7950.0,7950.0,7750.0,7750.0,93277000
2022-02-11T00:00:00Z,7675.0,7825.0,7650.0,7825.0,71968800
2022-02-14T00:00:00Z,7750.0,7775.0,7700.0,7700.0,57710700
2022-02-15T00:00:00Z,7750.0,7875.0,7725.0,7875.0,55617000
2022-02-16T00:00:00Z,7850.0,7975.0,7825.0,7975.0,77055100
2022-02-17T00:00:00Z,7850.0,7925.0,7800.0,7900.0,48704600
2022-02-18T00:00:00Z,7950.0,7950.0,7850.0,7925.0,56813400
2022-02-21T00:00:00Z,7925.0,7975.0,7900.0,7950.0,43821700
2022-02-22T00:00:00Z,7900.0,7950.0,7850.0,7900.0,80095500
2022-02-23T00:00:00Z,7900.0,8100.0,7875.0,8050.0,99240300
2022-02-24T00:00:00Z,8125.0,8150.0,7925.0,8000.0,124947700
2022-02-25T00:00:00Z,7950.0,8175.0,7925.0,8050.0,135899900
2022-03-01T00:00:00Z,8000.0,8175.0,8000.0,8050.0,136616800
2022-03-02T00:00:00Z,8225.0,8225.0,7975.0,7975.0,100301000
2022-03-04T00:00:00Z,7975.0,8025.0,7900.0,7900.0,132983400
2022-03-07T00:00:00Z,7800.0,7850.0,7700.0,7700.0,130990900
2022-03-08T00:00:00Z,7700.0,7850.0,7650.0,7650.0,119256500
2022-03-09T00:00:00Z,7700.0,7950.0,7650.0,7850.0,132814500
2022-03-10T00:00:00Z,7925.0,7975.0,7800.0,7925.0,86484000
2022-03-11T00:00:00Z,7725.0,7950.0,7725.0,7950.0,61053900
2022-03-14T00:00:00Z,8050.0,8100.0,7950.0,8075.0,78432100
2022-03-15T00:00:00Z,8150.0,8200.0,8075.0,8150.0,111214500
2022-03-16T00:00:00Z,8275.0,8275.0,8075.0,8200.0,149761300
2022-03-17T00:00:00Z,8300.0,8300.0,8000.0,8000.0,132439400
2022-03-18T00:00:00Z,8000.0,8100.0,7900.0,7900.0,143981700
2022-03-21T00:00:00Z,7800.0,7950.0,7800.0,7900.0,85485500
2022-03-22T00:00:00Z,7900.0,7950.0,7875.0,7925.0,60010900
2022-03-23T00:00:00Z,7925.0,7950.0,7825.0,7900.0,82208000
2022-03-24T00:00:00Z,7850.0,7950.0,7800.0,7925.0,95245100
2022-03-25T00:00:00Z,7900.0,7950.0,7900.0,7950.0,85101200
2022-03-28T00:00:00Z,7825.0,7900.0,7800.0,7900.0,83911500
2022-03-29T00:00:00Z,7875.0,7900.0,7825.0,7850.0,62180600
2022-03-30T00:00:00Z,7900.0,7900.0,7825.0,7875.0,71430600
2022-03-31T00:00:00Z,7925.0,8000.0,7875.0,7975.0,112691900
2022-04-01T00:00:00Z,8075.0,8075.0,7850.0,7925.0,105575400
2022-04-04T00:00:00Z,7925.0,7925.0,7825.0,7900.0,57321200
2022-04-05T00:00:00Z,7900.0,7900.0,7850.0,7900.0,48528300
2022-04-06T00:00:00Z,7825.0,7850.0,7750.0,7750.0,119263000
2022-04-07T00:00:00Z,7725.0,7825.0,7700.0,7750.0,68619400
2022-04-08T00:00:00Z,7800.0,7875.0,7775.0,7850.0,69791600
2022-04-11T00:00:00Z,7825.0,7875.0,7725.0,7725.0,62776200
2022-04-12T00:00:00Z,7725.0,7800.0,7700.0,7800.0,73471300
2022-04-13T00:00:00Z,7800.0,7850.0,7750.0,7800.0,57622100
2022-04-14T00:00:00Z,7800.0,7800.0,7700.0,7700.0,93342900
2022-04-18T00:00:00Z,7700.0,7725.0,7625.0,7700.0,68464700
2022-04-19T00:00:00Z,7700.0,7700.0,7625.0,7625.0,98632000
2022-04-20T00:00:00Z,7725.0,7725.0,7625.0,7650.0,124388800
2022-04-21T00:00:00Z,7800.0,7925.0,7750.0,7925.0,129323400
2022-04-22T00:00:00Z,7850.0,7925.0,7800.0,7875.0,85956100
2022-04-25T00:00:00Z,7875.0,8000.0,7825.0,8000.0,91279600
2022-04-26T00:00:00Z,7925.0,8125.0,7925.0,8125.0,128360900
2022-04-27T00:00:00Z,8075.0,8200.0,8075.0,8200.0,89463100
2022-04-28T00:00:00Z,8250.0,8250.0,8075.0,8125.0,133730600
2022-05-09T00:00:00Z,7875.0,7900.0,7600.0,7600.0,456796600
2022-05-10T00:00:00Z,7250.0,7600.0,7250.0,7525.0,268445700
2022-05-11T00:00:00Z,7525.0,7700.0,7450.0,7650.0,156535200
2022-05-12T00:00:00Z,7525.0,7550.0,7275.0,7275.0,240529600
2022-05-13T00:00:00Z,7250.0,7475.0,7250.0,7325.0,212968600
2022-05-17T00:00:00Z,7275.0,7475.0,7275.0,7400.0,159657600
2022-05-18T00:00:00Z,7500.0,7575.0,7375.0,7575.0,153514300
2022-05-19T00:00:00Z,7400.0,7475.0,7375.0,7450.0,140908900
2022-05-20T00:00:00Z,7425.0,7475.0,7400.0,7400.0,86520200
2022-05-23T00:00:00Z,7450.0,7475.0,7350.0,7375.0,71603500
2022-05-24T00:00:00Z,7325.0,7475.0,7325.0,7350.0,108710800
2022-05-25T00:00:00Z,7400.0,7450.0,7350.0,7375.0,76747400
2022-05-27T00:00:00Z,7525.0,7575.0,7475.0,7575.0,84336900
2022-05-30T00:00:00Z,7575.0,7600.0,7475.0,7575.0,105411400
2022-05-31T00:00:00Z,7600.0,7750.0,7525.0,7750.0,286292700
2022-06-02T00:00:00Z,7625.0,7675.0,7525.0,7575.0,149226300
2022-06-03T00:00:00Z,7600.0,7675.0,7575.0,7600.0,80563100
2022-06-06T00:00:00Z,7550.0,7575.0,7425.0,7450.0,81140300
2022-06-07T00:00:00Z,7300.0,7475.0,7300.0,7375.0,129242500
2022-06-08T00:00:00Z,7500.0,7600.0,7425.0,7600.0,108910500
2022-06-09T00:00:00Z,7500.0,7575.0,7500.0,7500.0,107828300
2022-06-10T00:00:00Z,7400.0,7450.0,7350.0,7350.0,111768600
2022-06-13T00:00:00Z,7300.0,7400.0,7275.0,7350.0,85539500
2022-06-14T00:00:00Z,7300.0,7400.0,7250.0,7400.0,80865100
2022-06-15T00:00:00Z,7300.0,7375.0,7300.0,7325.0,130367100
2022-06-16T00:00:00Z,7400.0,7600.0,7375.0,7575.0,132666300
2022-06-17T00:00:00Z,7425.0,7550.0,7425.0,7500.0,117839400
2022-06-20T00:00:00Z,7600.0,7650.0,7500.0,7625.0,88138700
2022-06-21T00:00:00Z,7600.0,7650.0,7550.0,7650.0,44295700
2022-06-22T00:00:00Z,7625.0,7650.0,7500.0,7500.0,53041800
2022-06-23T00:00:00Z,7450.0,7575.0,7450.0,7525.0,60443000
2022-06-24T00:00:00Z,7600.0,7600.0,7475.0,7475.0,57956600
2022-06-27T00:00:00Z,7475.0,7500.0,7350.0,7350.0,76354100
2022-06-28T00:00:00Z,7300.0,7400.0,7300.0,7300.0,146078100
2022-06-29T00:00:00Z,7325.0,7400.0,7275.0,7275.0,98517800
2022-06-30T00:00:00Z,7300.0,7400.0,7250.0,7250.0,101343900
2022-07-01T00:00:00Z,7300.0,7325.0,7250.0,7250.0,68738800
2022-07-04T00:00:00Z,7250.0,7275.0,7000.0,7050.0,102238600
2022-07-05T00:00:00Z,7100.0,7325.0,7100.0,7250.0,69172900
2022-07-06T00:00:00Z,7300.0,7325.0,7175.0,7300.0,66801100
2022-07-07T00:00:00Z,7225.0,7250.0,7100.0,7100.0,86126800
2022-07-08T00:00:00Z,7125.0,7175.0,7075.0,7150.0,64312400
2022-07-11T00:00:00Z,7200.0,7200.0,7125.0,7125.0,36830800
2022-07-12T00:00:00Z,7175.0,7250.0,7150.0,7175.0,34269000
2022-07-13T00:00:00Z,7100.0,7125.0,7000.0,7000.0,71988200
2022-07-14T00:00:00Z,7025.0,7100.0,7000.0,7025.0,83316300
2022-07-15T00:00:00Z,7100.0,7100.0,7000.0,7000.0,57419900
2022-07-18T00:00:00Z,7025.0,7150.0,7025.0,7150.0,60077700
2022-07-19T00:00:00Z,7100.0,7175.0,7100.0,7175.0,59641000
2022-07-20T00:00:00Z,7200.0,7400.0,7175.0,7400.0,105792900
2022-07-21T00:00:00Z,7400.0,7400.0,7250.0,7400.0,64337100
2022-07-22T00:00:00Z,7400.0,7400.0,7300.0,7325.0,38956500
2022-07-25T00:00:00Z,7350.0,7375.0,7300.0,7300.0,31247600
2022-07-26T00:00:00Z,7250.0,7375.0,7250.0,7300.0,44379900
2022-07-27T00:00:00Z,7325.0,7350.0,7275.0,7325.0,58465500
2022-07-28T00:00:00Z,7375.0,7450.0,7325.0,7350.0,86909700
2022-07-29T00:00:00Z,7400.0,7475.0,7350.0,7350.0,131553000
2022-08-01T00:00:00Z,7350.0,7500.0,7350.0,7500.0,104841600
2022-08-02T00:00:00Z,7600.0,7625.0,7500.0,7600.0,106466900
2022-08-03T00:00:00Z,7625.0,7625.0,7575.0,7625.0,60170600
2022-08-04T00:00:00Z,7675.0,7800.0,7650.0,7800.0,164221000
2022-08-05T00:00:00Z,7825.0,7875.0,7725.0,7875.0,118734200
2022-08-08T00:00:00Z,7875.0,7925.0,7750.0,7875.0,84328900
2022-08-09T00:00:00Z,7875.0,7975.0,7875.0,7900.0,92875800
2022-08-10T00:00:00Z,7800.0,7900.0,7725.0,7900.0,104376300
2022-08-11T00:00:00Z,7850.0,7950.0,7825.0,7950.0,73204700
2022-08-12T00:00:00Z,7925.0,7975.0,7850.0,7925.0,59381200
2022-08-15T00:00:00Z,7950.0,7975.0,7900.0,7950.0,81411000
2022-08-16T00:00:00Z,7950.0,7975.0,7850.0,7975.0,83556700
2022-08-18T00:00:00Z,7900.0,8025.0,7875.0,8000.0,86136900
2022-08-19T00:00:00Z,8050.0,8050.0,7900.0,7900.0,58194900
2022-08-22T00:00:00Z,7850.0,8000.0,7825.0,8000.0,97293300
2022-08-23T00:00:00Z,8000.0,8000.0,7900.0,7900.0,71671800
2022-08-24T00:00:00Z,7950.0,8025.0,7900.0,7950.0,108892400
2022-08-25T00:00:00Z,8000.0,8100.0,7900.0,8075.0,99503500
2022-08-26T00:00:00Z,8025.0,8125.0,8000.0,8000.0,80472400
2022-08-29T00:00:00Z,8000.0,8150.0,7950.0,8150.0,57762100
2022-08-30T00:00:00Z,8100.0,8275.0,8075.0,8175.0,124467000
2022-08-31T00:00:00Z,8075.0,8225.0,8050.0,8200.0,137659900
2022-09-01T00:00:00Z,8150.0,8250.0,8125.0,8150.0,74960800
2022-09-02T00:00:00Z,8150.0,8225.0,8150.0,8225.0,71430600
2022-09-05T00:00:00Z,8225.0,8300.0,8200.0,8275.0,62906000
2022-09-06T00:00:00Z,8300.0,8350.0,8250.0,8275.0,67079900
2022-09-07T00:00:00Z,8250.0,8375.0,8250.0,8375.0,117931700
2022-09-08T00:00:00Z,8400.0,8500.0,8350.0,8350.0,132777400
2022-09-09T00:00:00Z,8500.0,8500.0,8275.0,8375.0,91234600
2022-09-12T00:00:00Z,8325.0,8425.0,8325.0,8375.0,52395300
2022-09-13T00:00:00Z,8375.0,8575.0,8375.0,8525.0,124485200
2022-09-14T00:00:00Z,8375.0,8650.0,8375.0,8500.0,116642400
2022-09-15T00:00:00Z,8500.0,8875.0,8500.0,8750.0,190404800
2022-09-16T00:00:00Z,8700.0,8725.0,8450.0,8450.0,363127600
2022-09-19T00:00:00Z,8475.0,8750.0,8450.0,8650.0,102530600
2022-09-20T00:00:00Z,8550.0,8650.0,8550.0,8550.0,89238400
2022-09-21T00:00:00Z,8525.0,8600.0,8425.0,8475.0,90933700
2022-09-22T00:00:00Z,8375.0,8525.0,8375.0,8475.0,61908500
2022-09-23T00:00:00Z,8375.0,8475.0,8375.0,8375.0,60567600
2022-09-26T00:00:00Z,8200.0,8500.0,8200.0,8425.0,106228200
2022-09-27T00:00:00Z,8375.0,8450.0,8300.0,8300.0,89567100
2022-09-28T00:00:00Z,8250.0,8425.0,8250.0,8325.0,89153400
2022-09-29T00:00:00Z,8325.0,8450.0,8325.0,8375.0,62643700
2022-09-30T00:00:00Z,8375.0,8575.0,8275.0,8550.0,176524800
2022-10-03T00:00:00Z,8450.0,8525.0,8450.0,8500.0,115079600
2022-10-04T00:00:00Z,8525.0,8625.0,8525.0,8550.0,80524500
2022-10-05T00:00:00Z,8525.0,8550.0,8425.0,8450.0,63788000
2022-10-06T00:00:00Z,8475.0,8500.0,8425.0,8425.0,43967400
2022-10-07T00:00:00Z,8325.0,8375.0,8200.0,8200.0,112043400
2022-10-10T00:00:00Z,8150.0,8375.0,8125.0,8300.0,80238200
2022-10-11T00:00:00Z,8200.0,8300.0,8150.0,8250.0,64060000
2022-10-12T00:00:00Z,8200.0,8325.0,8175.0,8325.0,47569700
2022-10-13T00:00:00Z,8275.0,8375.0,8275.0,8275.0,62282800
2022-10-14T00:00:00Z,8300.0,8350.0,8250.0,8250.0,70642900
2022-10-17T00:00:00Z,8250.0,8300.0,8175.0,8250.0,56387500
2022-10-18T00:00:00Z,8275.0,8475.0,8250.0,8300.0,85665300
2022-10-19T00:00:00Z,8250.0,8350.0,8225.0,8275.0,66753500
2022-10-20T00:00:00Z,8250.0,8500.0,8250.0,8500.0,91812300
2022-10-21T00:00:00Z,8450.0,8725.0,8450.0,8650.0,122777800
2022-10-24T00:00:00Z,8750.0,8900.0,8725.0,8900.0,89416500
2022-10-25T00:00:00Z,8825.0,8875.0,8700.0,8700.0,84696300
2022-10-26T00:00:00Z,8625.0,8650.0,8550.0,8550.0,98962100
2022-10-27T00:00:00Z,8550.0,8700.0,8550.0,8700.0,77003400
2022-10-28T00:00:00Z,8650.0,8750.0,8650.0,8750.0,84980600
2022-10-31T00:00:00Z,8850.0,8850.0,8775.0,8800.0,138922800
2022-11-01T00:00:00Z,9000.0,9000.0,8725.0,8800.0,118118400
2022-11-02T00:00:00Z,8800.0,8825.0,8725.0,8750.0,68323600
2022-11-03T00:00:00Z,8700.0,8825.0,8700.0,8800.0,81856300
2022-11-04T00:00:00Z,8775.0,8800.0,8675.0,8775.0,84458300
2022-11-07T00:00:00Z,8725.0,8850.0,8675.0,8850.0,94794000
2022-11-08T00:00:00Z,8850.0,8875.0,8725.0,8750.0,42525500
2022-11-09T00:00:00Z,8675.0,8875.0,8675.0,8875.0,96599500
2022-11-10T00:00:00Z,8725.0,8800.0,8725.0,8800.0,89463000
2022-11-11T00:00:00Z,8900.0,8925.0,8825.0,8850.0,59597900
2022-11-14T00:00:00Z,8875.0,8900.0,8750.0,8750.0,49208200
2022-11-15T00:00:00Z,8775.0,8850.0,8750.0,8800.0,59092900
2022-11-16T00:00:00Z,8625.0,8675.0,8550.0,8600.0,143424800
2022-11-17T00:00:00Z,8625.0,8825.0,8600.0,8725.0,72679800
2022-11-18T00:00:00Z,8725.0,8900.0,8725.0,8825.0,83556900
2022-11-21T00:00:00Z,8875.0,8900.0,8725.0,8725.0,35901000
2022-11-22T00:00:00Z,8900.0,8950.0,8850.0,8900.0,84684200
2022-11-23T00:00:00Z,8900.0,8975.0,8875.0,8875.0,84642100
2022-11-24T00:00:00Z,8975.0,9000.0,8950.0,9000.0,53520800
2022-11-25T00:00:00Z,9000.0,9000.0,8900.0,8975.0,75048300
2022-11-28T00:00:00Z,9050.0,9100.0,8975.0,9025.0,96209700
2022-11-29T00:00:00Z,8975.0,9075.0,8925.0,8975.0,91562100
2022-11-30T00:00:00Z,8875.0,9400.0,8850.0,9300.0,644359600
2022-12-01T00:00:00Z,9275.0,9350.0,9000.0,9000.0,155775400
2022-12-02T00:00:00Z,8900.0,8975.0,8900.0,8900.0,130982100
2022-12-05T00:00:00Z,8800.0,8900.0,8775.0,8775.0,114656300
2022-12-06T00:00:00Z,8725.0,8750.0,8575.0,8675.0,180553800
2022-12-07T00:00:00Z,8500.0,8575.0,8450.0,8450.0,229308700
2022-12-08T00:00:00Z,8375.0,8575.0,8350.0,8500.0,172590100
2022-12-09T00:00:00Z,8500.0,8600.0,8450.0,8575.0,90851300
2022-12-12T00:00:00Z,8525.0,8700.0,8475.0,8700.0,102851800
2022-12-13T00:00:00Z,8625.0,8700.0,8550.0,8700.0,104580200
2022-12-14T00:00:00Z,8600.0,8700.0,8525.0,8625.0,118164300
2022-12-15T00:00:00Z,8575.0,8600.0,8500.0,8500.0,113255700
2022-12-16T00:00:00Z,8425.0,8650.0,8400.0,8600.0,181516700
2022-12-19T00:00:00Z,8650.0,8700.0,8600.0,8650.0,67482900
2022-12-20T00:00:00Z,8550.0,8650.0,8550.0,8575.0,41243700
2022-12-21T00:00:00Z,8600.0,8700.0,8575.0,8675.0,33617700
2022-12-22T00:00:00Z,8650.0,8675.0,8575.0,8575.0,59591500
2022-12-23T00:00:00Z,8525.0,8575.0,8500.0,8500.0,47393000
2022-12-26T00:00:00Z,8500.0,8625.0,8500.0,8575.0,20495900
2022-12-27T00:00:00Z,8600.0,8650.0,8575.0,8600.0,27193800
2022-12-28T00:00:00Z,8650.0,8650.0,8550.0,8650.0,40420200
2022-12-29T00:00:00Z,8525.0,8600.0,8500.0,8575.0,47020900
2022-12-30T00:00:00Z,8575.0,8650.0,8550.0,8550.0,44681400
2023-01-02T00:00:00Z,8575.0,8600.0,8500.0,8550.0,10653900
2023-01-03T00:00:00Z,8550.0,8600.0,8525.0,8550.0,27399100
2023-01-04T00:00:00Z,8525.0,8575.0,8350.0,8350.0,90918800
2023-01-05T00:00:00Z,8350.0,8375.0,8150.0,8250.0,128838500
2023-01-06T00:00:00Z,8100.0,8325.0,8100.0,8300.0,69286600
2023-01-09T00:00:00Z,8325.0,8450.0,8325.0,8450.0,86916900
2023-01-10T00:00:00Z,8400.0,8425.0,8150.0,8175.0,101759100
2023-01-11T00:00:00Z,8050.0,8150.0,8000.0,8125.0,96069100
2023-01-12T00:00:00Z,8150.0,8275.0,8125.0,8175.0,103804600
2023-01-13T00:00:00Z,8150.0,8175.0,8025.0,8050.0,119748200
2023-01-16T00:00:00Z,8050.0,8200.0,8050.0,8150.0,105710700
2023-01-17T00:00:00Z,8175.0,8375.0,8150.0,8325.0,88695900
2023-01-18T00:00:00Z,8200.0,8325.0,8175.0,8300.0,96814600
2023-01-19T00:00:00Z,8350.0,8350.0,8250.0,8325.0,66391800
2023-01-20T00:00:00Z,8275.0,8325.0,8250.0,8300.0,96859500
2023-01-24T00:00:00Z,8300.0,8350.0,8225.0,8225.0,42474500
2023-01-25T00:00:00Z,8300.0,8300.0,8200.0,8200.0,66124500
2023-01-26T00:00:00Z,8225.0,8475.0,8225.0,8475.0,77582300
2023-01-27T00:00:00Z,8700.0,8850.0,8550.0,8700.0,196804700
2023-01-30T00:00:00Z,8725.0,8775.0,8575.0,8700.0,68544300
2023-01-31T00:00:00Z,8625.0,8675.0,8475.0,8475.0,200589000
2023-02-01T00:00:00Z,8575.0,8575.0,8450.0,8500.0,77396200
2023-02-02T00:00:00Z,8425.0,8525.0,8400.0,8450.0,99109500
2023-02-03T00:00:00Z,8550.0,8700.0,8500.0,8700.0,71716700
2023-02-06T00:00:00Z,8750.0,8750.0,8650.0,8725.0,117757700
2023-02-07T00:00:00Z,8775.0,8850.0,8750.0,8850.0,116014700
2023-02-08T00:00:00Z,8825.0,8850.0,8800.0,8825.0,54495500
2023-02-09T00:00:00Z,8825.0,8900.0,8800.0,8900.0,72381700
2023-02-10T00:00:00Z,8875.0,8900.0,8700.0,8825.0,62060900
2023-02-13T00:00:00Z,8875.0,8900.0,8775.0,8875.0,63775000
2023-02-14T00:00:00Z,8850.0,8950.0,8825.0,8950.0,81678200
2023-02-15T00:00:00Z,8875.0,8900.0,8750.0,8875.0,38037000
2023-02-16T00:00:00Z,8825.0,8850.0,8700.0,8700.0,66040400
2023-02-17T00:00:00Z,8775.0,8850.0,8725.0,8725.0,43588900
2023-02-20T00:00:00Z,8725.0,8825.0,8700.0,8750.0,40077000
2023-02-21T00:00:00Z,8775.0,8800.0,8700.0,8700.0,25390500
2023-02-22T00:00:00Z,8700.0,8750.0,8625.0,8675.0,38671900
2023-02-23T00:00:00Z,8625.0,8750.0,8625.0,8725.0,53412300
2023-02-24T00:00:00Z,8775.0,8850.0,8675.0,8675.0,44123400
2023-02-27T00:00:00Z,8675.0,8775.0,8650.0,8775.0,59983900
2023-02-28T00:00:00Z,8775.0,8775.0,8675.0,8750.0,106349400
2023-03-01T00:00:00Z,8725.0,8750.0,8600.0,8600.0,67034700
2023-03-02T00:00:00Z,8600.0,8700.0,8600.0,8625.0,56672000
2023-03-03T00:00:00Z,8650.0,8675.0,8475.0,8475.0,95376900
2023-03-06T00:00:00Z,8550.0,8550.0,8400.0,8400.0,92652000
2023-03-07T00:00:00Z,8350.0,8475.0,8350.0,8425.0,106115600
2023-03-08T00:00:00Z,8400.0,8575.0,8400.0,8575.0,79350900
2023-03-09T00:00:00Z,8650.0,8650.0,8550.0,8575.0,54201400
2023-03-10T00:00:00Z,8500.0,8550.0,8450.0,8450.0,59580100
2023-03-13T00:00:00Z,8450.0,8625.0,8450.0,8550.0,82077700
2023-03-14T00:00:00Z,8425.0,8475.0,8325.0,8325.0,90495300
2023-03-15T00:00:00Z,8450.0,8475.0,8325.0,8325.0,86747400
2023-03-16T00:00:00Z,8300.0,8350.0,8250.0,8300.0,105894000
2023-03-17T00:00:00Z,8375.0,8450.0,8325.0,8375.0,198558600
2023-03-20T00:00:00Z,8400.0,8475.0,8375.0,8400.0,37277900
2023-03-21T00:00:00Z,8400.0,8500.0,8375.0,8500.0,91617400
2023-03-24T00:00:00Z,8700.0,8825.0,8625.0,8825.0,145603600
2023-03-27T00:00:00Z,8825.0,8825.0,8700.0,8700.0,110692800
2023-03-28T00:00:00Z,8800.0,8800.0,8675.0,8675.0,98296600
2023-03-29T00:00:00Z,8675.0,8800.0,8625.0,8800.0,101068200
2023-03-30T00:00:00Z,8900.0,8900.0,8800.0,8825.0,118912100
2023-03-31T00:00:00Z,8825.0,8850.0,8725.0,8750.0,97146900
2023-04-03T00:00:00Z,8825.0,8825.0,8750.0,8800.0,60288900
2023-04-04T00:00:00Z,8825.0,8825.0,8650.0,8775.0,60975800
2023-04-05T00:00:00Z,8775.0,8800.0,8725.0,8725.0,36922100
2023-04-06T00:00:00Z,8700.0,8775.0,8700.0,8750.0,45489400
2023-04-10T00:00:00Z,8725.0,8800.0,8700.0,8800.0,32996000
2023-04-11T00:00:00Z,8825.0,8825.0,8750.0,8825.0,44554300
2023-04-12T00:00:00Z,8900.0,8900.0,8825.0,8900.0,91903600
2023-04-13T00:00:00Z,8950.0,8950.0,8875.0,8925.0,51726500
2023-04-14T00:00:00Z,9000.0,9000.0,8950.0,9000.0,110354200
2023-04-17T00:00:00Z,9025.0,9050.0,8900.0,9025.0,83946900
2023-04-18T00:00:00Z,9050.0,9175.0,9025.0,9125.0,91178700
2023-04-26T00:00:00Z,9125.0,9200.0,9000.0,9200.0,186928200
2023-04-27T00:00:00Z,9100.0,9175.0,9075.0,9150.0,54842400
2023-04-28T00:00:00Z,9100.0,9125.0,9050.0,9050.0,145775300
2023-05-02T00:00:00Z,9100.0,9100.0,8900.0,9050.0,83645900
2023-05-03T00:00:00Z,9050.0,9050.0,8875.0,8925.0,83728800
2023-05-04T00:00:00Z,8925.0,9025.0,8875.0,9000.0,67565000
2023-05-05T00:00:00Z,9000.0,9050.0,8950.0,9000.0,64815100
2023-05-08T00:00:00Z,9000.0,9075.0,8950.0,9000.0,84754500
2023-05-09T00:00:00Z,8950.0,8975.0,8900.0,8925.0,40929600
2023-05-10T00:00:00Z,8925.0,8950.0,8900.0,8925.0,45322600
2023-05-11T00:00:00Z,8900.0,8900.0,8800.0,8825.0,81993900
2023-05-12T00:00:00Z,8750.0,8875.0,8725.0,8800.0,96525600
2023-05-15T00:00:00Z,8875.0,8875.0,8725.0,8775.0,64830300
2023-05-16T00:00:00Z,8800.0,8825.0,8700.0,8700.0,49497000
2023-05-17T00:00:00Z,8775.0,8850.0,8750.0,8775.0,69996100
2023-05-19T00:00:00Z,8900.0,9000.0,8825.0,9000.0,123592500
2023-05-22T00:00:00Z,9000.0,9075.0,8925.0,9000.0,91000000
2023-05-23T00:00:00Z,9050.0,9150.0,9025.0,9125.0,102980500
2023-05-24T00:00:00Z,9200.0,9200.0,9025.0,9025.0,77392900
2023-05-25T00:00:00Z,9100.0,9150.0,9050.0,9050.0,76325700
2023-05-26T00:00:00Z,9175.0,9200.0,9100.0,9150.0,55675900
2023-05-29T00:00:00Z,9250.0,9250.0,9075.0,9150.0,79148200
2023-05-30T00:00:00Z,9200.0,9325.0,9150.0,9250.0,97189500
2023-05-31T00:00:00Z,9300.0,9325.0,9050.0,9050.0,722827900
2023-06-05T00:00:00Z,9150.0,9325.0,9100.0,9200.0,163535600
2023-06-06T00:00:00Z,9050.0,9200.0,9050.0,9150.0,74872200
2023-06-07T00:00:00Z,9125.0,9175.0,9075.0,9100.0,87492200
2023-06-08T00:00:00Z,9075.0,9125.0,9075.0,9125.0,53188400
2023-06-09T00:00:00Z,9175.0,9175.0,9100.0,9100.0,44632400
2023-06-12T00:00:00Z,9150.0,9150.0,9100.0,9150.0,38082300
2023-06-13T00:00:00Z,9175.0,9175.0,9100.0,9150.0,45552600
2023-06-14T00:00:00Z,9100.0,9125.0,9050.0,9075.0,72223700
2023-06-15T00:00:00Z,9100.0,9100.0,9050.0,9050.0,59073000
2023-06-16T00:00:00Z,9100.0,9100.0,8975.0,9050.0,112769400
2023-06-19T00:00:00Z,9000.0,9050.0,9000.0,9000.0,32330600
2023-06-20T00:00:00Z,9025.0,9050.0,8950.0,9050.0,54990100
2023-06-21T00:00:00Z,9050.0,9125.0,9000.0,9125.0,42676300
2023-06-22T00:00:00Z,9125.0,9150.0,9050.0,9050.0,48291100
2023-06-23T00:00:00Z,9025.0,9150.0,9025.0,9050.0,47813500
2023-06-26T00:00:00Z,9025.0,9125.0,9025.0,9075.0,36389900
2023-06-27T00:00:00Z,9050.0,9150.0,9050.0,9150.0,36225100
2023-07-03T00:00:00Z,9025.0,9075.0,9025.0,9075.0,108855900
2023-07-04T00:00:00Z,9150.0,9150.0,9050.0,9050.0,35049300
2023-07-05T00:00:00Z,9050.0,9075.0,9025.0,9050.0,44609200
2023-07-06T00:00:00Z,9050.0,9100.0,9025.0,9075.0,52532400
2023-07-07T00:00:00Z,9025.0,9100.0,9025.0,9025.0,37641300
2023-07-10T00:00:00Z,9100.0,9100.0,9050.0,9050.0,28981500
2023-07-11T00:00:00Z,9100.0,9100.0,9025.0,9025.0,43703500
2023-07-12T00:00:00Z,9075.0,9175.0,9050.0,9175.0,61566500
2023-07-13T00:00:00Z,9200.0,9225.0,9125.0,9125.0,65230900
2023-07-14T00:00:00Z,9175.0,9200.0,9125.0,9200.0,55554500
2023-07-17T00:00:00Z,9200.0,9250.0,9175.0,9175.0,62550100
2023-07-18T00:00:00Z,9200.0,9250.0,9100.0,9150.0,52924600
2023-07-20T00:00:00Z,9200.0,9225.0,9125.0,9150.0,83476600
2023-07-21T00:00:00Z,9150.0,9175.0,9125.0,9150.0,42667800
2023-07-24T00:00:00Z,9200.0,9200.0,9100.0,9100.0,62061200
2023-07-25T00:00:00Z,9175.0,9300.0,9150.0,9150.0,122802700
2023-07-26T00:00:00Z,9175.0,9350.0,9125.0,9350.0,113868700
2023-07-27T00:00:00Z,9400.0,9400.0,9225.0,9225.0,77848400
2023-07-28T00:00:00Z,9200.0,9225.0,9125.0,9125.0,74510200
2023-07-31T00:00:00Z,9175.0,9200.0,9100.0,9125.0,80868000
2023-08-01T00:00:00Z,9175.0,9175.0,9100.0,9125.0,49756400
2023-08-02T00:00:00Z,9125.0,9200.0,9125.0,9200.0,60629900
2023-08-03T00:00:00Z,9150.0,9300.0,9150.0,9250.0,64596100
2023-08-04T00:00:00Z,9250.0,9275.0,9125.0,9150.0,52675900
2023-08-07T00:00:00Z,9150.0,9275.0,9150.0,9275.0,55589300
2023-08-08T00:00:00Z,9275.0,9300.0,9200.0,9200.0,43373400
2023-08-09T00:00:00Z,9275.0,9400.0,9250.0,9400.0,77056800
2023-08-10T00:00:00Z,9400.0,9425.0,9350.0,9400.0,76738100
2023-08-11T00:00:00Z,9425.0,9450.0,9375.0,9400.0,68898600
2023-08-14T00:00:00Z,9325.0,9350.0,9225.0,9350.0,75495400
2023-08-15T00:00:00Z,9325.0,9375.0,9300.0,9300.0,59303700
2023-08-16T00:00:00Z,9275.0,9325.0,9250.0,9300.0,53440000
2023-08-18T00:00:00Z,9250.0,9350.0,9250.0,9250.0,79328900
2023-08-21T00:00:00Z,9225.0,9250.0,9175.0,9175.0,73573000
2023-08-22T00:00:00Z,9150.0,9325.0,9150.0,9300.0,65664600
2023-08-23T00:00:00Z,9300.0,9325.0,9275.0,9300.0,63749800
2023-08-24T00:00:00Z,9250.0,9325.0,9200.0,9200.0,53725900
2023-08-25T00:00:00Z,9200.0,9275.0,9175.0,9275.0,50379000
2023-08-28T00:00:00Z,9250.0,9250.0,9200.0,9200.0,44423100
2023-08-29T00:00:00Z,9275.0,9300.0,9200.0,9250.0,45428500
2023-08-30T00:00:00Z,9300.0,9300.0,9200.0,9200.0,56227000
2023-08-31T00:00:00Z,9200.0,9225.0,9100.0,9175.0,136107200
2023-09-01T00:00:00Z,9200.0,9275.0,9175.0,9225.0,42152700
2023-09-04T00:00:00Z,9225.0,9275.0,9175.0,9225.0,40610600
2023-09-05T00:00:00Z,9250.0,9250.0,9200.0,9225.0,42007200
2023-09-06T00:00:00Z,9200.0,9250.0,9150.0,9150.0,49318400
2023-09-07T00:00:00Z,9125.0,9175.0,9100.0,9175.0,61405200
2023-09-08T00:00:00Z,9100.0,9150.0,9050.0,9125.0,80732300
2023-09-11T00:00:00Z,9075.0,9125.0,9075.0,9125.0,53155900
2023-09-12T00:00:00Z,9100.0,9125.0,9075.0,9100.0,66479000
2023-09-13T00:00:00Z,9050.0,9075.0,9000.0,9075.0,69490200
2023-09-14T00:00:00Z,9000.0,9125.0,9000.0,9100.0,112757900
2023-09-15T00:00:00Z,9050.0,9100.0,9000.0,9000.0,121005300
2023-09-18T00:00:00Z,9050.0,9075.0,9000.0,9000.0,34272200
2023-09-19T00:00:00Z,9000.0,9075.0,8975.0,9075.0,33325800
2023-09-20T00:00:00Z,9125.0,9175.0,9075.0,9150.0,54305500
2023-09-21T00:00:00Z,9125.0,9150.0,9075.0,9125.0,40607000
2023-09-22T00:00:00Z,9125.0,9150.0,9075.0,9075.0,42445300
2023-09-25T00:00:00Z,9075.0,9075.0,9000.0,9000.0,56132200
2023-09-26T00:00:00Z,9000.0,9025.0,8950.0,8950.0,73544700
2023-09-27T00:00:00Z,8900.0,9000.0,8875.0,8875.0,84345000
2023-09-29T00:00:00Z,8825.0,8900.0,8825.0,8825.0,118960000
2023-10-02T00:00:00Z,8900.0,9100.0,8875.0,9075.0,93663000
2023-10-03T00:00:00Z,9075.0,9200.0,9025.0,9200.0,98380200
2023-10-04T00:00:00Z,9200.0,9250.0,9125.0,9200.0,112582800
2023-10-05T00:00:00Z,9200.0,9200.0,9075.0,9075.0,72855700
2023-10-06T00:00:00Z,9100.0,9100.0,9025.0,9025.0,53344400
2023-10-09T00:00:00Z,9025.0,9125.0,9025.0,9050.0,43774500
2023-10-10T00:00:00Z,9000.0,9000.0,8925.0,8925.0,71966100
2023-10-11T00:00:00Z,8925.0,9025.0,8925.0,8925.0,84305800
2023-10-12T00:00:00Z,9000.0,9100.0,9000.0,9050.0,71064500
2023-10-13T00:00:00Z,9100.0,9125.0,9025.0,9075.0,62941800
2023-10-16T00:00:00Z,9125.0,9125.0,9050.0,9100.0,29429200
2023-10-17T00:00:00Z,9050.0,9075.0,8950.0,8950.0,59606000
2023-10-18T00:00:00Z,8925.0,8950.0,8850.0,8850.0,50919200
2023-10-19T00:00:00Z,8825.0,8850.0,8750.0,8750.0,89509700
2023-10-20T00:00:00Z,8725.0,9025.0,8725.0,8975.0,64554500
2023-10-23T00:00:00Z,8875.0,8925.0,8850.0,8850.0,50633500
2023-10-24T00:00:00Z,8775.0,8875.0,8775.0,8775.0,76963200
2023-10-25T00:00:00Z,8825.0,8925.0,8825.0,8875.0,54748400
2023-10-26T00:00:00Z,8925.0,8950.0,8725.0,8725.0,63199400
2023-10-27T00:00:00Z,8725.0,8800.0,8700.0,8700.0,52450700
2023-10-30T00:00:00Z,8700.0,8850.0,8700.0,8850.0,51958200
2023-10-31T00:00:00Z,8800.0,8825.0,8725.0,8750.0,64907600
2023-11-01T00:00:00Z,8750.0,8775.0,8600.0,8600.0,67027600
2023-11-02T00:00:00Z,8725.0,8900.0,8725.0,8850.0,56050900
2023-11-03T00:00:00Z,8925.0,8950.0,8850.0,8900.0,60414100
2023-11-06T00:00:00Z,8975.0,9050.0,8950.0,9050.0,84994200
2023-11-07T00:00:00Z,9000.0,9025.0,8900.0,8975.0,60648200
2023-11-08T00:00:00Z,8950.0,9000.0,8900.0,9000.0,31829300
2023-11-09T00:00:00Z,8900.0,9050.0,8900.0,9000.0,46076800
2023-11-10T00:00:00Z,8950.0,9000.0,8825.0,8825.0,50754600
2023-11-13T00:00:00Z,8875.0,8925.0,8850.0,8875.0,20827700
2023-11-14T00:00:00Z,8900.0,8950.0,8875.0,8925.0,37195700
2023-11-15T00:00:00Z,8975.0,9050.0,8950.0,9050.0,84977900
2023-11-16T00:00:00Z,9050.0,9075.0,8950.0,9075.0,48714300
2023-11-17T00:00:00Z,9025.0,9075.0,8975.0,9075.0,57050500
2023-11-20T00:00:00Z,8975.0,9025.0,8875.0,8875.0,49216000
2023-11-21T00:00:00Z,8825.0,8900.0,8775.0,8775.0,107614800
2023-11-22T00:00:00Z,8775.0,8875.0,8775.0,8875.0,40364800
2023-11-23T00:00:00Z,8850.0,8975.0,8850.0,8925.0,55542100
2023-11-24T00:00:00Z,8925.0,8975.0,8900.0,8925.0,43631900
2023-11-27T00:00:00Z,8900.0,8950.0,8875.0,8875.0,35679000
2023-11-28T00:00:00Z,8875.0,8950.0,8850.0,8875.0,69070600
2023-11-29T00:00:00Z,8900.0,8950.0,8900.0,8900.0,54715600
2023-11-30T00:00:00Z,8925.0,8975.0,8900.0,8975.0,205312100
2023-12-01T00:00:00Z,8925.0,8975.0,8900.0,8950.0,80566400
2023-12-04T00:00:00Z,8950.0,9025.0,8925.0,8925.0,54747400
2023-12-05T00:00:00Z,8950.0,8950.0,8825.0,8900.0,94363900
2023-12-06T00:00:00Z,8850.0,8950.0,8800.0,8800.0,81852800
2023-12-07T00:00:00Z,8750.0,8825.0,8725.0,8825.0,91322500
2023-12-08T00:00:00Z,8800.0,8850.0,8750.0,8750.0,43891600
2023-12-11T00:00:00Z,8675.0,8775.0,8675.0,8750.0,78642800
2023-12-12T00:00:00Z,8700.0,8750.0,8700.0,8700.0,87589300
2023-12-13T00:00:00Z,8700.0,8750.0,8675.0,8675.0,51560500
2023-12-14T00:00:00Z,8775.0,9050.0,8750.0,9050.0,115332800
2023-12-15T00:00:00Z,9125.0,9225.0,9075.0,9225.0,275013500
2023-12-18T00:00:00Z,9200.0,9225.0,9150.0,9200.0,111712200
2023-12-19T00:00:00Z,9125.0,9250.0,9125.0,9250.0,65174500
2023-12-20T00:00:00Z,9250.0,9300.0,9225.0,9300.0,72938100
2023-12-21T00:00:00Z,9300.0,9325.0,9250.0,9325.0,88116700
2023-12-22T00:00:00Z,9275.0,9350.0,9275.0,9325.0,64449600
2023-12-27T00:00:00Z,9375.0,9400.0,9325.0,9375.0,64464700
2023-12-28T00:00:00Z,9325.0,9425.0,9325.0,9400.0,70184600
2023-12-29T00:00:00Z,9425.0,9450.0,9350.0,9400.0,79903400
2024-01-02T00:00:00Z,9400.0,9425.0,9350.0,9425.0,30545200
2024-01-03T00:00:00Z,9425.0,9425.0,9325.0,9350.0,34603300
2024-01-04T00:00:00Z,9400.0,9475.0,9375.0,9475.0,56501800
2024-01-05T00:00:00Z,9500.0,9600.0,9475.0,9575.0,85290100
2024-01-08T00:00:00Z,9600.0,9625.0,9475.0,9575.0,50896000
2024-01-09T00:00:00Z,9600.0,9625.0,9575.0,9625.0,59848600
2024-01-10T00:00:00Z,9650.0,9650.0,9550.0,9550.0,52774900
2024-01-11T00:00:00Z,9625.0,9650.0,9575.0,9575.0,39381500
2024-01-12T00:00:00Z,9650.0,9700.0,9600.0,9700.0,68253400
2024-01-15T00:00:00Z,9750.0,9750.0,9650.0,9725.0,88399500
2024-01-16T00:00:00Z,9700.0,9750.0,9675.0,9700.0,44869200
2024-01-17T00:00:00Z,9750.0,9750.0,9650.0,9750.0,107706100
2024-01-18T00:00:00Z,9675.0,9750.0,9625.0,9675.0,71048900
2024-01-19T00:00:00Z,9775.0,9775.0,9600.0,9625.0,63176500
2024-01-22T00:00:00Z,9600.0,9650.0,9525.0,9625.0,52868300
2024-01-23T00:00:00Z,9450.0,9600.0,9450.0,9600.0,92348600
2024-01-24T00:00:00Z,9600.0,9600.0,9475.0,9525.0,84906000
2024-01-25T00:00:00Z,9450.0,9575.0,9450.0,9500.0,63212700
2024-01-26T00:00:00Z,9400.0,9450.0,9300.0,9350.0,78977300
2024-01-29T00:00:00Z,9400.0,9550.0,9375.0,9550.0,73452800
2024-01-30T00:00:00Z,9500.0,9650.0,9475.0,9650.0,73136400
2024-01-31T00:00:00Z,9700.0,9700.0,9550.0,9550.0,102581200
2024-02-01T00:00:00Z,9650.0,9725.0,9575.0,9700.0,104208700
2024-02-02T00:00:00Z,9775.0,9800.0,9625.0,9700.0,99324000
2024-02-05T00:00:00Z,9675.0,9675.0,9525.0,9575.0,57983300
2024-02-06T00:00:00Z,9750.0,9750.0,9625.0,9625.0,87651000
2024-02-07T00:00:00Z,9700.0,9725.0,9650.0,9700.0,92953500
2024-02-12T00:00:00Z,9750.0,9800.0,9700.0,9800.0,87949400
2024-02-13T00:00:00Z,9750.0,9800.0,9700.0,9725.0,66072400
2024-02-15T00:00:00Z,9950.0,9975.0,9850.0,9850.0,164748900
2024-02-16T00:00:00Z,9975.0,10000.0,9875.0,9950.0,142277200
2024-02-19T00:00:00Z,9900.0,9975.0,9825.0,9875.0,53341300
2024-02-20T00:00:00Z,9850.0,10025.0,9850.0,10025.0,63997700
2024-02-21T00:00:00Z,9950.0,10000.0,9850.0,9975.0,75371600
2024-02-22T00:00:00Z,9975.0,9975.0,9875.0,9875.0,66913000
2024-02-23T00:00:00Z,9900.0,9925.0,9800.0,9825.0,55192300
2024-02-26T00:00:00Z,9750.0,9875.0,9725.0,9800.0,41356000
2024-02-27T00:00:00Z,9750.0,9900.0,9750.0,9875.0,43735800
2024-02-28T00:00:00Z,9975.0,10000.0,9900.0,10000.0,54043100
2024-02-29T00:00:00Z,10000.0,10000.0,9850.0,9875.0,126671200
2024-03-01T00:00:00Z,9900.0,9925.0,9800.0,9825.0,51520600
2024-03-04T00:00:00Z,9800.0,9825.0,9750.0,9750.0,43822900
2024-03-05T00:00:00Z,9900.0,9900.0,9775.0,9800.0,61952900
2024-03-06T00:00:00Z,9900.0,10000.0,9775.0,9950.0,70242200
2024-03-07T00:00:00Z,10050.0,10175.0,10000.0,10125.0,118369300
2024-03-08T00:00:00Z,10250.0,10300.0,10125.0,10150.0,100947200
2024-03-13T00:00:00Z,10400.0,10400.0,10000.0,10000.0,141622600
2024-03-14T00:00:00Z,10050.0,10325.0,10025.0,10325.0,110681100
2024-03-15T00:00:00Z,10200.0,10300.0,10050.0,10150.0,154176800
2024-03-18T00:00:00Z,10175.0,10275.0,10150.0,10150.0,62444100
2024-03-19T00:00:00Z,10150.0,10250.0,10150.0,10175.0,55004800
2024-03-20T00:00:00Z,10100.0,10150.0,10075.0,10125.0,66269700
2024-03-21T00:00:00Z,10175.0,10225.0,10050.0,10125.0,90279400
2024-03-22T00:00:00Z,10000.0,10125.0,9950.0,10100.0,91968200
2024-03-25T00:00:00Z,10075.0,10075.0,9925.0,10075.0,66971000
2024-03-26T00:00:00Z,10050.0,10050.0,9950.0,10050.0,65742700
2024-03-27T00:00:00Z,10025.0,10075.0,10000.0,10075.0,39514100
2024-03-28T00:00:00Z,10025.0,10100.0,9975.0,10075.0,79229700
2024-04-01T00:00:00Z,10075.0,10100.0,9825.0,9850.0,79248700
2024-04-02T00:00:00Z,9925.0,9950.0,9800.0,9900.0,76763100
2024-04-03T00:00:00Z,9750.0,9800.0,9525.0,9525.0,177418400
2024-04-04T00:00:00Z,9575.0,9850.0,9575.0,9850.0,75993500
2024-04-05T00:00:00Z,9950.0,9950.0,9825.0,9825.0,70428600
2024-04-16T00:00:00Z,9350.0,9575.0,9250.0,9475.0,283265900
2024-04-17T00:00:00Z,9550.0,9675.0,9525.0,9525.0,95620700
2024-04-18T00:00:00Z,9525.0,9575.0,9450.0,9475.0,127134000
2024-04-19T00:00:00Z,9350.0,9500.0,9300.0,9475.0,147784300
2024-04-22T00:00:00Z,9400.0,9425.0,9350.0,9350.0,128908000
2024-04-23T00:00:00Z,9400.0,9775.0,9400.0,9725.0,178833000
2024-04-24T00:00:00Z,9825.0,9950.0,9750.0,9950.0,132832700
2024-04-25T00:00:00Z,10000.0,10000.0,9700.0,9775.0,104874100
2024-04-26T00:00:00Z,9700.0,9825.0,9625.0,9625.0,100932900
2024-04-29T00:00:00Z,9525.0,9850.0,9525.0,9800.0,90063500
2024-04-30T00:00:00Z,10050.0,10050.0,9800.0,9800.0,109623000
2024-05-02T00:00:00Z,9900.0,9900.0,9500.0,9550.0,97079400
2024-05-03T00:00:00Z,9750.0,9850.0,9675.0,9850.0,81200400
2024-05-06T00:00:00Z,9850.0,9875.0,9775.0,9800.0,53076200
2024-05-07T00:00:00Z,9700.0,9750.0,9625.0,9700.0,66746800
2024-05-08T00:00:00Z,9600.0,9700.0,9375.0,9375.0,112808900
2024-05-13T00:00:00Z,9200.0,9525.0,9200.0,9525.0,145469900
2024-05-14T00:00:00Z,9625.0,9675.0,9525.0,9550.0,95363500
2024-05-15T00:00:00Z,9500.0,9600.0,9425.0,9500.0,54741900
2024-05-16T00:00:00Z,9575.0,9675.0,9525.0,9600.0,61126000
2024-05-17T00:00:00Z,9600.0,9850.0,9575.0,9750.0,99848500
2024-05-20T00:00:00Z,9700.0,9800.0,9475.0,9475.0,87890100
2024-05-21T00:00:00Z,9450.0,9575.0,9375.0,9375.0,75311400
2024-05-22T00:00:00Z,9475.0,9575.0,9325.0,9425.0,121712700
2024-05-27T00:00:00Z,9300.0,9375.0,9275.0,9300.0,128578500
2024-05-28T00:00:00Z,9300.0,9400.0,9300.0,9300.0,73945700
2024-05-29T00:00:00Z,9275.0,9325.0,9150.0,9150.0,117351600
2024-05-30T00:00:00Z,9000.0,9250.0,8775.0,9000.0,207115100
2024-05-31T00:00:00Z,9100.0,9250.0,9025.0,9250.0,756431600
2024-06-03T00:00:00Z,9350.0,9350.0,9225.0,9275.0,72197700
2024-06-04T00:00:00Z,9525.0,9525.0,9350.0,9350.0,75353100
2024-06-05T00:00:00Z,9500.0,9500.0,9300.0,9450.0,82087300
2024-06-06T00:00:00Z,9525.0,9525.0,9450.0,9475.0,44991300
2024-06-07T00:00:00Z,9500.0,9500.0,9325.0,9325.0,51599800
2024-06-10T00:00:00Z,9500.0,9525.0,9450.0,9525.0,45584700
2024-06-11T00:00:00Z,9550.0,9550.0,9300.0,9300.0,68690900
2024-06-12T00:00:00Z,9300.0,9325.0,9250.0,9250.0,49785700
2024-06-13T00:00:00Z,9475.0,9475.0,9200.0,9200.0,84652200
2024-06-14T00:00:00Z,9200.0,9250.0,9100.0,9200.0,52986300
2024-06-19T00:00:00Z,9250.0,9250.0,9050.0,9050.0,100051000
2024-06-20T00:00:00Z,9150.0,9425.0,9100.0,9425.0,81474800
2024-06-21T00:00:00Z,9475.0,9675.0,9400.0,9600.0,166841200
2024-06-24T00:00:00Z,9600.0,9750.0,9575.0,9600.0,79592300
2024-06-25T00:00:00Z,9600.0,9600.0,9450.0,9600.0,80029000
2024-06-26T00:00:00Z,9525.0,9650.0,9450.0,9500.0,77913200
2024-06-27T00:00:00Z,9575.0,9750.0,9550.0,9750.0,89150700
2024-06-28T00:00:00Z,9800.0,9975.0,9775.0,9925.0,166172300
2024-07-01T00:00:00Z,9850.0,9900.0,9825.0,9875.0,68634600
2024-07-02T00:00:00Z,10000.0,10000.0,9850.0,9900.0,78848500
2024-07-03T00:00:00Z,9975.0,10000.0,9925.0,10000.0,55860200
2024-07-04T00:00:00Z,9975.0,10000.0,9825.0,9825.0,67054000
2024-07-05T00:00:00Z,9925.0,9975.0,9875.0,9950.0,36946900
2024-07-08T00:00:00Z,10000.0,10050.0,9950.0,10050.0,72903600
2024-07-09T00:00:00Z,10100.0,10150.0,10075.0,10075.0,61853200
2024-07-10T00:00:00Z,10175.0,10225.0,10050.0,10100.0,62325900
2024-07-11T00:00:00Z,10000.0,10125.0,10000.0,10075.0,55908400
2024-07-12T00:00:00Z,10050.0,10100.0,10025.0,10075.0,62646500
2024-07-15T00:00:00Z,10050.0,10075.0,9950.0,10050.0,36682600
2024-07-16T00:00:00Z,9975.0,10025.0,9950.0,9950.0,37192700
2024-07-17T00:00:00Z,9900.0,9950.0,9800.0,9800.0,90666000
2024-07-18T00:00:00Z,9800.0,10100.0,9800.0,10100.0,65383200
2024-07-19T00:00:00Z,10050.0,10125.0,9975.0,10125.0,53880300
2024-07-22T00:00:00Z,10125.0,10150.0,10100.0,10100.0,31285300
2024-07-23T00:00:00Z,10200.0,10200.0,10125.0,10175.0,39321100
2024-07-24T00:00:00Z,10125.0,10175.0,10075.0,10075.0,24658000
2024-07-25T00:00:00Z,10225.0,10300.0,10200.0,10300.0,98088100
2024-07-26T00:00:00Z,10375.0,10400.0,10300.0,10325.0,75565800
2024-07-29T00:00:00Z,10400.0,10425.0,10175.0,10250.0,69092500
2024-07-30T00:00:00Z,10300.0,10300.0,10175.0,10175.0,32122900
2024-07-31T00:00:00Z,10350.0,10350.0,10225.0,10275.0,82519900
2024-08-01T00:00:00Z,10200.0,10375.0,10200.0,10375.0,61176200
2024-08-02T00:00:00Z,10275.0,10350.0,10200.0,10200.0,55699900
2024-08-05T00:00:00Z,10000.0,10150.0,9875.0,9875.0,126328300
2024-08-06T00:00:00Z,10075.0,10075.0,9950.0,10000.0,78473900
2024-08-07T00:00:00Z,10000.0,10100.0,10000.0,10100.0,52327400
2024-08-08T00:00:00Z,10150.0,10225.0,10075.0,10225.0,54162100
2024-08-09T00:00:00Z,10225.0,10250.0,10100.0,10150.0,47062400
2024-08-12T00:00:00Z,10100.0,10200.0,10075.0,10200.0,40364100
2024-08-13T00:00:00Z,10250.0,10300.0,10175.0,10300.0,55207100
2024-08-14T00:00:00Z,10300.0,10300.0,10200.0,10200.0,47999100
2024-08-15T00:00:00Z,10200.0,10300.0,10175.0,10225.0,33396600
2024-08-16T00:00:00Z,10300.0,10325.0,10250.0,10325.0,40731400
2024-08-19T00:00:00Z,10325.0,10425.0,10275.0,10375.0,51054400
2024-08-20T00:00:00Z,10325.0,10450.0,10300.0,10425.0,60304400
2024-08-21T00:00:00Z,10500.0,10500.0,10425.0,10425.0,84848800
2024-08-22T00:00:00Z,10350.0,10400.0,10225.0,10325.0,56611600
2024-08-23T00:00:00Z,10325.0,10375.0,10300.0,10325.0,46651600
2024-08-26T00:00:00Z,10275.0,10375.0,10250.0,10325.0,35145600
2024-08-27T00:00:00Z,10275.0,10300.0,10175.0,10200.0,60448400
2024-08-28T00:00:00Z,10300.0,10350.0,10250.0,10350.0,38489900
2024-08-29T00:00:00Z,10500.0,10500.0,10225.0,10225.0,53004700
2024-08-30T00:00:00Z,10325.0,10325.0,10200.0,10325.0,158403700
2024-09-02T00:00:00Z,10375.0,10375.0,10200.0,10275.0,72008600
2024-09-03T00:00:00Z,10325.0,10325.0,10150.0,10175.0,50950200
2024-09-04T00:00:00Z,10150.0,10300.0,10125.0,10300.0,44817000
2024-09-05T00:00:00Z,10350.0,10350.0,10250.0,10250.0,39332900
2024-09-06T00:00:00Z,10225.0,10300.0,10225.0,10300.0,31541800
2024-09-09T00:00:00Z,10300.0,10350.0,10200.0,10275.0,36185100
2024-09-10T00:00:00Z,10350.0,10350.0,10275.0,10350.0,55093100
2024-09-11T00:00:00Z,10425.0,10425.0,10350.0,10425.0,64621300
2024-09-12T00:00:00Z,10450.0,10500.0,10375.0,10475.0,70759100
2024-09-13T00:00:00Z,10400.0,10425.0,10325.0,10425.0,70057100
2024-09-17T00:00:00Z,10450.0,10500.0,10350.0,10500.0,89745000
2024-09-18T00:00:00Z,10500.0,10625.0,10450.0,10625.0,65420200
2024-09-19T00:00:00Z,10700.0,10900.0,10650.0,10900.0,140886600
2024-09-20T00:00:00Z,10900.0,10900.0,10775.0,10775.0,142194600
2024-09-23T00:00:00Z,10725.0,10950.0,10725.0,10950.0,72553800
2024-09-24T00:00:00Z,10775.0,10950.0,10775.0,10800.0,105191100
2024-09-25T00:00:00Z,10675.0,10850.0,10525.0,10850.0,158369100
2024-09-26T00:00:00Z,10875.0,10875.0,10675.0,10700.0,84960100
2024-09-27T00:00:00Z,10500.0,10750.0,10400.0,10650.0,93027400
2024-09-30T00:00:00Z,10475.0,10550.0,10325.0,10325.0,144692100
2024-10-01T00:00:00Z,10400.0,10550.0,10375.0,10550.0,59797700
2024-10-02T00:00:00Z,10325.0,10550.0,10325.0,10500.0,86746200
2024-10-03T00:00:00Z,10450.0,10525.0,10400.0,10450.0,60887000
2024-10-04T00:00:00Z,10400.0,10475.0,10350.0,10475.0,58500400
2024-10-07T00:00:00Z,10350.0,10375.0,10250.0,10300.0,91867900
2024-10-08T00:00:00Z,10200.0,10500.0,10150.0,10400.0,99622900
2024-10-09T00:00:00Z,10400.0,10525.0,10400.0,10425.0,56835200
2024-10-10T00:00:00Z,10425.0,10500.0,10400.0,10500.0,51080000
2024-10-11T00:00:00Z,10575.0,10575.0,10375.0,10375.0,44632100
2024-10-14T00:00:00Z,10375.0,10500.0,10375.0,10500.0,31738600
2024-10-15T00:00:00Z,10550.0,10625.0,10450.0,10625.0,66635200
2024-10-16T00:00:00Z,10700.0,10725.0,10475.0,10475.0,63255900
2024-10-17T00:00:00Z,10550.0,10800.0,10500.0,10725.0,66993300
2024-10-18T00:00:00Z,10875.0,10875.0,10725.0,10750.0,56299600
2024-10-21T00:00:00Z,10850.0,10850.0,10675.0,10675.0,36472500
2024-10-22T00:00:00Z,10475.0,10600.0,10475.0,10500.0,94799500
2024-10-23T00:00:00Z,10475.0,10650.0,10475.0,10650.0,48903000
2024-10-24T00:00:00Z,10725.0,10850.0,10700.0,10700.0,85341200
2024-10-25T00:00:00Z,10650.0,10750.0,10625.0,10750.0,34847500
2024-10-28T00:00:00Z,10825.0,10825.0,10600.0,10600.0,39061500
2024-10-29T00:00:00Z,10525.0,10575.0,10500.0,10500.0,49680100
2024-10-30T00:00:00Z,10275.0,10400.0,10275.0,10350.0,114484100
2024-10-31T00:00:00Z,10325.0,10475.0,10250.0,10250.0,97553400
2024-11-01T00:00:00Z,10275.0,10425.0,10275.0,10425.0,47710000
2024-11-04T00:00:00Z,10425.0,10500.0,10300.0,10375.0,49275700
2024-11-05T00:00:00Z,10300.0,10575.0,10300.0,10500.0,50296500
2024-11-06T00:00:00Z,10475.0,10500.0,10375.0,10450.0,50324900
2024-11-07T00:00:00Z,10325.0,10450.0,10175.0,10175.0,131579100
2024-11-08T00:00:00Z,10200.0,10225.0,10050.0,10075.0,92166100
2024-11-11T00:00:00Z,9800.0,10050.0,9800.0,10050.0,128707600
2024-11-12T00:00:00Z,10100.0,10225.0,10000.0,10150.0,80378500
2024-11-13T00:00:00Z,10225.0,10250.0,10150.0,10150.0,62933100
2024-11-14T00:00:00Z,10125.0,10175.0,10050.0,10100.0,56381400
2024-11-15T00:00:00Z,10050.0,10275.0,10050.0,10175.0,63598200
2024-11-18T00:00:00Z,10075.0,10125.0,10000.0,10000.0,65716200
2024-11-19T00:00:00Z,9900.0,10025.0,9900.0,9925.0,85295300
2024-11-20T00:00:00Z,10025.0,10150.0,10000.0,10075.0,58584400
2024-11-21T00:00:00Z,10000.0,10000.0,9850.0,9850.0,93181200
2024-11-22T00:00:00Z,9925.0,9950.0,9850.0,9850.0,58396100
2024-11-25T00:00:00Z,9950.0,10200.0,9900.0,10175.0,165369400
2024-11-26T00:00:00Z,10250.0,10250.0,10000.0,10000.0,62310100
2024-11-28T00:00:00Z,9975.0,10075.0,9925.0,10000.0,57443500
2024-11-29T00:00:00Z,10000.0,10100.0,9950.0,10000.0,76886000
2024-12-02T00:00:00Z,10000.0,10050.0,9750.0,9750.0,87879600
2024-12-03T00:00:00Z,10025.0,10225.0,9900.0,10200.0,126087100
2024-12-04T00:00:00Z,10175.0,10250.0,10050.0,10200.0,97876300
2024-12-05T00:00:00Z,10250.0,10350.0,10225.0,10250.0,96904400
2024-12-06T00:00:00Z,10100.0,10175.0,10050.0,10075.0,68247200
2024-12-09T00:00:00Z,10025.0,10350.0,10000.0,10350.0,64458400
2024-12-10T00:00:00Z,10325.0,10350.0,10275.0,10350.0,61230400
2024-12-11T00:00:00Z,10225.0,10425.0,10225.0,10425.0,37934300
2024-12-12T00:00:00Z,10300.0,10375.0,10175.0,10175.0,44780100
2024-12-13T00:00:00Z,10125.0,10225.0,10025.0,10050.0,75126400
2024-12-16T00:00:00Z,10000.0,10125.0,10000.0,10100.0,57746100
2024-12-17T00:00:00Z,9950.0,10050.0,9900.0,9900.0,99845900
2024-12-18T00:00:00Z,9900.0,10025.0,9800.0,9800.0,84868500
2024-12-19T00:00:00Z,9700.0,9775.0,9550.0,9675.0,104254100
2024-12-20T00:00:00Z,9650.0,9750.0,9625.0,9650.0,91576900
2024-12-23T00:00:00Z,9700.0,9850.0,9700.0,9775.0,43292100
2024-12-24T00:00:00Z,9850.0,9900.0,9750.0,9750.0,32415700
2024-12-27T00:00:00Z,9800.0,9825.0,9725.0,9800.0,24016700
2024-12-30T00:00:00Z,9800.0,9825.0,9675.0,9675.0,56350100
2025-01-02T00:00:00Z,9650.0,9900.0,9650.0,9900.0,38124800
2025-01-03T00:00:00Z,9850.0,9925.0,9825.0,9850.0,41916000
2025-01-06T00:00:00Z,9850.0,9875.0,9650.0,9675.0,41593900
2025-01-07T00:00:00Z,9675.0,9725.0,9525.0,9525.0,71318600
2025-01-08T00:00:00Z,9675.0,9775.0,9575.0,9675.0,55943100
2025-01-09T00:00:00Z,9750.0,9875.0,9725.0,9850.0,42733800
2025-01-10T00:00:00Z,9800.0,9925.0,9725.0,9725.0,72531300
2025-01-13T00:00:00Z,9625.0,9725.0,9625.0,9675.0,88270100
2025-01-14T00:00:00Z,9600.0,9725.0,9525.0,9525.0,70942600
2025-01-15T00:00:00Z,9575.0,9800.0,9550.0,9800.0,77098000
2025-01-16T00:00:00Z,9850.0,9925.0,9750.0,9750.0,76979000
2025-01-17T00:00:00Z,9750.0,9900.0,9650.0,9900.0,71033100
2025-01-20T00:00:00Z,9850.0,9875.0,9625.0,9625.0,112111200
2025-01-21T00:00:00Z,9600.0,9675.0,9550.0,9575.0,124547900
2025-01-22T00:00:00Z,9650.0,9675.0,9575.0,9600.0,90154800
2025-01-23T00:00:00Z,9600.0,9750.0,9600.0,9600.0,120515400
2025-01-24T00:00:00Z,9625.0,9650.0,9350.0,9350.0,152057000
2025-01-30T00:00:00Z,9150.0,9275.0,9150.0,9150.0,154645800
2025-01-31T00:00:00Z,9250.0,9500.0,9225.0,9450.0,112982800
2025-02-03T00:00:00Z,9400.0,9400.0,9225.0,9350.0,90439900
2025-02-04T00:00:00Z,9350.0,9400.0,9175.0,9175.0,94607700
2025-02-05T00:00:00Z,9100.0,9175.0,9100.0,9125.0,98229900
2025-02-06T00:00:00Z,9075.0,9100.0,8850.0,8950.0,171477800
2025-02-07T00:00:00Z,8950.0,9350.0,8825.0,9350.0,131162200
2025-02-10T00:00:00Z,9025.0,9250.0,9025.0,9150.0,76209100
2025-02-11T00:00:00Z,9025.0,9100.0,9000.0,9075.0,71188300
2025-02-12T00:00:00Z,8950.0,9150.0,8950.0,9150.0,121172600
2025-02-13T00:00:00Z,9100.0,9150.0,9000.0,9000.0,90439700
2025-02-14T00:00:00Z,9000.0,9075.0,8950.0,8975.0,116274500
2025-02-17T00:00:00Z,8975.0,9325.0,8975.0,9325.0,89096400
2025-02-18T00:00:00Z,9325.0,9575.0,9250.0,9300.0,107318300
2025-02-19T00:00:00Z,9225.0,9250.0,8950.0,8950.0,154438200
2025-02-20T00:00:00Z,8975.0,9025.0,8950.0,9000.0,119260800
2025-02-21T00:00:00Z,8950.0,9000.0,8925.0,9000.0,106054700
2025-02-24T00:00:00Z,8925.0,8975.0,8875.0,8925.0,108530300
2025-02-25T00:00:00Z,8900.0,9000.0,8825.0,8825.0,101592700
2025-02-26T00:00:00Z,8800.0,8900.0,8725.0,8775.0,117843500
2025-02-27T00:00:00Z,8800.0,8800.0,8500.0,8525.0,199991600
2025-02-28T00:00:00Z,8525.0,8675.0,8425.0,8425.0,293095000
2025-03-03T00:00:00Z,8600.0,8900.0,8550.0,8800.0,192944300
2025-03-04T00:00:00Z,8900.0,8925.0,8675.0,8850.0,125418500
2025-03-05T00:00:00Z,8825.0,9175.0,8825.0,9000.0,155207900
2025-03-06T00:00:00Z,9200.0,9200.0,8975.0,8975.0,96270100
2025-03-07T00:00:00Z,9000.0,9000.0,8925.0,8925.0,82295300
2025-03-10T00:00:00Z,8750.0,8975.0,8725.0,8925.0,97652100
2025-03-11T00:00:00Z,8950.0,9050.0,8875.0,8925.0,109295600
2025-03-12T00:00:00Z,9025.0,9125.0,8975.0,9125.0,87968900
2025-03-13T00:00:00Z,9150.0,9175.0,8975.0,8975.0,83030700
2025-03-14T00:00:00Z,8800.0,8925.0,8750.0,8750.0,111397800
2025-03-17T00:00:00Z,8750.0,8775.0,8550.0,8600.0,151365700
2025-03-18T00:00:00Z,8500.0,8550.0,8075.0,8300.0,417305700
2025-03-19T00:00:00Z,8300.0,8400.0,8225.0,8325.0,214108200
2025-03-20T00:00:00Z,8450.0,8475.0,8350.0,8375.0,152917300
2025-03-21T00:00:00Z,8275.0,8275.0,7900.0,7900.0,377916400
2025-03-24T00:00:00Z,7825.0,8100.0,7625.0,7950.0,331836800
2025-03-25T00:00:00Z,8075.0,8150.0,8000.0,8050.0,136341700
2025-03-26T00:00:00Z,8300.0,8650.0,8275.0,8525.0,283104600
2025-03-27T00:00:00Z,8425.0,8575.0,8375.0,8500.0,122943900
2025-04-08T00:00:00Z,7400.0,8000.0,7275.0,7775.0,533073600
2025-04-09T00:00:00Z,7700.0,7950.0,7675.0,7925.0,136753900
2025-04-10T00:00:00Z,8500.0,8650.0,8175.0,8225.0,144148600
2025-04-11T00:00:00Z,8200.0,8325.0,8050.0,8275.0,82603000
2025-04-14T00:00:00Z,8250.0,8400.0,8250.0,8400.0,83319300
2025-04-15T00:00:00Z,8575.0,8600.0,8450.0,8575.0,83431800
2025-04-16T00:00:00Z,8500.0,8550.0,8425.0,8475.0,76874900
2025-04-17T00:00:00Z,8450.0,8500.0,8350.0,8500.0,83540600
2025-04-21T00:00:00Z,8500.0,8500.0,8300.0,8300.0,40683800
2025-04-22T00:00:00Z,8325.0,8500.0,8325.0,8500.0,56537100
2025-04-23T00:00:00Z,8550.0,8725.0,8550.0,8725.0,92329600
2025-04-24T00:00:00Z,8850.0,8850.0,8475.0,8475.0,143675300
2025-04-25T00:00:00Z,8650.0,8650.0,8575.0,8600.0,58297000
2025-04-28T00:00:00Z,8750.0,8775.0,8650.0,8775.0,73235400
2025-04-29T00:00:00Z,8800.0,8825.0,8700.0,8725.0,60315700
2025-04-30T00:00:00Z,8800.0,8925.0,8675.0,8825.0,164597500
2025-05-02T00:00:00Z,9000.0,9000.0,8850.0,8975.0,92219000
2025-05-05T00:00:00Z,9000.0,9050.0,8975.0,8975.0,86385600
2025-05-06T00:00:00Z,9050.0,9050.0,8975.0,9025.0,48860500
2025-05-07T00:00:00Z,9075.0,9100.0,9000.0,9075.0,77382000
2025-05-08T00:00:00Z,9075.0,9200.0,8925.0,8975.0,99614500
2025-05-09T00:00:00Z,9050.0,9050.0,8975.0,9000.0,47167500
2025-05-14T00:00:00Z,9250.0,9300.0,9150.0,9275.0,149002900
2025-05-15T00:00:00Z,9275.0,9400.0,9250.0,9275.0,101401300
2025-05-16T00:00:00Z,9300.0,9325.0,9225.0,9300.0,63007500
2025-05-19T00:00:00Z,9275.0,9500.0,9250.0,9500.0,111597200
2025-05-20T00:00:00Z,9500.0,9675.0,9475.0,9475.0,160614800
2025-05-21T00:00:00Z,9700.0,9725.0,9550.0,9700.0,169739200
2025-05-22T00:00:00Z,9800.0,9800.0,9650.0,9650.0,103113000
2025-05-23T00:00:00Z,9675.0,9700.0,9625.0,9675.0,48521800
2025-05-26T00:00:00Z,9600.0,9650.0,9500.0,9625.0,56625300
2025-05-27T00:00:00Z,9550.0,9600.0,9450.0,9450.0,93212000
2025-05-28T00:00:00Z,9450.0,9550.0,9400.0,9400.0,236950800
2025-06-02T00:00:00Z,9025.0,9175.0,9025.0,9100.0,264428700
2025-06-03T00:00:00Z,9050.0,9125.0,8950.0,9050.0,128318100
2025-06-04T00:00:00Z,9100.0,9125.0,8950.0,8975.0,93357200
2025-06-05T00:00:00Z,9000.0,9050.0,8900.0,8925.0,95529000
2025-06-10T00:00:00Z,8975.0,9100.0,8950.0,9100.0,80406400
2025-06-11T00:00:00Z,9100.0,9125.0,9050.0,9050.0,56632600
2025-06-12T00:00:00Z,9000.0,9125.0,9000.0,9125.0,41337300
2025-06-13T00:00:00Z,9100.0,9125.0,8975.0,9025.0,83318000
2025-06-16T00:00:00Z,8925.0,9000.0,8900.0,8925.0,57825000
2025-06-17T00:00:00Z,8975.0,9100.0,8975.0,9075.0,54927900
2025-06-18T00:00:00Z,8950.0,9025.0,8900.0,8900.0,86270200
2025-06-19T00:00:00Z,8900.0,8925.0,8750.0,8775.0,78879500
2025-06-20T00:00:00Z,8700.0,8875.0,8625.0,8700.0,445915100
2025-06-23T00:00:00Z,8575.0,8700.0,8500.0,8625.0,87324500
2025-06-24T00:00:00Z,8725.0,8850.0,8700.0,8775.0,110158900
2025-06-25T00:00:00Z,8725.0,8775.0,8475.0,8600.0,117561000
2025-06-26T00:00:00Z,8525.0,8650.0,8525.0,8650.0,117281700
2025-06-30T00:00:00Z,8575.0,8825.0,8550.0,8675.0,185441800
2025-07-01T00:00:00Z,8750.0,8775.0,8600.0,8700.0,82364500
2025-07-02T00:00:00Z,8575.0,8675.0,8575.0,8675.0,68545100
2025-07-03T00:00:00Z,8700.0,8750.0,8600.0,8600.0,50370800
2025-07-04T00:00:00Z,8650.0,8700.0,8550.0,8650.0,43593300
2025-07-07T00:00:00Z,8625.0,8650.0,8550.0,8625.0,49936900
2025-07-08T00:00:00Z,8550.0,8600.0,8425.0,8500.0,215611000
2025-07-09T00:00:00Z,8500.0,8550.0,8450.0,8500.0,94459300
2025-07-10T00:00:00Z,8525.0,8650.0,8500.0,8600.0,111769400
2025-07-11T00:00:00Z,8575.0,8675.0,8575.0,8625.0,135986500
2025-07-14T00:00:00Z,8650.0,8675.0,8450.0,8525.0,125196000
2025-07-15T00:00:00Z,8600.0,8600.0,8475.0,8550.0,77219300
2025-07-16T00:00:00Z,8550.0,8600.0,8500.0,8525.0,97475300
2025-07-17T00:00:00Z,8500.0,8550.0,8500.0,8525.0,86016400
2025-07-18T00:00:00Z,8550.0,8575.0,8425.0,8425.0,80432200
2025-07-21T00:00:00Z,8450.0,8500.0,8375.0,8450.0,95383500
2025-07-22T00:00:00Z,8450.0,8475.0,8400.0,8400.0,77981700
2025-07-23T00:00:00Z,8450.0,8500.0,8400.0,8425.0,70969500
2025-07-24T00:00:00Z,8475.0,8550.0,8450.0,8500.0,138256800
2025-07-25T00:00:00Z,8500.0,8525.0,8450.0,8450.0,58682800
2025-07-28T00:00:00Z,8625.0,8625.0,8475.0,8500.0,99484300
2025-07-29T00:00:00Z,8500.0,8500.0,8375.0,8400.0,104240300
2025-07-30T00:00:00Z,8475.0,8475.0,8325.0,8375.0,98098100
2025-07-31T00:00:00Z,8350.0,8375.0,8250.0,8275.0,206006300
2025-08-01T00:00:00Z,8400.0,8425.0,8300.0,8300.0,86196100
2025-08-04T00:00:00Z,8325.0,8350.0,8275.0,8275.0,49054500
2025-08-05T00:00:00Z,8350.0,8450.0,8325.0,8425.0,69475900
2025-08-06T00:00:00Z,8425.0,8425.0,8300.0,8300.0,56325400
2025-08-07T00:00:00Z,8325.0,8350.0,8300.0,8300.0,43621300
2025-08-08T00:00:00Z,8325.0,8400.0,8300.0,8300.0,68378700
2025-08-11T00:00:00Z,8500.0,8550.0,8425.0,8550.0,128561300
2025-08-12T00:00:00Z,8625.0,8875.0,8575.0,8850.0,171015700
2025-08-13T00:00:00Z,8975.0,8975.0,8725.0,8925.0,129083900
2025-08-14T00:00:00Z,8925.0,8950.0,8750.0,8775.0,122930900
2025-08-15T00:00:00Z,8825.0,8850.0,8700.0,8700.0,68754200
2025-08-19T00:00:00Z,8600.0,8600.0,8450.0,8500.0,128591700
2025-08-20T00:00:00Z,8375.0,8600.0,8350.0,8525.0,202260200
2025-08-21T00:00:00Z,8550.0,8575.0,8500.0,8550.0,69470200
2025-08-22T00:00:00Z,8575.0,8575.0,8450.0,8450.0,66394100
2025-08-25T00:00:00Z,8525.0,8550.0,8475.0,8475.0,64052700
2025-08-26T00:00:00Z,8450.0,8475.0,8250.0,8250.0,326794200
2025-08-27T00:00:00Z,8250.0,8350.0,8200.0,8300.0,111915700
2025-08-28T00:00:00Z,8350.0,8375.0,8275.0,8325.0,81281400
2025-08-29T00:00:00Z,8250.0,8275.0,8075.0,8075.0,236499300
2025-09-01T00:00:00Z,7650.0,8050.0,7600.0,8000.0,421127500
2025-09-02T00:00:00Z,8000.0,8175.0,8000.0,8000.0,155531500
2025-09-03T00:00:00Z,7900.0,8000.0,7900.0,7975.0,212372700
2025-09-04T00:00:00Z,7975.0,8000.0,7925.0,8000.0,103534800
2025-09-08T00:00:00Z,8025.0,8025.0,7700.0,7700.0,321191900
2025-09-09T00:00:00Z,7625.0,7725.0,7475.0,7525.0,595368700
2025-09-10T00:00:00Z,7550.0,7800.0,7550.0,7800.0,246849600
2025-09-11T00:00:00Z,7900.0,7975.0,7850.0,7850.0,235173400
2025-09-12T00:00:00Z,7975.0,7975.0,7850.0,7925.0,156084700
2025-09-15T00:00:00Z,8000.0,8100.0,7975.0,8025.0,142567700
2025-09-16T00:00:00Z,8050.0,8075.0,7900.0,7925.0,129312900
2025-09-17T00:00:00Z,7850.0,7900.0,7800.0,7850.0,183725900
2025-09-18T00:00:00Z,7850.0,7900.0,7650.0,7700.0,275378700
2025-09-19T00:00:00Z,7650.0,7825.0,7650.0,7800.0,149025300
2025-09-22T00:00:00Z,7800.0,7825.0,7725.0,7725.0,92588800
2025-09-23T00:00:00Z,7750.0,7900.0,7750.0,7875.0,102606200
2025-09-24T00:00:00Z,7950.0,7950.0,7725.0,7775.0,150428400
2025-09-25T00:00:00Z,7725.0,7775.0,7700.0,7700.0,147986600
2025-09-26T00:00:00Z,7575.0,7700.0,7575.0,7625.0,121657700
2025-09-29T00:00:00Z,7750.0,7800.0,7700.0,7775.0,116454700
2025-09-30T00:00:00Z,7700.0,7775.0,7625.0,7625.0,170666700
2025-10-01T00:00:00Z,7600.0,7675.0,7500.0,7500.0,202433400
2025-10-02T00:00:00Z,7500.0,7600.0,7500.0,7500.0,126952400
2025-10-03T00:00:00Z,7525.0,7550.0,7500.0,7525.0,76787500
2025-10-06T00:00:00Z,7500.0,7550.0,7450.0,7500.0,104032400
2025-10-07T00:00:00Z,7550.0,7600.0,7500.0,7575.0,74282600
2025-10-08T00:00:00Z,7500.0,7525.0,7375.0,7375.0,168080800
2025-10-09T00:00:00Z,7375.0,7700.0,7300.0,7550.0,293567400
2025-10-10T00:00:00Z,7450.0,7450.0,7350.0,7400.0,107426000
2025-10-13T00:00:00Z,7300.0,7375.0,7300.0,7325.0,101847900
2025-10-14T00:00:00Z,7275.0,7350.0,7250.0,7250.0,151862300
2025-10-15T00:00:00Z,7250.0,7350.0,7225.0,7250.0,133206400
2025-10-16T00:00:00Z,7250.0,7325.0,7225.0,7300.0,120611200
2025-10-17T00:00:00Z,7300.0,7525.0,7275.0,7500.0,157334400
2025-10-20T00:00:00Z,7700.0,8000.0,7625.0,7875.0,393421800
2025-10-21T00:00:00Z,8100.0,8475.0,8100.0,8475.0,529802600
2025-10-22T00:00:00Z,8700.0,8700.0,8200.0,8200.0,392957200
2025-10-23T00:00:00Z,8200.0,8350.0,8150.0,8325.0,187003900
2025-10-24T00:00:00Z,8300.0,8375.0,8275.0,8275.0,133355100
2025-10-27T00:00:00Z,8325.0,8425.0,8200.0,8350.0,182275600
2025-10-28T00:00:00Z,8350.0,8400.0,8250.0,8275.0,180270000
2025-10-29T00:00:00Z,8300.0,8600.0,8275.0,8600.0,239156800
2025-10-30T00:00:00Z,8575.0,8750.0,8475.0,8525.0,259009800
2025-10-31T00:00:00Z,8550.0,8650.0,8525.0,8525.0,177088000
2025-11-03T00:00:00Z,8650.0,8650.0,8525.0,8650.0,115007100
2025-11-04T00:00:00Z,8650.0,8700.0,8625.0,8650.0,155231500
2025-11-05T00:00:00Z,8625.0,8700.0,8600.0,8700.0,125731500
2025-11-06T00:00:00Z,8625.0,8675.0,8550.0,8550.0,89756900
2025-11-07T00:00:00Z,8550.0,8675.0,8550.0,8675.0,75241900
2025-11-10T00:00:00Z,8675.0,8675.0,8575.0,8575.0,79897700
2025-11-11T00:00:00Z,8575.0,8600.0,8400.0,8400.0,130897600
2025-11-12T00:00:00Z,8425.0,8550.0,8400.0,8500.0,85415600
2025-11-13T00:00:00Z,8400.0,8475.0,8375.0,8375.0,104113800
2025-11-14T00:00:00Z,8375.0,8500.0,8375.0,8425.0,89815300
2025-11-17T00:00:00Z,8500.0,8575.0,8475.0,8575.0,129411100
2025-11-18T00:00:00Z,8550.0,8575.0,8400.0,8400.0,119377900
2025-11-19T00:00:00Z,8350.0,8500.0,8325.0,8475.0,114209700
2025-11-20T00:00:00Z,8475.0,8600.0,8400.0,8425.0,124087400
2025-11-21T00:00:00Z,8375.0,8425.0,8350.0,8400.0,103917100
2025-11-24T00:00:00Z,8400.0,8475.0,8350.0,8475.0,279590600
2025-11-25T00:00:00Z,8475.0,8500.0,8375.0,8500.0,98807700
2025-11-26T00:00:00Z,8400.0,8450.0,8375.0,8425.0,77094400
2025-11-27T00:00:00Z,8425.0,8450.0,8325.0,8325.0,71051300
2025-11-28T00:00:00Z,8325.0,8350.0,8275.0,8275.0,67559300
2025-12-01T00:00:00Z,8450.0,8450.0,8350.0,8400.0,76359200
2025-12-02T00:00:00Z,8350.0,8425.0,8350.0,8375.0,97044000
2025-12-03T00:00:00Z,8350.0,8400.0,8300.0,8300.0,103550900
2025-12-04T00:00:00Z,8325.0,8350.0,8225.0,8225.0,71410400
2025-12-05T00:00:00Z,8200.0,8300.0,8200.0,8300.0,71162300
2025-12-08T00:00:00Z,8350.0,8350.0,8250.0,8300.0,61745200
2025-12-09T00:00:00Z,8300.0,8300.0,8100.0,8100.0,113057200
2025-12-10T00:00:00Z,8100.0,8175.0,8025.0,8075.0,143418300
2025-12-11T00:00:00Z,8175.0,8200.0,7900.0,8000.0,140766000
2025-12-12T00:00:00Z,7900.0,8000.0,7850.0,8000.0,100006800
2025-12-15T00:00:00Z,7925.0,8300.0,7925.0,8300.0,143105700
2025-12-16T00:00:00Z,8375.0,8375.0,8025.0,8075.0,122332000
2025-12-17T00:00:00Z,8000.0,8125.0,7975.0,8025.0,89802700
2025-12-18T00:00:00Z,8025.0,8250.0,8025.0,8175.0,88497200
2025-12-19T00:00:00Z,8200.0,8225.0,8050.0,8050.0,131069800
2025-12-22T00:00:00Z,8050.0,8175.0,8025.0,8175.0,72424200
2025-12-23T00:00:00Z,8100.0,8125.0,7975.0,8025.0,85044100
2025-12-24T00:00:00Z,8025.0,8075.0,8000.0,8025.0,71260500
2025-12-29T00:00:00Z,8025.0,8025.0,7950.0,8025.0,78399400
2025-12-30T00:00:00Z,7950.0,8175.0,7950.0,8075.0,101995600
2026-01-02T00:00:00Z,8075.0,8075.0,8000.0,8025.0,68612400
2026-01-05T00:00:00Z,8000.0,8100.0,8000.0,8075.0,73408800
2026-01-06T00:00:00Z,8175.0,8175.0,8075.0,8175.0,97624300
2026-01-07T00:00:00Z,8125.0,8175.0,8025.0,8150.0,93152500
2026-01-08T00:00:00Z,8100.0,8150.0,8050.0,8050.0,79823700
2026-01-09T00:00:00Z,8125.0,8175.0,8050.0,8125.0,79484700
2026-01-12T00:00:00Z,8075.0,8100.0,8000.0,8025.0,82935700
2026-01-13T00:00:00Z,8025.0,8075.0,8000.0,8075.0,80536300
2026-01-14T00:00:00Z,8025.0,8050.0,7950.0,8000.0,105724300
2026-01-15T00:00:00Z,8000.0,8175.0,7975.0,8075.0,151753100
2026-01-19T00:00:00Z,8075.0,8125.0,7975.0,8125.0,172100000
2026-01-20T00:00:00Z,8050.0,8125.0,8000.0,8000.0,82672500
2026-01-21T00:00:00Z,7925.0,7950.0,7700.0,7700.0,301825600
2026-01-22T00:00:00Z,7700.0,7775.0,7600.0,7650.0,268025900
2026-01-23T00:00:00Z,7600.0,7675.0,7550.0,7650.0,202878600
2026-01-26T00:00:00Z,7550.0,7675.0,7525.0,7650.0,213044100
2026-01-27T00:00:00Z,7575.0,7625.0,7500.0,7500.0,259830900
2026-01-28T00:00:00Z,7050.0,7400.0,6925.0,7025.0,1027287500
2026-01-29T00:00:00Z,6675.0,7275.0,6375.0,7200.0,1432993400
2026-01-30T00:00:00Z,7200.0,7600.0,7200.0,7400.0,528434900
2026-02-02T00:00:00Z,7600.0,7600.0,7325.0,7600.0,326948700
2026-02-03T00:00:00Z,7600.0,7650.0,7375.0,7650.0,206015400
2026-02-04T00:00:00Z,7650.0,7825.0,7600.0,7800.0,193370800
2026-02-05T00:00:00Z,7800.0,7925.0,7800.0,7800.0,142332400
2026-02-06T00:00:00Z,7700.0,7775.0,7600.0,7675.0,176352600
2026-02-09T00:00:00Z,7675.0,7725.0,7450.0,7500.0,174758300
2026-02-10T00:00:00Z,7500.0,7550.0,7450.0,7475.0,127704200
2026-02-11T00:00:00Z,7475.0,7525.0,7400.0,7450.0,213505000
2026-02-12T00:00:00Z,7450.0,7475.0,7300.0,7325.0,237465300
2026-02-13T00:00:00Z,7325.0,7325.0,7200.0,7200.0,356015300
2026-02-18T00:00:00Z,7225.0,7375.0,7225.0,7275.0,125301200
2026-02-19T00:00:00Z,7325.0,7325.0,7175.0,7175.0,133463400
2026-02-20T00:00:00Z,7175.0,7250.0,7150.0,7225.0,122959500
2026-02-23T00:00:00Z,7300.0,7350.0,7275.0,7300.0,100443800
2026-02-24T00:00:00Z,7275.0,7325.0,7225.0,7225.0,159225400
2026-02-25T00:00:00Z,7275.0,7375.0,7250.0,7325.0,133278000
2026-02-26T00:00:00Z,7350.0,7375.0,7200.0,7300.0,127811900
2026-02-27T00:00:00Z,7200.0,7275.0,7175.0,7175.0,193104700
2026-03-02T00:00:00Z,7075.0,7150.0,6975.0,7025.0,156182700
2026-03-03T00:00:00Z,7075.0,7125.0,7025.0,7075.0,103031100
2026-03-04T00:00:00Z,7075.0,7075.0,6825.0,6875.0,216518700
2026-03-05T00:00:00Z,6975.0,7125.0,6950.0,7100.0,110256300
2026-03-06T00:00:00Z,7075.0,7100.0,7000.0,7000.0,102725700
2026-03-09T00:00:00Z,6900.0,6950.0,6825.0,6875.0,150426400
2026-03-10T00:00:00Z,6950.0,7050.0,6925.0,6975.0,129977900
2026-03-11T00:00:00Z,6975.0,7000.0,6825.0,6825.0,91723400
2026-03-12T00:00:00Z,6825.0,7025.0,6825.0,6900.0,98787400
2026-03-13T00:00:00Z,6850.0,7025.0,6850.0,6875.0,107940600
2026-03-16T00:00:00Z,6850.0,6875.0,6700.0,6750.0,127757500
2026-03-17T00:00:00Z,6750.0,6825.0,6750.0,6775.0,160903900
2026-03-25T00:00:00Z,6675.0,6925.0,6675.0,6900.0,314281100
2026-03-26T00:00:00Z,6900.0,6975.0,6850.0,6875.0,145934900
2026-03-27T00:00:00Z,6775.0,6850.0,6700.0,6700.0,283556500
2026-03-30T00:00:00Z,6400.0,6500.0,6350.0,6450.0,242278100
2026-03-31T00:00:00Z,6450.0,6550.0,6450.0,6450.0,150657800
2026-04-01T00:00:00Z,6550.0,6650.0,6500.0,6500.0,132798100
2026-04-02T00:00:00Z,6550.0,6600.0,6500.0,6575.0,72725400
2026-04-06T00:00:00Z,6600.0,6625.0,6450.0,6500.0,57914600
2026-04-07T00:00:00Z,6500.0,6525.0,6450.0,6500.0,65168700
2026-04-08T00:00:00Z,6650.0,6850.0,6625.0,6750.0,163594000
2026-04-09T00:00:00Z,6775.0,6800.0,6450.0,6475.0,182409800
2026-04-10T00:00:00Z,6525.0,6700.0,6475.0,6700.0,167336100
2026-04-13T00:00:00Z,6650.0,6700.0,6575.0,6575.0,81955300
2026-04-14T00:00:00Z,6675.0,6800.0,6675.0,6750.0,105010900
2026-04-15T00:00:00Z,6775.0,6800.0,6550.0,6550.0,104880600
2026-04-16T00:00:00Z,6575.0,6650.0,6500.0,6525.0,122416100
2026-04-17T00:00:00Z,6500.0,6550.0,6425.0,6425.0,156827000
2026-04-20T00:00:00Z,6450.0,6575.0,6425.0,6475.0,137435700
2026-04-21T00:00:00Z,6475.0,6525.0,6425.0,6500.0,112151900
2026-04-22T00:00:00Z,6475.0,6525.0,6450.0,6450.0,95673700
2026-04-23T00:00:00Z,6450.0,6550.0,6425.0,6425.0,95913400
2026-04-24T00:00:00Z,6400.0,6425.0,6050.0,6050.0,435004800
2026-04-27T00:00:00Z,6025.0,6050.0,5950.0,5975.0,273263100
2026-04-28T00:00:00Z,6025.0,6075.0,5950.0,6000.0,174091200
2026-04-29T00:00:00Z,6000.0,6050.0,5950.0,5975.0,176050900
2026-04-30T00:00:00Z,5950.0,5975.0,5800.0,5850.0,303405400
2026-05-04T00:00:00Z,5800.0,5950.0,5800.0,5900.0,207566700
2026-05-05T00:00:00Z,5900.0,6075.0,5875.0,5950.0,179928300
2026-05-06T00:00:00Z,5950.0,6000.0,5900.0,5950.0,90843100
2026-05-07T00:00:00Z,6000.0,6325.0,6000.0,6225.0,238690900
2026-05-08T00:00:00Z,6225.0,6425.0,6175.0,6175.0,201784700
2026-05-11T00:00:00Z,6225.0,6275.0,6100.0,6150.0,126301300
2026-05-12T00:00:00Z,6125.0,6150.0,6050.0,6125.0,107394400
2026-05-13T00:00:00Z,6125.0,6200.0,6025.0,6100.0,147339600
2026-05-18T00:00:00Z,5950.0,6125.0,5900.0,6125.0,208748400
2026-05-19T00:00:00Z,6050.0,6200.0,5950.0,5950.0,184830100
2026-05-20T00:00:00Z,5975.0,6100.0,5875.0,5975.0,195107100
2026-05-21T00:00:00Z,6000.0,6150.0,5925.0,5950.0,210976100
2026-05-22T00:00:00Z,5900.0,5975.0,5825.0,5900.0,288919700
2026-05-25T00:00:00Z,5950.0,6175.0,5925.0,6100.0,263179200
2026-05-26T00:00:00Z,6050.0,6100.0,5950.0,5975.0,225158700
2026-05-29T00:00:00Z,5750.0,5875.0,5700.0,5700.0,1014028000
2026-06-02T00:00:00Z,5750.0,5875.0,5700.0,5825.0,346305200
2026-06-03T00:00:00Z,5775.0,5825.0,5525.0,5525.0,353332300
2026-06-04T00:00:00Z,5475.0,5600.0,5300.0,5425.0,550059500
2026-06-05T00:00:00Z,5325.0,5375.0,5075.0,5075.0,572612000
2026-06-08T00:00:00Z,4950.0,5050.0,4850.0,4850.0,705093300
2026-06-09T00:00:00Z,4850.0,5150.0,4820.0,5150.0,772898000
2026-06-10T00:00:00Z,5175.0,5700.0,5175.0,5650.0,747366000
2026-06-11T00:00:00Z,5650.0,5875.0,5550.0,5825.0,543032300
2026-06-12T00:00:00Z,6000.0,6100.0,5900.0,5925.0,415872300
2026-06-15T00:00:00Z,6100.0,6425.0,6100.0,6275.0,480395000
2026-06-17T00:00:00Z,6400.0,6550.0,6275.0,6275.0,467494300
2026-06-18T00:00:00Z,6250.0,6275.0,6075.0,6075.0,232489300
2026-06-19T00:00:00Z,6050.0,6300.0,6050.0,6300.0,366595500
2026-06-22T00:00:00Z,6400.0,6400.0,6125.0,6225.0,193401600
2026-06-23T00:00:00Z,6150.0,6200.0,6075.0,6125.0,144561900
2026-06-24T00:00:00Z,6125.0,6200.0,5925.0,5925.0,144928800
2026-06-25T00:00:00Z,5900.0,6175.0,5900.0,6025.0,197935000
2026-06-26T00:00:00Z,6050.0,6175.0,6025.0,6175.0,163378700
2026-06-29T00:00:00Z,6175.0,6200.0,5925.0,5925.0,189886600
2026-06-30T00:00:00Z,5775.0,5825.0,5550.0,5550.0,440738300
2026-07-01T00:00:00Z,5550.0,5750.0,5550.0,5600.0,124123800
2026-07-02T00:00:00Z,5650.0,5875.0,5625.0,5800.0,145119400
2026-07-03T00:00:00Z,5925.0,6150.0,5900.0,6050.0,200465200
2026-07-06T00:00:00Z,6050.0,6175.0,5975.0,6125.0,148684900
2026-07-07T00:00:00Z,6200.0,6300.0,6150.0,6300.0,183472100
2026-07-08T00:00:00Z,6300.0,6325.0,6175.0,6175.0,181123400
2026-07-09T00:00:00Z,6100.0,6200.0,6050.0,6200.0,181155800
2026-07-10T00:00:00Z,6300.0,6300.0,6125.0,6175.0,138050500
2026-07-13T00:00:00Z,6150.0,6250.0,6075.0,6225.0,180061600
2026-07-14T00:00:00Z,6225.0,6250.0,6075.0,6125.0,159868800
2026-07-15T00:00:00Z,6125.0,6200.0,6075.0,6125.0,140824900
2026-07-16T00:00:00Z,6125.0,6225.0,6100.0,6225.0,94235100
2026-07-17T00:00:00Z,6225.0,6500.0,6200.0,6475.0,314564200
2026-07-20T00:00:00Z,6525.0,6625.0,6475.0,6475.0,298183300
2026-07-21T00:00:00Z,6550.0,6550.0,6425.0,6525.0,146064700
2026-07-22T00:00:00Z,6525.0,6550.0,6400.0,6500.0,112178900
2026-07-23T00:00:00Z,6450.0,6475.0,6250.0,6275.0,207037900
2026-07-24T00:00:00Z,6200.0,6300.0,6125.0,6275.0,191428900
2026-07-27T00:00:00Z,6225.0,6325.0,6125.0,6300.0,125142500
2026-07-28T00:00:00Z,6250.0,6300.0,6200.0,6225.0,122920300
2026-07-29T00:00:00Z,6175.0,6300.0,6175.0,6275.0,122379600
2026-07-30T00:00:00Z,6325.0,6450.0,6250.0,6450.0,152663200
2026-07-31T00:00:00Z,6425.0,6450.0,6325.0,6325.0,153174800
2026-08-03T00:00:00Z,6300.0,6325.0,6275.0,6300.0,68143700
2026-08-04T00:00:00Z,6375.0,6500.0,6350.0,6500.0,138953100
2026-08-05T00:00:00Z,6500.0,6500.0,6425.0,6450.0,101666100
2026-08-06T00:00:00Z,6450.0,6475.0,6350.0,6350.0,80734000
2026-08-07T00:00:00Z,6375.0,6450.0,6325.0,6375.0,111930800
2026-08-10T00:00:00Z,6400.0,6450.0,6350.0,6375.0,88666100
2026-08-11T00:00:00Z,6375.0,6400.0,6200.0,6300.0,112490800
2026-08-12T00:00:00Z,6300.0,6350.0,6225.0,6350.0,87177100
2026-08-13T00:00:00Z,6350.0,6375.0,6250.0,6375.0,83208000
2026-08-14T00:00:00Z,6300.0,6350.0,6275.0,6350.0,56953500
2026-08-18T00:00:00Z,6375.0,6450.0,6300.0,6300.0,114945500
2026-08-19T00:00:00Z,6300.0,6425.0,6300.0,6300.0,68105000
2026-08-20T00:00:00Z,6350.0,6400.0,6300.0,6400.0,67749800
2026-08-21T00:00:00Z,6400.0,6475.0,6400.0,6450.0,100684300
2026-08-24T00:00:00Z,6450.0,6450.0,6350.0,6400.0,81295600
2026-08-26T00:00:00Z,6450.0,6450.0,6350.0,6350.0,86115900
2026-08-27T00:00:00Z,6350.0,6425.0,6325.0,6400.0,60556000
2026-08-28T00:00:00Z,6425.0,6525.0,6400.0,6475.0,156445200
2026-08-31T00:00:00Z,6450.0,6525.0,6400.0,6475.0,230904500
2026-09-01T00:00:00Z,6450.0,6600.0,6425.0,6600.0,117969900
2026-09-02T00:00:00Z,6650.0,6725.0,6600.0,6675.0,100935400
2026-09-03T00:00:00Z,6700.0,6800.0,6625.0,6775.0,112324100
2026-09-04T00:00:00Z,6800.0,6850.0,6675.0,6700.0,93923500
2026-09-07T00:00:00Z,6750.0,6750.0,6600.0,6625.0,65118000
2026-09-08T00:00:00Z,6600.0,6775.0,6575.0,6675.0,108127600
2026-09-09T00:00:00Z,6700.0,6700.0,6500.0,6525.0,193375100
2026-09-10T00:00:00Z,6575.0,6600.0,6425.0,6425.0,196819200
2026-09-11T00:00:00Z,6400.0,6400.0,6250.0,6325.0,187922700
2026-09-14T00:00:00Z,6325.0,6575.0,6275.0,6500.0,218017200
2026-09-15T00:00:00Z,6500.0,6500.0,6350.0,6400.0,95608200
2026-09-16T00:00:00Z,6350.0,6425.0,6325.0,6325.0,72157400
2026-09-17T00:00:00Z,6400.0,6400.0,6325.0,6350.0,61812000
2026-09-18T00:00:00Z,6325.0,6350.0,6225.0,6300.0,176753700
